# Blender 4.3.2
# www.blender.org
o Trigger.003
v 0.836383 0.647254 -1.227236
v 0.836332 0.712453 -1.245193
v 0.836383 0.622116 -1.355471
v 0.836332 0.674190 -1.372705
v 0.841852 0.647254 -1.227236
v 0.841903 0.712453 -1.245193
v 0.841852 0.622116 -1.355471
v 0.841903 0.674190 -1.372705
v 0.836383 0.594346 -1.233426
v 0.836383 0.575351 -1.341189
v 0.841852 0.594346 -1.233426
v 0.841852 0.575351 -1.341189
v 0.836383 0.553668 -1.263345
v 0.836383 0.542933 -1.343585
v 0.841852 0.553668 -1.263345
v 0.841852 0.542933 -1.343585
v 0.836383 0.510554 -1.286736
v 0.836383 0.503169 -1.355812
v 0.841852 0.510554 -1.286736
v 0.841852 0.503169 -1.355812
v 0.836383 0.472861 -1.319939
v 0.836383 0.469156 -1.376750
v 0.841852 0.472861 -1.319939
v 0.841852 0.469156 -1.376750
v 0.836383 0.428607 -1.368556
v 0.836383 0.431032 -1.404939
v 0.841852 0.428607 -1.368556
v 0.841852 0.431032 -1.404939
v 0.840029 0.622116 -1.355471
v 0.838206 0.622116 -1.355471
v 0.838189 0.674190 -1.372705
v 0.840046 0.674190 -1.372705
v 0.838206 0.647254 -1.227236
v 0.840029 0.647254 -1.227236
v 0.840046 0.712453 -1.245193
v 0.838189 0.712453 -1.245193
v 0.840029 0.575351 -1.341189
v 0.838206 0.575351 -1.341189
v 0.838206 0.594346 -1.233426
v 0.840029 0.594346 -1.233426
v 0.840029 0.542933 -1.343585
v 0.838206 0.542933 -1.343585
v 0.838206 0.553668 -1.263345
v 0.840029 0.553668 -1.263345
v 0.840029 0.503169 -1.355812
v 0.838206 0.503169 -1.355812
v 0.838206 0.510554 -1.286736
v 0.840029 0.510554 -1.286736
v 0.840029 0.469156 -1.376750
v 0.838206 0.469156 -1.376750
v 0.838206 0.472861 -1.319939
v 0.840029 0.472861 -1.319939
v 0.840029 0.431032 -1.404939
v 0.838206 0.431032 -1.404939
v 0.838206 0.428607 -1.368556
v 0.840029 0.428607 -1.368556
v 0.838206 0.642598 -1.194475
v 0.840029 0.642598 -1.194475
v 0.840046 0.707797 -1.212432
v 0.838189 0.707797 -1.212432
v 0.838206 0.589690 -1.200666
v 0.840029 0.589690 -1.200666
v 0.838206 0.549012 -1.230585
v 0.840029 0.549012 -1.230585
v 0.838206 0.505898 -1.253975
v 0.840029 0.505898 -1.253975
v 0.838206 0.468205 -1.287179
v 0.840029 0.468205 -1.287179
v 0.838206 0.423951 -1.335796
v 0.840029 0.423951 -1.335796
vn -0.6663 0.0565 0.7435
vn -0.5764 0.7150 0.3956
vn -0.7096 -0.2139 -0.6713
vn -0.5762 0.3772 -0.7251
vn 0.6663 0.0565 0.7435
vn 0.5764 0.7150 0.3956
vn 0.7096 -0.2139 -0.6713
vn 0.5762 0.3772 -0.7251
vn -0.6538 -0.2774 0.7040
vn -0.7510 -0.0734 -0.6563
vn 0.6538 -0.2774 0.7040
vn 0.7510 -0.0734 -0.6563
vn -0.7228 -0.3703 0.5834
vn -0.7332 0.1258 -0.6683
vn 0.7228 -0.3703 0.5834
vn 0.7332 0.1258 -0.6683
vn -0.6827 -0.4184 0.5991
vn -0.7367 0.2789 -0.6161
vn 0.6827 -0.4184 0.5991
vn 0.7367 0.2789 -0.6161
vn -0.6949 -0.5043 0.5126
vn -0.7168 0.3904 -0.5778
vn 0.6949 -0.5043 0.5126
vn 0.7168 0.3904 -0.5778
vn -0.6286 -0.7342 0.2564
vn -0.5531 -0.3501 -0.7559
vn 0.6286 -0.7342 0.2564
vn 0.5531 -0.3501 -0.7559
vn -0.0000 -0.3032 -0.9529
vn -0.0000 0.4616 -0.8871
vn -0.7529 0.0499 0.6563
vn 0.7529 0.0499 0.6563
vn 0.2240 0.9612 0.1607
vn -0.2240 0.9612 0.1607
vn -0.0000 -0.1111 -0.9938
vn -0.7695 -0.2341 0.5942
vn 0.7695 -0.2341 0.5942
vn -0.0000 0.1850 -0.9827
vn -0.6920 -0.3869 0.6095
vn 0.6920 -0.3869 0.6095
vn -0.0000 0.4124 -0.9110
vn -0.7333 -0.3893 0.5575
vn 0.7333 -0.3893 0.5575
vn -0.0000 0.5599 -0.8286
vn -0.7197 -0.4869 0.4949
vn 0.7197 -0.4869 0.4949
vn -0.0000 -0.4203 -0.9074
vn -0.1478 -0.9834 0.1054
vn 0.1478 -0.9834 0.1054
vn -0.6664 0.0567 0.7434
vn 0.6664 0.0567 0.7434
vn 0.6021 0.5994 0.5275
vn -0.6021 0.5994 0.5275
vn -0.6227 -0.7479 0.2302
vn 0.6227 -0.7479 0.2302
vt 0.037783 0.846207
vt 0.039733 0.841595
vt 0.048706 0.845645
vt 0.046937 0.849300
vt 0.944280 0.262007
vt 0.944282 0.257984
vt 0.944419 0.257984
vt 0.944415 0.262007
vt 0.115990 0.849902
vt 0.114221 0.846247
vt 0.123194 0.842197
vt 0.125144 0.846809
vt 0.250887 0.888943
vt 0.250888 0.884587
vt 0.251025 0.884587
vt 0.251022 0.888943
vt 0.045436 0.852594
vt 0.037723 0.850151
vt 0.159409 0.977444
vt 0.159271 0.977444
vt 0.159271 0.967642
vt 0.159409 0.967642
vt 0.045297 0.854997
vt 0.039520 0.853428
vt 0.125204 0.850753
vt 0.117491 0.853196
vt 0.251022 0.892854
vt 0.250888 0.892854
vt 0.944415 0.265604
vt 0.944280 0.265604
vt 0.250888 0.896317
vt 0.251023 0.896317
vt 0.251024 0.899836
vt 0.250889 0.899836
vt 0.944415 0.267933
vt 0.944280 0.267933
vt 0.123407 0.854030
vt 0.117630 0.855599
vt 0.251024 0.903145
vt 0.250889 0.903145
vt 0.944415 0.270666
vt 0.944280 0.270666
vt 0.122111 0.857423
vt 0.117120 0.858637
vt 0.045806 0.858035
vt 0.040816 0.856821
vt 0.115916 0.861338
vt 0.120044 0.860513
vt 0.116911 0.864235
vt 0.114221 0.864411
vt 0.944415 0.272863
vt 0.944280 0.272863
vt 0.047010 0.860736
vt 0.042883 0.859911
vt 0.999865 0.431775
vt 1.000000 0.431775
vt 1.000000 0.434475
vt 0.999865 0.434475
vt 0.048706 0.863809
vt 0.046016 0.863633
vt 0.251025 0.907204
vt 0.250890 0.907204
vt 0.946997 0.623606
vt 0.947132 0.623606
vt 0.947132 0.626177
vt 0.946997 0.626177
vt 0.946728 0.623606
vt 0.946863 0.623606
vt 0.946863 0.626177
vt 0.946728 0.626177
vt 0.159272 0.922115
vt 0.159407 0.922115
vt 0.159406 0.926174
vt 0.159271 0.926174
vt 0.444209 0.874656
vt 0.444525 0.878275
vt 0.442167 0.877624
vt 0.441851 0.874006
vt 0.999596 0.431775
vt 0.999731 0.431775
vt 0.999731 0.434475
vt 0.999596 0.434475
vt 0.944011 0.270666
vt 0.944146 0.270666
vt 0.944146 0.272863
vt 0.944011 0.272863
vt 0.944011 0.267933
vt 0.944146 0.267933
vt 0.159273 0.918806
vt 0.159407 0.918806
vt 0.748289 0.622540
vt 0.750281 0.618099
vt 0.752640 0.617449
vt 0.750647 0.621889
vt 0.944011 0.265604
vt 0.944146 0.265604
vt 0.159274 0.911824
vt 0.159409 0.911824
vt 0.159408 0.915287
vt 0.159273 0.915287
vt 0.751428 0.603519
vt 0.748289 0.599621
vt 0.750647 0.598971
vt 0.753786 0.602868
vt 0.751422 0.614559
vt 0.751737 0.610941
vt 0.754096 0.610290
vt 0.753780 0.613909
vt 0.944011 0.262007
vt 0.944146 0.262007
vt 0.159275 0.907913
vt 0.159409 0.907913
vt 0.159546 0.967642
vt 0.159409 0.965320
vt 0.159546 0.965320
vt 0.159683 0.977444
vt 0.159546 0.977444
vt 0.159683 0.967642
vt 0.159271 0.903557
vt 0.159409 0.903557
vt 0.443380 0.871011
vt 0.441021 0.870360
vt 0.944007 0.257984
vt 0.944144 0.257984
vt 0.290407 0.931872
vt 0.290542 0.931872
vt 0.290542 0.935931
vt 0.290407 0.935931
vt 0.290407 0.928563
vt 0.290542 0.928563
vt 0.290407 0.921580
vt 0.290542 0.921580
vt 0.290542 0.925044
vt 0.290407 0.925044
vt 0.290407 0.917670
vt 0.290542 0.917670
vt 0.290406 0.913314
vt 0.290543 0.913314
vt 0.447658 0.863337
vt 0.444519 0.867235
vt 0.442160 0.866584
vt 0.445299 0.862686
vt 0.445666 0.881815
vt 0.447658 0.886255
vt 0.445299 0.885605
vt 0.443307 0.881164
vt 0.752567 0.607295
vt 0.754925 0.606644
vt 0.999865 0.436922
vt 0.999731 0.436922
s 1
f 1/1/1 2/2/2 4/3/4 3/4/3
f 29/5/29 32/6/30 8/7/8 7/8/7
f 7/9/7 8/10/8 6/11/6 5/12/5
f 33/13/31 36/14/34 2/15/2 1/16/1
f 1/1/1 3/4/3 10/17/10 9/18/9
f 31/19/30 4/20/4 2/21/2 36/22/34
f 9/18/9 10/17/10 14/23/14 13/24/13
f 7/9/7 5/12/5 11/25/11 12/26/12
f 33/13/31 1/16/1 9/27/9 39/28/36
f 29/5/29 7/8/7 12/29/12 37/30/35
f 43/31/39 13/32/13 17/33/17 47/34/42
f 39/28/36 9/27/9 13/32/13 43/31/39
f 37/30/35 12/29/12 16/35/16 41/36/38
f 12/26/12 11/25/11 15/37/15 16/38/16
f 47/34/42 17/33/17 21/39/21 51/40/45
f 41/36/38 16/35/16 20/41/20 45/42/41
f 16/38/16 15/37/15 19/43/19 20/44/20
f 13/24/13 14/23/14 18/45/18 17/46/17
f 24/47/24 23/48/23 27/49/27 28/50/28
f 45/42/41 20/41/20 24/51/24 49/52/44
f 20/44/20 19/43/19 23/48/23 24/47/24
f 17/46/17 18/45/18 22/53/22 21/54/21
f 53/55/47 28/56/28 27/57/27 56/58/49
f 21/54/21 22/53/22 26/59/26 25/60/25
f 51/40/45 21/39/21 25/61/25 55/62/48
f 49/63/44 24/64/24 28/65/28 53/66/47
f 22/67/22 50/68/44 54/69/47 26/70/26
f 50/68/44 49/63/44 53/66/47 54/69/47
f 23/71/23 52/72/46 56/73/49 27/74/27
f 43/75/39 47/76/42 65/77/17 63/78/13
f 26/79/26 54/80/47 55/81/48 25/82/25
f 54/80/47 53/55/47 56/58/49 55/81/48
f 18/83/18 46/84/41 50/85/44 22/86/22
f 46/84/41 45/42/41 49/52/44 50/85/44
f 14/87/14 42/88/38 46/84/41 18/83/18
f 42/88/38 41/36/38 45/42/41 46/84/41
f 19/89/19 48/90/43 52/72/46 23/71/23
f 56/91/49 52/92/46 68/93/23 70/94/55
f 10/95/10 38/96/35 42/88/38 14/87/14
f 38/96/35 37/30/35 41/36/38 42/88/38
f 11/97/11 40/98/37 44/99/40 15/100/15
f 34/101/32 35/102/33 59/103/52 58/104/51
f 15/100/15 44/99/40 48/90/43 19/89/19
f 48/105/43 44/106/40 64/107/15 66/108/19
f 3/109/3 30/110/29 38/96/35 10/95/10
f 30/110/29 29/5/29 37/30/35 38/96/35
f 5/111/5 34/112/32 40/98/37 11/97/11
f 35/113/33 36/22/34 60/114/53 59/115/52
f 8/116/8 32/117/30 35/113/33 6/118/6
f 32/117/30 31/19/30 36/22/34 35/113/33
f 5/111/5 6/119/6 35/120/33 34/112/32
f 39/121/36 43/75/39 63/78/13 61/122/9
f 3/109/3 4/123/4 31/124/30 30/110/29
f 30/110/29 31/124/30 32/6/30 29/5/29
f 68/125/23 67/126/21 69/127/54 70/128/55
f 66/129/19 65/130/17 67/126/21 68/125/23
f 62/131/11 61/132/9 63/133/13 64/134/15
f 64/134/15 63/133/13 65/130/17 66/129/19
f 58/135/51 57/136/50 61/132/9 62/131/11
f 58/135/51 59/137/52 60/138/53 57/136/50
f 52/92/46 48/105/43 66/108/19 68/93/23
f 36/139/34 33/140/31 57/141/50 60/142/53
f 51/143/45 55/144/48 69/145/54 67/146/21
f 47/76/42 51/143/45 67/146/21 65/77/17
f 40/147/37 34/101/32 58/104/51 62/148/11
f 33/140/31 39/121/36 61/122/9 57/141/50
f 55/81/48 56/58/49 70/149/55 69/150/54
f 44/106/40 40/147/37 62/148/11 64/107/15
o Slide.004
v 1.044193 0.926867 -1.928380
v 1.044193 1.192656 -1.911741
v 1.044193 0.973374 -2.671263
v 1.044193 1.239163 -2.654623
vn 1.0000 -0.0000 -0.0000
vt 0.745751 0.146284
vt 0.765439 0.146284
vt 0.765439 0.201404
vt 0.745751 0.201404
s 1
f 73/151/56 74/152/56 72/153/56 71/154/56
o Slide.005
v 0.899663 0.782361 -2.641924
v 0.750398 0.782361 -2.645025
v 0.918288 0.737151 -2.025122
v 0.769023 0.737152 -2.028224
vn 0.0015 -0.9973 -0.0731
vt 0.815544 0.192665
vt 0.804521 0.192103
vt 0.804521 0.146284
vt 0.815544 0.146846
s 1
f 77/155/57 78/156/57 76/157/57 75/158/57
o Sight.002
v 0.832808 1.525338 -7.013331
v 0.832808 1.596198 -7.013331
v 0.806587 1.525338 -7.039553
v 0.806587 1.596198 -7.039553
v 0.859029 1.525338 -7.039553
v 0.859029 1.596198 -7.039553
v 0.832808 1.525338 -7.065774
v 0.832808 1.596198 -7.065774
v 0.832808 1.646240 -7.022023
v 0.815278 1.646240 -7.039553
v 0.832808 1.646240 -7.057083
v 0.850338 1.646240 -7.039553
v 0.832808 1.596198 -6.996294
v 0.789550 1.596198 -7.039553
v 0.832808 1.596198 -7.082811
v 0.876066 1.596198 -7.039553
v 0.832808 1.608851 -6.996294
v 0.832808 1.634077 -7.010633
v 0.803888 1.634077 -7.039553
v 0.789550 1.608851 -7.039553
v 0.832808 1.634077 -7.068473
v 0.832808 1.608851 -7.082811
v 0.861728 1.634077 -7.039553
v 0.876066 1.608851 -7.039553
vn -0.0000 -0.5773 0.8165
vn -0.0000 -0.9045 0.4264
vn -0.8165 -0.5774 -0.0000
vn -0.4264 -0.9045 -0.0000
vn 0.8165 -0.5774 -0.0000
vn 0.4264 -0.9045 -0.0000
vn -0.0000 -0.5773 -0.8165
vn -0.0000 -0.9045 -0.4264
vn -0.0000 0.8447 0.5352
vn -0.5352 0.8447 -0.0000
vn -0.0000 0.8447 -0.5352
vn 0.5352 0.8447 -0.0000
vn -0.0000 -0.5774 0.8165
vn -0.0000 -0.5774 -0.8165
vn -0.0000 0.2309 0.9730
vn -0.0000 0.5683 0.8229
vn -0.8229 0.5683 -0.0000
vn -0.9730 0.2309 -0.0000
vn -0.0000 0.5683 -0.8229
vn -0.0000 0.2309 -0.9730
vn 0.8229 0.5683 -0.0000
vn 0.9730 0.2309 -0.0000
vt 0.852388 0.997334
vt 0.852388 0.992128
vt 0.855130 0.992128
vt 0.855130 0.997334
vt 0.245521 0.998128
vt 0.245521 0.992923
vt 0.248263 0.992923
vt 0.248263 0.998128
vt 0.287344 0.998128
vt 0.287344 0.992923
vt 0.290086 0.992923
vt 0.290086 0.998128
vt 0.948153 0.998724
vt 0.948153 0.993519
vt 0.950894 0.993519
vt 0.950894 0.998724
vt 0.714209 0.443228
vt 0.711468 0.443228
vt 0.711468 0.440482
vt 0.714209 0.440482
vt 0.646795 0.951996
vt 0.648734 0.953938
vt 0.648734 0.955200
vt 0.645536 0.951996
vt 0.989825 0.896880
vt 0.989825 0.895044
vt 0.990792 0.894447
vt 0.990792 0.897476
vt 0.650672 0.951996
vt 0.648734 0.950055
vt 0.648734 0.948793
vt 0.651932 0.951996
vt 0.990305 0.947207
vt 0.990305 0.945371
vt 0.991272 0.944775
vt 0.991272 0.947804
vt 0.987405 0.530744
vt 0.987405 0.532580
vt 0.986438 0.533176
vt 0.986438 0.530148
vt 0.993285 0.755845
vt 0.993285 0.757681
vt 0.992318 0.758277
vt 0.992318 0.755249
vt 0.855973 0.332724
vt 0.855973 0.330888
vt 0.857806 0.330888
vt 0.857806 0.332724
vt 0.993665 0.893697
vt 0.993665 0.898227
vt 0.992737 0.898227
vt 0.992737 0.893697
vt 0.994145 0.944024
vt 0.994145 0.948554
vt 0.993217 0.948554
vt 0.993217 0.944024
vt 0.983565 0.533927
vt 0.983565 0.529397
vt 0.984493 0.529397
vt 0.984493 0.533927
vt 0.989445 0.759028
vt 0.989445 0.754498
vt 0.990373 0.754498
vt 0.990373 0.759028
s 1
f 79/159/58 80/160/59 82/161/61 81/162/60
f 81/163/60 82/164/61 86/165/65 85/166/64
f 85/167/64 86/168/65 84/169/63 83/170/62
f 83/171/62 84/172/63 80/173/59 79/174/58
f 81/175/60 85/176/64 83/177/62 79/178/58
f 86/179/65 82/180/61 92/181/60 93/182/71
f 88/183/67 89/184/68 99/185/76 97/186/74
f 80/187/59 84/188/63 94/189/62 91/190/70
f 90/191/69 87/192/66 96/193/73 101/194/78
f 82/180/61 80/187/59 91/190/70 92/181/60
f 87/195/66 88/196/67 97/197/74 96/198/73
f 84/188/63 86/179/65 93/182/71 94/189/62
f 89/199/68 90/200/69 101/201/78 99/202/76
f 89/203/68 88/204/67 87/205/66 90/206/69
f 93/207/71 92/208/60 98/209/75 100/210/77
f 91/211/70 94/212/62 102/213/79 95/214/72
f 92/215/60 91/216/70 95/217/72 98/218/75
f 94/219/62 93/220/71 100/221/77 102/222/79
f 96/198/73 97/197/74 98/218/75 95/217/72
f 97/186/74 99/185/76 100/210/77 98/209/75
f 99/202/76 101/201/78 102/222/79 100/221/77
f 101/194/78 96/193/73 95/214/72 102/213/79
o Cylinder.006
v 0.832808 1.183306 -6.269015
v 0.832808 1.029622 -2.744719
v 0.856310 1.181321 -6.269188
v 0.875739 1.025831 -2.745049
v 0.874116 1.175535 -6.269692
v 0.910630 1.014716 -2.746017
v 0.889531 1.166237 -6.270501
v 0.940593 0.997034 -2.747557
v 0.901523 1.153923 -6.271574
v 0.963583 0.973991 -2.749563
v 0.909173 1.139339 -6.272843
v 0.978036 0.947156 -2.751900
v 0.911808 1.123497 -6.274223
v 0.982965 0.918359 -2.754408
v 0.909173 1.107656 -6.275602
v 0.978036 0.889562 -2.756915
v 0.901523 1.093071 -6.276872
v 0.963583 0.862728 -2.759252
v 0.889531 1.080758 -6.277945
v 0.940593 0.839684 -2.761258
v 0.874116 1.071460 -6.278755
v 0.910630 0.822003 -2.762798
v 0.856310 1.065674 -6.279258
v 0.875739 0.810887 -2.763766
v 0.832808 1.063688 -6.279431
v 0.832808 0.807096 -2.764096
v 0.832808 1.233929 -6.158127
v 0.875817 1.229956 -6.158473
v 0.911690 1.218307 -6.159487
v 0.942430 1.199776 -6.161101
v 0.965966 1.175626 -6.163204
v 0.980728 1.147503 -6.165653
v 0.985752 1.117323 -6.168281
v 0.980728 1.087143 -6.170909
v 0.965966 1.059020 -6.173358
v 0.942430 1.034870 -6.175461
v 0.911690 1.016339 -6.177074
v 0.875817 1.004690 -6.178089
v 0.832808 1.000717 -6.178434
v 0.832808 1.249869 -6.387885
v 0.877405 1.245922 -6.388228
v 0.912802 1.234421 -6.389230
v 0.943447 1.215936 -6.390840
v 0.967286 1.191458 -6.392972
v 0.982492 1.162466 -6.395496
v 0.987730 1.130974 -6.398238
v 0.982492 1.099482 -6.400980
v 0.967286 1.070490 -6.403505
v 0.943447 1.046012 -6.405636
v 0.912802 1.027527 -6.407246
v 0.877405 1.016026 -6.408247
v 0.832808 1.012079 -6.408591
v 0.832808 1.186079 -6.315008
v 0.856310 1.184094 -6.315181
v 0.874116 1.178308 -6.315685
v 0.889532 1.169009 -6.316495
v 0.901524 1.156696 -6.317567
v 0.909173 1.142112 -6.318837
v 0.911808 1.126270 -6.320216
v 0.909173 1.110429 -6.321596
v 0.901524 1.095844 -6.322866
v 0.889532 1.083531 -6.323938
v 0.874116 1.074233 -6.324748
v 0.856310 1.068447 -6.325251
v 0.832808 1.066461 -6.325424
v 0.832808 1.310388 -7.391704
v 0.877406 1.306440 -7.392048
v 0.912803 1.294939 -7.393049
v 0.943448 1.276454 -7.394659
v 0.967287 1.251977 -7.396791
v 0.982493 1.222984 -7.399315
v 0.987731 1.191492 -7.402057
v 0.982493 1.160001 -7.404800
v 0.967287 1.131008 -7.407324
v 0.943448 1.106531 -7.409455
v 0.912803 1.088046 -7.411065
v 0.877406 1.076545 -7.412067
v 0.832808 1.072597 -7.412411
v 0.832808 1.240194 -7.529469
v 0.862386 1.236319 -7.529807
v 0.872885 1.229985 -7.530358
v 0.881260 1.221386 -7.531107
v 0.886740 1.210938 -7.532017
v 0.888661 1.199388 -7.533023
v 0.886740 1.187838 -7.534028
v 0.881260 1.177390 -7.534938
v 0.872885 1.168791 -7.535686
v 0.862386 1.162458 -7.536239
v 0.832808 1.158582 -7.536576
v 0.832808 1.272632 -7.526645
v 0.861107 1.270200 -7.526857
v 0.882913 1.263115 -7.527473
v 0.901791 1.251727 -7.528465
v 0.916477 1.236649 -7.529778
v 0.925844 1.218788 -7.531333
v 0.929071 1.199388 -7.533023
v 0.925844 1.179988 -7.534712
v 0.916477 1.162128 -7.536267
v 0.901791 1.147049 -7.537580
v 0.882913 1.135662 -7.538572
v 0.861107 1.128576 -7.539189
v 0.832808 1.126145 -7.539401
v 0.832808 1.242608 -7.569505
v 0.862385 1.238732 -7.569842
v 0.832808 1.215510 -7.610123
v 0.872885 1.232399 -7.570394
v 0.832808 1.213989 -7.610256
v 0.881260 1.223800 -7.571143
v 0.832808 1.211560 -7.610467
v 0.886740 1.213352 -7.572052
v 0.832808 1.208171 -7.610762
v 0.888661 1.201802 -7.573058
v 0.832808 1.204096 -7.611117
v 0.886740 1.190252 -7.574064
v 0.832808 1.200022 -7.611472
v 0.881260 1.179804 -7.574974
v 0.832808 1.196632 -7.611767
v 0.872885 1.171205 -7.575722
v 0.832808 1.194204 -7.611978
v 0.862385 1.164871 -7.576274
v 0.832808 1.192683 -7.612111
v 0.832808 1.160996 -7.576612
v 0.832808 1.191864 -7.612182
v 0.967286 1.107600 -7.019061
v 0.982493 1.136593 -7.016536
v 0.877405 1.283033 -7.003784
v 0.832808 1.286980 -7.003441
v 0.943447 1.083123 -7.021192
v 0.912803 1.271531 -7.004786
v 0.912803 1.064638 -7.022802
v 0.943447 1.253046 -7.006395
v 0.877405 1.053137 -7.023804
v 0.967286 1.228569 -7.008527
v 0.832808 1.049189 -7.024147
v 0.982493 1.199577 -7.011052
v 0.987731 1.168085 -7.013794
v 0.832808 1.340327 -7.319486
v 0.887330 1.335347 -7.319496
v 0.932189 1.320746 -7.319527
v 0.971256 1.297142 -7.319577
v 1.001808 1.265720 -7.319643
v 1.021363 1.228383 -7.319721
v 1.028105 1.187794 -7.319807
v 1.021363 1.147206 -7.319893
v 1.001808 1.109868 -7.319971
v 0.971256 1.078447 -7.320037
v 0.932189 1.054842 -7.320086
v 0.887330 1.040241 -7.320117
v 0.832808 1.035261 -7.320128
v 1.001808 1.093857 -7.096209
v 0.887329 1.319336 -7.095735
v 0.971255 1.062436 -7.096275
v 0.932189 1.304735 -7.095766
v 0.932189 1.038831 -7.096325
v 0.971255 1.281131 -7.095815
v 0.887329 1.024230 -7.096356
v 1.001808 1.249709 -7.095881
v 0.832808 1.019250 -7.096366
v 1.021362 1.212372 -7.095959
v 1.028105 1.171783 -7.096045
v 1.021362 1.131195 -7.096131
v 0.832808 1.343129 -2.738296
v 0.884051 1.338494 -2.738674
v 0.926689 1.324907 -2.739780
v 0.963303 1.303292 -2.741539
v 0.991398 1.275124 -2.743832
v 1.009060 1.242321 -2.746502
v 1.015084 1.207119 -2.749368
v 1.009060 1.171918 -2.752233
v 0.991398 1.139115 -2.754904
v 0.963303 1.110946 -2.757196
v 0.926689 1.089332 -2.758956
v 0.884051 1.075745 -2.760062
v 0.832808 1.071110 -2.760439
v 0.832808 1.544750 -7.080549
v 0.869723 1.541335 -7.080828
v 0.900649 1.531323 -7.081643
v 0.927159 1.515397 -7.082939
v 0.947465 1.494641 -7.084628
v 0.960206 1.470470 -7.086596
v 0.964544 1.444531 -7.088708
v 0.960206 1.418593 -7.090818
v 0.947465 1.394422 -7.092786
v 0.927159 1.373666 -7.094476
v 0.900649 1.357740 -7.095772
v 0.869723 1.347728 -7.096587
v 0.832808 1.344313 -7.096866
v 0.868978 1.551882 -7.306599
v 0.899295 1.542056 -7.307399
v 0.925280 1.526425 -7.308671
v 0.945181 1.506055 -7.310329
v 0.957666 1.482333 -7.312260
v 0.961916 1.456876 -7.314333
v 0.957666 1.431419 -7.316404
v 0.945181 1.407697 -7.318336
v 0.925280 1.387326 -7.319994
v 0.899295 1.371696 -7.321266
v 0.868978 1.361869 -7.322065
v 0.832808 1.358518 -7.322339
v 0.832808 1.555233 -7.306325
v 0.832808 1.623652 -7.778979
v 0.832808 1.574611 -7.823842
v 0.843115 1.571201 -7.824112
v 0.845270 1.618857 -7.779371
v 0.871509 1.561973 -7.824870
v 0.888535 1.604798 -7.780516
v 0.895640 1.547412 -7.826058
v 0.925608 1.582434 -7.782335
v 0.913698 1.528864 -7.827570
v 0.953992 1.553288 -7.784708
v 0.924810 1.507671 -7.829288
v 0.971794 1.519347 -7.787471
v 0.928555 1.485150 -7.831117
v 0.977852 1.482924 -7.790436
v 0.924810 1.462630 -7.832968
v 0.971794 1.446501 -7.793400
v 0.913698 1.441436 -7.834676
v 0.953992 1.412560 -7.796164
v 0.895639 1.422888 -7.836191
v 0.925608 1.383414 -7.798535
v 0.871508 1.408327 -7.837378
v 0.888535 1.361050 -7.800355
v 0.843115 1.399099 -7.838136
v 0.845270 1.346991 -7.801498
v 0.832808 1.395689 -7.838407
v 0.832808 1.342196 -7.801890
v 0.832808 1.540447 -6.987885
v 0.870029 1.537007 -6.988167
v 0.901204 1.526918 -6.988988
v 0.927930 1.510870 -6.990294
v 0.948403 1.489956 -6.991996
v 0.961249 1.465601 -6.993979
v 0.965622 1.439465 -6.996108
v 0.961249 1.413329 -6.998233
v 0.948403 1.388974 -7.000216
v 0.927930 1.368060 -7.001919
v 0.901204 1.352012 -7.003225
v 0.870029 1.341924 -7.004046
v 0.832808 1.338483 -7.004326
v 0.809306 1.181321 -6.269188
v 0.789877 1.025831 -2.745049
v 0.791500 1.175535 -6.269692
v 0.754986 1.014716 -2.746017
v 0.776084 1.166237 -6.270501
v 0.725023 0.997034 -2.747557
v 0.764092 1.153923 -6.271574
v 0.702033 0.973991 -2.749563
v 0.756443 1.139339 -6.272843
v 0.687580 0.947156 -2.751900
v 0.753808 1.123497 -6.274223
v 0.682650 0.918359 -2.754408
v 0.756443 1.107656 -6.275602
v 0.687580 0.889562 -2.756915
v 0.764092 1.093071 -6.276872
v 0.702033 0.862728 -2.759252
v 0.776084 1.080758 -6.277945
v 0.725023 0.839684 -2.761258
v 0.791500 1.071460 -6.278755
v 0.754986 0.822003 -2.762798
v 0.809306 1.065674 -6.279258
v 0.789877 0.810887 -2.763766
v 0.789799 1.229956 -6.158473
v 0.753926 1.218307 -6.159487
v 0.723186 1.199776 -6.161101
v 0.699650 1.175626 -6.163204
v 0.684887 1.147503 -6.165653
v 0.679864 1.117323 -6.168281
v 0.684887 1.087143 -6.170909
v 0.699650 1.059020 -6.173358
v 0.723186 1.034870 -6.175461
v 0.753926 1.016339 -6.177074
v 0.789799 1.004690 -6.178089
v 0.788211 1.245922 -6.388228
v 0.752813 1.234421 -6.389230
v 0.722169 1.215936 -6.390840
v 0.698330 1.191458 -6.392972
v 0.683123 1.162466 -6.395496
v 0.677886 1.130974 -6.398238
v 0.683123 1.099482 -6.400980
v 0.698330 1.070490 -6.403505
v 0.722169 1.046012 -6.405636
v 0.752813 1.027527 -6.407246
v 0.788211 1.016026 -6.408247
v 0.809306 1.184094 -6.315181
v 0.791500 1.178308 -6.315685
v 0.776084 1.169009 -6.316495
v 0.764092 1.156696 -6.317567
v 0.756443 1.142112 -6.318837
v 0.753808 1.126270 -6.320216
v 0.756443 1.110429 -6.321596
v 0.764092 1.095844 -6.322866
v 0.776084 1.083531 -6.323938
v 0.791500 1.074233 -6.324748
v 0.809306 1.068447 -6.325251
v 0.788210 1.306440 -7.392048
v 0.752813 1.294939 -7.393049
v 0.722168 1.276454 -7.394659
v 0.698329 1.251977 -7.396791
v 0.683122 1.222984 -7.399315
v 0.677885 1.191492 -7.402057
v 0.683122 1.160001 -7.404800
v 0.698329 1.131008 -7.407324
v 0.722168 1.106531 -7.409455
v 0.752813 1.088046 -7.411065
v 0.788210 1.076545 -7.412067
v 0.803230 1.236319 -7.529807
v 0.792731 1.229985 -7.530358
v 0.784356 1.221386 -7.531107
v 0.778876 1.210938 -7.532017
v 0.776955 1.199388 -7.533023
v 0.778876 1.187838 -7.534028
v 0.784356 1.177390 -7.534938
v 0.792731 1.168791 -7.535686
v 0.803230 1.162458 -7.536239
v 0.804509 1.270200 -7.526857
v 0.782703 1.263115 -7.527473
v 0.763825 1.251727 -7.528465
v 0.749139 1.236649 -7.529778
v 0.739771 1.218788 -7.531333
v 0.736545 1.199388 -7.533023
v 0.739771 1.179988 -7.534712
v 0.749139 1.162128 -7.536267
v 0.763825 1.147049 -7.537580
v 0.782703 1.135662 -7.538572
v 0.804509 1.128576 -7.539189
v 0.803231 1.238732 -7.569842
v 0.792731 1.232399 -7.570394
v 0.784356 1.223800 -7.571143
v 0.778876 1.213352 -7.572052
v 0.776955 1.201802 -7.573058
v 0.778876 1.190252 -7.574064
v 0.784356 1.179804 -7.574974
v 0.792731 1.171205 -7.575722
v 0.803231 1.164871 -7.576274
v 0.698329 1.107600 -7.019061
v 0.683123 1.136593 -7.016536
v 0.788211 1.283033 -7.003784
v 0.722168 1.083123 -7.021192
v 0.752813 1.271531 -7.004786
v 0.752813 1.064638 -7.022802
v 0.722168 1.253046 -7.006395
v 0.788211 1.053137 -7.023804
v 0.698329 1.228569 -7.008527
v 0.683123 1.199577 -7.011052
v 0.677885 1.168085 -7.013794
v 0.778286 1.335347 -7.319496
v 0.733427 1.320746 -7.319527
v 0.694360 1.297142 -7.319577
v 0.663808 1.265720 -7.319643
v 0.644253 1.228383 -7.319721
v 0.637511 1.187794 -7.319807
v 0.644253 1.147206 -7.319893
v 0.663808 1.109868 -7.319971
v 0.694360 1.078447 -7.320037
v 0.733427 1.054842 -7.320086
v 0.778286 1.040241 -7.320117
v 0.663808 1.093857 -7.096209
v 0.778286 1.319336 -7.095735
v 0.694361 1.062436 -7.096275
v 0.733427 1.304735 -7.095766
v 0.733427 1.038831 -7.096325
v 0.694361 1.281131 -7.095815
v 0.778287 1.024230 -7.096356
v 0.663808 1.249709 -7.095881
v 0.644254 1.212372 -7.095959
v 0.637511 1.171783 -7.096045
v 0.644254 1.131195 -7.096131
v 0.781565 1.338494 -2.738674
v 0.738927 1.324907 -2.739780
v 0.702312 1.303292 -2.741539
v 0.674217 1.275124 -2.743832
v 0.656556 1.242321 -2.746502
v 0.650532 1.207119 -2.749368
v 0.656556 1.171918 -2.752233
v 0.674217 1.139115 -2.754904
v 0.702312 1.110946 -2.757196
v 0.738927 1.089332 -2.758956
v 0.781565 1.075745 -2.760062
v 0.795893 1.541335 -7.080828
v 0.764967 1.531323 -7.081643
v 0.738457 1.515397 -7.082939
v 0.718151 1.494641 -7.084628
v 0.705410 1.470470 -7.086596
v 0.701072 1.444531 -7.088708
v 0.705410 1.418593 -7.090818
v 0.718151 1.394422 -7.092786
v 0.738457 1.373666 -7.094476
v 0.764967 1.357740 -7.095772
v 0.795893 1.347728 -7.096587
v 0.796638 1.551882 -7.306599
v 0.766321 1.542056 -7.307399
v 0.740336 1.526425 -7.308671
v 0.720435 1.506055 -7.310329
v 0.707950 1.482333 -7.312260
v 0.703700 1.456876 -7.314333
v 0.707950 1.431419 -7.316404
v 0.720435 1.407697 -7.318336
v 0.740336 1.387326 -7.319994
v 0.766321 1.371696 -7.321266
v 0.796638 1.361869 -7.322065
v 0.822501 1.571201 -7.824112
v 0.820346 1.618857 -7.779371
v 0.794107 1.561973 -7.824870
v 0.777081 1.604798 -7.780516
v 0.769976 1.547412 -7.826058
v 0.740008 1.582434 -7.782335
v 0.751918 1.528864 -7.827570
v 0.711624 1.553288 -7.784708
v 0.740806 1.507671 -7.829288
v 0.693822 1.519347 -7.787471
v 0.737061 1.485150 -7.831117
v 0.687764 1.482924 -7.790436
v 0.740806 1.462630 -7.832968
v 0.693822 1.446501 -7.793400
v 0.751918 1.441436 -7.834676
v 0.711624 1.412560 -7.796164
v 0.769976 1.422888 -7.836191
v 0.740008 1.383414 -7.798535
v 0.794108 1.408327 -7.837378
v 0.777081 1.361050 -7.800355
v 0.822501 1.399099 -7.838136
v 0.820346 1.346991 -7.801498
v 0.795587 1.537007 -6.988167
v 0.764411 1.526918 -6.988988
v 0.737685 1.510870 -6.990294
v 0.717213 1.489956 -6.991996
v 0.704367 1.465601 -6.993979
v 0.699994 1.439465 -6.996108
v 0.704367 1.413329 -6.998233
v 0.717213 1.388974 -7.000216
v 0.737685 1.368060 -7.001919
v 0.764411 1.352012 -7.003225
v 0.795587 1.341924 -7.004046
vn -0.0000 0.9825 -0.1860
vn -0.0000 0.6735 0.7392
vn 0.1898 0.9629 -0.1920
vn 0.1476 0.6632 0.7337
vn 0.3963 0.8951 -0.2045
vn 0.3048 0.6123 0.7295
vn 0.5916 0.7740 -0.2257
vn 0.4573 0.5221 0.7199
vn 0.7690 0.5868 -0.2535
vn 0.5981 0.3798 0.7057
vn 0.9002 0.3309 -0.2832
vn 0.7029 0.1814 0.6877
vn 0.9511 0.0270 -0.3078
vn 0.7412 -0.0560 0.6690
vn 0.9047 -0.2793 -0.3217
vn 0.6984 -0.2924 0.6533
vn 0.7758 -0.5412 -0.3243
vn 0.5907 -0.4879 0.6426
vn 0.5981 -0.7347 -0.3201
vn 0.4495 -0.6268 0.6364
vn 0.4011 -0.8606 -0.3140
vn 0.2986 -0.7142 0.6331
vn 0.1922 -0.9312 -0.3097
vn 0.1444 -0.7631 0.6300
vn -0.0000 -0.9519 -0.3063
vn -0.0000 -0.7733 0.6340
vn -0.0000 0.9838 -0.1791
vn 0.1952 0.9635 -0.1831
vn 0.4022 0.8944 -0.1956
vn 0.5990 0.7713 -0.2151
vn 0.7766 0.5825 -0.2400
vn 0.9068 0.3265 -0.2665
vn 0.9568 0.0245 -0.2897
vn 0.9105 -0.2792 -0.3050
vn 0.7824 -0.5397 -0.3109
vn 0.6050 -0.7337 -0.3094
vn 0.4068 -0.8612 -0.3048
vn 0.1976 -0.9331 -0.3006
vn -0.0000 -0.9543 -0.2989
vn -0.0000 0.9271 0.3747
vn 0.1938 0.9059 0.3766
vn 0.3998 0.8334 0.3816
vn 0.5929 0.7070 0.3855
vn 0.7646 0.5165 0.3855
vn 0.8876 0.2632 0.3780
vn 0.9318 -0.0306 0.3617
vn 0.8839 -0.3227 0.3386
vn 0.7585 -0.5717 0.3127
vn 0.5866 -0.7568 0.2883
vn 0.3948 -0.8786 0.2687
vn 0.1912 -0.9479 0.2549
vn -0.0000 -0.9681 0.2507
vn -0.0000 0.9231 0.3845
vn 0.1863 0.9019 0.3896
vn 0.3906 0.8315 0.3950
vn 0.5818 0.7072 0.4018
vn 0.7532 0.5175 0.4061
vn 0.8767 0.2625 0.4031
vn 0.9206 -0.0344 0.3889
vn 0.8715 -0.3286 0.3641
vn 0.7453 -0.5770 0.3341
vn 0.5741 -0.7595 0.3058
vn 0.3849 -0.8783 0.2836
vn 0.1835 -0.9453 0.2697
vn -0.0000 -0.9651 0.2620
vn -0.0000 0.9450 -0.3271
vn 0.1851 0.9247 -0.3327
vn 0.3825 0.8571 -0.3450
vn 0.5685 0.7377 -0.3641
vn 0.7353 0.5562 -0.3873
vn 0.8573 0.3120 -0.4095
vn 0.9053 0.0250 -0.4241
vn 0.8646 -0.2649 -0.4270
vn 0.7467 -0.5162 -0.4196
vn 0.5801 -0.7056 -0.4070
vn 0.3914 -0.8313 -0.3947
vn 0.1897 -0.9029 -0.3858
vn -0.0000 -0.9243 -0.3816
vn -0.0000 0.7276 -0.6860
vn 0.2129 0.6726 -0.7087
vn 0.4155 0.5859 -0.6958
vn 0.5388 0.4543 -0.7094
vn 0.6297 0.2765 -0.7260
vn 0.6661 0.0665 -0.7429
vn 0.6366 -0.1461 -0.7572
vn 0.5496 -0.3303 -0.7673
vn 0.4265 -0.4687 -0.7736
vn 0.2205 -0.5585 -0.7997
vn -0.0000 -0.6191 -0.7853
vn -0.0000 0.6575 -0.7535
vn 0.1168 0.6499 -0.7510
vn 0.2429 0.6048 -0.7584
vn 0.3620 0.5289 -0.7676
vn 0.4699 0.4128 -0.7802
vn 0.5499 0.2554 -0.7952
vn 0.5816 0.0690 -0.8106
vn 0.5548 -0.1191 -0.8234
vn 0.4777 -0.2810 -0.8324
vn 0.3701 -0.4020 -0.8375
vn 0.2492 -0.4821 -0.8399
vn 0.1201 -0.5301 -0.8394
vn -0.0000 -0.5379 -0.8430
vn -0.0000 0.9676 -0.2525
vn 0.3413 0.8919 -0.2968
vn -0.0000 0.7115 -0.7027
vn 0.6028 0.7147 -0.3546
vn -0.0000 0.5809 -0.8140
vn 0.7541 0.5265 -0.3927
vn -0.0000 0.4200 -0.9075
vn 0.8567 0.2954 -0.4229
vn -0.0000 0.2507 -0.9681
vn 0.8947 0.0375 -0.4452
vn -0.0000 0.0858 -0.9963
vn 0.8604 -0.2220 -0.4588
vn -0.0000 -0.0831 -0.9965
vn 0.7605 -0.4578 -0.4606
vn -0.0000 -0.2652 -0.9642
vn 0.6102 -0.6534 -0.4480
vn -0.0000 -0.4462 -0.8949
vn 0.3505 -0.8406 -0.4129
vn -0.0000 -0.6268 -0.7792
vn -0.0000 -0.9263 -0.3767
vn -0.0000 -0.7460 -0.6659
vn 0.7874 -0.5818 0.2035
vn 0.9220 -0.3193 0.2191
vn 0.4159 0.7689 0.4856
vn -0.0000 0.6687 0.7435
vn 0.6051 -0.7735 0.1888
vn 0.4066 0.8850 0.2266
vn 0.4048 -0.8970 0.1776
vn 0.6073 0.7601 0.2312
vn 0.1949 -0.9657 0.1713
vn 0.7895 0.5668 0.2354
vn -0.0000 -0.9858 0.1679
vn 0.9232 0.3030 0.2364
vn 0.9729 -0.0084 0.2311
vn -0.0000 0.4838 -0.8752
vn 0.1309 0.4842 -0.8651
vn 0.6285 0.6372 -0.4460
vn 0.6100 0.7725 -0.1767
vn 0.7919 0.5800 -0.1912
vn 0.9251 0.3185 -0.2069
vn 0.9753 0.0103 -0.2206
vn 0.9265 -0.2987 -0.2290
vn 0.7939 -0.5623 -0.2316
vn 0.6117 -0.7568 -0.2302
vn 0.4100 -0.8833 -0.2273
vn 0.1987 -0.9539 -0.2250
vn -0.0000 -0.9746 -0.2241
vn 0.7919 -0.5800 0.1912
vn 0.3972 0.5418 0.7407
vn 0.6100 -0.7725 0.1767
vn 0.6108 0.6380 0.4690
vn 0.4088 -0.8974 0.1659
vn 0.6117 0.7568 0.2302
vn 0.1981 -0.9671 0.1593
vn 0.7939 0.5623 0.2316
vn -0.0000 -0.9876 0.1572
vn 0.9265 0.2987 0.2290
vn 0.9753 -0.0103 0.2206
vn 0.9251 -0.3185 0.2069
vn -0.0000 0.9989 0.0464
vn 0.1996 0.9788 0.0451
vn 0.4112 0.9106 0.0408
vn 0.6160 0.7870 0.0333
vn 0.8046 0.5935 0.0219
vn 0.9457 0.3250 0.0065
vn 0.9999 0.0037 -0.0114
vn 0.9475 -0.3184 -0.0288
vn 0.8071 -0.5888 -0.0428
vn 0.6183 -0.7841 -0.0527
vn 0.4128 -0.9089 -0.0587
vn 0.2004 -0.9777 -0.0620
vn -0.0000 -0.9980 -0.0629
vn 0.2018 0.9784 0.0450
vn 0.4151 0.9089 0.0407
vn 0.6209 0.7832 0.0331
vn 0.8088 0.5876 0.0215
vn 0.9477 0.3192 0.0061
vn 0.9999 0.0009 -0.0116
vn 0.9478 -0.3174 -0.0287
vn 0.8595 -0.5094 0.0412
vn 0.5644 -0.7323 0.3811
vn 0.4662 -0.7442 0.4784
vn 0.2025 -0.9773 -0.0620
vn 0.2218 0.9713 0.0862
vn 0.4175 0.9055 0.0754
vn 0.6230 0.7797 0.0627
vn 0.8102 0.5842 0.0472
vn 0.9482 0.3163 0.0294
vn 0.9999 -0.0009 0.0109
vn 0.9480 -0.3182 -0.0053
vn 0.8554 -0.5083 -0.0994
vn 0.5584 -0.7181 -0.4153
vn 0.2694 -0.8339 -0.4818
vn 0.0682 -0.8828 -0.4648
vn -0.0000 -0.8887 -0.4586
vn -0.0000 0.9958 0.0919
vn -0.0000 0.9575 -0.2884
vn -0.0000 0.4550 -0.8905
vn 0.1095 0.3961 -0.9117
vn 0.2483 0.9091 -0.3344
vn 0.1518 0.4018 -0.9031
vn 0.3793 0.8651 -0.3282
vn 0.2276 0.3601 -0.9047
vn 0.5702 0.7488 -0.3380
vn 0.2971 0.2904 -0.9096
vn 0.7431 0.5680 -0.3536
vn 0.3487 0.1922 -0.9173
vn 0.8702 0.3217 -0.3733
vn 0.3691 0.0747 -0.9264
vn 0.9189 0.0310 -0.3933
vn 0.3516 -0.0438 -0.9351
vn 0.8739 -0.2612 -0.4100
vn 0.3018 -0.1444 -0.9424
vn 0.7491 -0.5110 -0.4216
vn 0.2324 -0.2164 -0.9482
vn 0.5764 -0.6956 -0.4288
vn 0.1556 -0.2598 -0.9530
vn 0.3841 -0.8151 -0.4338
vn 0.1127 -0.2530 -0.9609
vn 0.2522 -0.8594 -0.4447
vn -0.0000 -0.3163 -0.9487
vn -0.0000 -0.9130 -0.4080
vn 0.2008 0.9786 0.0450
vn 0.4134 0.9097 0.0408
vn 0.6188 0.7848 0.0332
vn 0.8071 0.5900 0.0217
vn 0.9470 0.3211 0.0062
vn 0.9472 -0.3193 -0.0288
vn 0.8074 -0.5884 -0.0428
vn 0.6191 -0.7836 -0.0526
vn 0.6063 -0.7887 0.1022
vn 0.1458 -0.7351 0.6621
vn -0.0000 -0.7031 0.7111
vn -0.1898 0.9629 -0.1920
vn -0.1476 0.6632 0.7337
vn -0.3963 0.8951 -0.2045
vn -0.3048 0.6123 0.7295
vn -0.5916 0.7740 -0.2257
vn -0.4573 0.5221 0.7199
vn -0.7690 0.5868 -0.2535
vn -0.5981 0.3798 0.7057
vn -0.9002 0.3309 -0.2832
vn -0.7029 0.1814 0.6877
vn -0.9511 0.0270 -0.3078
vn -0.7412 -0.0560 0.6690
vn -0.9047 -0.2793 -0.3217
vn -0.6984 -0.2924 0.6533
vn -0.7758 -0.5412 -0.3243
vn -0.5907 -0.4879 0.6426
vn -0.5981 -0.7347 -0.3201
vn -0.4495 -0.6268 0.6364
vn -0.4011 -0.8606 -0.3140
vn -0.2986 -0.7142 0.6331
vn -0.1922 -0.9312 -0.3097
vn -0.1443 -0.7631 0.6300
vn -0.1952 0.9635 -0.1831
vn -0.4022 0.8944 -0.1956
vn -0.5990 0.7713 -0.2151
vn -0.7766 0.5825 -0.2400
vn -0.9068 0.3265 -0.2665
vn -0.9568 0.0245 -0.2897
vn -0.9105 -0.2792 -0.3050
vn -0.7824 -0.5397 -0.3109
vn -0.6050 -0.7337 -0.3094
vn -0.4068 -0.8612 -0.3048
vn -0.1976 -0.9331 -0.3006
vn -0.1938 0.9059 0.3766
vn -0.3998 0.8334 0.3816
vn -0.5929 0.7070 0.3855
vn -0.7646 0.5165 0.3855
vn -0.8876 0.2632 0.3780
vn -0.9318 -0.0306 0.3617
vn -0.8839 -0.3227 0.3386
vn -0.7585 -0.5717 0.3127
vn -0.5866 -0.7568 0.2883
vn -0.3948 -0.8786 0.2687
vn -0.1912 -0.9479 0.2549
vn -0.1863 0.9019 0.3896
vn -0.3906 0.8315 0.3950
vn -0.5818 0.7072 0.4018
vn -0.7532 0.5175 0.4061
vn -0.8767 0.2625 0.4031
vn -0.9206 -0.0344 0.3889
vn -0.8715 -0.3286 0.3641
vn -0.7453 -0.5770 0.3341
vn -0.5741 -0.7595 0.3058
vn -0.3849 -0.8783 0.2836
vn -0.1835 -0.9453 0.2697
vn -0.1851 0.9247 -0.3327
vn -0.3825 0.8571 -0.3450
vn -0.5685 0.7377 -0.3641
vn -0.7353 0.5562 -0.3873
vn -0.8573 0.3120 -0.4095
vn -0.9053 0.0250 -0.4241
vn -0.8646 -0.2649 -0.4270
vn -0.7467 -0.5162 -0.4196
vn -0.5801 -0.7056 -0.4070
vn -0.3914 -0.8313 -0.3947
vn -0.1897 -0.9029 -0.3858
vn -0.2129 0.6726 -0.7087
vn -0.4155 0.5859 -0.6958
vn -0.5388 0.4543 -0.7094
vn -0.6296 0.2765 -0.7260
vn -0.6661 0.0665 -0.7429
vn -0.6366 -0.1461 -0.7572
vn -0.5496 -0.3303 -0.7673
vn -0.4265 -0.4687 -0.7736
vn -0.2205 -0.5585 -0.7997
vn -0.1168 0.6499 -0.7510
vn -0.2429 0.6048 -0.7584
vn -0.3620 0.5289 -0.7676
vn -0.4699 0.4128 -0.7802
vn -0.5499 0.2554 -0.7952
vn -0.5816 0.0690 -0.8106
vn -0.5548 -0.1191 -0.8234
vn -0.4777 -0.2810 -0.8324
vn -0.3701 -0.4020 -0.8375
vn -0.2492 -0.4821 -0.8399
vn -0.1201 -0.5301 -0.8394
vn -0.3413 0.8919 -0.2968
vn -0.6028 0.7147 -0.3546
vn -0.7541 0.5265 -0.3927
vn -0.8567 0.2954 -0.4229
vn -0.8947 0.0375 -0.4452
vn -0.8604 -0.2220 -0.4588
vn -0.7605 -0.4578 -0.4606
vn -0.6102 -0.6534 -0.4480
vn -0.3505 -0.8406 -0.4129
vn -0.7874 -0.5818 0.2035
vn -0.9220 -0.3193 0.2191
vn -0.4159 0.7689 0.4856
vn -0.6051 -0.7735 0.1888
vn -0.4066 0.8850 0.2266
vn -0.4048 -0.8970 0.1776
vn -0.6073 0.7601 0.2312
vn -0.1949 -0.9657 0.1713
vn -0.7895 0.5668 0.2354
vn -0.9232 0.3030 0.2364
vn -0.9729 -0.0084 0.2311
vn -0.1309 0.4842 -0.8651
vn -0.6285 0.6372 -0.4460
vn -0.6100 0.7725 -0.1767
vn -0.7919 0.5800 -0.1912
vn -0.9251 0.3185 -0.2069
vn -0.9753 0.0103 -0.2206
vn -0.9265 -0.2987 -0.2290
vn -0.7939 -0.5623 -0.2316
vn -0.6117 -0.7568 -0.2302
vn -0.4100 -0.8833 -0.2273
vn -0.1987 -0.9539 -0.2250
vn -0.7919 -0.5800 0.1912
vn -0.3972 0.5418 0.7407
vn -0.6100 -0.7725 0.1767
vn -0.6108 0.6380 0.4690
vn -0.4088 -0.8974 0.1659
vn -0.6117 0.7568 0.2302
vn -0.1981 -0.9671 0.1593
vn -0.7939 0.5623 0.2316
vn -0.9265 0.2987 0.2290
vn -0.9753 -0.0103 0.2206
vn -0.9251 -0.3185 0.2069
vn -0.1996 0.9788 0.0451
vn -0.4112 0.9106 0.0408
vn -0.6160 0.7870 0.0333
vn -0.8046 0.5935 0.0219
vn -0.9457 0.3250 0.0065
vn -0.9999 0.0037 -0.0114
vn -0.9475 -0.3184 -0.0288
vn -0.8071 -0.5888 -0.0428
vn -0.6183 -0.7841 -0.0527
vn -0.4128 -0.9089 -0.0587
vn -0.2004 -0.9777 -0.0620
vn -0.2018 0.9784 0.0450
vn -0.4151 0.9089 0.0407
vn -0.6209 0.7832 0.0331
vn -0.8088 0.5876 0.0215
vn -0.9477 0.3192 0.0061
vn -0.9999 0.0009 -0.0116
vn -0.9478 -0.3174 -0.0287
vn -0.8595 -0.5094 0.0412
vn -0.5644 -0.7323 0.3811
vn -0.4662 -0.7442 0.4784
vn -0.2025 -0.9773 -0.0620
vn -0.2218 0.9713 0.0862
vn -0.4175 0.9055 0.0754
vn -0.6230 0.7797 0.0627
vn -0.8102 0.5842 0.0472
vn -0.9482 0.3163 0.0294
vn -0.9999 -0.0009 0.0109
vn -0.9480 -0.3182 -0.0053
vn -0.8554 -0.5083 -0.0994
vn -0.5584 -0.7181 -0.4153
vn -0.2694 -0.8339 -0.4818
vn -0.0682 -0.8828 -0.4648
vn -0.1095 0.3961 -0.9117
vn -0.2483 0.9091 -0.3344
vn -0.1518 0.4018 -0.9031
vn -0.3793 0.8651 -0.3282
vn -0.2276 0.3601 -0.9047
vn -0.5702 0.7488 -0.3380
vn -0.2971 0.2904 -0.9096
vn -0.7432 0.5680 -0.3536
vn -0.3487 0.1922 -0.9173
vn -0.8702 0.3217 -0.3733
vn -0.3691 0.0747 -0.9264
vn -0.9189 0.0310 -0.3933
vn -0.3516 -0.0438 -0.9351
vn -0.8739 -0.2612 -0.4100
vn -0.3018 -0.1444 -0.9424
vn -0.7491 -0.5110 -0.4216
vn -0.2324 -0.2164 -0.9482
vn -0.5764 -0.6956 -0.4288
vn -0.1556 -0.2598 -0.9530
vn -0.3841 -0.8151 -0.4338
vn -0.1127 -0.2530 -0.9609
vn -0.2522 -0.8594 -0.4447
vn -0.2008 0.9786 0.0450
vn -0.4134 0.9097 0.0408
vn -0.6188 0.7848 0.0332
vn -0.8071 0.5900 0.0217
vn -0.9470 0.3211 0.0062
vn -0.9472 -0.3193 -0.0288
vn -0.8074 -0.5884 -0.0428
vn -0.6191 -0.7836 -0.0526
vn -0.6063 -0.7887 0.1022
vn -0.1458 -0.7351 0.6621
vt 0.010304 0.488724
vt 0.010425 0.236039
vt 0.013539 0.236092
vt 0.013423 0.488778
vt 0.015997 0.236189
vt 0.015948 0.488880
vt 0.018032 0.236328
vt 0.018032 0.489026
vt 0.555302 0.303269
vt 0.555302 0.556438
vt 0.553361 0.556420
vt 0.553274 0.303250
vt 0.551235 0.556381
vt 0.551050 0.303208
vt 0.549068 0.556322
vt 0.548781 0.303147
vt 0.547009 0.556250
vt 0.546621 0.303070
vt 0.545197 0.556167
vt 0.544718 0.302984
vt 0.075139 0.243887
vt 0.075139 0.497123
vt 0.073223 0.497068
vt 0.073172 0.243829
vt 0.070850 0.497026
vt 0.070733 0.243786
vt 0.068182 0.497002
vt 0.067989 0.243760
vt 0.065000 0.496996
vt 0.064798 0.243754
vt 0.595901 0.954994
vt 0.595881 0.956219
vt 0.592475 0.956227
vt 0.592494 0.955002
vt 0.011483 0.496981
vt 0.009777 0.496953
vt 0.012736 0.497032
vt 0.013781 0.497105
vt 0.551921 0.295233
vt 0.552955 0.295243
vt 0.550768 0.295211
vt 0.549577 0.295179
vt 0.548443 0.295139
vt 0.547457 0.295095
vt 0.069693 0.236075
vt 0.070696 0.236104
vt 0.068471 0.236053
vt 0.067108 0.236040
vt 0.065367 0.236037
vt 0.951953 0.374938
vt 0.952026 0.373891
vt 0.955425 0.373894
vt 0.955352 0.374941
vt 0.595871 0.957583
vt 0.592465 0.957591
vt 0.991805 0.617997
vt 0.991822 0.619033
vt 0.988418 0.619121
vt 0.988400 0.618086
vt 0.595872 0.959328
vt 0.592466 0.959336
vt 0.991832 0.620188
vt 0.988427 0.620277
vt 0.991832 0.621382
vt 0.988427 0.621470
vt 0.991822 0.622518
vt 0.988418 0.622606
vt 0.991805 0.623507
vt 0.988400 0.623596
vt 0.951873 0.377902
vt 0.951902 0.376193
vt 0.955301 0.376196
vt 0.955272 0.377905
vt 0.595928 0.953990
vt 0.592522 0.953997
vt 0.947947 0.204555
vt 0.947920 0.207796
vt 0.942559 0.208384
vt 0.942573 0.206675
vt 0.948026 0.202059
vt 0.942613 0.205419
vt 0.245521 0.948916
vt 0.246192 0.946350
vt 0.251014 0.947211
vt 0.250677 0.948501
vt 0.245521 0.951449
vt 0.250677 0.949776
vt 0.246212 0.953777
vt 0.251025 0.950947
vt 0.990610 0.318726
vt 0.992979 0.318726
vt 0.992774 0.324376
vt 0.991583 0.324376
vt 0.902678 0.951962
vt 0.903417 0.949711
vt 0.908312 0.952467
vt 0.907940 0.953599
vt 0.902678 0.954390
vt 0.907940 0.954821
vt 0.903398 0.956818
vt 0.908302 0.956042
vt 0.114259 0.905992
vt 0.114306 0.903557
vt 0.120190 0.907092
vt 0.120167 0.908317
vt 0.114231 0.908705
vt 0.120152 0.909682
vt 0.114221 0.912017
vt 0.120147 0.911426
vt 0.918117 0.431775
vt 0.918153 0.433834
vt 0.908361 0.435243
vt 0.908339 0.433974
vt 0.853523 0.573396
vt 0.855891 0.573431
vt 0.856278 0.579346
vt 0.853244 0.579555
vt 0.851587 0.602140
vt 0.849625 0.602075
vt 0.847844 0.596502
vt 0.850356 0.596351
vt 0.858184 0.573447
vt 0.859214 0.579132
vt 0.532342 0.836941
vt 0.529036 0.836939
vt 0.528684 0.831717
vt 0.532727 0.831688
vt 0.860239 0.573442
vt 0.861838 0.578928
vt 0.858503 0.602243
vt 0.856210 0.602227
vt 0.856278 0.595954
vt 0.859214 0.595740
vt 0.310969 0.817853
vt 0.308891 0.817706
vt 0.310597 0.812267
vt 0.313247 0.812306
vt 0.306400 0.817603
vt 0.307440 0.812228
vt 0.539475 0.837059
vt 0.537482 0.837003
vt 0.539257 0.831528
vt 0.541810 0.831403
vt 0.303165 0.817545
vt 0.303486 0.812187
vt 0.853842 0.602192
vt 0.853244 0.596164
vt 0.900482 0.490208
vt 0.900483 0.493520
vt 0.890896 0.493081
vt 0.890895 0.490981
vt 0.918171 0.436131
vt 0.908372 0.436657
vt 0.918172 0.438503
vt 0.908372 0.438119
vt 0.918153 0.440762
vt 0.908361 0.439510
vt 0.918117 0.442729
vt 0.908339 0.440722
vt 0.702609 0.870803
vt 0.702665 0.867562
vt 0.712633 0.869176
vt 0.712597 0.871233
vt 0.900594 0.483063
vt 0.900540 0.485060
vt 0.890931 0.487809
vt 0.890965 0.486579
vt 0.702767 0.865067
vt 0.712695 0.867638
vt 0.900501 0.487495
vt 0.890907 0.489309
vt 0.702913 0.862985
vt 0.712785 0.866356
vt 0.382121 0.892143
vt 0.381651 0.894293
vt 0.379631 0.892002
vt 0.380287 0.890446
vt 0.382652 0.891413
vt 0.381240 0.889135
vt 0.383335 0.890856
vt 0.382438 0.888158
vt 0.384135 0.890525
vt 0.383806 0.887592
vt 0.384993 0.890463
vt 0.385248 0.887488
vt 0.385828 0.890685
vt 0.386649 0.887860
vt 0.386559 0.891160
vt 0.387899 0.888673
vt 0.387136 0.891836
vt 0.388911 0.889859
vt 0.387534 0.892653
vt 0.389627 0.891327
vt 0.387632 0.894858
vt 0.390009 0.892982
vt 0.905661 0.997515
vt 0.905661 0.998386
vt 0.902697 0.998463
vt 0.902697 0.997593
vt 0.905654 0.999214
vt 0.902691 0.999291
vt 0.905641 0.999923
vt 0.902678 1.000000
vt 0.758367 0.962240
vt 0.758348 0.962942
vt 0.755382 0.962948
vt 0.755402 0.962247
vt 0.758334 0.963776
vt 0.755369 0.963783
vt 0.037723 0.957144
vt 0.037767 0.955006
vt 0.040726 0.955006
vt 0.040682 0.957144
vt 0.037816 0.954293
vt 0.040775 0.954293
vt 0.758332 0.965985
vt 0.755367 0.965992
vt 0.905642 0.995965
vt 0.905654 0.996688
vt 0.902691 0.996765
vt 0.902678 0.996042
vt 0.379274 0.894069
vt 0.043694 0.957415
vt 0.944953 0.756163
vt 0.945487 0.755436
vt 0.946436 0.758694
vt 0.946325 0.758683
vt 0.946173 0.754883
vt 0.946614 0.758712
vt 0.946975 0.754555
vt 0.946862 0.758737
vt 0.947833 0.754498
vt 0.947161 0.758766
vt 0.948667 0.754724
vt 0.947459 0.758796
vt 0.949395 0.755203
vt 0.947707 0.758821
vt 0.949969 0.755882
vt 0.947885 0.758838
vt 0.950363 0.756700
vt 0.947997 0.758849
vt 0.752619 0.965710
vt 0.752621 0.965701
vt 0.390009 0.895082
vt 0.706821 0.823718
vt 0.704567 0.823641
vt 0.704567 0.777985
vt 0.706821 0.778062
vt 0.709189 0.823780
vt 0.709189 0.778124
vt 0.711482 0.823821
vt 0.711482 0.778165
vt 0.390342 0.779680
vt 0.387036 0.779673
vt 0.387036 0.734009
vt 0.390342 0.734015
vt 0.713537 0.823839
vt 0.713537 0.778183
vt 0.393050 0.779706
vt 0.393050 0.734042
vt 0.773279 0.374044
vt 0.775358 0.374188
vt 0.775358 0.419756
vt 0.773279 0.419612
vt 0.395481 0.779750
vt 0.395481 0.734086
vt 0.770788 0.373945
vt 0.770788 0.419513
vt 0.397474 0.779810
vt 0.397474 0.734145
vt 0.767553 0.373891
vt 0.767553 0.419459
vt 0.702606 0.823554
vt 0.702606 0.777898
vt 0.847844 0.579893
vt 0.850356 0.579743
vt 0.539257 0.814918
vt 0.541810 0.814793
vt 0.909071 0.910428
vt 0.902678 0.910565
vt 0.902860 0.893957
vt 0.909071 0.893697
vt 0.536159 0.831625
vt 0.536159 0.815015
vt 0.310597 0.795703
vt 0.313247 0.795742
vt 0.532727 0.815079
vt 0.861838 0.595537
vt 0.528684 0.815108
vt 0.860558 0.602238
vt 0.851268 0.573344
vt 0.535051 0.836963
vt 0.849305 0.573279
vt 0.537438 0.808200
vt 0.539431 0.808256
vt 0.308931 0.788964
vt 0.311009 0.789111
vt 0.535007 0.808160
vt 0.532298 0.808138
vt 0.528992 0.808136
vt 0.306440 0.788861
vt 0.307440 0.795664
vt 0.661400 0.843363
vt 0.661959 0.846505
vt 0.645536 0.847961
vt 0.645536 0.844769
vt 0.646129 0.842123
vt 0.647239 0.839797
vt 0.648789 0.837950
vt 0.650676 0.836709
vt 0.652769 0.836157
vt 0.654926 0.836332
vt 0.657001 0.837222
vt 0.658852 0.838767
vt 0.660352 0.840862
vt 0.240451 0.314617
vt 0.242119 0.000015
vt 0.245835 0.000089
vt 0.243150 0.314671
vt 0.248838 0.000212
vt 0.245344 0.314762
vt 0.251324 0.000381
vt 0.247157 0.314887
vt 0.451806 0.059152
vt 0.453789 0.374141
vt 0.451417 0.374125
vt 0.450049 0.059139
vt 0.448819 0.374083
vt 0.448123 0.059107
vt 0.446172 0.374019
vt 0.446158 0.059060
vt 0.443656 0.373938
vt 0.444289 0.059000
vt 0.441442 0.373844
vt 0.442643 0.058931
vt 0.398172 0.006933
vt 0.401940 0.321835
vt 0.399598 0.321783
vt 0.396462 0.006894
vt 0.396698 0.321746
vt 0.394343 0.006866
vt 0.393438 0.321726
vt 0.391958 0.006852
vt 0.389638 0.321727
vt 0.389197 0.006852
vt 0.768136 0.873454
vt 0.766440 0.873416
vt 0.766272 0.856686
vt 0.767935 0.856724
vt 0.444337 0.035400
vt 0.444303 0.052132
vt 0.442669 0.052064
vt 0.442733 0.035333
vt 0.446157 0.035459
vt 0.446158 0.052192
vt 0.448071 0.035505
vt 0.448108 0.052239
vt 0.449946 0.035535
vt 0.450019 0.052270
vt 0.451657 0.035548
vt 0.451762 0.052283
vt 0.245082 0.338332
vt 0.245268 0.321621
vt 0.247066 0.321745
vt 0.246844 0.338454
vt 0.242949 0.338244
vt 0.243091 0.321530
vt 0.240326 0.338191
vt 0.240415 0.321477
vt 0.241436 0.373209
vt 0.244480 0.373335
vt 0.246994 0.373509
vt 0.453789 0.000308
vt 0.451343 0.000290
vt 0.448659 0.000246
vt 0.445922 0.000180
vt 0.443317 0.000096
vt 0.441021 0.000000
vt 0.216595 0.810087
vt 0.216254 0.845441
vt 0.214591 0.845403
vt 0.214222 0.810033
vt 0.212530 0.845376
vt 0.211281 0.809994
vt 0.210211 0.845362
vt 0.207970 0.809974
vt 0.207528 0.845363
vt 0.207009 0.809967
vt 0.764337 0.873389
vt 0.764211 0.856659
vt 0.761971 0.873374
vt 0.761892 0.856645
vt 0.759233 0.873375
vt 0.759209 0.856646
vt 0.380932 0.940809
vt 0.381579 0.943416
vt 0.382633 0.945526
vt 0.384062 0.947259
vt 0.385768 0.948498
vt 0.379841 0.945061
vt 0.379596 0.941024
vt 0.379274 0.948498
vt 0.240566 0.373167
vt 0.790190 0.086411
vt 0.791160 0.086254
vt 0.792532 0.089376
vt 0.791750 0.089542
vt 0.794431 0.085543
vt 0.794679 0.088910
vt 0.797611 0.085594
vt 0.796749 0.088943
vt 0.800486 0.086402
vt 0.798578 0.089458
vt 0.802862 0.087911
vt 0.800061 0.090400
vt 0.804580 0.090017
vt 0.801124 0.091702
vt 0.805527 0.092573
vt 0.801709 0.093283
vt 0.805634 0.095408
vt 0.801776 0.095053
vt 0.804892 0.098330
vt 0.801304 0.096912
vt 0.803347 0.101142
vt 0.800299 0.098743
vt 0.801105 0.103652
vt 0.798827 0.100390
vt 0.800486 0.104423
vt 0.798295 0.100992
vt 0.702606 0.920369
vt 0.703366 0.920614
vt 0.705460 0.921278
vt 0.707241 0.922337
vt 0.708573 0.923694
vt 0.709392 0.925250
vt 0.709669 0.926909
vt 0.709392 0.928572
vt 0.708573 0.930141
vt 0.707241 0.931520
vt 0.705460 0.932608
vt 0.703366 0.933306
vt 0.702606 0.933563
vt 0.396394 0.000027
vt 0.394291 0.000000
vt 0.398090 0.000066
vt 0.205434 0.945284
vt 0.205726 0.948587
vt 0.200628 0.950349
vt 0.201375 0.948041
vt 0.201630 0.945284
vt 0.443141 0.977894
vt 0.445799 0.977742
vt 0.445799 0.984608
vt 0.441021 0.984835
vt 0.940766 0.078758
vt 0.942095 0.078747
vt 0.942095 0.095439
vt 0.939781 0.095497
vt 0.986988 0.264653
vt 0.983501 0.264653
vt 0.984479 0.257984
vt 0.985431 0.259914
vt 0.986930 0.261645
vt 0.007113 0.488724
vt 0.007241 0.236037
vt 0.004374 0.488781
vt 0.004579 0.236091
vt 0.001949 0.488887
vt 0.002218 0.236192
vt 0.002925 0.488887
vt 0.000977 0.489036
vt 0.001296 0.236334
vt 0.003195 0.236192
vt 0.544718 0.009133
vt 0.546565 0.009395
vt 0.548725 0.255851
vt 0.546968 0.255595
vt 0.548695 0.009494
vt 0.550756 0.255948
vt 0.550963 0.009426
vt 0.552922 0.255880
vt 0.553215 0.009193
vt 0.555075 0.255652
vt 0.555298 0.008811
vt 0.557070 0.255278
vt 0.057114 0.243850
vt 0.059178 0.243801
vt 0.059450 0.497041
vt 0.057434 0.497088
vt 0.061688 0.243768
vt 0.061894 0.497010
vt 0.595928 0.963317
vt 0.592522 0.963325
vt 0.592495 0.962288
vt 0.595901 0.962280
vt 0.008035 0.496952
vt 0.006675 0.496980
vt 0.005459 0.497033
vt 0.004466 0.497109
vt 0.000000 0.489036
vt 0.548529 0.000553
vt 0.547571 0.000417
vt 0.549647 0.000605
vt 0.550837 0.000569
vt 0.552005 0.000448
vt 0.553067 0.000254
vt 0.553956 0.000000
vt 0.557070 0.008305
vt 0.063665 0.236045
vt 0.062419 0.236061
vt 0.951898 0.381009
vt 0.955297 0.381012
vt 0.955350 0.382230
vt 0.951951 0.382227
vt 0.592476 0.961040
vt 0.595883 0.961032
vt 0.955425 0.383225
vt 0.952026 0.383222
vt 0.988649 0.573279
vt 0.991965 0.573343
vt 0.991801 0.574298
vt 0.988485 0.574234
vt 0.991716 0.575416
vt 0.988400 0.575352
vt 0.991716 0.576609
vt 0.988401 0.576545
vt 0.991802 0.577782
vt 0.988487 0.577717
vt 0.955270 0.379650
vt 0.951870 0.379647
vt 0.991965 0.578851
vt 0.988649 0.578786
vt 0.947947 0.211109
vt 0.942573 0.210129
vt 0.948026 0.213816
vt 0.942613 0.211490
vt 0.762726 0.915241
vt 0.757703 0.914004
vt 0.757577 0.912676
vt 0.762475 0.912601
vt 0.762321 0.917741
vt 0.757499 0.915262
vt 0.761267 0.919928
vt 0.756969 0.916362
vt 0.759624 0.921633
vt 0.756143 0.917220
vt 0.757520 0.922715
vt 0.755084 0.917764
vt 0.755125 0.923094
vt 0.753880 0.917955
vt 0.752619 0.922760
vt 0.752619 0.917787
vt 0.114259 0.917730
vt 0.120167 0.914378
vt 0.120190 0.915415
vt 0.114306 0.919791
vt 0.114231 0.915249
vt 0.120152 0.913130
vt 0.702765 0.879245
vt 0.712693 0.876494
vt 0.712785 0.877712
vt 0.702915 0.881222
vt 0.598464 0.836708
vt 0.597737 0.843302
vt 0.594893 0.842859
vt 0.596243 0.836556
vt 0.600515 0.864727
vt 0.600771 0.859704
vt 0.603749 0.859688
vt 0.602841 0.864538
vt 0.592465 0.842232
vt 0.594345 0.836245
vt 0.525810 0.836957
vt 0.524741 0.831708
vt 0.292762 0.817847
vt 0.290406 0.812105
vt 0.292935 0.812111
vt 0.294736 0.817698
vt 0.594029 0.864285
vt 0.592465 0.858413
vt 0.594893 0.859040
vt 0.595927 0.864596
vt 0.296016 0.812127
vt 0.297154 0.817594
vt 0.299441 0.812151
vt 0.299857 0.817540
vt 0.606454 0.859442
vt 0.604959 0.864196
vt 0.597737 0.859483
vt 0.598147 0.864748
vt 0.900504 0.496751
vt 0.890909 0.495133
vt 0.592961 0.903894
vt 0.603169 0.906495
vt 0.602968 0.907665
vt 0.592635 0.905793
vt 0.602864 0.909034
vt 0.592465 0.908015
vt 0.602865 0.910495
vt 0.592466 0.910387
vt 0.602970 0.911931
vt 0.592637 0.912718
vt 0.712595 0.873334
vt 0.702606 0.874116
vt 0.603169 0.913240
vt 0.592961 0.914843
vt 0.712628 0.875002
vt 0.702660 0.876823
vt 0.900594 0.501294
vt 0.890965 0.497931
vt 0.890932 0.496661
vt 0.900541 0.499232
vt 0.381749 0.896498
vt 0.379656 0.897824
vt 0.379274 0.896169
vt 0.382147 0.897315
vt 0.380372 0.899292
vt 0.382724 0.897991
vt 0.381384 0.900478
vt 0.383456 0.898466
vt 0.382634 0.901291
vt 0.384290 0.898688
vt 0.384035 0.901663
vt 0.385148 0.898626
vt 0.385477 0.901559
vt 0.385948 0.898295
vt 0.386845 0.900993
vt 0.386631 0.897738
vt 0.388043 0.900016
vt 0.387162 0.897008
vt 0.388996 0.898705
vt 0.389652 0.897149
vt 0.994568 0.374575
vt 0.997454 0.374629
vt 0.997393 0.375444
vt 0.994507 0.375391
vt 0.997394 0.376314
vt 0.994508 0.376260
vt 0.997457 0.377154
vt 0.994570 0.377100
vt 0.997571 0.377900
vt 0.994685 0.377847
vt 0.758367 0.968822
vt 0.755402 0.968829
vt 0.755383 0.968123
vt 0.758349 0.968116
vt 0.040690 0.959353
vt 0.037731 0.959353
vt 0.040727 0.960183
vt 0.037768 0.960183
vt 0.040780 0.960878
vt 0.037822 0.960878
vt 0.994685 0.373891
vt 0.997571 0.373944
vt 0.043704 0.957429
vt 0.944953 0.761335
vt 0.945527 0.762014
vt 0.946256 0.762493
vt 0.947089 0.762718
vt 0.947948 0.762661
vt 0.948750 0.762334
vt 0.949436 0.761780
vt 0.949969 0.761054
vt 0.818562 0.418977
vt 0.818562 0.374520
vt 0.820930 0.374473
vt 0.820930 0.418930
vt 0.816341 0.418850
vt 0.816341 0.374393
vt 0.814439 0.418561
vt 0.814439 0.374104
vt 0.383809 0.779686
vt 0.383809 0.734022
vt 0.759125 0.374055
vt 0.759125 0.419623
vt 0.757151 0.419775
vt 0.757151 0.374208
vt 0.381332 0.779718
vt 0.381332 0.734053
vt 0.761543 0.373948
vt 0.761543 0.419516
vt 0.379274 0.779766
vt 0.379274 0.734101
vt 0.764245 0.373891
vt 0.764245 0.419459
vt 0.823253 0.418714
vt 0.823253 0.374256
vt 0.825368 0.373891
vt 0.825368 0.418348
vt 0.600771 0.843523
vt 0.603749 0.843507
vt 0.606454 0.843261
vt 0.900920 0.589604
vt 0.900920 0.573279
vt 0.907409 0.573608
vt 0.907646 0.589787
vt 0.518977 0.831578
vt 0.518977 0.814969
vt 0.521601 0.815051
vt 0.521601 0.831661
vt 0.296016 0.795563
vt 0.292935 0.795548
vt 0.524741 0.815099
vt 0.290406 0.795542
vt 0.294776 0.788955
vt 0.292802 0.789105
vt 0.600831 0.836688
vt 0.523333 0.836992
vt 0.603157 0.836498
vt 0.605276 0.836156
vt 0.297194 0.788852
vt 0.523289 0.808189
vt 0.521231 0.808241
vt 0.521275 0.837044
vt 0.525766 0.808154
vt 0.299897 0.788798
vt 0.299441 0.795588
vt 0.661959 0.849696
vt 0.661367 0.852343
vt 0.660257 0.854668
vt 0.658706 0.856515
vt 0.656820 0.857757
vt 0.654726 0.858309
vt 0.652569 0.858134
vt 0.650494 0.857243
vt 0.648644 0.855698
vt 0.647143 0.853604
vt 0.646095 0.851103
vt 0.237689 0.314606
vt 0.238317 0.000000
vt 0.235309 0.314644
vt 0.235064 0.000049
vt 0.233201 0.314722
vt 0.232179 0.000155
vt 0.231506 0.314837
vt 0.229858 0.000309
vt 0.494449 0.057539
vt 0.496047 0.057782
vt 0.495017 0.365109
vt 0.492871 0.364775
vt 0.497890 0.057887
vt 0.497498 0.365252
vt 0.499855 0.057845
vt 0.500146 0.365193
vt 0.501806 0.057659
vt 0.502778 0.364937
vt 0.503611 0.057342
vt 0.505218 0.364501
vt 0.382528 0.006932
vt 0.384324 0.006893
vt 0.382946 0.321783
vt 0.380482 0.321835
vt 0.386505 0.006866
vt 0.385932 0.321747
vt 0.942559 0.162913
vt 0.942559 0.146587
vt 0.944318 0.146284
vt 0.944352 0.162604
vt 0.499833 0.034814
vt 0.501733 0.034633
vt 0.501785 0.050959
vt 0.499848 0.051143
vt 0.497920 0.034854
vt 0.497899 0.051184
vt 0.496124 0.034753
vt 0.496069 0.051081
vt 0.494568 0.034516
vt 0.494484 0.050839
vt 0.233277 0.338294
vt 0.231630 0.338406
vt 0.231542 0.321696
vt 0.233223 0.321581
vt 0.235328 0.338217
vt 0.235315 0.321503
vt 0.237642 0.338181
vt 0.237675 0.321466
vt 0.239607 0.373187
vt 0.236304 0.373239
vt 0.233379 0.373349
vt 0.231028 0.373509
vt 0.492871 0.000272
vt 0.495098 0.000610
vt 0.497668 0.000755
vt 0.500404 0.000697
vt 0.503122 0.000440
vt 0.505637 0.000000
vt 0.503491 0.034325
vt 0.200628 0.810071
vt 0.203118 0.810017
vt 0.202791 0.845404
vt 0.201045 0.845441
vt 0.206145 0.809979
vt 0.204912 0.845377
vt 0.754400 0.873416
vt 0.752619 0.873454
vt 0.752727 0.856724
vt 0.754472 0.856687
vt 0.756564 0.873389
vt 0.756594 0.856660
vt 0.857162 0.945317
vt 0.858501 0.945502
vt 0.858285 0.949543
vt 0.852388 0.952982
vt 0.854082 0.951755
vt 0.855496 0.950031
vt 0.856533 0.947924
vt 0.858875 0.952982
vt 0.645536 0.994346
vt 0.648859 0.994888
vt 0.648858 0.995677
vt 0.645540 0.995306
vt 0.648856 0.997849
vt 0.645536 0.998615
vt 0.115013 0.958938
vt 0.117878 0.960364
vt 0.117363 0.962388
vt 0.114221 0.962047
vt 0.117371 0.964306
vt 0.114233 0.965062
vt 0.117878 0.966003
vt 0.115045 0.967780
vt 0.980945 0.000000
vt 0.984608 0.001739
vt 0.984485 0.003328
vt 0.980746 0.002570
vt 0.984485 0.005024
vt 0.980745 0.005312
vt 0.984608 0.006726
vt 0.980944 0.008040
vt 0.790190 0.104432
vt 0.791468 0.101076
vt 0.793297 0.101591
vt 0.793065 0.105240
vt 0.795367 0.101624
vt 0.796245 0.105291
vt 0.797514 0.101158
vt 0.799517 0.104580
vt 0.448084 0.925402
vt 0.448084 0.938596
vt 0.447324 0.938351
vt 0.445229 0.937687
vt 0.443449 0.936628
vt 0.442117 0.935271
vt 0.441297 0.933715
vt 0.441021 0.932056
vt 0.441297 0.930393
vt 0.442117 0.928824
vt 0.443449 0.927445
vt 0.445229 0.926357
vt 0.447324 0.925659
vt 0.382573 0.000065
vt 0.384354 0.000027
vt 0.503576 0.050644
vt 0.201375 0.942528
vt 0.200628 0.940219
vt 0.205726 0.941982
vt 0.332593 0.963089
vt 0.334957 0.969797
vt 0.329625 0.969712
vt 0.329625 0.963018
vt 0.938755 0.017136
vt 0.938755 0.000146
vt 0.939796 0.000000
vt 0.941663 0.016620
vt 0.983434 0.152517
vt 0.983928 0.149550
vt 0.985662 0.148055
vt 0.986884 0.146284
vt 0.986884 0.153025
s 1
f 129/223/106 104/224/81 106/225/83 130/226/107
f 130/226/107 106/225/83 108/227/85 131/228/108
f 131/228/108 108/227/85 110/229/87 132/230/109
f 132/231/109 110/232/87 112/233/89 133/234/110
f 133/234/110 112/233/89 114/235/91 134/236/111
f 134/236/111 114/235/91 116/237/93 135/238/112
f 135/238/112 116/237/93 118/239/95 136/240/113
f 136/240/113 118/239/95 120/241/97 137/242/114
f 137/243/114 120/244/97 122/245/99 138/246/115
f 138/246/115 122/245/99 124/247/101 139/248/116
f 139/248/116 124/247/101 126/249/103 140/250/117
f 140/250/117 126/249/103 128/251/105 141/252/118
f 121/253/98 123/254/100 165/255/142 164/256/141
f 105/257/82 103/258/80 129/223/106 130/226/107
f 107/259/84 105/257/82 130/226/107 131/228/108
f 109/260/86 107/259/84 131/228/108 132/230/109
f 111/261/88 109/262/86 132/231/109 133/234/110
f 113/263/90 111/261/88 133/234/110 134/236/111
f 115/264/92 113/263/90 134/236/111 135/238/112
f 117/265/94 115/264/92 135/238/112 136/240/113
f 119/266/96 117/265/94 136/240/113 137/242/114
f 121/267/98 119/268/96 137/243/114 138/246/115
f 123/269/100 121/267/98 138/246/115 139/248/116
f 125/270/102 123/269/100 139/248/116 140/250/117
f 127/271/104 125/270/102 140/250/117 141/252/118
f 107/272/84 109/273/86 158/274/135 157/275/134
f 123/254/100 125/276/102 166/277/143 165/255/142
f 109/278/86 111/279/88 159/280/136 158/281/135
f 125/276/102 127/282/104 167/283/144 166/277/143
f 111/279/88 113/284/90 160/285/137 159/280/136
f 113/284/90 115/286/92 161/287/138 160/285/137
f 115/286/92 117/288/94 162/289/139 161/287/138
f 117/288/94 119/290/96 163/291/140 162/289/139
f 103/292/80 105/293/82 156/294/133 155/295/132
f 119/296/96 121/253/98 164/256/141 163/297/140
f 105/293/82 107/272/84 157/275/134 156/294/133
f 143/298/120 142/299/119 155/300/132 156/301/133
f 144/302/121 143/298/120 156/301/133 157/303/134
f 145/304/122 144/305/121 157/306/134 158/307/135
f 146/308/123 145/304/122 158/307/135 159/309/136
f 147/310/124 146/308/123 159/309/136 160/311/137
f 148/312/125 147/313/124 160/314/137 161/315/138
f 149/316/126 148/317/125 161/318/138 162/319/139
f 150/320/127 149/316/126 162/319/139 163/321/140
f 151/322/128 150/320/127 163/321/140 164/323/141
f 152/324/129 151/325/128 164/326/141 165/327/142
f 153/328/130 152/324/129 165/327/142 166/329/143
f 154/330/131 153/328/130 166/329/143 167/331/144
f 171/332/148 172/333/149 196/334/173 195/335/172
f 174/336/151 173/337/150 244/338/221 245/339/222
f 227/340/204 226/341/203 252/342/229 263/343/240
f 173/337/150 172/344/149 243/345/220 244/338/221
f 234/346/211 236/347/213 260/348/237 258/349/235
f 172/344/149 171/350/148 242/351/219 243/345/220
f 235/352/212 237/353/214 261/354/238 259/355/236
f 171/356/148 170/357/147 241/358/218 242/359/219
f 170/357/147 169/360/146 240/361/217 241/358/218
f 226/362/203 230/363/207 254/364/231 252/365/229
f 169/360/146 168/366/145 239/367/216 240/361/217
f 237/353/214 238/368/215 262/369/239 261/354/238
f 179/370/156 180/371/157 204/372/181 203/373/180
f 172/333/149 173/374/150 197/375/174 196/334/173
f 173/374/150 174/376/151 198/377/175 197/375/174
f 174/376/151 175/378/152 199/379/176 198/377/175
f 175/378/152 176/380/153 200/381/177 199/379/176
f 168/382/145 169/383/146 193/384/170 192/385/169
f 176/386/153 177/387/154 201/388/178 200/389/177
f 169/383/146 170/390/147 194/391/171 193/384/170
f 177/387/154 178/392/155 202/393/179 201/388/178
f 170/390/147 171/394/148 195/395/172 194/391/171
f 178/392/155 179/370/156 203/373/180 202/393/179
f 182/396/159 181/397/158 193/398/170 194/399/171
f 183/400/160 182/396/159 194/399/171 195/401/172
f 184/402/161 183/400/160 195/401/172 196/403/173
f 185/404/162 184/402/161 196/403/173 197/405/174
f 186/406/163 185/404/162 197/405/174 198/407/175
f 187/408/164 186/406/163 198/407/175 199/409/176
f 188/410/165 187/408/164 199/409/176 200/411/177
f 189/412/166 188/410/165 200/411/177 201/413/178
f 190/414/167 189/412/166 201/413/178 202/415/179
f 191/416/168 190/414/167 202/415/179 203/417/180
f 185/418/162 186/419/163 214/420/191 212/421/189
f 186/419/163 187/422/164 216/423/193 214/420/191
f 187/422/164 188/424/165 218/425/195 216/423/193
f 188/426/165 189/427/166 220/428/197 218/429/195
f 189/427/166 190/430/167 222/431/199 220/428/197
f 181/432/158 182/433/159 206/434/183 205/435/182
f 182/433/159 183/436/160 208/437/185 206/434/183
f 190/430/167 191/438/168 224/439/201 222/431/199
f 183/440/160 184/441/161 210/442/187 208/443/185
f 184/441/161 185/418/162 212/421/189 210/442/187
f 193/398/170 181/397/158 192/444/169
f 206/434/183 207/445/184 205/435/182
f 206/446/183 208/447/185 209/448/186 207/449/184
f 208/447/185 210/450/187 211/451/188 209/448/186
f 210/450/187 212/452/189 213/453/190 211/451/188
f 212/452/189 214/454/191 215/455/192 213/453/190
f 214/454/191 216/456/193 217/457/194 215/455/192
f 216/456/193 218/458/195 219/459/196 217/457/194
f 218/458/195 220/460/197 221/461/198 219/459/196
f 220/460/197 222/462/199 223/463/200 221/461/198
f 222/431/199 224/439/201 225/464/202 223/465/200
f 204/466/181 191/416/168 203/417/180
f 148/467/125 149/468/126 227/469/204 238/470/215
f 147/471/124 148/467/125 238/470/215 237/472/214
f 146/473/123 147/471/124 237/472/214 235/474/212
f 153/475/130 154/476/131 236/477/213 234/478/211
f 145/479/122 146/473/123 235/474/212 233/480/210
f 152/481/129 153/475/130 234/478/211 232/482/209
f 144/483/121 145/484/122 233/485/210 231/486/208
f 151/487/128 152/481/129 232/482/209 230/488/207
f 143/489/120 144/483/121 231/486/208 228/490/205
f 150/491/127 151/487/128 230/488/207 226/492/203
f 142/493/119 143/489/120 228/490/205 229/494/206
f 149/468/126 150/495/127 226/496/203 227/469/204
f 263/343/240 252/342/229 247/497/224 246/498/223
f 252/365/229 254/364/231 248/499/225 247/500/224
f 285/501/261 255/502/232 241/503/218 297/504/272
f 254/364/231 256/505/233 249/506/226 248/499/225
f 255/507/232 257/508/234 242/359/219 241/358/218
f 256/505/233 258/349/235 250/509/227 249/506/226
f 257/510/234 259/355/236 243/345/220 242/351/219
f 258/349/235 260/348/237 251/511/228 250/509/227
f 259/355/236 261/354/238 244/338/221 243/345/220
f 261/354/238 262/369/239 245/339/222 244/338/221
f 262/369/239 263/343/240 246/498/223 245/339/222
f 233/512/210 235/352/212 259/355/236 257/510/234
f 175/513/152 174/336/151 245/339/222 246/498/223
f 232/514/209 234/346/211 258/349/235 256/505/233
f 176/515/153 175/513/152 246/498/223 247/497/224
f 177/516/154 176/517/153 247/500/224 248/499/225
f 231/518/208 233/519/210 257/508/234 255/507/232
f 178/520/155 177/516/154 248/499/225 249/506/226
f 230/363/207 232/514/209 256/505/233 254/364/231
f 179/521/156 178/520/155 249/506/226 250/509/227
f 238/368/215 227/340/204 263/343/240 262/369/239
f 180/522/157 179/521/156 250/509/227 251/511/228
f 228/523/205 231/518/208 255/507/232 253/524/230
f 106/525/83 104/526/81 128/527/105 126/528/103 124/529/101 122/530/99 120/531/97 118/532/95 116/533/93 114/534/91 112/535/89 110/536/87 108/537/85
f 329/538/241 264/539/241 265/540/242 330/541/304
f 330/541/304 265/540/242 266/542/243 331/543/305
f 331/543/305 266/542/243 267/544/244 332/545/306
f 332/546/306 267/547/244 268/548/245 333/549/307
f 333/549/307 268/548/245 269/550/246 334/551/308
f 334/551/308 269/550/246 270/552/247 335/553/259
f 335/553/259 270/552/247 271/554/248 336/555/309
f 336/555/309 271/554/248 272/556/249 337/557/310
f 337/558/310 272/559/249 273/560/250 338/561/311
f 338/561/311 273/560/250 274/562/251 339/563/312
f 339/563/312 274/562/251 275/564/252 340/565/313
f 340/565/313 275/564/252 276/566/253 341/567/314
f 285/568/261 286/569/262 298/570/273 297/571/272
f 296/572/271 284/573/260 285/574/261 297/575/272
f 295/576/270 283/577/259 284/573/260 296/572/271
f 294/578/269 282/579/258 283/577/259 295/576/270
f 293/580/268 281/581/257 282/579/258 294/578/269
f 292/582/267 280/583/256 281/581/257 293/580/268
f 291/584/266 279/585/255 280/586/256 292/587/267
f 290/588/265 278/589/254 279/585/255 291/584/266
f 302/590/277 277/591/241 278/589/254 290/588/265
f 306/592/281 290/588/265 291/584/266 308/593/283
f 308/593/283 291/584/266 292/587/267 310/594/285
f 310/595/285 292/582/267 293/580/268 312/596/287
f 312/596/287 293/580/268 294/578/269 314/597/289
f 314/597/289 294/578/269 295/576/270 316/598/291
f 316/598/291 295/576/270 296/572/271 318/599/293
f 318/599/293 296/572/271 297/575/272 320/600/295
f 320/601/295 297/602/272 298/603/273 322/604/297
f 322/604/297 298/603/273 299/605/274 324/606/299
f 324/606/299 299/605/274 300/607/275 326/608/301
f 326/608/301 300/607/275 301/609/276 328/610/303
f 287/611/263 299/612/274 298/570/273 286/569/262
f 288/613/264 300/614/275 299/612/274 287/611/263
f 289/615/253 301/616/276 300/614/275 288/613/264
f 301/617/276 300/618/275 299/619/274 298/620/273 297/621/272 240/622/217 239/623/216
f 241/624/218 240/622/217 297/621/272
f 303/625/278 302/590/277 290/588/265 306/592/281
f 303/626/278 306/627/281 305/628/280 304/629/279
f 306/627/281 308/630/283 307/631/282 305/628/280
f 308/630/283 310/632/285 309/633/284 307/631/282
f 310/632/285 312/634/287 311/635/286 309/633/284
f 312/634/287 314/636/289 313/637/288 311/635/286
f 314/636/289 316/638/291 315/639/290 313/637/288
f 316/638/291 318/640/293 317/641/292 315/639/290
f 318/640/293 320/642/295 319/643/294 317/641/292
f 320/642/295 322/644/297 321/645/296 319/643/294
f 322/644/297 324/646/299 323/647/298 321/645/296
f 324/646/299 326/648/301 325/649/300 323/647/298
f 326/648/301 328/650/303 327/651/302 325/649/300
f 304/652/279 305/653/280 307/654/282 309/655/284 311/656/286 313/657/288 315/658/290 317/659/292 319/660/294 321/661/296 323/662/298 325/663/300 327/664/302
f 286/665/262 338/561/311 339/563/312 287/666/263
f 285/667/261 337/558/310 338/561/311 286/665/262
f 284/573/260 336/555/309 337/557/310 285/574/261
f 283/577/259 335/553/259 336/555/309 284/573/260
f 282/579/258 334/551/308 335/553/259 283/577/259
f 281/581/257 333/549/307 334/551/308 282/579/258
f 280/583/256 332/546/306 333/549/307 281/581/257
f 279/585/255 331/543/305 332/545/306 280/586/256
f 278/589/254 330/541/304 331/543/305 279/585/255
f 277/591/241 329/538/241 330/541/304 278/589/254
f 229/668/206 228/669/205 339/670/312 340/671/313 341/672/314
f 253/673/230 287/674/263 339/675/312 228/676/205
f 253/677/230 287/678/263 299/679/274 300/680/275
f 253/681/230 255/682/232 285/683/261 286/684/262 287/685/263
f 129/223/106 364/686/337 343/687/316 104/224/81
f 364/686/337 365/688/338 345/689/318 343/687/316
f 365/688/338 366/690/339 347/691/320 345/689/318
f 366/692/339 367/693/340 349/694/322 347/695/320
f 367/696/340 368/697/341 351/698/324 349/699/322
f 368/697/341 369/700/342 353/701/326 351/698/324
f 369/700/342 370/702/343 355/703/328 353/701/326
f 370/702/343 371/704/344 357/705/330 355/703/328
f 371/704/344 372/706/345 359/707/332 357/705/330
f 372/708/345 373/709/346 361/710/334 359/711/332
f 373/709/346 374/712/347 363/713/336 361/710/334
f 374/712/347 141/252/118 128/251/105 363/713/336
f 358/714/331 394/715/367 395/716/368 360/717/333
f 342/718/315 364/686/337 129/223/106 103/258/80
f 344/719/317 365/688/338 364/686/337 342/718/315
f 346/720/319 366/690/339 365/688/338 344/719/317
f 348/721/321 367/722/340 366/690/339 346/720/319
f 350/723/323 368/697/341 367/696/340 348/724/321
f 352/725/325 369/700/342 368/697/341 350/723/323
f 354/726/327 370/702/343 369/700/342 352/725/325
f 356/727/329 371/704/344 370/702/343 354/726/327
f 358/728/331 372/706/345 371/704/344 356/727/329
f 360/729/333 373/730/346 372/706/345 358/728/331
f 362/731/335 374/712/347 373/709/346 360/732/333
f 127/271/104 141/252/118 374/712/347 362/731/335
f 344/733/317 387/734/360 388/735/361 346/736/319
f 360/717/333 395/716/368 396/737/369 362/738/335
f 346/736/319 388/735/361 389/739/362 348/740/321
f 362/738/335 396/737/369 167/283/144 127/282/104
f 348/741/321 389/742/362 390/743/363 350/744/323
f 350/744/323 390/743/363 391/745/364 352/746/325
f 352/746/325 391/745/364 392/747/365 354/748/327
f 354/748/327 392/747/365 393/749/366 356/750/329
f 103/292/80 155/295/132 386/751/359 342/752/315
f 356/750/329 393/749/366 394/753/367 358/754/331
f 342/752/315 386/751/359 387/734/360 344/733/317
f 375/755/348 386/756/359 155/300/132 142/299/119
f 376/757/349 387/758/360 386/756/359 375/755/348
f 377/759/350 388/760/361 387/761/360 376/762/349
f 378/763/351 389/764/362 388/760/361 377/759/350
f 379/765/352 390/766/363 389/764/362 378/763/351
f 380/767/353 391/768/364 390/766/363 379/765/352
f 381/769/354 392/770/365 391/768/364 380/767/353
f 382/771/355 393/772/366 392/770/365 381/769/354
f 383/773/356 394/774/367 393/772/366 382/771/355
f 384/775/357 395/776/368 394/777/367 383/778/356
f 385/779/358 396/780/369 395/776/368 384/775/357
f 154/330/131 167/331/144 396/780/369 385/779/358
f 399/781/372 419/782/392 420/783/393 400/784/373
f 402/785/375 453/786/426 452/787/425 401/788/374
f 438/789/411 469/790/442 459/791/432 437/792/410
f 401/788/374 452/787/425 451/793/424 400/794/373
f 444/795/417 465/796/438 260/348/237 236/347/213
f 400/797/373 451/798/424 450/799/423 399/800/372
f 445/801/418 466/802/439 467/803/440 446/804/419
f 399/800/372 450/799/423 449/805/422 398/806/371
f 398/806/371 449/805/422 448/807/421 397/808/370
f 437/792/410 459/791/432 461/809/434 440/810/413
f 397/808/370 448/807/421 239/367/216 168/366/145
f 446/804/419 467/803/440 468/811/441 447/812/420
f 407/813/380 427/814/400 204/372/181 180/371/157
f 400/815/373 420/816/393 421/817/394 401/818/374
f 401/818/374 421/817/394 422/819/395 402/820/375
f 402/820/375 422/819/395 423/821/396 403/822/376
f 403/822/376 423/821/396 424/823/397 404/824/377
f 168/382/145 192/385/169 417/825/390 397/826/370
f 404/824/377 424/823/397 425/827/398 405/828/378
f 397/826/370 417/825/390 418/829/391 398/830/371
f 405/831/378 425/832/398 426/833/399 406/834/379
f 398/830/371 418/829/391 419/782/392 399/781/372
f 406/834/379 426/833/399 427/814/400 407/813/380
f 408/835/381 418/836/391 417/837/390 181/397/158
f 409/838/382 419/839/392 418/836/391 408/835/381
f 410/840/383 420/841/393 419/839/392 409/838/382
f 411/842/384 421/843/394 420/841/393 410/840/383
f 412/844/385 422/845/395 421/843/394 411/842/384
f 413/846/386 423/847/396 422/845/395 412/844/385
f 414/848/387 424/849/397 423/847/396 413/846/386
f 415/850/388 425/851/398 424/849/397 414/848/387
f 416/852/389 426/853/399 425/851/398 415/850/388
f 191/416/168 427/854/400 426/853/399 416/852/389
f 411/855/384 431/856/404 432/857/405 412/858/385
f 412/858/385 432/857/405 433/859/406 413/860/386
f 413/860/386 433/859/406 434/861/407 414/862/387
f 414/862/387 434/861/407 435/863/408 415/864/388
f 415/865/388 435/866/408 436/867/409 416/868/389
f 181/432/158 205/435/182 428/869/401 408/870/381
f 408/870/381 428/869/401 429/871/402 409/872/382
f 416/868/389 436/867/409 224/439/201 191/438/168
f 409/872/382 429/871/402 430/873/403 410/874/383
f 410/875/383 430/876/403 431/856/404 411/855/384
f 417/837/390 192/444/169 181/397/158
f 428/869/401 205/435/182 207/445/184
f 428/869/401 207/445/184 209/877/186 429/871/402
f 429/878/402 209/448/186 211/451/188 430/879/403
f 430/879/403 211/451/188 213/453/190 431/880/404
f 431/880/404 213/453/190 215/455/192 432/881/405
f 432/881/405 215/455/192 217/457/194 433/882/406
f 433/882/406 217/457/194 219/459/196 434/883/407
f 434/883/407 219/459/196 221/461/198 435/884/408
f 435/884/408 221/461/198 223/463/200 436/885/409
f 436/867/409 223/465/200 225/464/202 224/439/201
f 204/466/181 427/854/400 191/416/168
f 380/886/353 447/887/420 438/888/411 381/889/354
f 379/890/352 446/891/419 447/887/420 380/886/353
f 378/892/351 445/893/418 446/891/419 379/890/352
f 385/894/358 444/895/417 236/477/213 154/476/131
f 377/896/350 443/897/416 445/898/418 378/899/351
f 384/900/357 442/901/415 444/895/417 385/894/358
f 376/902/349 441/903/414 443/897/416 377/896/350
f 383/904/356 440/905/413 442/901/415 384/900/357
f 375/906/348 439/907/412 441/903/414 376/902/349
f 382/908/355 437/909/410 440/910/413 383/911/356
f 142/493/119 229/494/206 439/907/412 375/906/348
f 381/889/354 438/888/411 437/909/410 382/908/355
f 469/790/442 454/912/427 455/913/428 459/791/432
f 459/791/432 455/913/428 456/914/429 461/809/434
f 488/915/461 499/916/472 449/917/422 462/918/435
f 461/919/434 456/920/429 457/921/430 463/922/436
f 462/923/435 449/805/422 450/799/423 464/924/437
f 463/922/436 457/921/430 458/925/431 465/796/438
f 464/924/437 450/799/423 451/798/424 466/926/439
f 465/796/438 458/925/431 251/511/228 260/348/237
f 466/802/439 451/793/424 452/787/425 467/803/440
f 467/803/440 452/787/425 453/786/426 468/811/441
f 468/811/441 453/786/426 454/912/427 469/790/442
f 443/927/416 464/924/437 466/926/439 445/928/418
f 403/929/376 454/912/427 453/786/426 402/785/375
f 442/930/415 463/922/436 465/796/438 444/795/417
f 404/931/377 455/913/428 454/912/427 403/929/376
f 405/932/378 456/914/429 455/913/428 404/931/377
f 441/933/414 462/923/435 464/924/437 443/927/416
f 406/934/379 457/921/430 456/920/429 405/935/378
f 440/936/413 461/919/434 463/922/436 442/930/415
f 407/937/380 458/925/431 457/921/430 406/934/379
f 447/812/420 468/811/441 469/790/442 438/789/411
f 180/522/157 251/511/228 458/925/431 407/937/380
f 439/938/412 460/939/433 462/923/435 441/933/414
f 343/940/316 345/941/318 347/942/320 349/943/322 351/944/324 353/945/326 355/946/328 357/947/330 359/948/332 361/949/334 363/950/336 128/527/105 104/526/81
f 329/538/241 525/951/498 470/952/443 264/539/241
f 525/951/498 526/953/499 471/954/444 470/952/443
f 526/953/499 527/955/500 472/956/445 471/954/444
f 527/955/500 528/957/501 473/958/446 472/956/445
f 528/959/501 529/960/502 474/961/447 473/962/446
f 529/960/502 530/963/459 475/964/448 474/961/447
f 530/963/459 531/965/503 476/966/449 475/964/448
f 531/965/503 532/967/504 477/968/450 476/966/449
f 532/967/504 533/969/505 478/970/451 477/968/450
f 533/971/505 534/972/506 479/973/452 478/974/451
f 534/972/506 535/975/507 480/976/453 479/973/452
f 535/975/507 341/567/314 276/566/253 480/976/453
f 488/977/461 499/978/472 500/979/473 489/980/462
f 498/981/471 499/982/472 488/983/461 487/984/460
f 497/985/470 498/981/471 487/984/460 486/986/459
f 496/987/469 497/985/470 486/986/459 485/988/458
f 495/989/468 496/987/469 485/988/458 484/990/457
f 494/991/467 495/992/468 484/993/457 483/994/456
f 493/995/466 494/991/467 483/994/456 482/996/455
f 492/997/465 493/995/466 482/996/455 481/998/454
f 302/590/277 492/997/465 481/998/454 277/591/241
f 504/999/477 506/1000/479 493/995/466 492/997/465
f 506/1000/479 508/1001/481 494/991/467 493/995/466
f 508/1001/481 510/1002/483 495/992/468 494/991/467
f 510/1003/483 512/1004/485 496/987/469 495/989/468
f 512/1004/485 514/1005/487 497/985/470 496/987/469
f 514/1005/487 516/1006/489 498/981/471 497/985/470
f 516/1006/489 518/1007/491 499/982/472 498/981/471
f 518/1007/491 520/1008/493 500/1009/473 499/982/472
f 520/1010/493 522/1011/495 501/1012/474 500/1013/473
f 522/1011/495 524/1014/497 502/1015/475 501/1012/474
f 524/1014/497 328/610/303 301/609/276 502/1015/475
f 490/1016/463 489/1017/462 500/1018/473 501/1019/474
f 491/1020/464 490/1016/463 501/1019/474 502/1021/475
f 289/615/253 491/1020/464 502/1021/475 301/616/276
f 301/1022/276 239/1023/216 448/1024/421 499/1025/472 500/1026/473 501/1027/474 502/1028/475
f 449/1029/422 499/1025/472 448/1024/421
f 303/625/278 504/999/477 492/997/465 302/590/277
f 303/1030/278 304/1031/279 503/1032/476 504/1033/477
f 504/1033/477 503/1032/476 505/1034/478 506/1035/479
f 506/1036/479 505/1037/478 507/1038/480 508/1039/481
f 508/1039/481 507/1038/480 509/1040/482 510/1041/483
f 510/1041/483 509/1040/482 511/1042/484 512/1043/485
f 512/1044/485 511/1045/484 513/1046/486 514/1047/487
f 514/1047/487 513/1046/486 515/1048/488 516/1049/489
f 516/1049/489 515/1048/488 517/1050/490 518/1051/491
f 518/1052/491 517/1053/490 519/1054/492 520/1055/493
f 520/1055/493 519/1054/492 521/1056/494 522/1057/495
f 522/1057/495 521/1056/494 523/1058/496 524/1059/497
f 524/1059/497 523/1058/496 327/651/302 328/650/303
f 304/1060/279 327/1061/302 523/1062/496 521/1063/494 519/1064/492 517/1065/490 515/1066/488 513/1067/486 511/1068/484 509/1069/482 507/1070/480 505/1071/478 503/1072/476
f 489/1073/462 490/1074/463 534/972/506 533/971/505
f 488/983/461 489/1075/462 533/969/505 532/967/504
f 487/984/460 488/983/461 532/967/504 531/965/503
f 486/986/459 487/984/460 531/965/503 530/963/459
f 485/988/458 486/986/459 530/963/459 529/960/502
f 484/990/457 485/988/458 529/960/502 528/959/501
f 483/994/456 484/993/457 528/957/501 527/955/500
f 482/996/455 483/994/456 527/955/500 526/953/499
f 481/998/454 482/996/455 526/953/499 525/951/498
f 277/591/241 481/998/454 525/951/498 329/538/241
f 229/668/206 341/672/314 535/1076/507 534/1077/506 439/1078/412
f 460/1079/433 439/1080/412 534/1081/506 490/1082/463
f 460/1083/433 502/1084/475 501/1085/474 490/1086/463
f 460/1087/433 490/1088/463 489/1089/462 488/1090/461 462/1091/435
o Cube.016
v 0.990333 1.048113 -0.768383
v 1.050958 0.988420 -0.787356
v 0.886323 0.997617 -1.961604
v 0.990333 1.175597 -1.092468
v 0.886323 0.967923 -2.003995
v 1.050958 1.109124 -1.092468
v 0.886323 1.130467 -1.952563
v 0.955262 0.643408 -0.913664
v 0.955262 0.658501 -1.082633
v 0.886323 1.165629 -1.990541
v 1.044558 0.719156 -0.879028
v 0.886323 1.043336 -2.633433
v 1.050958 0.736165 -0.873034
v 0.886323 1.008173 -2.595456
v 1.050958 0.747169 -1.085090
v 1.044558 0.729831 -1.084728
v 0.886323 1.176186 -2.624393
v 0.990333 1.241842 -1.342927
v 1.050958 1.175369 -1.342927
v 0.886323 1.205879 -2.582002
v 0.955262 0.676708 -1.331452
v 1.050958 0.761423 -1.333910
v 1.044558 0.744085 -1.333547
v 0.990333 1.268892 -1.514650
v 1.050958 1.195862 -1.514650
v 0.955262 0.685342 -1.503175
v 1.050958 0.770058 -1.505633
v 1.044558 0.752719 -1.505270
v 0.990333 1.367082 -2.779714
v 1.050958 1.294051 -2.779714
v 0.955262 0.786378 -2.808082
v 1.050958 0.871093 -2.810540
v 1.044558 0.853755 -2.810177
v 0.839340 1.175597 -1.092468
v 0.839340 1.048113 -0.768383
v 0.839340 0.988420 -0.787356
v 0.839340 1.241842 -1.342927
v 0.839340 1.268892 -1.514650
v 0.839340 1.367082 -2.779714
v 0.839340 0.658501 -1.082633
v 0.839340 0.643408 -0.913664
v 0.839340 0.786378 -2.808082
v 0.955262 0.710077 -1.822626
v 0.990333 1.292930 -1.824347
v 1.050958 1.219900 -1.824347
v 1.050958 0.794792 -1.825084
v 1.044558 0.777454 -1.824722
v 0.839340 1.292930 -1.824347
v 0.839340 0.710077 -1.822626
v 0.839340 0.644723 -1.083555
v 0.869340 0.644723 -1.083555
v 0.839340 0.662930 -1.332374
v 0.869340 0.662930 -1.332374
v 0.839340 0.671564 -1.504097
v 0.923566 0.671564 -1.504097
v 0.923566 0.696299 -1.823549
v 0.839340 0.696299 -1.823549
v 0.839340 0.608205 -1.157371
v 0.869340 0.608205 -1.157371
v 0.839340 0.613513 -1.229907
v 0.869340 0.613513 -1.229907
v 0.839340 0.633279 -1.658693
v 0.903681 0.633279 -1.658693
v 0.903681 0.640489 -1.751820
v 0.839340 0.640489 -1.751820
v 0.839340 0.569961 -1.172222
v 0.869340 0.569961 -1.172222
v 0.839340 0.573514 -1.220782
v 0.869340 0.573514 -1.220782
v 0.839340 0.595362 -1.677112
v 0.889798 0.595362 -1.677112
v 0.889798 0.600189 -1.739457
v 0.839340 0.600189 -1.739457
v 0.839340 0.360467 -1.323852
v 0.871859 0.360467 -1.323852
v 0.839340 0.404088 -1.327144
v 0.871859 0.404088 -1.327144
v 0.839340 0.434852 -1.585746
v 0.850401 0.434852 -1.585746
v 0.871859 0.381394 -1.587503
v 0.839340 0.381394 -1.587503
v 0.839340 0.401228 -1.238492
v 0.839340 0.487442 -1.180586
v 0.839340 0.438712 -1.204629
v 0.869349 0.487472 -1.180583
v 0.871859 0.401168 -1.238595
v 0.869796 0.438693 -1.204675
v 0.871859 0.423131 -1.272710
v 0.869349 0.510594 -1.225041
v 0.869796 0.460511 -1.245226
v 0.839340 0.510542 -1.225045
v 0.839340 0.423141 -1.272697
v 0.839340 0.460503 -1.245221
v 0.839340 0.445896 -1.610544
v 0.839340 0.536825 -1.676234
v 0.839340 0.488249 -1.653331
v 0.857945 0.414257 -1.657156
v 0.866288 0.498661 -1.714626
v 0.857945 0.449622 -1.692095
v 0.839340 0.498613 -1.714615
v 0.839340 0.414286 -1.657207
v 0.839340 0.449617 -1.692107
v 0.866288 0.536872 -1.676246
v 0.850401 0.445860 -1.610477
v 0.857945 0.488251 -1.653311
v 0.688347 1.048113 -0.768383
v 0.627722 0.988420 -0.787356
v 0.688347 1.175597 -1.092468
v 0.627722 1.109124 -1.092468
v 0.723419 0.643408 -0.913664
v 0.723419 0.658501 -1.082633
v 0.634122 0.719156 -0.879028
v 0.627722 0.736165 -0.873034
v 0.627722 0.747169 -1.085090
v 0.634122 0.729831 -1.084728
v 0.688347 1.241842 -1.342927
v 0.627722 1.175369 -1.342927
v 0.723419 0.676708 -1.331452
v 0.627722 0.761423 -1.333910
v 0.634122 0.744085 -1.333547
v 0.688347 1.268892 -1.514650
v 0.627722 1.195862 -1.514650
v 0.723419 0.685342 -1.503175
v 0.627722 0.770058 -1.505633
v 0.634122 0.752719 -1.505270
v 0.688347 1.367082 -2.779714
v 0.627722 1.294051 -2.779714
v 0.723419 0.786378 -2.808082
v 0.627722 0.871093 -2.810540
v 0.634122 0.853755 -2.810177
v 0.723419 0.710077 -1.822626
v 0.688347 1.292930 -1.824347
v 0.627722 1.219900 -1.824347
v 0.627722 0.794792 -1.825084
v 0.634122 0.777454 -1.824722
v 0.809340 0.644723 -1.083555
v 0.809340 0.662930 -1.332374
v 0.755114 0.671564 -1.504097
v 0.755114 0.696299 -1.823549
v 0.809340 0.608205 -1.157371
v 0.809340 0.613513 -1.229907
v 0.775000 0.633279 -1.658693
v 0.775000 0.640489 -1.751820
v 0.809340 0.569961 -1.172222
v 0.809340 0.573514 -1.220782
v 0.788882 0.595362 -1.677112
v 0.788882 0.600189 -1.739457
v 0.806822 0.360467 -1.323852
v 0.806822 0.404088 -1.327144
v 0.828279 0.434852 -1.585746
v 0.806822 0.381394 -1.587503
v 0.809332 0.487472 -1.180583
v 0.806822 0.401168 -1.238595
v 0.808885 0.438693 -1.204675
v 0.806822 0.423131 -1.272710
v 0.809332 0.510594 -1.225041
v 0.808885 0.460511 -1.245226
v 0.820735 0.414257 -1.657156
v 0.812392 0.498661 -1.714626
v 0.820735 0.449622 -1.692095
v 0.812392 0.536872 -1.676246
v 0.828279 0.445860 -1.610477
v 0.820735 0.488251 -1.653311
v 1.050958 0.997617 -1.961604
v 1.050958 1.130467 -1.952563
v 1.050958 0.967923 -2.003995
v 1.050958 1.165629 -1.990541
v 1.050958 1.205879 -2.582002
v 1.050958 1.043336 -2.633433
v 1.050958 1.176186 -2.624393
v 1.050958 1.008173 -2.595456
v 1.050958 1.233778 -2.003162
v 1.050958 1.287373 -2.693668
v 1.050958 0.869636 -2.791720
v 1.050958 0.796164 -1.842800
v 1.050958 1.175183 -1.888456
v 1.050958 1.235119 -2.702053
v 1.050958 1.199704 -1.996851
v 1.050958 1.246626 -2.637835
v 1.050958 0.938905 -2.693588
v 1.050958 0.957215 -2.721986
v 1.050958 0.896204 -1.893344
v 1.050958 0.882044 -1.923397
v 0.839340 1.353575 -2.605691
v 0.990333 1.353575 -2.605691
v 1.050958 1.000842 -2.487720
v 1.050958 1.198547 -2.474266
v 1.044558 0.839856 -2.630674
v 0.955262 0.772479 -2.628578
v 0.688347 1.353575 -2.605691
v 0.627722 1.280544 -2.605691
v 0.627722 0.857195 -2.631036
v 0.634122 0.839856 -2.630674
v 0.723419 0.772479 -2.628578
v 0.886323 1.198547 -2.474266
v 0.886323 1.000842 -2.487720
v 1.050958 1.277611 -2.567891
v 1.050958 0.856253 -2.618871
v 1.050958 0.928547 -2.553296
v 1.050958 1.238079 -2.521078
v 0.839340 1.307853 -2.016613
v 0.990333 1.307853 -2.016613
v 1.050958 0.976024 -2.123025
v 1.044558 0.792809 -2.023043
v 0.955262 0.725432 -2.020947
v 0.688347 1.307853 -2.016613
v 0.627722 1.234823 -2.016613
v 0.627722 0.810148 -2.023405
v 0.634122 0.792809 -2.023043
v 0.723419 0.725432 -2.020947
v 0.886323 1.173729 -2.109571
v 1.050958 1.244564 -2.142125
v 1.050958 0.810950 -2.033768
v 1.050958 0.893487 -2.078397
v 1.050958 1.209147 -2.125848
v 1.050958 1.173729 -2.109571
v 0.886323 0.976024 -2.123025
v 0.914936 0.772479 -2.628578
v 0.763745 0.772479 -2.628578
v 0.839340 0.778315 -2.703948
v 0.763745 0.725432 -2.020947
v 0.914936 0.725432 -2.020947
v 0.839340 0.719596 -1.945578
v 0.914936 0.805431 -2.628578
v 0.763745 0.805431 -2.628578
v 0.763745 0.758384 -2.020947
v 0.914936 0.758384 -2.020947
v 0.914936 0.997673 -2.628578
v 0.763745 0.997673 -2.628578
v 0.763745 0.950626 -2.020947
v 0.914936 0.950626 -2.020947
vn -0.0166 -0.3395 0.9405
vn 0.6118 -0.7894 -0.0502
vn 0.6119 -0.7893 -0.0515
vn 0.0001 0.9306 0.3661
vn 1.0000 -0.0000 -0.0000
vn -0.0000 0.9668 0.2557
vn 0.0001 0.9306 0.3660
vn 1.0000 -0.0001 -0.0000
vn -0.0000 -0.9960 -0.0890
vn -0.0001 -0.3395 0.9406
vn 1.0000 0.0001 -0.0000
vn -0.0000 0.9970 0.0774
vn 0.6118 -0.7894 -0.0510
vn -0.0000 0.9306 0.3661
vn -0.0068 0.0521 -0.9986
vn 0.0068 0.0521 -0.9986
vn 0.6003 -0.7974 -0.0618
vn 0.6002 -0.7975 -0.0617
vn -0.0000 0.9970 0.0773
vn 0.7685 0.6379 0.0495
vn 0.6003 -0.7974 -0.0617
vn -0.0068 0.0520 -0.9986
vn -0.0000 0.0521 -0.9986
vn -0.0001 0.9306 0.3660
vn -0.0000 -0.3396 0.9406
vn 0.6002 -0.7975 -0.0618
vn 0.0001 -0.9707 0.2404
vn 0.9295 -0.3678 -0.0285
vn -0.6002 -0.7975 -0.0617
vn -0.6002 -0.7975 -0.0618
vn -0.0000 -0.9970 -0.0772
vn -0.0000 -0.9970 -0.0771
vn 0.1587 -0.9847 -0.0721
vn -0.0000 -0.9987 -0.0503
vn -0.0000 -0.9707 0.2404
vn -0.0000 -0.8963 0.4434
vn -0.0000 -0.8963 0.4435
vn -0.0000 -0.7892 -0.6141
vn -0.0000 -0.9007 -0.4344
vn 1.0000 -0.0001 0.0001
vn -0.0000 0.0675 -0.9977
vn -0.0000 -0.4369 0.8995
vn 0.9594 -0.2677 0.0887
vn 0.9594 -0.2677 0.0886
vn 0.9594 -0.2676 0.0887
vn 1.0000 0.0002 0.0001
vn -0.0000 -0.1009 0.9949
vn -0.0000 -0.2376 -0.9714
vn 0.9763 0.2154 -0.0188
vn -0.0000 -0.9969 -0.0791
vn -0.0000 0.9930 0.1181
vn 0.9763 0.2155 -0.0188
vn -0.0002 0.0149 0.9999
vn 1.0000 0.0001 0.0001
vn -0.0000 0.0676 -0.9977
vn -0.0001 0.9439 -0.3303
vn 0.9958 -0.0047 0.0918
vn 0.9958 -0.0048 0.0918
vn 0.0001 -0.9044 -0.4267
vn -0.0000 -0.9969 -0.0792
vn -0.0001 -0.9024 0.4309
vn 1.0000 0.0073 0.0039
vn 1.0000 0.0073 0.0038
vn -0.0000 0.3739 -0.9275
vn 0.0001 -0.9024 0.4309
vn -0.0007 -0.4427 0.8967
vn 0.9958 -0.0048 0.0917
vn 0.0012 0.7108 0.7034
vn -0.0000 0.4266 0.9044
vn -0.0005 -0.4175 -0.9087
vn -0.0000 0.9930 0.1182
vn 0.0166 -0.3395 0.9405
vn -0.6119 -0.7893 -0.0515
vn -0.6118 -0.7894 -0.0515
vn -1.0000 0.0001 -0.0000
vn -1.0000 -0.0000 -0.0000
vn -1.0000 -0.0001 -0.0001
vn -0.0001 0.9970 0.0774
vn -1.0000 -0.0001 -0.0000
vn 0.0068 0.0520 -0.9986
vn -0.6003 -0.7974 -0.0617
vn -0.9295 -0.3678 -0.0285
vn -0.1587 -0.9847 -0.0721
vn -1.0000 -0.0000 -0.0001
vn -1.0000 0.0001 0.0001
vn -0.9594 -0.2676 0.0887
vn -0.9594 -0.2677 0.0887
vn -0.9594 -0.2677 0.0886
vn -0.9763 0.2155 -0.0188
vn -0.9763 0.2156 -0.0188
vn -0.9958 -0.0047 0.0918
vn -0.9958 -0.0048 0.0918
vn -0.9763 0.2154 -0.0188
vn 0.0001 -0.9024 0.4308
vn -1.0000 0.0073 0.0038
vn -1.0000 0.0073 0.0039
vn -0.9958 -0.0048 0.0919
vn -0.0000 0.0678 -0.9977
vn -0.0000 0.0679 -0.9977
vn 0.0001 0.0680 -0.9977
vn -0.0000 -0.9977 -0.0679
vn -0.0001 -0.9977 -0.0679
vn -0.0000 -0.0680 0.9977
vn -0.0000 -0.0679 0.9977
vn 0.0001 -0.0680 0.9977
vn -0.0000 0.9977 0.0679
vn -0.0000 -0.9977 -0.0680
vn 0.0001 -0.9970 -0.0772
vn 1.0000 -0.0000 0.0001
vt 0.702606 0.624241
vt 0.702606 0.611682
vt 0.709207 0.611164
vt 0.709207 0.626415
vt 0.186283 0.361778
vt 0.181694 0.362277
vt 0.184539 0.343308
vt 0.189128 0.342809
vt 0.813307 0.844723
vt 0.813307 0.869698
vt 0.808825 0.868845
vt 0.808825 0.845326
vt 0.114932 0.591211
vt 0.141515 0.588606
vt 0.134374 0.611820
vt 0.115331 0.606930
vt 0.290406 0.865584
vt 0.290406 0.856999
vt 0.302945 0.856999
vt 0.302945 0.865584
vt 0.337146 0.615715
vt 0.337423 0.631437
vt 0.336110 0.631084
vt 0.335841 0.615833
vt 0.184662 0.330503
vt 0.189731 0.329951
vt 0.114564 0.572759
vt 0.144961 0.569738
vt 0.335615 0.597379
vt 0.336919 0.597261
vt 0.702606 0.593207
vt 0.709207 0.592710
vt 0.605546 0.608803
vt 0.594383 0.608803
vt 0.594383 0.589795
vt 0.605546 0.589795
vt 0.605546 0.495975
vt 0.594383 0.495975
vt 0.594383 0.483063
vt 0.605546 0.483063
vt 0.114221 0.560031
vt 0.145490 0.556943
vt 0.335370 0.584649
vt 0.336675 0.584531
vt 0.702606 0.580477
vt 0.709207 0.579979
vt 0.594383 0.576929
vt 0.605546 0.576929
vt 0.189005 0.306960
vt 0.183935 0.307512
vt 0.183516 0.294238
vt 0.143027 0.521319
vt 0.145497 0.520659
vt 0.145495 0.533940
vt 0.141840 0.529462
vt 0.709207 0.496395
vt 0.702606 0.496892
vt 0.702606 0.483560
vt 0.709207 0.483063
vt 0.053368 0.670444
vt 0.064530 0.670444
vt 0.069012 0.675852
vt 0.069012 0.707161
vt 0.068539 0.708445
vt 0.061938 0.713435
vt 0.053368 0.713435
vt 0.290406 0.745163
vt 0.290406 0.733981
vt 0.294980 0.733981
vt 0.294980 0.749652
vt 0.605546 0.633777
vt 0.594383 0.633777
vt 0.217768 0.715888
vt 0.217768 0.739614
vt 0.215425 0.739615
vt 0.215425 0.715890
vt 0.702606 0.738752
vt 0.702606 0.724022
vt 0.705587 0.724022
vt 0.711176 0.729620
vt 0.711176 0.738752
vt 0.217768 0.752344
vt 0.211416 0.752346
vt 0.321602 0.733981
vt 0.321602 0.742566
vt 0.315680 0.749178
vt 0.314370 0.749652
vt 0.217768 0.770819
vt 0.211416 0.770820
vt 0.702606 0.556751
vt 0.709207 0.556254
vt 0.335553 0.560923
vt 0.336858 0.560805
vt 0.594383 0.553950
vt 0.605546 0.553950
vt 0.209198 0.752346
vt 0.209198 0.739615
vt 0.383710 0.992912
vt 0.381492 0.992912
vt 0.381492 0.987644
vt 0.383710 0.987644
vt 0.616578 0.709401
vt 0.616601 0.727875
vt 0.613510 0.722624
vt 0.613503 0.717238
vt 0.943446 0.682730
vt 0.943446 0.674146
vt 0.944463 0.674146
vt 0.944463 0.676367
vt 0.942648 0.833748
vt 0.942648 0.825164
vt 0.943666 0.827511
vt 0.943666 0.833748
vt 0.942080 0.483063
vt 0.944297 0.483063
vt 0.944297 0.486029
vt 0.942080 0.486029
vt 0.329625 0.913314
vt 0.334381 0.913314
vt 0.334381 0.916295
vt 0.330651 0.916295
vt 0.524550 0.938265
vt 0.524550 0.944502
vt 0.518977 0.943030
vt 0.518977 0.938265
vt 0.616601 0.672924
vt 0.616530 0.696650
vt 0.612773 0.685451
vt 0.612793 0.678534
vt 0.863596 0.893697
vt 0.863596 0.899934
vt 0.852388 0.899934
vt 0.852388 0.895169
vt 0.337588 0.670583
vt 0.339806 0.670583
vt 0.339806 0.678404
vt 0.337588 0.678404
vt 0.609830 0.679673
vt 0.609816 0.684304
vt 0.605406 0.684697
vt 0.602385 0.682072
vt 0.808685 0.911810
vt 0.810902 0.911810
vt 0.810902 0.917944
vt 0.808684 0.917942
vt 0.610615 0.721736
vt 0.610611 0.718131
vt 0.808685 0.908844
vt 0.810902 0.908844
vt 0.904620 0.318726
vt 0.909376 0.318726
vt 0.908350 0.321716
vt 0.904620 0.321716
vt 0.993531 0.987701
vt 0.993531 0.990109
vt 0.990305 0.990109
vt 0.990305 0.987701
vt 0.200628 0.992723
vt 0.200628 0.991904
vt 0.204554 0.991904
vt 0.204554 0.994312
vt 0.334381 0.920571
vt 0.332389 0.920568
vt 0.944298 0.490686
vt 0.942080 0.490690
vt 0.906612 0.329243
vt 0.904620 0.329247
vt 0.866853 0.402456
vt 0.864449 0.402455
vt 0.864449 0.398627
vt 0.866853 0.398627
vt 0.596450 0.686781
vt 0.598995 0.690058
vt 0.598321 0.691945
vt 0.594480 0.692099
vt 0.858377 0.260742
vt 0.859753 0.260745
vt 0.860781 0.266058
vt 0.858377 0.266058
vt 0.599274 0.715117
vt 0.597845 0.717757
vt 0.594383 0.711683
vt 0.597575 0.711202
vt 0.604500 0.721570
vt 0.605958 0.718160
vt 0.602165 0.716943
vt 0.600782 0.720057
vt 0.944484 0.497144
vt 0.942080 0.497144
vt 0.942080 0.494388
vt 0.944331 0.494387
vt 0.810902 0.924902
vt 0.808498 0.924907
vt 0.808651 0.921782
vt 0.810902 0.921780
vt 0.860781 0.291734
vt 0.858377 0.291741
vt 0.858377 0.285642
vt 0.860781 0.285642
vt 0.598861 0.684007
vt 0.601915 0.686660
vt 0.866853 0.377420
vt 0.866036 0.377425
vt 0.865478 0.373893
vt 0.866853 0.373891
vt 0.334381 0.923871
vt 0.333006 0.923871
vt 0.858377 0.257984
vt 0.859753 0.257985
vt 0.905995 0.332884
vt 0.904620 0.332884
vt 0.866853 0.379342
vt 0.866036 0.379342
vt 0.718069 0.399162
vt 0.711468 0.401336
vt 0.711468 0.386085
vt 0.718069 0.386602
vt 0.847332 0.502071
vt 0.847332 0.483063
vt 0.851814 0.483666
vt 0.851814 0.502674
vt 0.851814 0.526193
vt 0.847332 0.527046
vt 0.624862 0.423293
vt 0.624465 0.439012
vt 0.605482 0.443917
vt 0.598364 0.420710
vt 0.302945 0.874168
vt 0.290406 0.874168
vt 0.503848 0.532492
vt 0.505167 0.532612
vt 0.504899 0.547862
vt 0.503572 0.548214
vt 0.746694 0.106791
vt 0.745751 0.093955
vt 0.750646 0.094341
vt 0.751109 0.107138
vt 0.594929 0.401845
vt 0.625229 0.404842
vt 0.504074 0.514039
vt 0.505393 0.514158
vt 0.711468 0.367630
vt 0.718069 0.368127
vt 0.616709 0.589795
vt 0.616709 0.608803
vt 0.616709 0.483063
vt 0.616709 0.495975
vt 0.594401 0.389051
vt 0.625571 0.392114
vt 0.504318 0.501309
vt 0.505637 0.501429
vt 0.711468 0.354900
vt 0.718069 0.355397
vt 0.616709 0.576929
vt 0.746150 0.012925
vt 0.746213 0.000000
vt 0.751109 0.000386
vt 0.751045 0.013311
vt 0.594386 0.308019
vt 0.594383 0.295095
vt 0.625571 0.295201
vt 0.625571 0.308532
vt 0.503675 0.417729
vt 0.503572 0.404398
vt 0.504891 0.404518
vt 0.504994 0.417849
vt 0.711468 0.271316
vt 0.711468 0.257984
vt 0.718069 0.258481
vt 0.718069 0.271813
vt 0.037723 0.707161
vt 0.037723 0.675852
vt 0.042205 0.670444
vt 0.044798 0.713435
vt 0.038196 0.708445
vt 0.290406 0.722800
vt 0.294980 0.718311
vt 0.616709 0.633777
vt 0.200628 0.715888
vt 0.202971 0.715890
vt 0.202971 0.739615
vt 0.200628 0.739614
vt 0.719746 0.724022
vt 0.716764 0.724022
vt 0.716764 0.678893
vt 0.719746 0.678893
vt 0.206980 0.752346
vt 0.200628 0.752344
vt 0.315680 0.718785
vt 0.321602 0.725397
vt 0.314370 0.718311
vt 0.206980 0.770820
vt 0.200628 0.770818
vt 0.711468 0.331174
vt 0.718069 0.331671
vt 0.504135 0.477585
vt 0.505454 0.477704
vt 0.594397 0.366049
vt 0.625571 0.368389
vt 0.745864 0.070954
vt 0.750759 0.071340
vt 0.616709 0.553950
vt 0.379274 0.992912
vt 0.379274 0.987644
vt 0.519051 0.750516
vt 0.522094 0.758359
vt 0.522073 0.763745
vt 0.518977 0.768990
vt 0.943446 0.665561
vt 0.944463 0.671924
vt 0.943666 0.839985
vt 0.942648 0.842332
vt 0.939862 0.486029
vt 0.939862 0.483063
vt 0.339138 0.913314
vt 0.338112 0.916295
vt 0.518977 0.933501
vt 0.524550 0.932028
vt 0.518977 0.714019
vt 0.522813 0.719645
vt 0.522814 0.726561
vt 0.518981 0.737744
vt 0.863596 0.906171
vt 0.852388 0.904698
vt 0.335370 0.678404
vt 0.335370 0.670583
vt 0.525803 0.720796
vt 0.533284 0.723219
vt 0.530265 0.725838
vt 0.525804 0.725426
vt 0.813120 0.911810
vt 0.813121 0.917942
vt 0.524975 0.759258
vt 0.524961 0.762863
vt 0.813120 0.908844
vt 0.900889 0.321716
vt 0.899863 0.318726
vt 0.993531 0.992517
vt 0.990305 0.992517
vt 0.200628 0.991084
vt 0.204554 0.989496
vt 0.336374 0.920568
vt 0.939861 0.490686
vt 0.902627 0.329243
vt 0.869258 0.398627
vt 0.869258 0.402455
vt 0.539210 0.727943
vt 0.541120 0.733259
vt 0.537353 0.733106
vt 0.536686 0.731218
vt 0.855973 0.266058
vt 0.857002 0.260745
vt 0.536277 0.756267
vt 0.537982 0.752355
vt 0.541162 0.752843
vt 0.537694 0.758909
vt 0.529613 0.759297
vt 0.531057 0.762709
vt 0.534766 0.761204
vt 0.533396 0.758088
vt 0.939676 0.497144
vt 0.939828 0.494387
vt 0.813154 0.921782
vt 0.813307 0.924907
vt 0.855973 0.291734
vt 0.855973 0.285642
vt 0.533763 0.727811
vt 0.536815 0.725164
vt 0.868229 0.373893
vt 0.867671 0.377425
vt 0.335757 0.923871
vt 0.857002 0.257985
vt 0.903244 0.332884
vt 0.867671 0.379342
vt 0.655354 0.897455
vt 0.655354 0.909647
vt 0.645536 0.909647
vt 0.645536 0.897455
vt 0.796591 0.584256
vt 0.796591 0.576259
vt 0.808763 0.576259
vt 0.808763 0.584256
vt 0.037723 0.799462
vt 0.052343 0.799467
vt 0.049945 0.802449
vt 0.040121 0.802446
vt 0.037723 0.915147
vt 0.037723 0.902955
vt 0.047533 0.902955
vt 0.047533 0.915147
vt 0.814673 0.676656
vt 0.802502 0.676656
vt 0.802502 0.668671
vt 0.814673 0.668671
vt 0.814673 0.665561
vt 0.802502 0.665561
vt 0.796591 0.573279
vt 0.808763 0.573279
vt 0.814673 0.712505
vt 0.814673 0.715352
vt 0.802502 0.715352
vt 0.802502 0.712505
vt 0.796591 0.623144
vt 0.796591 0.620159
vt 0.808763 0.620159
vt 0.808763 0.623144
vt 0.114221 0.536305
vt 0.336118 0.487734
vt 0.337423 0.487616
vt 0.337412 0.489013
vt 0.121292 0.530688
vt 0.128363 0.525071
vt 0.138186 0.524983
vt 0.052343 0.790632
vt 0.037723 0.790628
vt 0.040121 0.752581
vt 0.049945 0.752584
vt 0.052343 0.755568
vt 0.037723 0.755563
vt 0.142987 0.511741
vt 0.145499 0.510338
vt 0.188554 0.292687
vt 0.183190 0.283922
vt 0.141615 0.469051
vt 0.145508 0.462982
vt 0.145507 0.469373
vt 0.142828 0.473727
vt 0.181694 0.236589
vt 0.186764 0.236037
vt 0.181896 0.242977
vt 0.121060 0.469161
vt 0.137723 0.475120
vt 0.127899 0.475209
vt 0.336015 0.501065
vt 0.337313 0.501851
vt 0.119875 0.471362
vt 0.125529 0.478213
vt 0.120079 0.528550
vt 0.125937 0.522110
vt 0.119912 0.481779
vt 0.125603 0.486209
vt 0.336868 0.559490
vt 0.114221 0.477348
vt 0.114221 0.464511
vt 0.114221 0.534989
vt 0.114221 0.463113
vt 0.140148 0.478081
vt 0.140474 0.513144
vt 0.140556 0.521979
vt 0.142864 0.482396
vt 0.140223 0.486077
vt 0.114221 0.520805
vt 0.120038 0.517041
vt 0.125855 0.513276
vt 0.335667 0.546194
vt 0.336977 0.545306
vt 0.187172 0.248956
vt 0.182191 0.252314
vt 0.145505 0.478715
vt 0.052343 0.763564
vt 0.037723 0.763559
vt 0.814673 0.703684
vt 0.802502 0.703684
vt 0.796591 0.611325
vt 0.808763 0.611325
vt 0.711176 0.673296
vt 0.711176 0.665561
vt 0.719746 0.665561
vt 0.711468 0.316445
vt 0.718069 0.316942
vt 0.504022 0.462856
vt 0.505341 0.462976
vt 0.594394 0.351770
vt 0.625571 0.353660
vt 0.745934 0.056675
vt 0.750830 0.057061
vt 0.605546 0.539684
vt 0.616709 0.539684
vt 0.702606 0.678893
vt 0.705587 0.678893
vt 0.709207 0.541524
vt 0.702606 0.542021
vt 0.594383 0.539684
vt 0.719746 0.738752
vt 0.114221 0.803051
vt 0.114221 0.757921
vt 0.116645 0.757733
vt 0.116645 0.802863
vt 0.702606 0.665561
vt 0.211805 0.901073
vt 0.200628 0.901073
vt 0.200628 0.898661
vt 0.211805 0.898661
vt 0.806702 0.001268
vt 0.806702 0.046396
vt 0.804286 0.046211
vt 0.804286 0.001083
vt 0.530154 0.892882
vt 0.518977 0.892882
vt 0.518977 0.890442
vt 0.530154 0.890442
vt 0.130785 0.756640
vt 0.130785 0.801770
vt 0.518977 0.876206
vt 0.530154 0.876206
vt 0.790190 0.045128
vt 0.790190 0.000000
vt 0.200628 0.884587
vt 0.211805 0.884587
vt 0.452199 0.778410
vt 0.452199 0.823540
vt 0.441021 0.823540
vt 0.441021 0.778410
s 1
f 543/1092/508 544/1093/509 551/1094/510 546/1095/508
f 539/1096/511 541/1097/512 554/1098/512 553/1099/513
f 539/1100/511 536/1101/514 537/1102/515 541/1103/512
f 550/1104/512 541/1105/512 537/1106/515 548/1107/512
f 575/1108/516 544/1109/509 543/1110/508 576/1111/517
f 550/1112/512 548/1113/512 546/1114/508 551/1115/510
f 553/1099/513 554/1098/512 560/1116/518 559/1117/519
f 541/1105/512 550/1104/512 557/1118/515 554/1119/512
f 550/1112/512 551/1115/510 558/1120/510 557/1121/515
f 551/1094/510 544/1093/509 556/1122/520 558/1123/510
f 569/1124/521 539/1125/511 553/1126/513 572/1127/513
f 719/1128/519 720/1129/519 564/1130/522 574/1131/523
f 554/1119/512 557/1118/515 562/1132/512 560/1133/518
f 557/1121/515 558/1120/510 563/1134/524 562/1135/512
f 558/1123/510 556/1122/520 561/1136/525 563/1137/524
f 572/1127/513 553/1126/513 559/1138/519 573/1139/519
f 579/1140/526 580/1141/512 707/1142/527
f 713/1143/512 707/1144/527 580/1145/512 711/1146/512
f 723/1147/528 724/1148/525 566/1149/522 568/1150/522
f 574/1151/523 564/1152/522 565/1153/529 567/1154/522 568/1155/522 566/1156/522 577/1157/530
f 536/1158/514 570/1159/531 571/1160/532 537/1161/515
f 539/1125/511 569/1124/521 570/1162/531 536/1163/514
f 578/1164/533 561/1165/525 590/1166/534 591/1167/535
f 666/1168/536 745/1169/537 756/1170/538 758/1171/538 584/1172/539
f 561/1165/525 556/1173/520 588/1174/540 590/1166/534
f 576/1175/517 543/1176/508 546/1177/508 548/1178/512 537/1161/515 571/1160/532
f 556/1173/520 544/1179/509 586/1180/540 588/1174/540
f 563/1137/524 561/1136/525 578/1181/533 582/1182/524
f 562/1135/512 563/1134/524 582/1183/524 581/1184/512
f 559/1117/519 560/1116/518 580/1141/512 579/1140/526
f 573/1139/519 559/1138/519 579/1185/526 583/1186/519
f 588/1174/540 587/1187/541 589/1188/542 590/1166/534
f 586/1189/540 585/1190/543 593/1191/544 594/1192/512
f 588/1193/540 586/1194/540 594/1195/512 596/1196/512
f 544/1197/509 575/1198/516 585/1199/543 586/1200/540
f 584/1201/539 578/1202/533 591/1203/535 592/1204/545
f 595/1205/546 596/1206/512 604/1207/547 603/1208/548
f 598/1209/542 597/1210/542 605/1211/549 606/1212/550
f 592/1213/545 591/1214/535 599/1215/535 600/1216/545
f 591/1217/535 590/1218/534 598/1219/542 599/1220/535
f 590/1221/534 589/1222/542 597/1223/542 598/1224/542
f 587/1225/541 588/1226/540 596/1227/512 595/1228/546
f 607/1229/550 606/1230/550 638/1231/551 633/1232/552
f 602/1233/553 601/1234/554 618/1235/554 620/1236/512
f 599/1220/535 598/1219/542 606/1230/550 607/1229/550
f 596/1196/512 594/1195/512 602/1237/553 604/1238/547
f 594/1239/512 593/1240/544 601/1234/554 602/1233/553
f 600/1241/545 599/1242/535 607/1243/550 608/1244/555
f 610/1245/556 609/1246/557 611/1247/558 612/1248/559
f 614/1249/559 613/1250/558 616/1251/557 615/1252/556
f 606/1212/550 605/1211/549 630/1253/560 638/1254/551
f 603/1208/548 604/1207/547 624/1255/561 626/1256/562
f 608/1244/555 607/1243/550 633/1257/552 635/1258/555
f 627/1259/563 623/1260/515 612/1261/559 611/1262/558
f 632/1263/564 639/1264/565 614/1265/559 615/1266/559
f 636/1267/566 632/1268/564 615/1269/559 616/1270/567
f 623/1271/515 621/1272/568 610/1273/556 612/1274/559
f 604/1238/547 602/1237/553 620/1275/512 624/1276/561
f 621/1272/568 623/1271/515 625/1277/569 622/1278/570
f 622/1278/570 625/1277/569 624/1276/561 620/1275/512
f 623/1279/515 627/1280/563 628/1281/571 625/1282/569
f 625/1282/569 628/1281/571 626/1256/562 624/1255/561
f 617/1283/572 621/1284/568 622/1285/570 619/1286/573
f 619/1286/573 622/1285/570 620/1236/512 618/1235/554
f 621/1287/568 617/1288/572 609/1289/557 610/1290/556
f 639/1264/565 632/1263/564 634/1291/564 640/1292/574
f 640/1292/574 634/1291/564 633/1232/552 638/1231/551
f 629/1293/575 639/1294/565 640/1295/574 631/1296/576
f 631/1297/576 640/1298/574 638/1254/551 630/1253/560
f 632/1268/564 636/1267/566 637/1299/577 634/1300/564
f 634/1301/564 637/1302/577 635/1258/555 633/1257/552
f 639/1294/565 629/1293/575 613/1303/578 614/1304/559
f 610/1290/559 609/1289/557 616/1270/557 615/1269/559
f 611/1262/558 612/1261/559 614/1304/559 613/1303/558
f 610/1273/559 615/1266/559 614/1265/559 612/1274/559
f 645/1305/579 647/1306/579 650/1307/580 646/1308/581
f 643/1309/521 651/1310/513 652/1311/582 644/1312/583
f 643/1309/521 644/1312/583 642/1313/582 641/1314/521
f 649/1315/583 648/1316/584 642/1317/582 644/1318/583
f 575/1108/516 576/1111/517 645/1319/579 646/1320/581
f 649/1321/583 650/1322/580 647/1323/579 648/1324/584
f 651/1325/513 656/1326/585 657/1327/582 652/1328/582
f 644/1318/583 652/1329/582 654/1330/586 649/1315/583
f 649/1321/583 654/1331/586 655/1332/580 650/1322/580
f 650/1307/580 655/1333/580 653/1334/581 646/1308/581
f 569/1124/521 572/1127/513 651/1335/513 643/1336/521
f 719/1128/519 574/1131/523 661/1337/587 725/1338/519
f 652/1329/582 657/1339/582 659/1340/583 654/1330/586
f 654/1331/586 659/1341/583 660/1342/588 655/1332/580
f 655/1333/580 660/1343/588 658/1344/536 653/1334/581
f 572/1127/513 573/1139/519 656/1345/585 651/1335/513
f 725/1346/519 661/1347/587 662/1348/523 726/1349/583
f 726/1350/583 662/1351/523 664/1352/523 727/1353/586
f 727/1354/586 664/1355/523 665/1356/523 728/1357/588
f 728/1358/588 665/1359/523 663/1360/523 729/1361/537
f 664/1362/523 662/1363/523 661/1364/587 574/1151/523 577/1157/530 663/1365/523 665/1366/523
f 641/1367/521 642/1368/582 571/1160/532 570/1159/531
f 643/1336/521 641/1369/521 570/1162/531 569/1124/521
f 666/1370/536 674/1371/589 673/1372/542 658/1373/536
f 740/1374/525 757/1375/538 753/1376/538 724/1377/525
f 658/1373/536 673/1372/542 672/1378/590 653/1379/581
f 647/1380/579 645/1381/579 576/1175/517 571/1160/532 642/1368/582 648/1382/584
f 653/1379/581 672/1378/590 671/1383/590 646/1384/581
f 660/1343/588 670/1385/588 666/1386/536 658/1344/536
f 659/1341/583 669/1387/583 670/1388/588 660/1342/588
f 657/1339/582 668/1389/583 669/1390/583 659/1340/583
f 656/1326/585 667/1391/526 668/1392/583 657/1327/582
f 573/1139/519 583/1186/519 667/1393/526 656/1345/585
f 672/1378/590 673/1372/542 589/1188/542 587/1187/541
f 671/1394/590 675/1395/591 593/1191/544 585/1190/543
f 672/1396/590 676/1397/583 675/1398/591 671/1399/590
f 646/1400/581 671/1401/590 585/1199/543 575/1198/516
f 584/1201/539 592/1204/545 674/1402/589 666/1403/536
f 595/1205/546 603/1208/548 680/1404/592 676/1405/583
f 677/1406/542 681/1407/593 605/1211/549 597/1210/542
f 592/1213/545 600/1216/545 678/1408/589 674/1409/589
f 674/1410/589 678/1411/589 677/1412/542 673/1413/542
f 673/1414/542 677/1415/542 597/1223/542 589/1222/542
f 587/1225/541 595/1228/546 676/1416/583 672/1417/590
f 682/1418/594 694/1419/594 696/1420/595 681/1421/593
f 679/1422/582 687/1423/582 618/1235/554 601/1234/554
f 678/1411/589 682/1418/594 681/1421/593 677/1412/542
f 676/1397/583 680/1424/592 679/1425/582 675/1398/591
f 675/1426/591 679/1422/582 601/1234/554 593/1240/544
f 600/1241/545 608/1244/555 682/1427/594 678/1428/589
f 683/1429/596 684/1430/596 611/1247/558 609/1246/557
f 685/1431/597 686/1432/596 616/1251/557 613/1250/558
f 681/1407/593 696/1433/595 630/1253/560 605/1211/549
f 603/1208/548 626/1256/562 691/1434/592 680/1404/592
f 608/1244/555 635/1258/555 694/1435/594 682/1427/594
f 627/1259/563 611/1262/558 684/1436/596 690/1437/583
f 693/1438/598 686/1439/596 685/1440/596 697/1441/599
f 636/1267/566 616/1270/567 686/1442/596 693/1443/598
f 690/1444/583 684/1445/596 683/1446/600 688/1447/601
f 680/1424/592 691/1448/592 687/1449/582 679/1425/582
f 688/1447/601 689/1450/602 692/1451/603 690/1444/583
f 689/1450/602 687/1449/582 691/1448/592 692/1451/603
f 690/1452/583 692/1453/603 628/1281/571 627/1280/563
f 692/1453/603 691/1434/592 626/1256/562 628/1281/571
f 617/1283/572 619/1286/573 689/1454/602 688/1455/601
f 619/1286/573 618/1235/554 687/1423/582 689/1454/602
f 688/1456/601 683/1457/600 609/1289/557 617/1288/572
f 697/1441/599 698/1458/599 695/1459/604 693/1438/598
f 698/1458/599 696/1420/595 694/1419/594 695/1459/604
f 629/1293/575 631/1296/576 698/1460/599 697/1461/599
f 631/1297/576 630/1253/560 696/1433/595 698/1462/599
f 693/1443/598 695/1463/604 637/1299/577 636/1267/566
f 695/1464/604 694/1435/594 635/1258/555 637/1302/577
f 697/1461/599 685/1465/596 613/1303/578 629/1293/575
f 683/1457/596 686/1442/596 616/1270/557 609/1289/557
f 611/1262/558 613/1303/558 685/1465/596 684/1436/596
f 683/1446/596 684/1445/596 685/1440/596 686/1439/596
f 699/1466/605 538/1467/606 542/1468/606 700/1469/607
f 730/1470/515 555/1471/512 703/1472/608 722/1473/609
f 540/1474/512 545/1475/512 542/1476/606 538/1477/606
f 705/1478/610 552/1479/611 547/1480/611 704/1481/612
f 731/1482/518 721/1483/613 706/1484/613 549/1485/512
f 547/1486/611 549/1485/512 706/1484/613 704/1487/612
f 555/1471/512 552/1488/611 705/1489/610 703/1472/608
f 540/1490/512 538/1491/606 699/1492/605 701/1493/613
f 542/1494/606 545/1495/512 702/1496/608 700/1497/607
f 581/1498/512 580/1145/512 560/1133/518 562/1132/512
f 568/1499/522 567/1500/522 709/1501/512
f 711/1146/512 717/1502/512 699/1503/605 700/1504/607
f 746/1505/512 545/1475/512 540/1474/512 752/1506/512
f 547/1507/611 552/1508/611 555/1509/512 549/1510/512
f 750/1511/512 747/1512/527 707/1144/527 713/1143/512
f 737/1513/519 579/1140/526 707/1142/527 747/1514/527
f 712/1515/512 565/1516/529 708/1517/527 714/1518/512
f 565/1519/529 564/1520/522 708/1521/527
f 716/1522/512 712/1515/512 705/1523/610 704/1524/612
f 723/1525/528 568/1499/522 709/1501/512 733/1526/512
f 715/1527/512 716/1522/512 704/1524/612 706/1528/613
f 717/1502/512 718/1529/512 701/1530/613 699/1503/605
f 734/1531/512 715/1527/512 706/1528/613 721/1532/613
f 581/1184/512 582/1183/524 710/1533/515
f 733/1534/512 709/1535/512 715/1527/512 734/1531/512
f 581/1498/512 710/1536/515 718/1529/512 717/1502/512
f 709/1535/512 567/1537/522 716/1522/512 715/1527/512
f 567/1537/522 565/1516/529 712/1515/512 716/1522/512
f 705/1523/610 712/1515/512 714/1518/512 703/1538/608
f 751/1539/614 750/1511/512 713/1143/512 702/1540/608
f 580/1145/512 581/1498/512 717/1502/512 711/1146/512
f 702/1540/608 713/1143/512 711/1146/512 700/1504/607
f 703/1538/608 714/1518/512 735/1541/512 722/1542/609
f 748/1543/512 733/1534/512 734/1531/512 749/1544/512
f 749/1544/512 734/1531/512 721/1532/613 738/1545/613
f 739/1546/528 723/1525/528 733/1526/512 748/1547/512
f 564/1520/522 720/1548/519 732/1549/527 708/1521/527
f 714/1518/512 708/1517/527 732/1550/527 735/1541/512
f 555/1509/512 730/1551/512 731/1552/512 549/1510/512
f 752/1553/518 738/1554/613 721/1483/613 731/1482/518
f 746/1555/515 730/1470/515 722/1473/609 751/1556/614
f 724/1377/525 753/1376/538 755/1557/538 577/1558/530 566/1559/522
f 744/1560/588 728/1358/588 729/1361/537 745/1561/537
f 743/1562/583 727/1354/586 728/1357/588 744/1563/588
f 742/1564/583 726/1350/583 727/1353/586 743/1565/583
f 741/1566/519 725/1346/519 726/1349/583 742/1567/583
f 736/1568/519 719/1128/519 725/1338/519 741/1569/519
f 745/1169/537 729/1570/537 754/1571/615 756/1170/538
f 739/1572/528 740/1573/525 724/1148/525 723/1147/528
f 736/1568/519 737/1574/519 720/1129/519 719/1128/519
f 583/1186/519 579/1185/526 737/1574/519 736/1568/519
f 582/1182/524 578/1181/533 740/1573/525 739/1572/528
f 583/1186/519 736/1568/519 741/1569/519 667/1393/526
f 667/1391/526 741/1566/519 742/1567/583 668/1392/583
f 668/1389/583 742/1564/583 743/1565/583 669/1390/583
f 669/1387/583 743/1562/583 744/1563/588 670/1388/588
f 670/1385/588 744/1560/588 745/1561/537 666/1386/536
f 578/1575/533 584/1172/539 758/1171/538 757/1375/538 740/1374/525
f 545/1495/512 746/1555/515 751/1556/614 702/1496/608
f 540/1490/512 701/1493/613 738/1554/613 752/1553/518
f 582/1183/524 739/1546/528 748/1547/512 710/1533/515
f 718/1529/512 749/1544/512 738/1545/613 701/1530/613
f 710/1536/515 748/1543/512 749/1544/512 718/1529/512
f 722/1542/609 735/1541/512 750/1511/512 751/1539/614
f 720/1548/519 737/1513/519 747/1514/527 732/1549/527
f 735/1541/512 732/1550/527 747/1512/527 750/1511/512
f 730/1551/512 746/1505/512 752/1506/512 731/1552/512
f 753/1376/538 754/1571/615 755/1557/538
f 756/1170/538 757/1375/538 758/1171/538
f 756/1576/538 754/1577/615 760/1578/512 761/1579/512
f 729/1570/537 663/1580/523 577/1558/530 755/1557/538 754/1571/615
f 754/1581/615 753/1582/538 759/1583/583 760/1584/512
f 753/1585/538 757/1586/538 762/1587/583 759/1588/583
f 757/1589/538 756/1590/538 761/1591/512 762/1592/583
f 761/1579/512 760/1578/512 764/1593/616 765/1594/512
f 762/1592/583 761/1591/512 765/1595/512 766/1596/583
f 759/1588/583 762/1587/583 766/1597/583 763/1598/586
f 760/1584/512 759/1583/583 763/1599/586 764/1600/616
f 763/1601/586 766/1602/583 765/1603/512 764/1604/616
o Cube.017
v 0.832808 0.636463 -0.916738
v 0.832808 1.051795 -0.760571
v 0.832808 0.537080 -0.695342
v 0.832808 0.959592 -0.598624
v 0.832808 0.348181 -0.493679
v 0.832808 0.796921 -0.336308
v 0.832808 0.212006 -0.416844
v 0.832808 -0.043136 -0.351384
v 0.832808 0.087461 0.194498
v 1.031224 0.629095 -0.674279
v 0.952267 0.537080 -0.695342
v 1.031224 0.722788 -0.884279
v 0.952267 0.636463 -0.916738
v 1.031224 0.433653 -0.463705
v 0.952267 0.348181 -0.493679
v 1.031224 0.250491 -0.358798
v 0.952267 0.212006 -0.416844
v 0.952267 -0.043136 -0.351384
v 1.031224 -0.035210 -0.284975
v 1.031224 0.917432 -0.608275
v 1.031224 1.012592 -0.775311
v 1.031224 0.757241 -0.350224
v 0.995807 0.486982 -0.002105
v 1.036263 0.464986 -0.035281
v 1.045629 0.087461 0.124314
v 1.003317 0.094985 0.163643
v 0.832808 0.758641 -0.089240
v 0.832808 0.759712 0.252175
v 0.832808 -0.004466 0.278293
v 1.005436 0.454603 0.180047
v 1.009611 0.067582 0.262874
v 0.832808 0.783878 0.024013
v 0.832808 -0.050046 0.375809
v 1.017081 0.436563 0.336578
v 1.017719 0.026324 0.369652
v 0.832808 -0.168635 0.611840
v 1.037368 0.392725 0.554904
v 1.038347 -0.080534 0.602904
v 0.832808 0.687874 0.716185
v 0.832808 -0.234571 0.767009
v 1.057487 0.360231 0.743514
v 1.056711 -0.141221 0.763321
v 0.832808 0.294676 2.314377
v 0.832808 -0.007033 2.322638
v 0.832808 0.155475 2.326065
v 0.832808 -0.778036 2.225027
v 1.078482 0.155475 2.326065
v 1.078482 -0.007033 2.322638
v 1.078482 -0.657033 2.240346
v 0.832808 0.353458 2.261582
v 0.832808 0.401815 2.176339
v 0.832808 -0.804564 2.088319
v 0.832808 -0.802937 2.179111
v 1.138021 0.072080 2.282907
v 1.177882 0.097613 2.201989
v 1.138069 -0.671483 2.191390
v 1.177628 -0.663017 2.106006
v 0.957787 0.959592 -0.598624
v 1.014125 0.935421 -0.604157
v 0.957803 1.051795 -0.760571
v 1.014137 1.029308 -0.769026
v 0.957736 0.796921 -0.336308
v 1.006534 0.767326 -0.325692
v 0.958861 0.758641 -0.089240
v 0.993908 0.722748 -0.057450
v 0.961918 0.783878 0.024013
v 0.997786 0.747902 0.056389
v 1.010984 0.723232 0.282268
v 0.974246 0.759712 0.252175
v 1.017264 0.687874 0.716185
v 1.051962 0.654870 0.718938
v 1.078482 0.260148 2.317276
v 1.043385 0.294676 2.314377
v 1.177695 0.368110 2.179167
v 1.143260 0.401818 2.176324
v 1.106302 0.353458 2.261577
v 1.140744 0.319106 2.264181
v 1.017704 -0.078685 -0.235324
v 0.978380 -0.090666 -0.196745
v 0.940667 -0.101939 -0.226396
v 0.952741 -0.085326 -0.289788
v 0.832808 -0.085388 -0.289697
v 0.832808 -0.098107 -0.227080
v 0.994708 0.028168 0.133670
v 0.975471 -0.013706 0.088593
v 0.987730 -0.016899 0.077572
v 1.029537 0.022168 0.101404
v 0.832808 -0.017735 0.108864
v 0.832808 0.021495 0.158772
v 0.634392 0.629095 -0.674279
v 0.713349 0.537080 -0.695342
v 0.634392 0.722788 -0.884279
v 0.713349 0.636463 -0.916738
v 0.634392 0.433653 -0.463705
v 0.713349 0.348181 -0.493679
v 0.634392 0.250491 -0.358798
v 0.713349 0.212006 -0.416844
v 0.713349 -0.043136 -0.351384
v 0.634392 -0.035210 -0.284975
v 0.634392 0.917432 -0.608275
v 0.634392 1.012592 -0.775311
v 0.634392 0.757241 -0.350224
v 0.669809 0.486982 -0.002105
v 0.629353 0.464986 -0.035281
v 0.619986 0.087461 0.124314
v 0.662299 0.094985 0.163643
v 0.660180 0.454603 0.180047
v 0.656005 0.067582 0.262874
v 0.648535 0.436563 0.336578
v 0.647897 0.026324 0.369652
v 0.628248 0.392725 0.554904
v 0.627269 -0.080534 0.602904
v 0.608129 0.360231 0.743514
v 0.608904 -0.141221 0.763321
v 0.587134 0.155475 2.326065
v 0.587134 -0.007033 2.322638
v 0.587134 -0.657033 2.240346
v 0.527595 0.072080 2.282907
v 0.487734 0.097613 2.201989
v 0.527547 -0.671483 2.191390
v 0.487988 -0.663017 2.106006
v 0.707829 0.959592 -0.598624
v 0.651491 0.935421 -0.604157
v 0.707813 1.051795 -0.760571
v 0.651479 1.029308 -0.769026
v 0.707880 0.796921 -0.336308
v 0.659082 0.767326 -0.325692
v 0.706755 0.758641 -0.089240
v 0.671708 0.722748 -0.057450
v 0.703698 0.783878 0.024013
v 0.667830 0.747902 0.056389
v 0.654632 0.723232 0.282268
v 0.691370 0.759712 0.252175
v 0.648352 0.687874 0.716185
v 0.613654 0.654870 0.718938
v 0.587134 0.260148 2.317276
v 0.622231 0.294676 2.314377
v 0.487921 0.368110 2.179167
v 0.522356 0.401818 2.176324
v 0.559314 0.353458 2.261577
v 0.524872 0.319106 2.264181
v 0.647912 -0.078685 -0.235324
v 0.687236 -0.090666 -0.196745
v 0.724949 -0.101939 -0.226396
v 0.712875 -0.085326 -0.289788
v 0.670908 0.028168 0.133670
v 0.690145 -0.013706 0.088593
v 0.677886 -0.016899 0.077572
v 0.636078 0.022168 0.101404
vn -0.0000 -0.3844 -0.9231
vn -0.0000 0.9405 -0.3399
vn -0.0000 -0.8324 -0.5541
vn -0.0000 0.8596 0.5110
vn -0.0000 -0.6178 -0.7864
vn -0.0000 0.9379 0.3470
vn -0.0000 -0.3732 -0.9278
vn -0.0000 -0.5734 -0.8193
vn -0.0000 -0.9824 0.1866
vn 0.9471 -0.2721 -0.1704
vn 0.4230 -0.7478 -0.5117
vn 0.7208 -0.0125 -0.6931
vn 0.3249 -0.4204 -0.8472
vn 0.9345 -0.2285 -0.2729
vn 0.3821 -0.5578 -0.7368
vn 0.9185 -0.1466 -0.3672
vn 0.3577 -0.3448 -0.8679
vn 0.3011 -0.5276 -0.7943
vn 0.8474 -0.3602 -0.3900
vn 0.9198 0.3361 0.2027
vn 0.7266 0.5140 -0.4560
vn 0.9100 0.3366 0.2420
vn 0.9421 0.2004 0.2689
vn 0.9047 0.2550 0.3414
vn 0.8858 -0.0809 0.4570
vn 0.8285 -0.3671 0.4229
vn -0.0000 0.9995 -0.0328
vn -0.0000 0.9916 0.1292
vn -0.0000 -0.8850 -0.4656
vn 0.9985 -0.0002 -0.0540
vn 0.7790 -0.5287 -0.3372
vn -0.0000 0.9984 -0.0568
vn -0.0000 -0.9042 -0.4272
vn 0.9971 0.0003 -0.0765
vn 0.8077 -0.5129 -0.2906
vn -0.0000 -0.9097 -0.4152
vn 0.9954 -0.0009 -0.0960
vn 0.7960 -0.5241 -0.3028
vn -0.0000 0.9850 0.1727
vn -0.0000 -0.9196 -0.3929
vn 0.9955 0.0007 -0.0944
vn 0.8134 -0.5122 -0.2757
vn -0.0000 0.3703 0.9289
vn -0.0000 -0.0495 0.9988
vn -0.0000 0.0269 0.9996
vn -0.0000 -0.6032 0.7976
vn 0.3265 0.0349 0.9446
vn 0.3219 -0.0669 0.9444
vn 0.3469 -0.3942 0.8510
vn -0.0000 0.7791 0.6268
vn -0.0000 0.9377 0.3473
vn -0.0000 -0.9852 -0.1714
vn -0.0000 -0.9540 0.2997
vn 0.7670 -0.0196 0.6413
vn 0.9809 -0.0009 0.1944
vn 0.6822 -0.5631 0.4664
vn 0.8297 -0.5582 0.0037
vn 0.1954 0.8435 0.5003
vn 0.5538 0.7155 0.4259
vn 0.1563 0.9433 -0.2928
vn 0.4415 0.8280 -0.3458
vn 0.2431 0.8995 0.3631
vn 0.6609 0.6617 0.3540
vn 0.3562 0.9344 0.0049
vn 0.9399 0.3393 -0.0383
vn 0.3938 0.9155 -0.0824
vn 0.9118 0.4081 -0.0467
vn 0.9138 0.4057 -0.0168
vn 0.3645 0.9265 0.0935
vn 0.3687 0.9207 0.1277
vn 0.9162 0.4005 -0.0117
vn 0.3321 0.1422 0.9325
vn 0.0904 0.3781 0.9214
vn 0.8837 0.3860 0.2647
vn 0.3759 0.8606 0.3437
vn 0.2527 0.6838 0.6845
vn 0.6777 0.2897 0.6758
vn 0.6996 -0.7067 -0.1050
vn 0.2905 -0.9471 0.1367
vn 0.0960 -0.9954 -0.0065
vn 0.2216 -0.8866 -0.4060
vn -0.0000 -0.9150 -0.4034
vn -0.0000 -0.9999 0.0111
vn 0.3393 -0.5851 0.7365
vn 0.1635 -0.8681 0.4687
vn 0.3158 -0.8877 0.3350
vn 0.7419 -0.5481 0.3863
vn -0.0000 -0.8841 0.4673
vn -0.0000 -0.6192 0.7852
vn -0.9471 -0.2721 -0.1704
vn -0.4230 -0.7478 -0.5117
vn -0.7208 -0.0125 -0.6931
vn -0.3249 -0.4204 -0.8472
vn -0.9345 -0.2285 -0.2729
vn -0.3821 -0.5578 -0.7368
vn -0.9185 -0.1466 -0.3672
vn -0.3577 -0.3448 -0.8679
vn -0.3011 -0.5276 -0.7943
vn -0.8474 -0.3602 -0.3900
vn -0.9198 0.3361 0.2027
vn -0.7266 0.5140 -0.4560
vn -0.9100 0.3366 0.2420
vn -0.9421 0.2004 0.2689
vn -0.9047 0.2550 0.3414
vn -0.8858 -0.0809 0.4570
vn -0.8285 -0.3671 0.4229
vn -0.9985 -0.0002 -0.0540
vn -0.7790 -0.5287 -0.3372
vn -0.9971 0.0003 -0.0765
vn -0.8077 -0.5129 -0.2906
vn -0.9954 -0.0009 -0.0960
vn -0.7960 -0.5241 -0.3028
vn -0.9955 0.0007 -0.0944
vn -0.8134 -0.5122 -0.2757
vn -0.3265 0.0349 0.9446
vn -0.3219 -0.0669 0.9444
vn -0.3469 -0.3942 0.8510
vn -0.7670 -0.0196 0.6413
vn -0.9809 -0.0009 0.1944
vn -0.6822 -0.5631 0.4664
vn -0.8297 -0.5582 0.0037
vn -0.1954 0.8435 0.5003
vn -0.5538 0.7155 0.4259
vn -0.1563 0.9433 -0.2928
vn -0.4415 0.8280 -0.3458
vn -0.2431 0.8995 0.3631
vn -0.6609 0.6617 0.3540
vn -0.3562 0.9344 0.0049
vn -0.9399 0.3393 -0.0383
vn -0.3938 0.9155 -0.0824
vn -0.9118 0.4081 -0.0467
vn -0.9138 0.4057 -0.0168
vn -0.3645 0.9265 0.0935
vn -0.3687 0.9207 0.1277
vn -0.9162 0.4005 -0.0117
vn -0.3321 0.1422 0.9325
vn -0.0904 0.3781 0.9214
vn -0.8837 0.3860 0.2647
vn -0.3759 0.8606 0.3437
vn -0.2527 0.6838 0.6845
vn -0.6777 0.2897 0.6758
vn -0.6996 -0.7067 -0.1050
vn -0.2905 -0.9471 0.1367
vn -0.0960 -0.9954 -0.0065
vn -0.2216 -0.8866 -0.4060
vn -0.3393 -0.5851 0.7365
vn -0.1635 -0.8681 0.4687
vn -0.3158 -0.8877 0.3350
vn -0.7419 -0.5481 0.3863
vt 0.238617 0.415618
vt 0.251324 0.415337
vt 0.251209 0.420807
vt 0.237663 0.424573
vt 0.399994 0.833649
vt 0.379274 0.833649
vt 0.379274 0.824393
vt 0.380396 0.820221
vt 0.381230 0.818956
vt 0.395688 0.818956
vt 0.399994 0.824803
vt 0.128890 0.665578
vt 0.137721 0.665578
vt 0.137721 0.685182
vt 0.128890 0.685182
vt 0.852388 0.839857
vt 0.852388 0.831011
vt 0.857376 0.830976
vt 0.857383 0.839857
vt 0.027314 0.045097
vt 0.053399 0.027499
vt 0.053639 0.041190
vt 0.026737 0.052693
vt 0.390271 0.664917
vt 0.388641 0.633151
vt 0.390450 0.633911
vt 0.393145 0.665509
vt 0.137721 0.696759
vt 0.128890 0.696759
vt 0.137721 0.715525
vt 0.128890 0.715525
vt 0.048856 0.584204
vt 0.070274 0.570622
vt 0.075139 0.602054
vt 0.046541 0.599659
vt 0.067088 0.631298
vt 0.037723 0.619643
vt 0.045605 0.563182
vt 0.062653 0.549467
vt 0.037723 0.548096
vt 0.057330 0.536269
vt 0.848929 0.019385
vt 0.845784 0.001694
vt 0.852461 0.000000
vt 0.855480 0.016757
vt 0.845784 0.039601
vt 0.852306 0.037790
vt 0.143558 0.680830
vt 0.143558 0.696460
vt 0.143558 0.717493
vt 0.128890 0.650966
vt 0.137721 0.650966
vt 0.383222 0.611327
vt 0.384360 0.610604
vt 0.306664 0.012990
vt 0.315903 0.012990
vt 0.315903 0.033312
vt 0.306667 0.033312
vt 0.315903 0.051776
vt 0.306584 0.051776
vt 0.379274 0.693183
vt 0.381727 0.694862
vt 0.380461 0.597109
vt 0.379274 0.597652
vt 0.054559 0.052815
vt 0.073160 0.028051
vt 0.074582 0.044808
vt 0.054491 0.069290
vt 0.251104 0.427454
vt 0.236968 0.431087
vt 0.069168 0.000000
vt 0.069719 0.020136
vt 0.250974 0.443060
vt 0.235232 0.447381
vt 0.025264 0.061033
vt 0.020835 0.079486
vt 0.315903 0.059987
vt 0.306358 0.059987
vt 0.054824 0.083445
vt 0.018722 0.091993
vt 0.305447 0.076971
vt 0.315903 0.076971
vt 0.315903 0.111647
vt 0.302267 0.111647
vt 0.075848 0.077486
vt 0.660364 0.719215
vt 0.660331 0.731088
vt 0.655944 0.725863
vt 0.251279 0.453011
vt 0.234171 0.457327
vt 0.075848 0.187592
vt 0.056546 0.193085
vt 0.751387 0.502921
vt 0.748289 0.483063
vt 0.754835 0.486277
vt 0.757510 0.504426
vt 0.816892 0.280589
vt 0.807173 0.303194
vt 0.805453 0.298781
vt 0.814454 0.280589
vt 0.518977 0.617427
vt 0.537139 0.617427
vt 0.537139 0.674873
vt 0.518977 0.665857
vt 0.660200 0.779517
vt 0.655791 0.781228
vt 0.315903 0.221117
vt 0.292952 0.221116
vt 0.000000 0.196891
vt 0.518977 0.605554
vt 0.518977 0.598058
vt 0.521572 0.595585
vt 0.537139 0.595585
vt 0.537139 0.605554
vt 0.251324 0.536927
vt 0.225086 0.542566
vt 0.813307 0.780038
vt 0.813307 0.795631
vt 0.809069 0.800290
vt 0.809070 0.780038
vt 0.802502 0.803027
vt 0.802503 0.780038
vt 0.748289 0.559604
vt 0.754652 0.559824
vt 0.799866 0.508598
vt 0.808250 0.534132
vt 0.804532 0.531203
vt 0.796591 0.508598
vt 0.660384 0.711718
vt 0.655791 0.708143
vt 0.306662 0.000492
vt 0.302499 0.012724
vt 0.302498 0.000000
vt 0.303060 0.034270
vt 0.303993 0.054334
vt 0.951223 0.944024
vt 0.951223 0.952657
vt 0.948167 0.954372
vt 0.948153 0.945781
vt 0.299701 0.112044
vt 0.302731 0.079408
vt 0.303707 0.062589
vt 0.809464 0.802841
vt 0.802910 0.805577
vt 0.518977 0.989475
vt 0.518977 0.983649
vt 0.522480 0.984160
vt 0.522517 0.990020
vt 0.290406 0.221525
vt 0.315903 0.000492
vt 0.853755 0.697200
vt 0.853755 0.665561
vt 0.857910 0.668575
vt 0.857905 0.694603
vt 0.853473 0.786018
vt 0.852388 0.782884
vt 0.857653 0.782247
vt 0.858530 0.784826
vt 0.852512 0.770258
vt 0.857794 0.770258
vt 0.854353 0.825164
vt 0.858978 0.826165
vt 0.861179 0.829077
vt 0.860796 0.831870
vt 0.860525 0.839857
vt 0.861312 0.780822
vt 0.861695 0.781730
vt 0.861327 0.770258
vt 0.860220 0.671092
vt 0.859621 0.692117
vt 0.845784 0.100784
vt 0.845799 0.090219
vt 0.856236 0.090219
vt 0.856505 0.098206
vt 0.855280 0.100999
vt 0.846166 0.101692
vt 0.225215 0.418028
vt 0.226256 0.412656
vt 0.399994 0.842495
vt 0.395688 0.848342
vt 0.381230 0.848342
vt 0.380396 0.847077
vt 0.379274 0.842905
vt 0.120058 0.685182
vt 0.120058 0.665578
vt 0.857376 0.848738
vt 0.852388 0.848703
vt 0.163463 0.045097
vt 0.164040 0.052693
vt 0.137137 0.041190
vt 0.137377 0.027499
vt 0.443895 0.709319
vt 0.441021 0.709910
vt 0.443716 0.678313
vt 0.445525 0.677553
vt 0.120058 0.696759
vt 0.120058 0.715525
vt 0.226912 0.629647
vt 0.229226 0.645103
vt 0.200628 0.647497
vt 0.205494 0.616065
vt 0.238044 0.665086
vt 0.208680 0.676741
vt 0.230162 0.608625
vt 0.213114 0.594911
vt 0.238044 0.593539
vt 0.218437 0.581713
vt 0.759170 0.797284
vt 0.752619 0.794655
vt 0.755637 0.777898
vt 0.762315 0.779593
vt 0.762315 0.817499
vt 0.755793 0.815688
vt 0.114221 0.680830
vt 0.114221 0.696460
vt 0.114221 0.717493
vt 0.120058 0.650966
vt 0.449806 0.655006
vt 0.450944 0.655729
vt 0.325143 0.012990
vt 0.325139 0.033312
vt 0.325222 0.051776
vt 0.454891 0.737584
vt 0.452438 0.739264
vt 0.453704 0.641511
vt 0.454891 0.642054
vt 0.136218 0.052815
vt 0.136286 0.069290
vt 0.116194 0.044808
vt 0.117617 0.028051
vt 0.223917 0.424547
vt 0.121057 0.020136
vt 0.121609 0.000000
vt 0.220755 0.439829
vt 0.165513 0.061033
vt 0.169942 0.079486
vt 0.325448 0.059987
vt 0.172055 0.091993
vt 0.135953 0.083445
vt 0.326360 0.076971
vt 0.329540 0.111647
vt 0.114929 0.077486
vt 0.758847 0.676633
vt 0.763267 0.683282
vt 0.758880 0.688506
vt 0.218360 0.449491
vt 0.134231 0.193085
vt 0.114929 0.187592
vt 0.763274 0.277842
vt 0.757151 0.279347
vt 0.759826 0.261197
vt 0.766372 0.257984
vt 0.805453 0.262396
vt 0.807173 0.257984
vt 0.555302 0.617427
vt 0.555302 0.665857
vt 0.763421 0.738647
vt 0.759011 0.736936
vt 0.338855 0.221116
vt 0.190777 0.196891
vt 0.552707 0.595585
vt 0.555302 0.598058
vt 0.555302 0.605554
vt 0.200628 0.531505
vt 0.809069 0.759785
vt 0.813307 0.764444
vt 0.802502 0.757048
vt 0.766372 0.334524
vt 0.760009 0.334745
vt 0.804532 0.485993
vt 0.808250 0.483063
vt 0.758827 0.669137
vt 0.763421 0.665561
vt 0.325144 0.000492
vt 0.329309 0.000000
vt 0.329308 0.012724
vt 0.328747 0.034270
vt 0.327813 0.054334
vt 0.948458 0.318726
vt 0.951528 0.320483
vt 0.951514 0.329075
vt 0.948458 0.327359
vt 0.329076 0.079408
vt 0.332105 0.112044
vt 0.328100 0.062589
vt 0.802910 0.754498
vt 0.809464 0.757234
vt 0.990647 0.207886
vt 0.987107 0.208430
vt 0.987144 0.202571
vt 0.990647 0.202059
vt 0.341400 0.221525
vt 0.861091 0.177923
vt 0.856941 0.175326
vt 0.856936 0.149298
vt 0.861091 0.146284
vt 0.853473 0.754498
vt 0.858530 0.755690
vt 0.857653 0.758269
vt 0.852388 0.757631
vt 0.858978 0.853549
vt 0.854353 0.854550
vt 0.861179 0.850637
vt 0.860796 0.847844
vt 0.861312 0.759693
vt 0.861695 0.758786
vt 0.854625 0.151815
vt 0.855224 0.172840
vt 0.845784 0.079655
vt 0.846166 0.078747
vt 0.855280 0.079440
vt 0.856505 0.082232
s 1
f 775/1605/625 792/1606/642 797/1607/647 795/1608/645
f 767/1609/617 768/1610/618 826/1611/676 827/1612/677 787/1613/637 778/1614/628 779/1615/629
f 769/1616/619 777/1617/627 781/1618/631 771/1619/621
f 774/1620/624 784/1621/634 847/1622/697 848/1623/698
f 792/1624/642 789/1625/639 796/1626/646 797/1627/647
f 790/1628/640 788/1629/638 829/1630/679 789/1631/639
f 771/1619/621 781/1618/631 783/1632/633 773/1633/623
f 773/1633/623 783/1632/633 784/1634/634 774/1635/624
f 780/1636/630 788/1637/638 790/1638/640 782/1639/632
f 782/1639/632 790/1638/640 791/1640/641 785/1641/635
f 776/1642/626 786/1643/636 788/1637/638 780/1636/630
f 778/1644/628 787/1645/637 786/1643/636 776/1642/626
f 777/1646/627 779/1647/629 778/1648/628 776/1649/626
f 781/1650/631 777/1646/627 776/1649/626 780/1651/630
f 780/1652/630 782/1653/632 783/1632/633 781/1618/631
f 784/1634/634 783/1632/633 782/1653/632 785/1654/635
f 767/1655/617 779/1656/629 777/1617/627 769/1616/619
f 788/1629/638 786/1657/636 825/1658/675 829/1630/679
f 824/1659/674 770/1660/620 772/1661/622 828/1662/678
f 828/1662/678 772/1661/622 793/1663/643 830/1664/680
f 791/1665/641 790/1628/640 789/1631/639 792/1666/642
f 827/1667/677 825/1658/675 786/1657/636 787/1668/637
f 800/1669/650 833/1670/683 834/1671/684 803/1672/653
f 795/1608/645 797/1607/647 801/1673/651 799/1674/649
f 789/1625/639 829/1675/679 831/1676/681 796/1626/646
f 796/1626/646 831/1676/681 833/1670/683 800/1669/650
f 799/1674/649 801/1673/651 804/1677/654 802/1678/652
f 801/1679/651 800/1669/650 803/1672/653 804/1680/654
f 830/1664/680 793/1663/643 798/1681/648 832/1682/682
f 797/1627/647 796/1626/646 800/1669/650 801/1679/651
f 804/1680/654 803/1672/653 807/1683/657 808/1684/658
f 835/1685/685 794/1686/644 805/1687/655 836/1688/686
f 803/1672/653 834/1671/684 837/1689/687 807/1683/657
f 832/1682/682 798/1681/648 794/1686/644 835/1685/685
f 813/1690/663 814/1691/664 820/1692/670
f 802/1678/652 804/1677/654 808/1693/658 806/1694/656
f 807/1683/657 837/1689/687 840/1695/690 821/1696/671
f 821/1697/671 840/1698/690 843/1699/693 820/1700/670
f 819/1701/669 822/1702/672 815/1703/665 812/1704/662
f 814/1705/664 810/1706/660 812/1707/662 815/1708/665
f 814/1691/664 815/1709/665 822/1710/672 820/1692/670
f 836/1688/686 805/1687/655 817/1711/667 841/1712/691
f 808/1684/658 807/1683/657 821/1696/671 823/1713/673
f 810/1706/660 814/1705/664 813/1714/663 838/1715/688 839/1716/689 809/1717/659 811/1718/661
f 806/1694/656 808/1693/658 823/1719/673 818/1720/668
f 809/1721/659 839/1722/689 842/1723/692 816/1724/666
f 841/1725/691 817/1726/667 816/1724/666 842/1723/692
f 823/1727/673 821/1697/671 820/1700/670 822/1728/672
f 818/1729/668 823/1730/673 822/1731/672 819/1732/669
f 838/1733/688 813/1690/663 820/1692/670 843/1734/693
f 826/1735/676 824/1659/674 825/1736/675 827/1737/677
f 824/1659/674 828/1662/678 829/1738/679 825/1736/675
f 831/1739/681 829/1738/679 828/1662/678 830/1664/680
f 833/1740/683 831/1741/681 830/1742/680 832/1743/682
f 835/1685/685 836/1688/686 837/1744/687 834/1745/684
f 834/1745/684 833/1746/683 832/1682/682 835/1685/685
f 841/1725/691 842/1723/692 843/1747/693 840/1748/690
f 838/1749/688 843/1750/693 842/1751/692 839/1752/689
f 840/1753/690 837/1744/687 836/1688/686 841/1712/691
f 826/1735/676 768/1754/618 770/1660/620 824/1659/674
f 785/1755/635 791/1756/641 853/1757/703 844/1758/694
f 791/1759/641 792/1760/642 850/1761/700 853/1762/703
f 792/1760/642 775/1763/625 855/1764/705 850/1761/700
f 784/1621/634 785/1765/635 844/1766/694 847/1622/697
f 845/1767/695 846/1768/696 847/1622/697 844/1766/694
f 846/1768/696 849/1769/699 848/1623/698 847/1622/697
f 851/1770/701 852/1771/702 853/1762/703 850/1761/700
f 854/1772/704 851/1770/701 850/1761/700 855/1764/705
f 852/1773/702 845/1774/695 844/1758/694 853/1757/703
f 851/1775/701 854/1776/704 849/1777/699 846/1778/696 845/1779/695 852/1780/702
f 775/1605/625 795/1608/645 874/1781/724 872/1782/722
f 767/1609/617 859/1783/709 858/1784/708 867/1785/717 891/1786/741 890/1787/740 768/1610/618
f 769/1616/619 771/1619/621 861/1788/711 857/1789/707
f 774/1620/624 848/1623/698 911/1790/761 864/1791/714
f 872/1792/722 874/1793/724 873/1794/723 869/1795/719
f 870/1796/720 869/1797/719 893/1798/743 868/1799/718
f 771/1619/621 773/1633/623 863/1800/713 861/1788/711
f 773/1633/623 774/1635/624 864/1801/714 863/1800/713
f 860/1802/710 862/1803/712 870/1804/720 868/1805/718
f 862/1803/712 865/1806/715 871/1807/721 870/1804/720
f 856/1808/706 860/1802/710 868/1805/718 866/1809/716
f 858/1810/708 856/1808/706 866/1809/716 867/1811/717
f 857/1812/707 856/1813/706 858/1814/708 859/1815/709
f 861/1816/711 860/1817/710 856/1813/706 857/1812/707
f 860/1818/710 861/1788/711 863/1800/713 862/1819/712
f 864/1801/714 865/1820/715 862/1819/712 863/1800/713
f 767/1655/617 769/1616/619 857/1789/707 859/1821/709
f 868/1799/718 893/1798/743 889/1822/739 866/1823/716
f 888/1824/738 892/1825/742 772/1661/622 770/1660/620
f 892/1825/742 894/1826/744 793/1663/643 772/1661/622
f 871/1827/721 872/1828/722 869/1797/719 870/1796/720
f 891/1829/741 867/1830/717 866/1823/716 889/1822/739
f 875/1831/725 877/1832/727 898/1833/748 897/1834/747
f 795/1608/645 799/1674/649 876/1835/726 874/1781/724
f 869/1795/719 873/1794/723 895/1836/745 893/1837/743
f 873/1794/723 875/1831/725 897/1834/747 895/1836/745
f 799/1674/649 802/1678/652 878/1838/728 876/1835/726
f 876/1839/726 878/1840/728 877/1832/727 875/1831/725
f 894/1826/744 896/1841/746 798/1681/648 793/1663/643
f 874/1793/724 876/1839/726 875/1831/725 873/1794/723
f 878/1840/728 880/1842/730 879/1843/729 877/1832/727
f 899/1844/749 900/1845/750 805/1687/655 794/1686/644
f 877/1832/727 879/1843/729 901/1846/751 898/1833/748
f 896/1841/746 899/1844/749 794/1686/644 798/1681/648
f 881/1847/731 884/1848/734 882/1849/732
f 802/1678/652 806/1694/656 880/1850/730 878/1838/728
f 879/1843/729 885/1851/735 904/1852/754 901/1846/751
f 885/1853/735 884/1854/734 907/1855/757 904/1856/754
f 819/1701/669 812/1704/662 883/1857/733 886/1858/736
f 882/1859/732 883/1860/733 812/1707/662 810/1706/660
f 882/1849/732 884/1848/734 886/1861/736 883/1862/733
f 900/1845/750 905/1863/755 817/1711/667 805/1687/655
f 880/1842/730 887/1864/737 885/1851/735 879/1843/729
f 810/1706/660 811/1718/661 809/1717/659 903/1865/753 902/1866/752 881/1867/731 882/1859/732
f 806/1694/656 818/1720/668 887/1868/737 880/1850/730
f 809/1721/659 816/1724/666 906/1869/756 903/1870/753
f 905/1871/755 906/1869/756 816/1724/666 817/1726/667
f 887/1872/737 886/1873/736 884/1854/734 885/1853/735
f 818/1729/668 819/1732/669 886/1874/736 887/1875/737
f 902/1876/752 907/1877/757 884/1848/734 881/1847/731
f 890/1878/740 891/1879/741 889/1880/739 888/1824/738
f 888/1824/738 889/1880/739 893/1881/743 892/1825/742
f 895/1882/745 894/1826/744 892/1825/742 893/1881/743
f 897/1883/747 896/1884/746 894/1885/744 895/1886/745
f 899/1844/749 898/1887/748 901/1888/751 900/1845/750
f 898/1887/748 899/1844/749 896/1841/746 897/1889/747
f 905/1871/755 904/1890/754 907/1891/757 906/1869/756
f 902/1892/752 903/1893/753 906/1894/756 907/1895/757
f 904/1896/754 905/1863/755 900/1845/750 901/1888/751
f 890/1878/740 888/1824/738 770/1660/620 768/1754/618
f 865/1897/715 908/1898/758 915/1899/765 871/1900/721
f 871/1901/721 915/1902/765 912/1903/762 872/1904/722
f 872/1904/722 912/1903/762 855/1764/705 775/1763/625
f 864/1791/714 911/1790/761 908/1905/758 865/1906/715
f 909/1907/759 908/1905/758 911/1790/761 910/1908/760
f 910/1908/760 911/1790/761 848/1623/698 849/1769/699
f 913/1909/763 912/1903/762 915/1902/765 914/1910/764
f 854/1772/704 855/1764/705 912/1903/762 913/1909/763
f 914/1911/764 915/1899/765 908/1898/758 909/1912/759
f 913/1913/763 914/1914/764 909/1915/759 910/1916/760 849/1777/699 854/1776/704
o Cube.018
v 1.079995 1.135816 -4.375991
v 0.832808 0.663569 -4.424287
v 1.079995 0.746429 -4.415813
v 0.980067 0.663569 -4.424287
v 0.958631 1.101460 -5.689784
v 1.055472 1.176232 -5.584955
v 1.027108 1.156617 -5.655680
v 0.832808 0.863195 -5.714151
v 0.832808 0.777391 -5.625744
v 0.832808 0.804807 -5.691658
v 0.832808 0.972849 -5.689784
v 0.958631 0.886140 -5.711804
v 1.055472 0.847371 -5.618587
v 1.027108 0.861011 -5.685910
v 0.930960 0.863195 -5.714151
v 0.971076 0.777391 -5.625744
v 0.959327 0.804807 -5.691658
v 1.079995 1.077712 -3.352439
v 0.832808 0.605465 -3.400735
v 0.980067 0.605465 -3.400735
v 1.079995 0.688324 -3.392262
v 1.079995 0.997253 -3.236547
v 0.832808 0.598882 -3.284766
v 1.079995 0.681741 -3.276293
v 0.980067 0.598882 -3.284766
v 1.035284 0.948352 -3.031572
v 1.079995 0.987885 -3.071527
v 0.832808 0.589514 -3.119744
v 0.832808 0.623997 -3.070650
v 0.832808 0.819726 -3.031391
v 0.961545 0.624050 -3.071339
v 0.980067 0.589514 -3.119745
v 1.035292 0.685094 -3.063856
v 1.079995 0.672373 -3.111272
v 1.021650 1.135816 -4.375991
v 1.002150 1.176232 -5.584955
v 0.979597 1.156617 -5.655680
v 0.925149 1.041674 -5.689784
v 1.021650 1.077712 -3.352439
v 1.021650 0.997253 -3.236547
v 1.021650 0.987885 -3.071527
v 0.986098 0.888563 -3.031535
v 0.832808 0.896288 -4.360588
v 0.955624 0.965118 -4.360659
v 0.832808 0.838683 -3.360510
v 0.978553 0.907519 -3.360636
v 0.832808 0.831659 -3.238566
v 0.981348 0.900495 -3.238699
v 0.927438 1.035923 -5.589941
v 0.832808 0.967098 -5.589936
v 0.585621 1.135816 -4.375991
v 0.585621 0.746429 -4.415813
v 0.685549 0.663569 -4.424287
v 0.706985 1.101460 -5.689784
v 0.610144 1.176232 -5.584955
v 0.638508 1.156617 -5.655680
v 0.706985 0.886140 -5.711804
v 0.610144 0.847371 -5.618587
v 0.638508 0.861011 -5.685910
v 0.734656 0.863195 -5.714151
v 0.694540 0.777391 -5.625744
v 0.706289 0.804807 -5.691658
v 0.585621 1.077712 -3.352439
v 0.685549 0.605465 -3.400735
v 0.585621 0.688324 -3.392262
v 0.585621 0.997253 -3.236547
v 0.585621 0.681741 -3.276293
v 0.685549 0.598882 -3.284766
v 0.630332 0.948352 -3.031572
v 0.585621 0.987885 -3.071527
v 0.704071 0.624050 -3.071339
v 0.685549 0.589514 -3.119745
v 0.630324 0.685094 -3.063856
v 0.585621 0.672373 -3.111272
v 0.643966 1.135816 -4.375991
v 0.663465 1.176232 -5.584955
v 0.686019 1.156617 -5.655680
v 0.740467 1.041674 -5.689784
v 0.643966 1.077712 -3.352439
v 0.643966 0.997253 -3.236547
v 0.643966 0.987885 -3.071527
v 0.679518 0.888563 -3.031535
v 0.709992 0.965118 -4.360659
v 0.687063 0.907519 -3.360636
v 0.684268 0.900495 -3.238699
v 0.738178 1.035923 -5.589941
vn 0.7065 0.7072 0.0250
vn -0.0000 -0.9971 -0.0755
vn 0.9047 -0.4242 -0.0390
vn 0.3398 -0.9377 -0.0724
vn -0.0674 0.3854 -0.9203
vn 0.6903 0.6977 -0.1914
vn 0.4459 0.6172 -0.6482
vn -0.0000 -0.1086 -0.9941
vn -0.0000 -0.9703 -0.2419
vn -0.0000 -0.6977 -0.7164
vn -0.0000 0.6149 -0.7886
vn 0.1832 0.0059 -0.9830
vn 0.8906 -0.3901 -0.2336
vn 0.6727 -0.2580 -0.6935
vn 0.0483 -0.1266 -0.9908
vn 0.3401 -0.9066 -0.2499
vn 0.2602 -0.6627 -0.7022
vn 0.6508 0.7179 0.2473
vn -0.0000 -0.9984 -0.0567
vn 0.3402 -0.9388 -0.0533
vn 0.9055 -0.4237 -0.0240
vn 0.7737 0.5991 0.2064
vn 0.1549 0.2978 0.9420
vn 0.6157 0.6351 0.4665
vn -0.0000 -0.9611 0.2761
vn -0.0000 -0.5293 0.8484
vn -0.0000 0.4692 0.8831
vn 0.1715 -0.5439 0.8215
vn 0.3221 -0.9055 0.2764
vn 0.4211 -0.3134 0.8511
vn 0.8447 -0.4243 0.3262
vn -0.5590 0.8279 0.0471
vn -0.4807 0.8752 -0.0541
vn -0.6093 0.7242 -0.3228
vn -0.5651 0.5541 -0.6113
vn -0.5448 0.7995 0.2528
vn -0.6292 0.7406 0.2357
vn -0.5513 0.7640 0.3351
vn -0.4407 0.4339 0.7858
vn -0.0000 0.9979 0.0640
vn -0.7592 0.6492 0.0466
vn -0.0000 0.9980 0.0631
vn -0.7563 0.6503 0.0708
vn -0.0000 0.9980 0.0628
vn -0.7377 0.6713 0.0717
vn -0.7596 0.6475 0.0619
vn -0.0000 0.9979 0.0653
vn -0.7065 0.7072 0.0250
vn -0.9047 -0.4242 -0.0390
vn -0.3398 -0.9377 -0.0724
vn 0.0674 0.3854 -0.9203
vn -0.6903 0.6977 -0.1914
vn -0.4459 0.6172 -0.6482
vn -0.1832 0.0059 -0.9830
vn -0.8906 -0.3901 -0.2336
vn -0.6727 -0.2580 -0.6935
vn -0.0483 -0.1266 -0.9908
vn -0.3401 -0.9066 -0.2499
vn -0.2602 -0.6627 -0.7022
vn -0.6508 0.7179 0.2473
vn -0.3402 -0.9388 -0.0533
vn -0.9055 -0.4237 -0.0240
vn -0.7737 0.5991 0.2064
vn -0.1549 0.2978 0.9420
vn -0.6157 0.6351 0.4665
vn -0.1715 -0.5439 0.8215
vn -0.3221 -0.9055 0.2764
vn -0.4211 -0.3134 0.8511
vn -0.8447 -0.4243 0.3262
vn 0.5590 0.8279 0.0471
vn 0.4807 0.8752 -0.0541
vn 0.6093 0.7242 -0.3228
vn 0.5651 0.5541 -0.6113
vn 0.5448 0.7995 0.2528
vn 0.6292 0.7406 0.2357
vn 0.5513 0.7640 0.3351
vn 0.4407 0.4339 0.7858
vn 0.7592 0.6492 0.0466
vn 0.7563 0.6503 0.0708
vn 0.7377 0.6713 0.0717
vn 0.7596 0.6475 0.0619
vt 0.451908 0.413288
vt 0.462130 0.413288
vt 0.462795 0.502598
vt 0.451908 0.502598
vt 0.451908 0.586886
vt 0.462795 0.586886
vt 0.462795 0.599093
vt 0.451908 0.599093
vt 0.616601 0.791549
vt 0.612058 0.797010
vt 0.592465 0.797009
vt 0.596827 0.793367
vt 0.601848 0.782016
vt 0.616597 0.782016
vt 0.655791 0.668996
vt 0.655834 0.656790
vt 0.663222 0.656640
vt 0.663179 0.668846
vt 0.116930 0.236037
vt 0.140908 0.237235
vt 0.142612 0.326812
vt 0.114221 0.325394
vt 0.656136 0.572502
vt 0.655791 0.483190
vt 0.662030 0.483063
vt 0.663524 0.572352
vt 0.655865 0.648212
vt 0.663253 0.648062
vt 0.114221 0.409897
vt 0.137257 0.411598
vt 0.137257 0.423836
vt 0.114221 0.422134
vt 0.705087 0.005252
vt 0.701146 0.005316
vt 0.703157 0.000057
vt 0.706669 0.000000
vt 0.946728 0.575654
vt 0.949318 0.573279
vt 0.948172 0.579534
vt 0.949318 0.584460
vt 0.981176 0.084036
vt 0.981176 0.081388
vt 0.985948 0.078747
vt 0.985948 0.085232
vt 0.808192 0.971053
vt 0.808192 0.966032
vt 0.813307 0.964053
vt 0.813307 0.970305
vt 0.899302 0.685130
vt 0.899302 0.669400
vt 0.904364 0.665561
vt 0.904364 0.687158
vt 0.894561 0.023194
vt 0.894561 0.001578
vt 0.899674 0.000000
vt 0.899674 0.024048
vt 0.912789 0.383260
vt 0.912789 0.390528
vt 0.908339 0.392629
vt 0.908339 0.383260
vt 0.905872 0.764737
vt 0.905872 0.774106
vt 0.900776 0.774976
vt 0.900776 0.764737
vt 0.613530 0.245512
vt 0.605620 0.245512
vt 0.600553 0.238674
vt 0.596152 0.236195
vt 0.611856 0.236195
vt 0.613530 0.238244
vt 0.462795 0.578308
vt 0.451908 0.578308
vt 0.142612 0.402715
vt 0.114221 0.401297
vt 0.903433 0.210553
vt 0.903428 0.217661
vt 0.900172 0.218590
vt 0.900172 0.208964
vt 0.461425 0.602314
vt 0.451908 0.602365
vt 0.900172 0.169818
vt 0.900172 0.146284
vt 0.903478 0.148697
vt 0.903477 0.168323
vt 0.702158 0.179325
vt 0.706471 0.179255
vt 0.706669 0.191478
vt 0.702357 0.191549
vt 0.983545 0.665561
vt 0.986431 0.668772
vt 0.985950 0.672749
vt 0.983545 0.670017
vt 0.702018 0.170698
vt 0.706331 0.170628
vt 0.700787 0.094881
vt 0.705100 0.094810
vt 0.379625 0.542565
vt 0.390607 0.542615
vt 0.390607 0.557963
vt 0.379274 0.557912
vt 0.661705 0.007401
vt 0.650473 0.007151
vt 0.652482 0.002025
vt 0.661705 0.000000
vt 0.383611 0.368378
vt 0.390607 0.368419
vt 0.390607 0.459492
vt 0.381527 0.459447
vt 0.661705 0.172653
vt 0.648734 0.172575
vt 0.648469 0.096673
vt 0.661705 0.098524
vt 0.390607 0.533581
vt 0.379832 0.533532
vt 0.661705 0.181692
vt 0.654121 0.181440
vt 0.661705 0.197048
vt 0.654164 0.193677
vt 0.383780 0.360982
vt 0.390607 0.361022
vt 0.441021 0.502598
vt 0.441686 0.413288
vt 0.441021 0.599093
vt 0.441021 0.586886
vt 0.616601 0.772483
vt 0.596827 0.770664
vt 0.592465 0.767022
vt 0.612058 0.767021
vt 0.672386 0.443917
vt 0.664998 0.443766
vt 0.664954 0.431560
vt 0.672342 0.431711
vt 0.316089 0.260671
vt 0.318797 0.350028
vt 0.290406 0.351445
vt 0.292110 0.261868
vt 0.672041 0.347422
vt 0.664653 0.347272
vt 0.666146 0.257984
vt 0.672386 0.258111
vt 0.672312 0.423133
vt 0.664924 0.422982
vt 0.318797 0.434530
vt 0.318797 0.446768
vt 0.295762 0.448469
vt 0.295762 0.436232
vt 0.291988 0.492868
vt 0.290406 0.487616
vt 0.293918 0.487673
vt 0.295930 0.492932
vt 0.950743 0.896072
vt 0.948153 0.904878
vt 0.949299 0.899952
vt 0.948153 0.893696
vt 0.987519 0.830453
vt 0.982747 0.831649
vt 0.982747 0.825164
vt 0.987519 0.827805
vt 0.707720 0.979709
vt 0.702606 0.978961
vt 0.702606 0.972709
vt 0.707720 0.974688
vt 0.904925 0.277553
vt 0.899863 0.279580
vt 0.899863 0.257984
vt 0.904925 0.261822
vt 0.900699 0.101941
vt 0.895587 0.102795
vt 0.895587 0.078747
vt 0.900699 0.080325
vt 0.908339 0.373891
vt 0.912789 0.375992
vt 0.900776 0.754498
vt 0.905872 0.755368
vt 0.613530 0.252780
vt 0.611856 0.254829
vt 0.596152 0.254829
vt 0.600553 0.252350
vt 0.441021 0.578308
vt 0.318797 0.425931
vt 0.290406 0.427348
vt 0.957253 0.433364
vt 0.960514 0.431775
vt 0.960514 0.441402
vt 0.957258 0.440472
vt 0.442390 0.602314
vt 0.903566 0.848697
vt 0.900261 0.847202
vt 0.900261 0.827577
vt 0.903566 0.825164
vt 0.294917 0.666941
vt 0.294719 0.679164
vt 0.290406 0.679094
vt 0.290604 0.666870
vt 0.986452 0.483063
vt 0.986452 0.487519
vt 0.984046 0.490250
vt 0.983565 0.486274
vt 0.295057 0.658313
vt 0.290745 0.658243
vt 0.296288 0.582496
vt 0.291976 0.582426
vt 0.401588 0.542565
vt 0.401939 0.557912
vt 0.596152 0.007401
vt 0.596152 0.000000
vt 0.605375 0.002025
vt 0.607383 0.007151
vt 0.397603 0.368378
vt 0.399687 0.459447
vt 0.596152 0.172653
vt 0.596152 0.098524
vt 0.609388 0.096673
vt 0.609123 0.172575
vt 0.401382 0.533532
vt 0.596152 0.181692
vt 0.603736 0.181440
vt 0.596152 0.197048
vt 0.603693 0.193677
vt 0.397434 0.360982
s 1
f 924/1917/774 931/1918/781 919/1919/769 917/1920/767
f 938/1921/784 940/1922/785 947/1923/794 943/1924/790
f 946/1925/793 948/1926/795 941/1927/788 957/1928/804 945/1929/792 944/1930/791
f 947/1931/794 940/1932/785 939/1933/786 949/1934/796
f 928/1935/778 921/1936/771 916/1937/766 918/1938/768
f 919/1939/769 931/1940/781 928/1941/778 918/1942/768
f 935/1943/785 919/1939/769 918/1942/768 936/1944/786
f 939/1945/786 937/1946/787 942/1947/789 949/1948/796
f 951/1949/798 921/1950/771 922/1951/772 952/1952/799
f 952/1953/799 922/1954/772 920/1955/770 953/1956/800
f 930/1957/780 927/1958/777 929/1959/779 932/1960/782
f 932/1961/782 929/1962/779 928/1963/778 931/1964/781
f 927/1965/777 920/1966/770 922/1967/772 929/1968/779
f 929/1969/779 922/1970/772 921/1971/771 928/1972/778
f 923/1973/773 930/1974/780 932/1975/782 925/1976/775
f 925/1977/775 932/1978/782 931/1979/781 924/1980/774
f 923/1981/773 926/1982/776 953/1983/800 920/1984/770 927/1985/777 930/1986/780
f 940/1932/785 935/1943/785 936/1944/786 939/1933/786
f 917/1920/767 919/1919/769 935/1987/785 934/1988/784
f 918/1938/768 916/1937/766 933/1989/783 936/1990/786
f 934/1988/784 935/1987/785 940/1922/785 938/1921/784
f 936/1990/786 933/1989/783 937/1946/787 939/1945/786
f 948/1991/795 946/1992/793 947/1993/794 949/1994/796
f 943/1924/790 947/1923/794 946/1995/793 944/1996/791
f 949/1997/796 942/1998/789 941/1999/788 948/2000/795
f 937/2001/787 955/2002/802 956/2003/803 942/2004/789
f 942/2005/789 956/2006/803 957/2007/804 941/2008/788
f 933/2009/783 954/2010/801 955/2002/802 937/2001/787
f 916/2011/766 950/2012/797 954/2010/801 933/2009/783
f 963/2013/810 962/2014/809 945/2015/792 957/2016/804
f 964/2017/811 951/2018/798 952/2019/799 953/2020/800
f 921/1950/771 951/1949/798 950/2012/797 916/2011/766
f 964/2021/811 965/2022/812 958/2023/805 959/2024/806
f 961/2025/808 954/2026/801 950/2027/797 959/2028/806
f 959/2024/806 958/2023/805 960/2029/807 961/2030/808
f 963/2031/810 955/2032/802 954/2026/801 961/2025/808
f 961/2030/808 960/2029/807 962/2014/809 963/2013/810
f 957/2033/804 956/2034/803 955/2032/802 963/2031/810
f 953/2035/800 926/2036/776 965/2022/812 964/2021/811
f 959/2028/806 950/2027/797 951/2018/798 964/2017/811
f 924/1917/774 917/1920/767 968/2037/815 976/2038/823
f 938/1921/784 943/1924/790 987/2039/832 983/2040/826
f 986/2041/831 944/1930/791 945/1929/792 997/2042/842 984/2043/829 988/2044/833
f 987/2045/832 989/2046/834 982/2047/827 983/2048/826
f 973/2049/820 967/2050/814 966/2051/813 970/2052/817
f 968/2053/815 967/2054/814 973/2055/820 976/2056/823
f 979/2057/826 980/2058/827 967/2054/814 968/2053/815
f 982/2059/827 989/2060/834 985/2061/830 981/2062/828
f 991/2063/836 992/2064/837 971/2065/818 970/2066/817
f 992/2067/837 993/2068/838 969/2069/816 971/2070/818
f 975/2071/822 977/2072/824 974/2073/821 972/2074/819
f 977/2075/824 976/2076/823 973/2077/820 974/2078/821
f 972/2079/819 974/2080/821 971/2081/818 969/2082/816
f 974/2083/821 973/2084/820 970/2085/817 971/2086/818
f 923/1973/773 925/1976/775 977/2087/824 975/2088/822
f 925/1977/775 924/1980/774 976/2089/823 977/2090/824
f 923/1981/773 975/2091/822 972/2092/819 969/2093/816 993/2094/838 926/1982/776
f 983/2048/826 982/2047/827 980/2058/827 979/2057/826
f 917/1920/767 934/1988/784 979/2095/826 968/2037/815
f 967/2050/814 980/2096/827 978/2097/825 966/2051/813
f 934/1988/784 938/1921/784 983/2040/826 979/2095/826
f 980/2096/827 982/2059/827 981/2062/828 978/2097/825
f 988/2098/833 989/2099/834 987/2100/832 986/2101/831
f 943/1924/790 944/1996/791 986/2102/831 987/2039/832
f 989/2103/834 988/2104/833 984/2105/829 985/2106/830
f 981/2107/828 985/2108/830 996/2109/841 995/2110/840
f 985/2111/830 984/2112/829 997/2113/842 996/2114/841
f 978/2115/825 981/2107/828 995/2110/840 994/2116/839
f 966/2117/813 978/2115/825 994/2116/839 990/2118/835
f 1000/2119/845 997/2120/842 945/2015/792 962/2014/809
f 1001/2121/846 993/2122/838 992/2123/837 991/2124/836
f 970/2066/817 966/2117/813 990/2118/835 991/2063/836
f 1001/2125/846 998/2126/843 958/2023/805 965/2022/812
f 999/2127/844 998/2128/843 990/2129/835 994/2130/839
f 998/2126/843 999/2131/844 960/2029/807 958/2023/805
f 1000/2132/845 999/2127/844 994/2130/839 995/2133/840
f 999/2131/844 1000/2119/845 962/2014/809 960/2029/807
f 997/2134/842 1000/2132/845 995/2133/840 996/2135/841
f 993/2136/838 1001/2125/846 965/2022/812 926/2036/776
f 998/2128/843 1001/2121/846 991/2124/836 990/2129/835
