# Blender 4.3.2
# www.blender.org
o Shotgun_OnePiece
v 7.134387 1.525338 -7.013331
v 7.134387 1.596198 -7.013331
v 7.108166 1.525338 -7.039553
v 7.108166 1.596198 -7.039553
v 7.160609 1.525338 -7.039553
v 7.160609 1.596198 -7.039553
v 7.134387 1.525338 -7.065774
v 7.134387 1.596198 -7.065774
v 7.134387 1.646240 -7.022023
v 7.116858 1.646240 -7.039553
v 7.134387 1.646240 -7.057083
v 7.151917 1.646240 -7.039553
v 7.134387 1.596198 -6.996294
v 7.091129 1.596198 -7.039553
v 7.134387 1.596198 -7.082811
v 7.177646 1.596198 -7.039553
v 7.134387 1.608851 -6.996294
v 7.134387 1.634077 -7.010633
v 7.105468 1.634077 -7.039553
v 7.091129 1.608851 -7.039553
v 7.134387 1.634077 -7.068473
v 7.134387 1.608851 -7.082811
v 7.163307 1.634077 -7.039553
v 7.177646 1.608851 -7.039553
v 7.137963 0.647254 -1.227236
v 7.137911 0.712453 -1.245193
v 7.137963 0.622116 -1.355471
v 7.137911 0.674190 -1.372705
v 7.143431 0.647254 -1.227236
v 7.143482 0.712453 -1.245193
v 7.143431 0.622116 -1.355471
v 7.143482 0.674190 -1.372705
v 7.137963 0.594346 -1.233426
v 7.137963 0.575351 -1.341189
v 7.143431 0.594346 -1.233426
v 7.143431 0.575351 -1.341189
v 7.137963 0.553668 -1.263345
v 7.137963 0.542933 -1.343585
v 7.143431 0.553668 -1.263345
v 7.143431 0.542933 -1.343585
v 7.137963 0.510554 -1.286736
v 7.137963 0.503169 -1.355812
v 7.143431 0.510554 -1.286736
v 7.143431 0.503169 -1.355812
v 7.137963 0.472861 -1.319939
v 7.137963 0.469156 -1.376750
v 7.143431 0.472861 -1.319939
v 7.143431 0.469156 -1.376750
v 7.137963 0.428607 -1.368556
v 7.137963 0.431031 -1.404939
v 7.143431 0.428607 -1.368556
v 7.143431 0.431031 -1.404939
v 7.141608 0.622116 -1.355471
v 7.139785 0.622116 -1.355471
v 7.139769 0.674190 -1.372705
v 7.141625 0.674190 -1.372705
v 7.139785 0.647254 -1.227236
v 7.141608 0.647254 -1.227236
v 7.141625 0.712453 -1.245193
v 7.139769 0.712453 -1.245193
v 7.141608 0.575351 -1.341189
v 7.139785 0.575351 -1.341189
v 7.139785 0.594346 -1.233426
v 7.141608 0.594346 -1.233426
v 7.141608 0.542933 -1.343585
v 7.139785 0.542933 -1.343585
v 7.139785 0.553668 -1.263345
v 7.141608 0.553668 -1.263345
v 7.141608 0.503169 -1.355812
v 7.139785 0.503169 -1.355812
v 7.139785 0.510554 -1.286736
v 7.141608 0.510554 -1.286736
v 7.141608 0.469156 -1.376750
v 7.139785 0.469156 -1.376750
v 7.139785 0.472861 -1.319939
v 7.141608 0.472861 -1.319939
v 7.141608 0.431031 -1.404939
v 7.139785 0.431031 -1.404939
v 7.139785 0.428607 -1.368556
v 7.141608 0.428607 -1.368556
v 7.139785 0.642598 -1.194475
v 7.141608 0.642598 -1.194475
v 7.141625 0.707797 -1.212432
v 7.139769 0.707797 -1.212432
v 7.139785 0.589689 -1.200665
v 7.141608 0.589689 -1.200665
v 7.139785 0.549012 -1.230585
v 7.141608 0.549012 -1.230585
v 7.139785 0.505898 -1.253975
v 7.141608 0.505898 -1.253975
v 7.139785 0.468205 -1.287179
v 7.141608 0.468205 -1.287179
v 7.139785 0.423951 -1.335796
v 7.141608 0.423951 -1.335796
v 7.201242 0.782361 -2.641924
v 7.051978 0.782361 -2.645026
v 7.219867 0.737151 -2.025122
v 7.070602 0.737152 -2.028224
v 7.345773 0.926867 -1.928380
v 7.345773 1.192656 -1.911741
v 7.345773 0.973374 -2.671262
v 7.345773 1.239163 -2.654624
v 7.134387 1.183306 -6.269015
v 7.134387 1.029622 -2.744719
v 7.157889 1.181321 -6.269188
v 7.177318 1.025831 -2.745049
v 7.175695 1.175535 -6.269692
v 7.212210 1.014716 -2.746017
v 7.191111 1.166237 -6.270501
v 7.242172 0.997034 -2.747557
v 7.203103 1.153923 -6.271574
v 7.265163 0.973991 -2.749563
v 7.210752 1.139339 -6.272843
v 7.279615 0.947156 -2.751900
v 7.213387 1.123497 -6.274223
v 7.284545 0.918359 -2.754407
v 7.210752 1.107656 -6.275602
v 7.279615 0.889562 -2.756915
v 7.203103 1.093071 -6.276872
v 7.265163 0.862728 -2.759252
v 7.191111 1.080758 -6.277945
v 7.242172 0.839684 -2.761259
v 7.175695 1.071460 -6.278755
v 7.212210 0.822003 -2.762798
v 7.157889 1.065674 -6.279258
v 7.177318 0.810887 -2.763766
v 7.134387 1.063688 -6.279431
v 7.134387 0.807096 -2.764096
v 7.134387 1.233929 -6.158127
v 7.177396 1.229956 -6.158473
v 7.213269 1.218307 -6.159487
v 7.244009 1.199776 -6.161101
v 7.267546 1.175626 -6.163204
v 7.282308 1.147503 -6.165653
v 7.287332 1.117323 -6.168281
v 7.282308 1.087143 -6.170909
v 7.267546 1.059020 -6.173358
v 7.244009 1.034870 -6.175461
v 7.213269 1.016339 -6.177074
v 7.177396 1.004690 -6.178089
v 7.134387 1.000717 -6.178434
v 7.134387 1.249869 -6.387885
v 7.178984 1.245922 -6.388228
v 7.214382 1.234421 -6.389230
v 7.245027 1.215936 -6.390840
v 7.268866 1.191458 -6.392972
v 7.284072 1.162466 -6.395496
v 7.289310 1.130974 -6.398238
v 7.284072 1.099482 -6.400980
v 7.268866 1.070490 -6.403505
v 7.245027 1.046012 -6.405636
v 7.214382 1.027527 -6.407246
v 7.178984 1.016026 -6.408247
v 7.134387 1.012079 -6.408591
v 7.134387 1.186079 -6.315008
v 7.157889 1.184094 -6.315181
v 7.175696 1.178308 -6.315685
v 7.191111 1.169009 -6.316495
v 7.203103 1.156696 -6.317567
v 7.210752 1.142112 -6.318837
v 7.213387 1.126270 -6.320216
v 7.210752 1.110429 -6.321596
v 7.203103 1.095844 -6.322866
v 7.191111 1.083531 -6.323938
v 7.175696 1.074233 -6.324748
v 7.157889 1.068447 -6.325251
v 7.134387 1.066461 -6.325424
v 7.134387 1.310388 -7.391704
v 7.178985 1.306440 -7.392048
v 7.214383 1.294939 -7.393049
v 7.245028 1.276454 -7.394659
v 7.268867 1.251977 -7.396791
v 7.284073 1.222984 -7.399315
v 7.289311 1.191492 -7.402057
v 7.284073 1.160001 -7.404800
v 7.268867 1.131008 -7.407324
v 7.245028 1.106531 -7.409455
v 7.214383 1.088046 -7.411065
v 7.178985 1.076545 -7.412067
v 7.134387 1.072597 -7.412411
v 7.134387 1.240194 -7.529469
v 7.163965 1.236319 -7.529807
v 7.174465 1.229985 -7.530358
v 7.182839 1.221386 -7.531107
v 7.188319 1.210938 -7.532017
v 7.190240 1.199388 -7.533023
v 7.188319 1.187838 -7.534028
v 7.182839 1.177390 -7.534938
v 7.174465 1.168791 -7.535686
v 7.163965 1.162458 -7.536239
v 7.134387 1.158582 -7.536576
v 7.134387 1.272632 -7.526645
v 7.162686 1.270200 -7.526857
v 7.184493 1.263115 -7.527473
v 7.203371 1.251727 -7.528465
v 7.218056 1.236649 -7.529778
v 7.227424 1.218788 -7.531333
v 7.230651 1.199388 -7.533023
v 7.227424 1.179988 -7.534712
v 7.218056 1.162128 -7.536267
v 7.203371 1.147049 -7.537580
v 7.184493 1.135662 -7.538572
v 7.162686 1.128576 -7.539189
v 7.134387 1.126145 -7.539401
v 7.134387 1.242608 -7.569505
v 7.163965 1.238732 -7.569842
v 7.134387 1.215510 -7.610123
v 7.174465 1.232399 -7.570394
v 7.134387 1.213989 -7.610256
v 7.182839 1.223800 -7.571143
v 7.134387 1.211560 -7.610467
v 7.188319 1.213352 -7.572052
v 7.134387 1.208171 -7.610762
v 7.190240 1.201802 -7.573058
v 7.134387 1.204096 -7.611117
v 7.188319 1.190252 -7.574064
v 7.134387 1.200022 -7.611472
v 7.182839 1.179804 -7.574974
v 7.134387 1.196632 -7.611767
v 7.174465 1.171205 -7.575722
v 7.134387 1.194204 -7.611978
v 7.163965 1.164871 -7.576274
v 7.134387 1.192683 -7.612111
v 7.134387 1.160996 -7.576612
v 7.134387 1.191864 -7.612182
v 7.268866 1.107600 -7.019061
v 7.284072 1.136593 -7.016536
v 7.178985 1.283033 -7.003784
v 7.134387 1.286980 -7.003441
v 7.245027 1.083123 -7.021192
v 7.214383 1.271531 -7.004786
v 7.214383 1.064638 -7.022802
v 7.245027 1.253046 -7.006395
v 7.178985 1.053137 -7.023804
v 7.268866 1.228569 -7.008527
v 7.134387 1.049189 -7.024147
v 7.284072 1.199577 -7.011052
v 7.289310 1.168085 -7.013794
v 7.134387 1.340327 -7.319486
v 7.188910 1.335347 -7.319496
v 7.233769 1.320746 -7.319527
v 7.272835 1.297142 -7.319577
v 7.303388 1.265720 -7.319643
v 7.322942 1.228383 -7.319721
v 7.329684 1.187794 -7.319807
v 7.322942 1.147206 -7.319893
v 7.303388 1.109868 -7.319971
v 7.272835 1.078447 -7.320037
v 7.233769 1.054842 -7.320086
v 7.188909 1.040241 -7.320117
v 7.134387 1.035261 -7.320128
v 7.303388 1.093857 -7.096209
v 7.188909 1.319336 -7.095735
v 7.272835 1.062436 -7.096275
v 7.233768 1.304735 -7.095766
v 7.233768 1.038831 -7.096325
v 7.272835 1.281131 -7.095815
v 7.188909 1.024230 -7.096356
v 7.303388 1.249709 -7.095881
v 7.134387 1.019250 -7.096366
v 7.322942 1.212372 -7.095959
v 7.329684 1.171783 -7.096045
v 7.322942 1.131195 -7.096131
v 7.134387 1.343129 -2.738296
v 7.185631 1.338494 -2.738674
v 7.228269 1.324907 -2.739780
v 7.264883 1.303292 -2.741539
v 7.292978 1.275124 -2.743832
v 7.310639 1.242321 -2.746502
v 7.316663 1.207119 -2.749368
v 7.310639 1.171918 -2.752233
v 7.292978 1.139115 -2.754903
v 7.264883 1.110946 -2.757196
v 7.228269 1.089332 -2.758956
v 7.185631 1.075745 -2.760062
v 7.134387 1.071110 -2.760439
v 7.134387 1.544750 -7.080549
v 7.171303 1.541335 -7.080828
v 7.202228 1.531323 -7.081643
v 7.228739 1.515397 -7.082939
v 7.249044 1.494641 -7.084628
v 7.261786 1.470470 -7.086596
v 7.266123 1.444531 -7.088708
v 7.261786 1.418593 -7.090818
v 7.249044 1.394422 -7.092786
v 7.228739 1.373666 -7.094476
v 7.202228 1.357740 -7.095772
v 7.171303 1.347728 -7.096587
v 7.134387 1.344313 -7.096866
v 7.170558 1.551882 -7.306599
v 7.200874 1.542056 -7.307399
v 7.226859 1.526425 -7.308671
v 7.246760 1.506055 -7.310329
v 7.259245 1.482333 -7.312260
v 7.263495 1.456876 -7.314333
v 7.259245 1.431419 -7.316404
v 7.246760 1.407697 -7.318336
v 7.226859 1.387326 -7.319994
v 7.200874 1.371696 -7.321266
v 7.170558 1.361869 -7.322065
v 7.134387 1.358518 -7.322339
v 7.134387 1.555233 -7.306325
v 7.134387 1.623652 -7.778979
v 7.134387 1.574611 -7.823842
v 7.144695 1.571201 -7.824112
v 7.146850 1.618857 -7.779371
v 7.173088 1.561973 -7.824870
v 7.190114 1.604798 -7.780516
v 7.197219 1.547412 -7.826058
v 7.227187 1.582434 -7.782335
v 7.215278 1.528864 -7.827570
v 7.255571 1.553288 -7.784708
v 7.226390 1.507671 -7.829288
v 7.273373 1.519347 -7.787471
v 7.230134 1.485150 -7.831117
v 7.279431 1.482924 -7.790436
v 7.226390 1.462630 -7.832968
v 7.273373 1.446501 -7.793400
v 7.215278 1.441436 -7.834676
v 7.255571 1.412560 -7.796164
v 7.197219 1.422888 -7.836191
v 7.227187 1.383414 -7.798535
v 7.173088 1.408327 -7.837378
v 7.190114 1.361050 -7.800355
v 7.144695 1.399099 -7.838136
v 7.146850 1.346991 -7.801498
v 7.134387 1.395689 -7.838407
v 7.134387 1.342196 -7.801890
v 7.134387 1.540447 -6.987885
v 7.171608 1.537007 -6.988167
v 7.202784 1.526918 -6.988988
v 7.229510 1.510870 -6.990294
v 7.249982 1.489956 -6.991996
v 7.262828 1.465601 -6.993979
v 7.267201 1.439465 -6.996108
v 7.262828 1.413329 -6.998233
v 7.249982 1.388974 -7.000216
v 7.229510 1.368060 -7.001919
v 7.202784 1.352012 -7.003225
v 7.171608 1.341924 -7.004046
v 7.134387 1.338483 -7.004326
v 7.110886 1.181321 -6.269188
v 7.091457 1.025831 -2.745049
v 7.093079 1.175535 -6.269692
v 7.056565 1.014716 -2.746017
v 7.077664 1.166237 -6.270501
v 7.026603 0.997034 -2.747557
v 7.065672 1.153923 -6.271574
v 7.003612 0.973991 -2.749563
v 7.058022 1.139339 -6.272843
v 6.989160 0.947156 -2.751900
v 7.055387 1.123497 -6.274223
v 6.984230 0.918359 -2.754407
v 7.058022 1.107656 -6.275602
v 6.989160 0.889562 -2.756915
v 7.065672 1.093071 -6.276872
v 7.003612 0.862728 -2.759252
v 7.077664 1.080758 -6.277945
v 7.026603 0.839684 -2.761259
v 7.093079 1.071460 -6.278755
v 7.056565 0.822003 -2.762798
v 7.110886 1.065674 -6.279258
v 7.091457 0.810887 -2.763766
v 7.091379 1.229956 -6.158473
v 7.055506 1.218307 -6.159487
v 7.024765 1.199776 -6.161101
v 7.001229 1.175626 -6.163204
v 6.986467 1.147503 -6.165653
v 6.981443 1.117323 -6.168281
v 6.986467 1.087143 -6.170909
v 7.001229 1.059020 -6.173358
v 7.024765 1.034870 -6.175461
v 7.055506 1.016339 -6.177074
v 7.091379 1.004690 -6.178089
v 7.089791 1.245922 -6.388228
v 7.054393 1.234421 -6.389230
v 7.023748 1.215936 -6.390840
v 6.999909 1.191458 -6.392972
v 6.984703 1.162466 -6.395496
v 6.979465 1.130974 -6.398238
v 6.984703 1.099482 -6.400980
v 6.999909 1.070490 -6.403505
v 7.023748 1.046012 -6.405636
v 7.054393 1.027527 -6.407246
v 7.089791 1.016026 -6.408247
v 7.110886 1.184094 -6.315181
v 7.093079 1.178308 -6.315685
v 7.077664 1.169009 -6.316495
v 7.065672 1.156696 -6.317567
v 7.058022 1.142112 -6.318837
v 7.055387 1.126270 -6.320216
v 7.058022 1.110429 -6.321596
v 7.065672 1.095844 -6.322866
v 7.077664 1.083531 -6.323938
v 7.093079 1.074233 -6.324748
v 7.110886 1.068447 -6.325251
v 7.089790 1.306440 -7.392048
v 7.054392 1.294939 -7.393049
v 7.023747 1.276454 -7.394659
v 6.999908 1.251977 -7.396791
v 6.984702 1.222984 -7.399315
v 6.979464 1.191492 -7.402057
v 6.984702 1.160001 -7.404800
v 6.999908 1.131008 -7.407324
v 7.023747 1.106531 -7.409455
v 7.054392 1.088046 -7.411065
v 7.089790 1.076545 -7.412067
v 7.104810 1.236319 -7.529807
v 7.094310 1.229985 -7.530358
v 7.085936 1.221386 -7.531107
v 7.080455 1.210938 -7.532017
v 7.078534 1.199388 -7.533023
v 7.080455 1.187838 -7.534028
v 7.085936 1.177390 -7.534938
v 7.094310 1.168791 -7.535686
v 7.104810 1.162458 -7.536239
v 7.106089 1.270200 -7.526857
v 7.084282 1.263115 -7.527473
v 7.065404 1.251727 -7.528465
v 7.050719 1.236649 -7.529778
v 7.041351 1.218788 -7.531333
v 7.038124 1.199388 -7.533023
v 7.041351 1.179988 -7.534712
v 7.050719 1.162128 -7.536267
v 7.065404 1.147049 -7.537580
v 7.084282 1.135662 -7.538572
v 7.106089 1.128576 -7.539189
v 7.104810 1.238732 -7.569842
v 7.094310 1.232399 -7.570394
v 7.085936 1.223800 -7.571143
v 7.080456 1.213352 -7.572052
v 7.078535 1.201802 -7.573058
v 7.080456 1.190252 -7.574064
v 7.085936 1.179804 -7.574974
v 7.094310 1.171205 -7.575722
v 7.104810 1.164871 -7.576274
v 6.999909 1.107600 -7.019061
v 6.984702 1.136593 -7.016536
v 7.089790 1.283033 -7.003784
v 7.023748 1.083123 -7.021192
v 7.054392 1.271531 -7.004786
v 7.054392 1.064638 -7.022802
v 7.023748 1.253046 -7.006395
v 7.089790 1.053137 -7.023804
v 6.999909 1.228569 -7.008527
v 6.984702 1.199577 -7.011052
v 6.979465 1.168085 -7.013794
v 7.079865 1.335347 -7.319496
v 7.035006 1.320746 -7.319527
v 6.995940 1.297142 -7.319577
v 6.965387 1.265720 -7.319643
v 6.945833 1.228383 -7.319721
v 6.939090 1.187794 -7.319807
v 6.945833 1.147206 -7.319893
v 6.965387 1.109868 -7.319971
v 6.995940 1.078447 -7.320037
v 7.035006 1.054842 -7.320086
v 7.079865 1.040241 -7.320117
v 6.965387 1.093857 -7.096209
v 7.079866 1.319336 -7.095735
v 6.995940 1.062436 -7.096275
v 7.035007 1.304735 -7.095766
v 7.035007 1.038831 -7.096325
v 6.995940 1.281131 -7.095815
v 7.079866 1.024230 -7.096356
v 6.965387 1.249709 -7.095881
v 6.945833 1.212372 -7.095959
v 6.939091 1.171783 -7.096045
v 6.945833 1.131195 -7.096131
v 7.083144 1.338494 -2.738674
v 7.040506 1.324907 -2.739780
v 7.003892 1.303292 -2.741539
v 6.975797 1.275124 -2.743832
v 6.958136 1.242321 -2.746502
v 6.952112 1.207119 -2.749368
v 6.958136 1.171918 -2.752233
v 6.975797 1.139115 -2.754903
v 7.003892 1.110946 -2.757196
v 7.040506 1.089332 -2.758956
v 7.083144 1.075745 -2.760062
v 7.097472 1.541335 -7.080828
v 7.066546 1.531323 -7.081643
v 7.040036 1.515397 -7.082939
v 7.019731 1.494641 -7.084628
v 7.006989 1.470470 -7.086596
v 7.002652 1.444531 -7.088708
v 7.006989 1.418593 -7.090818
v 7.019731 1.394422 -7.092786
v 7.040036 1.373666 -7.094476
v 7.066546 1.357740 -7.095772
v 7.097472 1.347728 -7.096587
v 7.098217 1.551882 -7.306599
v 7.067901 1.542056 -7.307399
v 7.041915 1.526425 -7.308671
v 7.022015 1.506055 -7.310329
v 7.009530 1.482333 -7.312260
v 7.005280 1.456876 -7.314333
v 7.009530 1.431419 -7.316404
v 7.022015 1.407697 -7.318336
v 7.041915 1.387326 -7.319994
v 7.067901 1.371696 -7.321266
v 7.098217 1.361869 -7.322065
v 7.124080 1.571201 -7.824112
v 7.121925 1.618857 -7.779371
v 7.095687 1.561973 -7.824870
v 7.078660 1.604798 -7.780516
v 7.071556 1.547412 -7.826058
v 7.041587 1.582434 -7.782335
v 7.053497 1.528864 -7.827570
v 7.013203 1.553288 -7.784708
v 7.042385 1.507671 -7.829288
v 6.995401 1.519347 -7.787471
v 7.038640 1.485150 -7.831117
v 6.989344 1.482924 -7.790436
v 7.042385 1.462630 -7.832968
v 6.995401 1.446501 -7.793400
v 7.053497 1.441436 -7.834676
v 7.013203 1.412560 -7.796164
v 7.071556 1.422888 -7.836191
v 7.041587 1.383414 -7.798535
v 7.095687 1.408327 -7.837378
v 7.078660 1.361050 -7.800355
v 7.124080 1.399099 -7.838136
v 7.121925 1.346991 -7.801498
v 7.097166 1.537007 -6.988167
v 7.065991 1.526918 -6.988988
v 7.039265 1.510870 -6.990294
v 7.018793 1.489956 -6.991996
v 7.005947 1.465601 -6.993979
v 7.001573 1.439465 -6.996108
v 7.005947 1.413329 -6.998233
v 7.018793 1.388974 -7.000216
v 7.039265 1.368060 -7.001919
v 7.065991 1.352012 -7.003225
v 7.097166 1.341924 -7.004046
v 7.381574 1.135816 -4.375991
v 7.134387 0.663569 -4.424287
v 7.381574 0.746429 -4.415813
v 7.281646 0.663569 -4.424287
v 7.260211 1.101460 -5.689784
v 7.357051 1.176232 -5.584955
v 7.328687 1.156617 -5.655680
v 7.134387 0.863195 -5.714151
v 7.134387 0.777391 -5.625744
v 7.134387 0.804807 -5.691658
v 7.134387 0.972849 -5.689784
v 7.260211 0.886140 -5.711804
v 7.357051 0.847371 -5.618587
v 7.328687 0.861011 -5.685910
v 7.232539 0.863195 -5.714151
v 7.272656 0.777391 -5.625744
v 7.260906 0.804807 -5.691658
v 7.381574 1.077712 -3.352439
v 7.134387 0.605465 -3.400735
v 7.281646 0.605465 -3.400735
v 7.381574 0.688324 -3.392262
v 7.381574 0.997253 -3.236547
v 7.134387 0.598882 -3.284766
v 7.381574 0.681741 -3.276293
v 7.281646 0.598882 -3.284766
v 7.336864 0.948352 -3.031572
v 7.381574 0.987885 -3.071527
v 7.134387 0.589514 -3.119744
v 7.134387 0.623997 -3.070650
v 7.134387 0.819726 -3.031391
v 7.263124 0.624050 -3.071339
v 7.281646 0.589514 -3.119745
v 7.336872 0.685094 -3.063856
v 7.381574 0.672373 -3.111272
v 7.323229 1.135816 -4.375991
v 7.303730 1.176232 -5.584955
v 7.281177 1.156617 -5.655680
v 7.226728 1.041674 -5.689784
v 7.323229 1.077712 -3.352439
v 7.323229 0.997253 -3.236547
v 7.323229 0.987885 -3.071527
v 7.287678 0.888563 -3.031535
v 7.134387 0.896288 -4.360588
v 7.257203 0.965118 -4.360659
v 7.134387 0.838683 -3.360510
v 7.280132 0.907519 -3.360636
v 7.134387 0.831659 -3.238566
v 7.282928 0.900495 -3.238699
v 7.229018 1.035923 -5.589941
v 7.134387 0.967098 -5.589936
v 6.887201 1.135816 -4.375991
v 6.887201 0.746429 -4.415813
v 6.987129 0.663569 -4.424287
v 7.008564 1.101460 -5.689784
v 6.911724 1.176232 -5.584955
v 6.940088 1.156617 -5.655680
v 7.008564 0.886140 -5.711804
v 6.911724 0.847371 -5.618587
v 6.940088 0.861011 -5.685910
v 7.036235 0.863195 -5.714151
v 6.996119 0.777391 -5.625744
v 7.007869 0.804807 -5.691658
v 6.887201 1.077712 -3.352439
v 6.987129 0.605465 -3.400735
v 6.887201 0.688324 -3.392262
v 6.887201 0.997253 -3.236547
v 6.887201 0.681741 -3.276293
v 6.987129 0.598882 -3.284766
v 6.931911 0.948352 -3.031572
v 6.887201 0.987885 -3.071527
v 7.005651 0.624050 -3.071339
v 6.987129 0.589514 -3.119745
v 6.931903 0.685094 -3.063856
v 6.887201 0.672373 -3.111272
v 6.945546 1.135816 -4.375991
v 6.965045 1.176232 -5.584955
v 6.987598 1.156617 -5.655680
v 7.042047 1.041674 -5.689784
v 6.945546 1.077712 -3.352439
v 6.945546 0.997253 -3.236547
v 6.945546 0.987885 -3.071527
v 6.981097 0.888563 -3.031535
v 7.011572 0.965118 -4.360659
v 6.988643 0.907519 -3.360636
v 6.985847 0.900495 -3.238699
v 7.039757 1.035923 -5.589941
v 7.134387 0.636463 -0.916738
v 7.134387 1.051795 -0.760571
v 7.134387 0.537080 -0.695342
v 7.134387 0.959592 -0.598624
v 7.134387 0.348181 -0.493680
v 7.134387 0.796921 -0.336308
v 7.134387 0.212006 -0.416844
v 7.134387 -0.043136 -0.351384
v 7.134387 0.087461 0.194498
v 7.332803 0.629095 -0.674279
v 7.253846 0.537080 -0.695342
v 7.332803 0.722788 -0.884280
v 7.253846 0.636463 -0.916738
v 7.332803 0.433653 -0.463705
v 7.253846 0.348181 -0.493680
v 7.332803 0.250491 -0.358799
v 7.253846 0.212006 -0.416844
v 7.253846 -0.043136 -0.351384
v 7.332803 -0.035210 -0.284975
v 7.332803 0.917432 -0.608275
v 7.332803 1.012592 -0.775311
v 7.332803 0.757241 -0.350224
v 7.297386 0.486982 -0.002105
v 7.337842 0.464986 -0.035281
v 7.347208 0.087461 0.124314
v 7.304896 0.094985 0.163643
v 7.134387 0.758641 -0.089241
v 7.134387 0.759712 0.252175
v 7.134387 -0.004466 0.278292
v 7.307015 0.454603 0.180047
v 7.311191 0.067582 0.262873
v 7.134387 0.783878 0.024013
v 7.134387 -0.050046 0.375809
v 7.318660 0.436563 0.336577
v 7.319298 0.026324 0.369652
v 7.134387 -0.168635 0.611840
v 7.338947 0.392725 0.554904
v 7.339926 -0.080534 0.602904
v 7.134387 0.687874 0.716184
v 7.134387 -0.234571 0.767009
v 7.359066 0.360230 0.743514
v 7.358291 -0.141221 0.763322
v 7.134387 0.294676 2.314378
v 7.134387 -0.007034 2.322638
v 7.134387 0.155475 2.326065
v 7.134387 -0.778036 2.225027
v 7.380062 0.155475 2.326065
v 7.380062 -0.007034 2.322638
v 7.380062 -0.657033 2.240346
v 7.134387 0.353458 2.261582
v 7.134387 0.401815 2.176339
v 7.134387 -0.804564 2.088319
v 7.134387 -0.802937 2.179110
v 7.439600 0.072080 2.282907
v 7.479461 0.097613 2.201989
v 7.439649 -0.671483 2.191390
v 7.479207 -0.663016 2.106005
v 7.259366 0.959592 -0.598624
v 7.315705 0.935421 -0.604157
v 7.259383 1.051795 -0.760571
v 7.315717 1.029308 -0.769026
v 7.259315 0.796921 -0.336308
v 7.308114 0.767326 -0.325692
v 7.260440 0.758641 -0.089241
v 7.295487 0.722748 -0.057451
v 7.263497 0.783878 0.024013
v 7.299365 0.747902 0.056389
v 7.312563 0.723232 0.282267
v 7.275825 0.759712 0.252175
v 7.318843 0.687874 0.716184
v 7.353541 0.654870 0.718938
v 7.380062 0.260148 2.317277
v 7.344964 0.294676 2.314378
v 7.479274 0.368110 2.179167
v 7.444839 0.401817 2.176324
v 7.407881 0.353458 2.261577
v 7.442323 0.319106 2.264181
v 7.319283 -0.078685 -0.235323
v 7.279959 -0.090666 -0.196745
v 7.242246 -0.101939 -0.226396
v 7.254320 -0.085326 -0.289788
v 7.134387 -0.085388 -0.289697
v 7.134387 -0.098107 -0.227081
v 7.296288 0.028168 0.133670
v 7.277050 -0.013706 0.088593
v 7.289309 -0.016899 0.077572
v 7.331117 0.022168 0.101404
v 7.134387 -0.017735 0.108864
v 7.134387 0.021495 0.158771
v 6.935972 0.629095 -0.674279
v 7.014929 0.537080 -0.695342
v 6.935972 0.722788 -0.884280
v 7.014929 0.636463 -0.916738
v 6.935972 0.433653 -0.463705
v 7.014929 0.348181 -0.493680
v 6.935972 0.250491 -0.358799
v 7.014929 0.212006 -0.416844
v 7.014929 -0.043136 -0.351384
v 6.935972 -0.035210 -0.284975
v 6.935972 0.917432 -0.608275
v 6.935972 1.012592 -0.775311
v 6.935972 0.757241 -0.350224
v 6.971388 0.486982 -0.002105
v 6.930933 0.464986 -0.035281
v 6.921566 0.087461 0.124314
v 6.963878 0.094985 0.163643
v 6.961759 0.454603 0.180047
v 6.957584 0.067582 0.262873
v 6.950114 0.436563 0.336577
v 6.949476 0.026324 0.369652
v 6.929827 0.392725 0.554904
v 6.928848 -0.080534 0.602904
v 6.909708 0.360230 0.743514
v 6.910484 -0.141221 0.763322
v 6.888713 0.155475 2.326065
v 6.888713 -0.007034 2.322638
v 6.888713 -0.657033 2.240346
v 6.829174 0.072080 2.282907
v 6.789313 0.097613 2.201989
v 6.829126 -0.671483 2.191390
v 6.789567 -0.663016 2.106005
v 7.009408 0.959592 -0.598624
v 6.953070 0.935421 -0.604157
v 7.009392 1.051795 -0.760571
v 6.953058 1.029308 -0.769026
v 7.009459 0.796921 -0.336308
v 6.960661 0.767326 -0.325692
v 7.008334 0.758641 -0.089241
v 6.973287 0.722748 -0.057451
v 7.005277 0.783878 0.024013
v 6.969409 0.747902 0.056389
v 6.956211 0.723232 0.282267
v 6.992949 0.759712 0.252175
v 6.949931 0.687874 0.716184
v 6.915234 0.654870 0.718938
v 6.888713 0.260148 2.317277
v 6.923810 0.294676 2.314378
v 6.789500 0.368110 2.179167
v 6.823936 0.401817 2.176324
v 6.860894 0.353458 2.261577
v 6.826451 0.319106 2.264181
v 6.949491 -0.078685 -0.235323
v 6.988816 -0.090666 -0.196745
v 7.026528 -0.101939 -0.226396
v 7.014454 -0.085326 -0.289788
v 6.972487 0.028168 0.133670
v 6.991724 -0.013706 0.088593
v 6.979465 -0.016899 0.077572
v 6.937658 0.022168 0.101404
v 7.291913 1.048113 -0.768383
v 7.352538 0.988420 -0.787355
v 7.187903 0.997617 -1.961604
v 7.291913 1.175597 -1.092468
v 7.187903 0.967923 -2.003994
v 7.352538 1.109124 -1.092468
v 7.187903 1.130467 -1.952563
v 7.256841 0.643408 -0.913664
v 7.256841 0.658501 -1.082633
v 7.187903 1.165629 -1.990541
v 7.346138 0.719156 -0.879027
v 7.187903 1.043336 -2.633433
v 7.352538 0.736165 -0.873034
v 7.187903 1.008173 -2.595456
v 7.352538 0.747169 -1.085090
v 7.346138 0.729831 -1.084728
v 7.187903 1.176186 -2.624393
v 7.291913 1.241842 -1.342927
v 7.352538 1.175369 -1.342927
v 7.187903 1.205879 -2.582002
v 7.256841 0.676708 -1.331452
v 7.352538 0.761423 -1.333910
v 7.346138 0.744085 -1.333547
v 7.291913 1.268892 -1.514650
v 7.352538 1.195862 -1.514650
v 7.256841 0.685342 -1.503175
v 7.352538 0.770058 -1.505633
v 7.346138 0.752719 -1.505270
v 7.291913 1.367082 -2.779714
v 7.352538 1.294051 -2.779714
v 7.256841 0.786378 -2.808082
v 7.352538 0.871093 -2.810540
v 7.346138 0.853755 -2.810177
v 7.140920 1.175597 -1.092468
v 7.140920 1.048113 -0.768383
v 7.140920 0.988420 -0.787355
v 7.140920 1.241842 -1.342927
v 7.140920 1.268892 -1.514650
v 7.140920 1.367082 -2.779714
v 7.140920 0.658501 -1.082633
v 7.140920 0.643408 -0.913664
v 7.140920 0.786378 -2.808082
v 7.256841 0.710077 -1.822627
v 7.291913 1.292930 -1.824347
v 7.352538 1.219900 -1.824347
v 7.352538 0.794792 -1.825084
v 7.346138 0.777454 -1.824722
v 7.140920 1.292930 -1.824347
v 7.140920 0.710077 -1.822627
v 7.140920 0.644723 -1.083555
v 7.170920 0.644723 -1.083555
v 7.140920 0.662930 -1.332374
v 7.170920 0.662930 -1.332374
v 7.140920 0.671564 -1.504097
v 7.225146 0.671564 -1.504097
v 7.225146 0.696299 -1.823549
v 7.140920 0.696299 -1.823549
v 7.140920 0.608205 -1.157371
v 7.170920 0.608205 -1.157371
v 7.140920 0.613513 -1.229907
v 7.170920 0.613513 -1.229907
v 7.140920 0.633279 -1.658693
v 7.205260 0.633279 -1.658693
v 7.205260 0.640489 -1.751820
v 7.140920 0.640489 -1.751820
v 7.140920 0.569961 -1.172222
v 7.170920 0.569961 -1.172222
v 7.140920 0.573514 -1.220782
v 7.170920 0.573514 -1.220782
v 7.140920 0.595362 -1.677112
v 7.191378 0.595362 -1.677112
v 7.191378 0.600189 -1.739457
v 7.140920 0.600189 -1.739457
v 7.140920 0.360466 -1.323852
v 7.173439 0.360466 -1.323852
v 7.140920 0.404088 -1.327144
v 7.173439 0.404088 -1.327144
v 7.140920 0.434852 -1.585745
v 7.151981 0.434852 -1.585745
v 7.173439 0.381394 -1.587503
v 7.140920 0.381394 -1.587503
v 7.140920 0.401228 -1.238492
v 7.140920 0.487442 -1.180585
v 7.140920 0.438712 -1.204628
v 7.170928 0.487472 -1.180583
v 7.173439 0.401168 -1.238595
v 7.171375 0.438693 -1.204674
v 7.173439 0.423131 -1.272710
v 7.170928 0.510594 -1.225041
v 7.171375 0.460511 -1.245226
v 7.140920 0.510542 -1.225045
v 7.140920 0.423141 -1.272697
v 7.140920 0.460503 -1.245221
v 7.140920 0.445896 -1.610544
v 7.140920 0.536825 -1.676234
v 7.140920 0.488249 -1.653331
v 7.159525 0.414257 -1.657156
v 7.167868 0.498661 -1.714626
v 7.159525 0.449622 -1.692095
v 7.140920 0.498613 -1.714615
v 7.140920 0.414286 -1.657207
v 7.140920 0.449617 -1.692107
v 7.167868 0.536872 -1.676246
v 7.151981 0.445860 -1.610477
v 7.159525 0.488251 -1.653311
v 6.989926 1.048113 -0.768383
v 6.929302 0.988420 -0.787355
v 6.989926 1.175597 -1.092468
v 6.929302 1.109124 -1.092468
v 7.024998 0.643408 -0.913664
v 7.024998 0.658501 -1.082633
v 6.935702 0.719156 -0.879027
v 6.929302 0.736165 -0.873034
v 6.929302 0.747169 -1.085090
v 6.935702 0.729831 -1.084728
v 6.989926 1.241842 -1.342927
v 6.929302 1.175369 -1.342927
v 7.024998 0.676708 -1.331452
v 6.929302 0.761423 -1.333910
v 6.935702 0.744085 -1.333547
v 6.989926 1.268892 -1.514650
v 6.929302 1.195862 -1.514650
v 7.024998 0.685342 -1.503175
v 6.929302 0.770058 -1.505633
v 6.935702 0.752719 -1.505270
v 6.989926 1.367082 -2.779714
v 6.929302 1.294051 -2.779714
v 7.024998 0.786378 -2.808082
v 6.929302 0.871093 -2.810540
v 6.935702 0.853755 -2.810177
v 7.024998 0.710077 -1.822627
v 6.989926 1.292930 -1.824347
v 6.929302 1.219900 -1.824347
v 6.929302 0.794792 -1.825084
v 6.935702 0.777454 -1.824722
v 7.110919 0.644723 -1.083555
v 7.110919 0.662930 -1.332374
v 7.056694 0.671564 -1.504097
v 7.056694 0.696299 -1.823549
v 7.110919 0.608205 -1.157371
v 7.110919 0.613513 -1.229907
v 7.076579 0.633279 -1.658693
v 7.076579 0.640489 -1.751820
v 7.110919 0.569961 -1.172222
v 7.110919 0.573514 -1.220782
v 7.090462 0.595362 -1.677112
v 7.090462 0.600189 -1.739457
v 7.108401 0.360466 -1.323852
v 7.108401 0.404088 -1.327144
v 7.129858 0.434852 -1.585745
v 7.108401 0.381394 -1.587503
v 7.110911 0.487472 -1.180583
v 7.108401 0.401168 -1.238595
v 7.110465 0.438693 -1.204674
v 7.108401 0.423131 -1.272710
v 7.110911 0.510594 -1.225041
v 7.110465 0.460511 -1.245226
v 7.122315 0.414257 -1.657156
v 7.113972 0.498661 -1.714626
v 7.122315 0.449622 -1.692095
v 7.113972 0.536872 -1.676246
v 7.129858 0.445860 -1.610477
v 7.122315 0.488251 -1.653311
v 7.352538 0.997617 -1.961604
v 7.352538 1.130467 -1.952563
v 7.352538 0.967923 -2.003994
v 7.352538 1.165629 -1.990541
v 7.352538 1.205879 -2.582002
v 7.352538 1.043336 -2.633433
v 7.352538 1.176186 -2.624393
v 7.352538 1.008173 -2.595456
v 7.352538 1.233778 -2.003162
v 7.352538 1.287373 -2.693668
v 7.352538 0.869636 -2.791719
v 7.352538 0.796164 -1.842800
v 7.352538 1.175183 -1.888455
v 7.352538 1.235119 -2.702053
v 7.352538 1.199704 -1.996851
v 7.352538 1.246626 -2.637835
v 7.352538 0.938905 -2.693588
v 7.352538 0.957215 -2.721986
v 7.352538 0.896204 -1.893344
v 7.352538 0.882044 -1.923397
v 7.140920 1.353575 -2.605691
v 7.291913 1.353575 -2.605691
v 7.352538 1.000842 -2.487720
v 7.352538 1.198547 -2.474266
v 7.346138 0.839856 -2.630673
v 7.256841 0.772479 -2.628578
v 6.989926 1.353575 -2.605691
v 6.929302 1.280544 -2.605691
v 6.929302 0.857195 -2.631036
v 6.935702 0.839856 -2.630673
v 7.024998 0.772479 -2.628578
v 7.187903 1.198547 -2.474266
v 7.187903 1.000842 -2.487720
v 7.352538 1.277611 -2.567891
v 7.352538 0.856253 -2.618871
v 7.352538 0.928547 -2.553296
v 7.352538 1.238079 -2.521078
v 7.140920 1.307853 -2.016613
v 7.291913 1.307853 -2.016613
v 7.352538 0.976024 -2.123025
v 7.346138 0.792809 -2.023043
v 7.256841 0.725432 -2.020947
v 6.989926 1.307853 -2.016613
v 6.929302 1.234823 -2.016613
v 6.929302 0.810148 -2.023405
v 6.935702 0.792809 -2.023043
v 7.024998 0.725432 -2.020947
v 7.187903 1.173729 -2.109571
v 7.352538 1.244564 -2.142125
v 7.352538 0.810950 -2.033768
v 7.352538 0.893487 -2.078396
v 7.352538 1.209147 -2.125848
v 7.352538 1.173729 -2.109571
v 7.187903 0.976024 -2.123025
v 7.216515 0.772479 -2.628578
v 7.065324 0.772479 -2.628578
v 7.140920 0.778315 -2.703948
v 7.065324 0.725432 -2.020947
v 7.216515 0.725432 -2.020947
v 7.140920 0.719596 -1.945578
v 7.216515 0.805431 -2.628578
v 7.065324 0.805431 -2.628578
v 7.065324 0.758384 -2.020947
v 7.216515 0.758384 -2.020947
v 7.216515 0.997673 -2.628578
v 7.065324 0.997673 -2.628578
v 7.065324 0.950626 -2.020947
v 7.216515 0.950626 -2.020947
vn -0.0000 -0.5774 0.8165
vn -0.0000 -0.9045 0.4264
vn -0.4264 -0.9045 -0.0000
vn -0.8165 -0.5774 -0.0000
vn -0.0000 -0.9045 -0.4264
vn -0.0000 -0.5774 -0.8165
vn 0.4264 -0.9045 -0.0000
vn 0.8165 -0.5774 -0.0000
vn -0.5352 0.8447 -0.0000
vn -0.0000 0.8447 -0.5352
vn -0.0000 0.5683 -0.8228
vn -0.8229 0.5683 -0.0000
vn 0.5352 0.8447 -0.0000
vn -0.0000 0.8447 0.5352
vn -0.0000 0.5683 0.8229
vn 0.8229 0.5683 -0.0000
vn -0.9730 0.2309 -0.0000
vn -0.0000 0.2309 -0.9730
vn 0.9730 0.2309 -0.0000
vn -0.0000 0.2309 0.9730
vn -0.6663 0.0565 0.7435
vn -0.5764 0.7150 0.3956
vn -0.5762 0.3772 -0.7251
vn -0.7096 -0.2139 -0.6713
vn -0.0000 -0.3032 -0.9529
vn -0.0000 0.4616 -0.8871
vn 0.5762 0.3772 -0.7251
vn 0.7096 -0.2139 -0.6713
vn 0.5764 0.7150 0.3956
vn 0.6663 0.0565 0.7435
vn -0.7529 0.0499 0.6563
vn -0.2240 0.9612 0.1607
vn -0.7510 -0.0734 -0.6563
vn -0.6538 -0.2774 0.7040
vn -0.7332 0.1258 -0.6683
vn -0.7228 -0.3703 0.5834
vn 0.6538 -0.2774 0.7040
vn 0.7510 -0.0734 -0.6563
vn -0.7695 -0.2341 0.5942
vn -0.0000 -0.1111 -0.9938
vn -0.6920 -0.3869 0.6095
vn -0.6827 -0.4184 0.5991
vn -0.7333 -0.3893 0.5575
vn 0.7332 0.1258 -0.6683
vn -0.0000 0.1850 -0.9827
vn 0.7228 -0.3703 0.5834
vn -0.6949 -0.5043 0.5126
vn -0.7197 -0.4869 0.4949
vn 0.7367 0.2789 -0.6161
vn -0.0000 0.4124 -0.9110
vn 0.6827 -0.4184 0.5991
vn -0.7367 0.2789 -0.6161
vn 0.7168 0.3904 -0.5778
vn 0.6949 -0.5043 0.5126
vn 0.6286 -0.7342 0.2564
vn 0.5531 -0.3501 -0.7559
vn -0.0000 0.5599 -0.8286
vn -0.7168 0.3904 -0.5778
vn -0.0000 -0.4203 -0.9074
vn 0.1478 -0.9834 0.1054
vn -0.5531 -0.3501 -0.7559
vn -0.6286 -0.7342 0.2564
vn -0.1478 -0.9834 0.1054
vn 0.7197 -0.4869 0.4949
vn -0.7229 -0.3703 0.5834
vn 0.7333 -0.3893 0.5575
vn 0.6227 -0.7479 0.2302
vn 0.7695 -0.2341 0.5942
vn 0.6920 -0.3869 0.6095
vn 0.7529 0.0499 0.6563
vn 0.2240 0.9612 0.1607
vn 0.6021 0.5994 0.5275
vn 0.6664 0.0567 0.7434
vn 0.7229 -0.3703 0.5834
vn -0.6021 0.5994 0.5275
vn -0.6227 -0.7479 0.2302
vn -0.6664 0.0567 0.7434
vn 0.0015 -0.9973 -0.0731
vn 1.0000 -0.0000 -0.0000
vn -0.0000 0.9838 -0.1791
vn -0.0000 0.6735 0.7392
vn 0.1476 0.6632 0.7337
vn 0.1952 0.9635 -0.1831
vn 0.3048 0.6123 0.7295
vn 0.4022 0.8944 -0.1956
vn 0.4573 0.5221 0.7199
vn 0.5990 0.7713 -0.2151
vn 0.5981 0.3798 0.7057
vn 0.7766 0.5825 -0.2400
vn 0.7029 0.1814 0.6877
vn 0.9068 0.3265 -0.2665
vn 0.7412 -0.0560 0.6690
vn 0.9568 0.0245 -0.2897
vn 0.6984 -0.2923 0.6533
vn 0.9105 -0.2792 -0.3050
vn 0.5907 -0.4879 0.6426
vn 0.7824 -0.5397 -0.3109
vn 0.4495 -0.6268 0.6364
vn 0.6050 -0.7337 -0.3094
vn 0.2986 -0.7142 0.6331
vn 0.4068 -0.8612 -0.3048
vn 0.1444 -0.7631 0.6300
vn 0.1976 -0.9331 -0.3006
vn -0.0000 -0.7733 0.6340
vn -0.0000 -0.9543 -0.2989
vn 0.5981 -0.7347 -0.3201
vn 0.4011 -0.8606 -0.3140
vn 0.3849 -0.8783 0.2836
vn 0.5741 -0.7595 0.3058
vn 0.1898 0.9629 -0.1920
vn -0.0000 0.9825 -0.1860
vn 0.3963 0.8951 -0.2045
vn 0.5916 0.7740 -0.2257
vn 0.7690 0.5868 -0.2535
vn 0.9002 0.3309 -0.2832
vn 0.9511 0.0270 -0.3078
vn 0.9047 -0.2793 -0.3217
vn 0.7758 -0.5412 -0.3243
vn 0.1922 -0.9312 -0.3097
vn -0.0000 -0.9519 -0.3063
vn 0.5818 0.7072 0.4018
vn 0.3906 0.8315 0.3950
vn 0.1835 -0.9453 0.2697
vn 0.7532 0.5175 0.4061
vn -0.0000 -0.9651 0.2620
vn 0.8767 0.2625 0.4031
vn 0.9206 -0.0344 0.3889
vn 0.8715 -0.3286 0.3641
vn 0.7453 -0.5770 0.3341
vn 0.1863 0.9019 0.3896
vn -0.0000 0.9231 0.3845
vn 0.1938 0.9059 0.3766
vn -0.0000 0.9271 0.3747
vn 0.3998 0.8334 0.3816
vn 0.5929 0.7070 0.3855
vn 0.7646 0.5165 0.3855
vn 0.8876 0.2632 0.3780
vn 0.9318 -0.0306 0.3617
vn 0.8839 -0.3227 0.3386
vn 0.7586 -0.5717 0.3127
vn 0.5866 -0.7568 0.2883
vn 0.3948 -0.8786 0.2687
vn 0.1912 -0.9479 0.2549
vn -0.0000 -0.9681 0.2507
vn 0.5685 0.7377 -0.3641
vn 0.7353 0.5562 -0.3873
vn 0.4699 0.4128 -0.7802
vn 0.3620 0.5289 -0.7676
vn 0.9053 0.0250 -0.4241
vn 0.8573 0.3120 -0.4095
vn 0.9251 0.3185 -0.2069
vn 0.9753 0.0103 -0.2206
vn 0.9220 -0.3193 0.2191
vn 0.7874 -0.5818 0.2035
vn 0.7919 -0.5800 0.1912
vn 0.9251 -0.3185 0.2069
vn 0.7919 0.5800 -0.1912
vn 0.1949 -0.9657 0.1713
vn -0.0000 -0.9858 0.1679
vn -0.0000 -0.9876 0.1572
vn 0.1981 -0.9671 0.1593
vn 0.6100 0.7725 -0.1767
vn 0.7895 0.5668 0.2354
vn 0.9232 0.3030 0.2364
vn 0.9265 0.2987 0.2290
vn 0.7939 0.5623 0.2316
vn 0.3825 0.8571 -0.3450
vn 0.6285 0.6372 -0.4460
vn 0.1851 0.9247 -0.3327
vn 0.1309 0.4842 -0.8651
vn 0.6051 -0.7735 0.1888
vn 0.6100 -0.7725 0.1767
vn -0.0000 0.9450 -0.3271
vn -0.0000 0.4838 -0.8752
vn 0.9729 -0.0084 0.2311
vn 0.9753 -0.0103 0.2206
vn 0.1897 -0.9029 -0.3858
vn -0.0000 -0.9243 -0.3816
vn -0.0000 -0.5378 -0.8430
vn 0.1201 -0.5301 -0.8394
vn 0.5499 0.2554 -0.7952
vn 0.5816 0.0690 -0.8106
vn 0.8646 -0.2649 -0.4270
vn 0.5548 -0.1191 -0.8234
vn 0.7467 -0.5162 -0.4196
vn 0.4777 -0.2810 -0.8324
vn 0.1168 0.6499 -0.7510
vn -0.0000 0.6575 -0.7535
vn 0.5801 -0.7056 -0.4070
vn 0.3701 -0.4020 -0.8375
vn 0.2429 0.6048 -0.7584
vn 0.3914 -0.8313 -0.3947
vn 0.2492 -0.4821 -0.8399
vn 0.2129 0.6726 -0.7087
vn -0.0000 0.7276 -0.6860
vn 0.4155 0.5859 -0.6958
vn 0.5388 0.4543 -0.7094
vn 0.6297 0.2765 -0.7260
vn 0.6661 0.0665 -0.7429
vn 0.6366 -0.1461 -0.7572
vn 0.5496 -0.3303 -0.7673
vn 0.4265 -0.4687 -0.7736
vn 0.2205 -0.5585 -0.7997
vn -0.0000 -0.6191 -0.7853
vn 0.8947 0.0375 -0.4452
vn 0.8567 0.2954 -0.4229
vn 0.8604 -0.2220 -0.4588
vn 0.7605 -0.4578 -0.4606
vn 0.6102 -0.6534 -0.4480
vn 0.3505 -0.8406 -0.4129
vn 0.3413 0.8919 -0.2968
vn -0.0000 0.9676 -0.2525
vn 0.6028 0.7147 -0.3546
vn -0.0000 -0.9263 -0.3767
vn 0.7541 0.5265 -0.3927
vn -0.0000 0.7115 -0.7027
vn -0.0000 0.5809 -0.8140
vn -0.0000 0.4200 -0.9075
vn -0.0000 0.2507 -0.9681
vn -0.0000 0.0858 -0.9963
vn -0.0000 -0.0831 -0.9965
vn -0.0000 -0.2652 -0.9642
vn -0.0000 -0.4462 -0.8949
vn -0.0000 -0.6268 -0.7792
vn -0.0000 -0.7460 -0.6659
vn 0.6073 0.7601 0.2312
vn 0.4048 -0.8970 0.1776
vn 0.4066 0.8850 0.2266
vn 0.4159 0.7689 0.4856
vn -0.0000 0.6687 0.7435
vn 0.7939 -0.5623 -0.2316
vn 0.9265 -0.2987 -0.2290
vn 0.6117 -0.7568 -0.2302
vn 0.9256 -0.1545 0.3455
vn 0.6108 0.6380 0.4690
vn 0.9074 -0.1471 -0.3937
vn 0.4088 -0.8974 0.1659
vn 0.4100 -0.8833 -0.2273
vn 0.6117 0.7568 0.2302
vn 0.1987 -0.9539 -0.2250
vn -0.0000 -0.9746 -0.2241
vn 0.7153 0.2227 0.6623
vn -0.0000 0.9989 0.0464
vn 0.1996 0.9788 0.0451
vn 0.2008 0.9786 0.0450
vn 0.4112 0.9106 0.0408
vn 0.4134 0.9097 0.0408
vn 0.6160 0.7870 0.0333
vn 0.6188 0.7848 0.0332
vn 0.8046 0.5935 0.0219
vn 0.8071 0.5900 0.0217
vn 0.9457 0.3250 0.0065
vn 0.9470 0.3211 0.0062
vn 0.9999 0.0037 -0.0114
vn 0.9999 0.0009 -0.0116
vn 0.9475 -0.3184 -0.0288
vn 0.9472 -0.3193 -0.0288
vn 0.8071 -0.5888 -0.0428
vn 0.8074 -0.5884 -0.0428
vn 0.6183 -0.7841 -0.0527
vn 0.6191 -0.7836 -0.0526
vn 0.4128 -0.9089 -0.0587
vn 0.6063 -0.7887 0.1022
vn 0.2004 -0.9777 -0.0620
vn 0.1458 -0.7351 0.6621
vn -0.0000 -0.9980 -0.0629
vn -0.0000 -0.7031 0.7111
vn 0.7162 -0.6962 -0.0482
vn 0.6226 -0.7808 -0.0525
vn 0.6201 -0.7827 -0.0526
vn 0.9480 -0.3182 -0.0053
vn 0.9478 -0.3174 -0.0287
vn 0.8361 -0.5471 -0.0407
vn 0.8378 -0.5459 -0.0060
vn 0.9999 -0.0009 0.0109
vn 0.9482 0.3163 0.0294
vn 0.9477 0.3192 0.0061
vn 0.8102 0.5842 0.0472
vn 0.8088 0.5876 0.0215
vn 0.6230 0.7797 0.0627
vn 0.6210 0.7832 0.0331
vn 0.4175 0.9055 0.0754
vn 0.4151 0.9089 0.0407
vn 0.2218 0.9713 0.0862
vn 0.2018 0.9784 0.0450
vn -0.0000 0.9958 0.0919
vn 0.2483 0.9091 -0.3344
vn 0.3793 0.8651 -0.3282
vn 0.5702 0.7488 -0.3380
vn 0.7431 0.5680 -0.3536
vn 0.8702 0.3217 -0.3733
vn 0.9189 0.0310 -0.3933
vn 0.8739 -0.2612 -0.4100
vn 0.7491 -0.5110 -0.4216
vn 0.6243 -0.7812 0.0068
vn 0.5764 -0.6956 -0.4288
vn 0.4190 -0.9079 0.0108
vn 0.3841 -0.8151 -0.4338
vn 0.2404 -0.9704 0.0209
vn 0.2522 -0.8594 -0.4447
vn -0.0000 -0.9996 0.0284
vn -0.0000 -0.9130 -0.4080
vn 0.5164 -0.8545 -0.0560
vn 0.2025 -0.9773 -0.0620
vn 0.2015 -0.9775 -0.0620
vn 0.3090 -0.9491 -0.0606
vn -0.0000 -0.1091 -0.9940
vn 0.0539 -0.1089 -0.9926
vn -0.0000 0.9575 -0.2884
vn 0.1095 0.3961 -0.9117
vn -0.0000 0.4550 -0.8905
vn 0.1518 0.4018 -0.9031
vn 0.2276 0.3601 -0.9047
vn 0.2971 0.2904 -0.9096
vn 0.3487 0.1922 -0.9173
vn 0.3691 0.0747 -0.9264
vn 0.3516 -0.0438 -0.9351
vn 0.3018 -0.1444 -0.9424
vn 0.2324 -0.2164 -0.9482
vn 0.1556 -0.2598 -0.9530
vn 0.1127 -0.2530 -0.9609
vn -0.0000 -0.3163 -0.9487
vn 0.6198 -0.7830 -0.0526
vn 0.7737 -0.6320 -0.0441
vn -0.7375 0.6654 0.1154
vn -0.0294 -0.0139 0.9995
vn -0.1952 0.9635 -0.1831
vn -0.1476 0.6632 0.7337
vn -0.4022 0.8944 -0.1956
vn -0.3048 0.6123 0.7295
vn -0.5990 0.7713 -0.2151
vn -0.4573 0.5221 0.7199
vn -0.7766 0.5825 -0.2400
vn -0.5981 0.3798 0.7057
vn -0.9068 0.3265 -0.2665
vn -0.7029 0.1814 0.6877
vn -0.9568 0.0245 -0.2897
vn -0.7412 -0.0560 0.6690
vn -0.9105 -0.2792 -0.3050
vn -0.6984 -0.2923 0.6533
vn -0.7824 -0.5397 -0.3109
vn -0.5907 -0.4879 0.6426
vn -0.6050 -0.7337 -0.3094
vn -0.4496 -0.6268 0.6364
vn -0.4068 -0.8612 -0.3048
vn -0.2986 -0.7142 0.6331
vn -0.1976 -0.9331 -0.3006
vn -0.1444 -0.7631 0.6300
vn -0.5981 -0.7347 -0.3201
vn -0.5741 -0.7595 0.3058
vn -0.3849 -0.8783 0.2836
vn -0.4011 -0.8606 -0.3140
vn -0.1898 0.9629 -0.1920
vn -0.3963 0.8951 -0.2045
vn -0.5916 0.7740 -0.2257
vn -0.7690 0.5868 -0.2535
vn -0.9002 0.3309 -0.2832
vn -0.9511 0.0270 -0.3078
vn -0.9047 -0.2793 -0.3217
vn -0.7758 -0.5412 -0.3243
vn -0.1922 -0.9312 -0.3097
vn -0.3906 0.8315 0.3950
vn -0.5818 0.7072 0.4018
vn -0.1835 -0.9453 0.2697
vn -0.7532 0.5175 0.4061
vn -0.8767 0.2625 0.4031
vn -0.9206 -0.0344 0.3889
vn -0.8715 -0.3286 0.3641
vn -0.7453 -0.5770 0.3341
vn -0.1863 0.9019 0.3896
vn -0.1938 0.9059 0.3766
vn -0.3998 0.8334 0.3816
vn -0.5929 0.7070 0.3855
vn -0.7646 0.5165 0.3855
vn -0.8876 0.2632 0.3780
vn -0.9318 -0.0306 0.3617
vn -0.8839 -0.3227 0.3386
vn -0.7585 -0.5717 0.3127
vn -0.5866 -0.7568 0.2883
vn -0.3948 -0.8786 0.2687
vn -0.1912 -0.9479 0.2549
vn -0.5685 0.7377 -0.3641
vn -0.3620 0.5289 -0.7676
vn -0.4699 0.4128 -0.7802
vn -0.7353 0.5562 -0.3873
vn -0.9053 0.0250 -0.4241
vn -0.9753 0.0103 -0.2206
vn -0.9251 0.3185 -0.2069
vn -0.8573 0.3120 -0.4095
vn -0.9220 -0.3193 0.2191
vn -0.9251 -0.3185 0.2069
vn -0.7919 -0.5800 0.1912
vn -0.7874 -0.5818 0.2035
vn -0.7919 0.5800 -0.1912
vn -0.1949 -0.9657 0.1713
vn -0.1981 -0.9671 0.1593
vn -0.6100 0.7725 -0.1767
vn -0.7895 0.5668 0.2354
vn -0.7939 0.5623 0.2316
vn -0.9265 0.2987 0.2290
vn -0.9232 0.3030 0.2364
vn -0.6285 0.6372 -0.4460
vn -0.3825 0.8571 -0.3450
vn -0.1309 0.4842 -0.8651
vn -0.1851 0.9247 -0.3327
vn -0.6100 -0.7725 0.1767
vn -0.6051 -0.7735 0.1888
vn -0.9753 -0.0103 0.2206
vn -0.9729 -0.0084 0.2311
vn -0.1897 -0.9029 -0.3858
vn -0.1201 -0.5301 -0.8394
vn -0.5499 0.2554 -0.7952
vn -0.5816 0.0690 -0.8106
vn -0.5548 -0.1191 -0.8234
vn -0.8646 -0.2649 -0.4270
vn -0.4777 -0.2810 -0.8324
vn -0.7467 -0.5162 -0.4196
vn -0.1168 0.6499 -0.7510
vn -0.3701 -0.4020 -0.8375
vn -0.5801 -0.7056 -0.4070
vn -0.2429 0.6048 -0.7584
vn -0.2492 -0.4821 -0.8399
vn -0.3914 -0.8313 -0.3947
vn -0.2129 0.6726 -0.7087
vn -0.4155 0.5859 -0.6958
vn -0.5388 0.4543 -0.7094
vn -0.6296 0.2765 -0.7260
vn -0.6661 0.0666 -0.7429
vn -0.6366 -0.1461 -0.7572
vn -0.5497 -0.3303 -0.7673
vn -0.4265 -0.4687 -0.7736
vn -0.2205 -0.5585 -0.7997
vn -0.8567 0.2954 -0.4229
vn -0.8947 0.0375 -0.4452
vn -0.8604 -0.2220 -0.4588
vn -0.7605 -0.4578 -0.4606
vn -0.6102 -0.6534 -0.4480
vn -0.3505 -0.8406 -0.4129
vn -0.3413 0.8919 -0.2968
vn -0.6028 0.7147 -0.3546
vn -0.7541 0.5265 -0.3927
vn -0.6073 0.7601 0.2312
vn -0.4048 -0.8970 0.1776
vn -0.4066 0.8850 0.2266
vn -0.4159 0.7689 0.4856
vn -0.9265 -0.2987 -0.2290
vn -0.7939 -0.5623 -0.2316
vn -0.6117 -0.7568 -0.2302
vn -0.9256 -0.1545 0.3455
vn -0.9074 -0.1471 -0.3937
vn -0.6108 0.6380 0.4690
vn -0.4100 -0.8833 -0.2273
vn -0.4088 -0.8974 0.1659
vn -0.6117 0.7568 0.2302
vn -0.1987 -0.9539 -0.2250
vn -0.7153 0.2227 0.6623
vn -0.2008 0.9786 0.0450
vn -0.1996 0.9788 0.0451
vn -0.4134 0.9097 0.0408
vn -0.4112 0.9106 0.0408
vn -0.6188 0.7848 0.0332
vn -0.6160 0.7870 0.0333
vn -0.8071 0.5900 0.0217
vn -0.8046 0.5935 0.0219
vn -0.9470 0.3211 0.0062
vn -0.9457 0.3250 0.0065
vn -0.9999 0.0009 -0.0116
vn -0.9999 0.0037 -0.0114
vn -0.9472 -0.3193 -0.0288
vn -0.9475 -0.3184 -0.0288
vn -0.8074 -0.5884 -0.0428
vn -0.8071 -0.5888 -0.0428
vn -0.6191 -0.7836 -0.0526
vn -0.6183 -0.7841 -0.0527
vn -0.6063 -0.7887 0.1022
vn -0.4128 -0.9089 -0.0587
vn -0.1458 -0.7351 0.6621
vn -0.2004 -0.9777 -0.0620
vn -0.7162 -0.6962 -0.0482
vn -0.6201 -0.7827 -0.0526
vn -0.6226 -0.7808 -0.0525
vn -0.9480 -0.3182 -0.0053
vn -0.8378 -0.5459 -0.0060
vn -0.8361 -0.5471 -0.0407
vn -0.9478 -0.3174 -0.0287
vn -0.9999 -0.0009 0.0109
vn -0.9482 0.3163 0.0294
vn -0.9477 0.3192 0.0061
vn -0.8102 0.5842 0.0472
vn -0.8088 0.5876 0.0215
vn -0.6230 0.7797 0.0627
vn -0.6210 0.7832 0.0331
vn -0.4175 0.9055 0.0754
vn -0.4151 0.9089 0.0407
vn -0.2218 0.9713 0.0862
vn -0.2018 0.9784 0.0450
vn -0.2483 0.9092 -0.3344
vn -0.3793 0.8651 -0.3282
vn -0.5702 0.7488 -0.3380
vn -0.7432 0.5680 -0.3536
vn -0.8702 0.3217 -0.3733
vn -0.9189 0.0310 -0.3933
vn -0.8739 -0.2612 -0.4100
vn -0.7491 -0.5110 -0.4216
vn -0.5764 -0.6956 -0.4288
vn -0.6243 -0.7812 0.0068
vn -0.3841 -0.8151 -0.4338
vn -0.4190 -0.9079 0.0108
vn -0.2522 -0.8594 -0.4447
vn -0.2404 -0.9704 0.0209
vn -0.5164 -0.8545 -0.0560
vn -0.2025 -0.9773 -0.0620
vn -0.3090 -0.9491 -0.0606
vn -0.2015 -0.9775 -0.0620
vn -0.0539 -0.1089 -0.9926
vn -0.1095 0.3961 -0.9117
vn -0.1518 0.4018 -0.9031
vn -0.2276 0.3601 -0.9047
vn -0.2971 0.2904 -0.9096
vn -0.3487 0.1922 -0.9173
vn -0.3691 0.0747 -0.9264
vn -0.3516 -0.0438 -0.9351
vn -0.3018 -0.1444 -0.9424
vn -0.2324 -0.2164 -0.9482
vn -0.1556 -0.2598 -0.9530
vn -0.1127 -0.2530 -0.9609
vn -0.6198 -0.7830 -0.0526
vn -0.7737 -0.6320 -0.0441
vn 0.7375 0.6654 0.1154
vn 0.0294 -0.0139 0.9995
vn -0.0000 -0.9703 -0.2419
vn 0.3401 -0.9066 -0.2499
vn 0.3398 -0.9377 -0.0724
vn -0.0000 -0.9971 -0.0755
vn -0.0000 -0.9984 -0.0567
vn 0.3402 -0.9388 -0.0533
vn 0.3221 -0.9055 0.2764
vn -0.0000 -0.9611 0.2761
vn 0.1715 -0.5439 0.8215
vn 0.4211 -0.3134 0.8511
vn 0.1549 0.2978 0.9420
vn -0.4407 0.4339 0.7858
vn -0.0000 0.4692 0.8831
vn -0.0000 -0.5293 0.8484
vn 0.9055 -0.4237 -0.0240
vn 0.8447 -0.4243 0.3262
vn 0.8906 -0.3901 -0.2336
vn 0.6903 0.6977 -0.1914
vn 0.7065 0.7072 0.0250
vn 0.9047 -0.4242 -0.0390
vn 0.7737 0.5991 0.2064
vn 0.6157 0.6351 0.4665
vn -0.4807 0.8752 -0.0541
vn 0.4459 0.6172 -0.6482
vn -0.6093 0.7242 -0.3228
vn -0.0674 0.3854 -0.9203
vn -0.5651 0.5541 -0.6113
vn 0.0483 -0.1266 -0.9908
vn 0.1832 0.0059 -0.9830
vn 0.6727 -0.2580 -0.6935
vn 0.2602 -0.6627 -0.7022
vn -0.0000 -0.1086 -0.9941
vn -0.0000 -0.6977 -0.7164
vn -0.0000 0.6149 -0.7886
vn 0.6508 0.7179 0.2473
vn -0.6292 0.7406 0.2357
vn -0.5513 0.7640 0.3351
vn -0.5448 0.7995 0.2528
vn -0.5590 0.8279 0.0471
vn -0.7377 0.6713 0.0717
vn -0.0000 0.9980 0.0628
vn -0.7596 0.6475 0.0619
vn -0.0000 0.9979 0.0653
vn -0.0000 0.9979 0.0640
vn -0.7592 0.6492 0.0466
vn -0.7563 0.6503 0.0708
vn -0.0000 0.9980 0.0631
vn -0.3398 -0.9377 -0.0724
vn -0.3401 -0.9066 -0.2499
vn -0.3221 -0.9055 0.2764
vn -0.3402 -0.9388 -0.0533
vn -0.1715 -0.5439 0.8215
vn 0.4407 0.4339 0.7858
vn -0.1549 0.2978 0.9420
vn -0.4211 -0.3134 0.8511
vn -0.8447 -0.4243 0.3262
vn -0.9055 -0.4237 -0.0240
vn -0.8906 -0.3901 -0.2336
vn -0.9047 -0.4242 -0.0390
vn -0.7065 0.7072 0.0250
vn -0.6903 0.6977 -0.1914
vn -0.6157 0.6351 0.4665
vn -0.7737 0.5991 0.2064
vn 0.4807 0.8752 -0.0541
vn 0.6093 0.7242 -0.3228
vn -0.4459 0.6172 -0.6482
vn 0.5651 0.5541 -0.6113
vn 0.0674 0.3854 -0.9203
vn -0.0483 -0.1266 -0.9908
vn -0.2602 -0.6627 -0.7022
vn -0.6727 -0.2580 -0.6935
vn -0.1832 0.0059 -0.9830
vn -0.6508 0.7179 0.2473
vn 0.5513 0.7640 0.3351
vn 0.6292 0.7406 0.2357
vn 0.5448 0.7995 0.2528
vn 0.5590 0.8279 0.0471
vn 0.7377 0.6713 0.0717
vn 0.7596 0.6475 0.0619
vn 0.7592 0.6492 0.0466
vn 0.7563 0.6503 0.0708
vn -0.0000 -0.9824 0.1866
vn 0.8285 -0.3671 0.4229
vn 0.7790 -0.5287 -0.3372
vn -0.0000 -0.8850 -0.4656
vn -0.0000 -0.3844 -0.9231
vn -0.0000 0.9405 -0.3399
vn 0.1563 0.9433 -0.2928
vn 0.4415 0.8280 -0.3458
vn 0.7266 0.5140 -0.4560
vn 0.7208 -0.0125 -0.6931
vn 0.3249 -0.4204 -0.8472
vn -0.0000 -0.8324 -0.5541
vn 0.4230 -0.7478 -0.5117
vn 0.3821 -0.5578 -0.7368
vn -0.0000 -0.6178 -0.7864
vn -0.0000 -0.5734 -0.8193
vn 0.3011 -0.5276 -0.7943
vn 0.2216 -0.8866 -0.4060
vn -0.0000 -0.9150 -0.4034
vn 0.9421 0.2004 0.2689
vn 0.9985 -0.0002 -0.0540
vn 0.9047 0.2550 0.3414
vn 0.9100 0.3366 0.2420
vn 0.6609 0.6617 0.3540
vn 0.3577 -0.3448 -0.8679
vn -0.0000 -0.3732 -0.9278
vn 0.9345 -0.2285 -0.2729
vn 0.9185 -0.1467 -0.3672
vn 0.8858 -0.0809 0.4570
vn 0.8474 -0.3602 -0.3900
vn 0.9471 -0.2721 -0.1704
vn 0.9198 0.3361 0.2027
vn 0.5538 0.7155 0.4259
vn 0.1954 0.8435 0.5003
vn -0.0000 0.8596 0.5110
vn -0.0000 0.9379 0.3470
vn 0.2431 0.8995 0.3631
vn -0.0000 0.9995 -0.0328
vn 0.3562 0.9344 0.0049
vn 0.9971 0.0003 -0.0765
vn 0.9118 0.4081 -0.0467
vn 0.9138 0.4057 -0.0168
vn 0.9954 -0.0009 -0.0960
vn 0.8077 -0.5129 -0.2906
vn -0.0000 -0.9042 -0.4272
vn 0.9399 0.3393 -0.0383
vn 0.7960 -0.5241 -0.3028
vn -0.0000 -0.9097 -0.4152
vn -0.0000 0.9984 -0.0568
vn 0.3938 0.9155 -0.0824
vn 0.9955 0.0007 -0.0944
vn 0.8134 -0.5122 -0.2757
vn 0.3645 0.9265 0.0935
vn -0.0000 0.9916 0.1292
vn -0.0000 0.9850 0.1727
vn 0.3687 0.9207 0.1277
vn 0.9162 0.4005 -0.0117
vn 0.3265 0.0349 0.9446
vn 0.3219 -0.0669 0.9444
vn 0.7670 -0.0196 0.6413
vn -0.0000 -0.9196 -0.3929
vn 0.8837 0.3860 0.2647
vn 0.9809 -0.0009 0.1944
vn 0.6777 0.2897 0.6758
vn -0.0000 -0.9540 0.2997
vn 0.6822 -0.5631 0.4664
vn 0.3469 -0.3942 0.8510
vn -0.0000 -0.6032 0.7976
vn -0.0000 -0.0495 0.9988
vn -0.0000 0.9377 0.3473
vn 0.3759 0.8606 0.3437
vn 0.8297 -0.5582 0.0037
vn 0.3321 0.1422 0.9325
vn 0.0904 0.3781 0.9214
vn -0.0000 0.3703 0.9289
vn -0.0000 0.0269 0.9996
vn -0.0000 -0.9852 -0.1714
vn 0.2527 0.6838 0.6845
vn -0.0000 0.7791 0.6268
vn 0.7419 -0.5481 0.3863
vn 0.6996 -0.7067 -0.1050
vn 0.3393 -0.5851 0.7365
vn -0.0000 -0.6192 0.7852
vn 0.2905 -0.9471 0.1367
vn 0.0960 -0.9954 -0.0065
vn -0.0000 -0.9999 0.0111
vn 0.1635 -0.8681 0.4687
vn 0.3158 -0.8877 0.3350
vn -0.0000 -0.8841 0.4673
vn -0.7790 -0.5287 -0.3372
vn -0.8285 -0.3671 0.4229
vn -0.3249 -0.4204 -0.8472
vn -0.7208 -0.0125 -0.6931
vn -0.7266 0.5140 -0.4560
vn -0.4415 0.8280 -0.3458
vn -0.1563 0.9433 -0.2928
vn -0.3821 -0.5578 -0.7368
vn -0.4230 -0.7478 -0.5117
vn -0.2216 -0.8866 -0.4060
vn -0.3011 -0.5276 -0.7943
vn -0.9985 -0.0002 -0.0540
vn -0.9421 0.2004 0.2689
vn -0.9047 0.2550 0.3414
vn -0.6609 0.6617 0.3540
vn -0.9100 0.3366 0.2420
vn -0.3577 -0.3448 -0.8679
vn -0.9345 -0.2285 -0.2729
vn -0.9185 -0.1466 -0.3672
vn -0.8474 -0.3602 -0.3900
vn -0.8858 -0.0809 0.4570
vn -0.9471 -0.2721 -0.1704
vn -0.9198 0.3361 0.2027
vn -0.5538 0.7155 0.4259
vn -0.1954 0.8435 0.5003
vn -0.2431 0.8995 0.3631
vn -0.3562 0.9344 0.0049
vn -0.9971 0.0003 -0.0765
vn -0.9954 -0.0009 -0.0960
vn -0.9138 0.4057 -0.0168
vn -0.9118 0.4081 -0.0467
vn -0.8077 -0.5129 -0.2906
vn -0.9399 0.3393 -0.0383
vn -0.7960 -0.5241 -0.3028
vn -0.3938 0.9155 -0.0824
vn -0.8134 -0.5122 -0.2757
vn -0.9955 0.0007 -0.0944
vn -0.3645 0.9265 0.0935
vn -0.3687 0.9207 0.1277
vn -0.9162 0.4005 -0.0117
vn -0.3265 0.0349 0.9446
vn -0.7670 -0.0196 0.6413
vn -0.3219 -0.0669 0.9444
vn -0.9809 -0.0009 0.1944
vn -0.8837 0.3860 0.2647
vn -0.6777 0.2897 0.6758
vn -0.3469 -0.3942 0.8510
vn -0.6822 -0.5631 0.4664
vn -0.3759 0.8606 0.3437
vn -0.8297 -0.5582 0.0037
vn -0.0904 0.3781 0.9214
vn -0.3321 0.1422 0.9325
vn -0.2527 0.6838 0.6845
vn -0.6996 -0.7067 -0.1050
vn -0.7419 -0.5481 0.3863
vn -0.3393 -0.5851 0.7365
vn -0.2905 -0.9471 0.1367
vn -0.0960 -0.9954 -0.0065
vn -0.1635 -0.8681 0.4687
vn -0.3158 -0.8877 0.3350
vn 0.2528 -0.8527 0.4573
vn 0.3705 -0.9279 -0.0430
vn 0.8110 -0.5839 -0.0368
vn 0.5854 -0.5907 0.5553
vn 0.3881 0.8767 0.2842
vn 0.9228 0.3649 0.1234
vn 0.9271 0.3671 0.0761
vn 0.4008 0.8976 0.1836
vn 0.2996 0.4664 0.8323
vn 0.7129 0.0563 0.6990
vn 0.9843 -0.1763 -0.0096
vn 0.7138 -0.3313 0.6170
vn -0.0000 -0.7600 0.6499
vn -0.0000 -0.8432 0.5376
vn 0.9366 0.3484 0.0383
vn 0.4150 0.9041 0.1023
vn 0.9844 -0.1757 -0.0094
vn 0.8043 -0.5933 -0.0335
vn 0.4116 -0.9102 -0.0455
vn -0.0000 0.9503 0.3114
vn -0.0000 0.9786 0.2059
vn -0.0000 0.9970 0.0774
vn 0.4243 0.9028 0.0701
vn 0.3230 0.7464 -0.5818
vn -0.0000 0.7514 -0.6598
vn 0.9840 -0.1775 -0.0115
vn 0.8006 -0.5980 -0.0383
vn 0.4638 -0.8847 -0.0469
vn -0.0000 0.9932 0.1166
vn 0.9403 0.3392 0.0263
vn 0.8015 -0.5963 -0.0462
vn 0.3164 -0.9458 -0.0732
vn 0.2427 -0.6893 -0.6826
vn 0.6114 -0.4108 -0.6763
vn 0.7286 0.3035 -0.6140
vn 0.7201 -0.0900 -0.6881
vn -0.0000 -0.6599 -0.7513
vn -0.0000 0.4297 0.9030
vn -0.0000 -0.3213 0.9470
vn 0.4129 -0.9003 -0.1375
vn 0.2210 -0.9750 0.0226
vn 0.2592 -0.5501 -0.7939
vn -0.4129 -0.9003 -0.1375
vn -0.3164 -0.9458 -0.0732
vn 0.2820 -0.8871 -0.3653
vn -0.0000 -0.9970 -0.0772
vn -0.0000 -0.6544 -0.7562
vn 0.1475 -0.9782 -0.1459
vn 0.1622 -0.6543 0.7386
vn 0.9843 -0.1761 -0.0136
vn -0.0000 -0.9690 -0.2472
vn -0.0000 -0.9954 0.0961
vn -0.0000 -0.5556 0.8314
vn -0.0000 -0.6749 0.7379
vn 0.7984 -0.4064 0.4443
vn 0.8189 -0.3577 -0.4489
vn -0.0000 -0.4090 -0.9125
vn -0.0000 -0.6232 -0.7820
vn 0.7414 -0.0525 -0.6691
vn -0.0000 -0.0783 -0.9969
vn 0.6933 -0.6709 0.2633
vn -0.0000 -0.7771 0.6293
vn -0.0000 -0.2169 0.9762
vn 0.6938 -0.3855 0.6083
vn 0.6645 -0.5918 -0.4563
vn -0.0000 -0.5676 -0.8233
vn 0.6463 -0.3958 -0.6524
vn 0.6882 -0.0238 0.7252
vn 0.6811 -0.3571 -0.6393
vn 0.7386 -0.1574 0.6555
vn -0.0000 -0.2335 0.9724
vn -0.0000 -0.2763 0.9611
vn 0.6680 -0.2027 0.7160
vn -0.0000 -0.2655 -0.9641
vn -0.0000 -0.0753 -0.9972
vn -0.0000 -0.0329 0.9995
vn -0.0000 0.2261 0.9741
vn 0.7437 0.1521 -0.6510
vn -0.0000 0.2237 -0.9747
vn -0.0000 -0.3291 -0.9443
vn -0.0000 0.8040 -0.5946
vn 0.7816 0.5105 -0.3584
vn 0.7592 0.6144 -0.2150
vn -0.0000 0.9439 -0.3303
vn 0.6907 -0.5869 -0.4225
vn 0.6578 0.6471 0.3854
vn 0.6475 0.7259 0.2320
vn 0.7058 -0.5941 -0.3860
vn -0.0000 -0.8159 -0.5782
vn -0.0000 -0.9044 -0.4267
vn 0.6741 -0.5833 0.4531
vn 0.6072 -0.7170 0.3423
vn 0.7322 0.3493 -0.5847
vn 0.6743 -0.4027 0.6190
vn -0.0000 0.4870 -0.8734
vn -0.0000 -0.8014 0.5981
vn -0.0000 -0.5618 0.8273
vn -0.0000 -0.9024 0.4309
vn 0.6664 -0.4734 -0.5760
vn 0.7209 0.3209 0.6142
vn -0.0000 0.8252 0.5649
vn -0.0000 0.5775 0.8164
vn -0.0000 -0.5688 -0.8225
vn -0.0000 0.9135 0.4067
vn 0.7366 -0.6716 -0.0804
vn -0.0000 -0.9969 -0.0791
vn 0.7888 -0.6098 -0.0774
vn -0.0000 0.9930 0.1181
vn 0.6786 0.7323 0.0562
vn 0.5878 0.8061 0.0692
vn -0.2528 -0.8527 0.4573
vn -0.5854 -0.5907 0.5553
vn -0.8110 -0.5838 -0.0368
vn -0.3705 -0.9279 -0.0430
vn -0.3881 0.8767 0.2842
vn -0.4008 0.8976 0.1836
vn -0.9271 0.3671 0.0761
vn -0.9228 0.3649 0.1234
vn -0.7129 0.0563 0.6990
vn -0.2996 0.4664 0.8323
vn -0.9843 -0.1763 -0.0096
vn -0.7138 -0.3313 0.6170
vn -0.4150 0.9041 0.1023
vn -0.9366 0.3484 0.0383
vn -0.9844 -0.1757 -0.0094
vn -0.8043 -0.5933 -0.0335
vn -0.4116 -0.9102 -0.0455
vn -0.3230 0.7464 -0.5818
vn -0.4243 0.9028 0.0701
vn -0.9840 -0.1775 -0.0115
vn -0.8006 -0.5979 -0.0383
vn -0.4638 -0.8847 -0.0469
vn -0.7286 0.3035 -0.6140
vn -0.9403 0.3392 0.0263
vn -0.7200 -0.0900 -0.6881
vn -0.9843 -0.1761 -0.0136
vn -0.6114 -0.4108 -0.6763
vn -0.8015 -0.5963 -0.0462
vn -0.2427 -0.6893 -0.6826
vn -0.2592 -0.5501 -0.7939
vn -0.2210 -0.9750 0.0226
vn -0.2820 -0.8871 -0.3653
vn -0.3217 -0.9171 0.2356
vn -0.1475 -0.9782 -0.1459
vn -0.1622 -0.6543 0.7386
vn -0.7984 -0.4064 0.4443
vn -0.8189 -0.3577 -0.4489
vn -0.7414 -0.0525 -0.6691
vn -0.6933 -0.6709 0.2633
vn -0.6938 -0.3855 0.6083
vn -0.6645 -0.5918 -0.4563
vn -0.6463 -0.3958 -0.6524
vn -0.6811 -0.3571 -0.6393
vn -0.6882 -0.0238 0.7252
vn -0.7386 -0.1574 0.6555
vn -0.6680 -0.2027 0.7160
vn -0.7437 0.1521 -0.6510
vn -0.7592 0.6144 -0.2150
vn -0.7816 0.5105 -0.3584
vn -0.6907 -0.5869 -0.4225
vn -0.7058 -0.5941 -0.3860
vn -0.6475 0.7259 0.2320
vn -0.6578 0.6471 0.3854
vn -0.6072 -0.7170 0.3423
vn -0.6741 -0.5833 0.4531
vn -0.6743 -0.4027 0.6190
vn -0.7322 0.3493 -0.5847
vn -0.7209 0.3209 0.6142
vn -0.6664 -0.4734 -0.5760
vn -0.7366 -0.6716 -0.0804
vn -0.7888 -0.6098 -0.0774
vn -0.5878 0.8061 0.0692
vn -0.6786 0.7323 0.0562
vn 0.8182 0.2826 -0.5007
vn -0.0000 0.0679 -0.9977
vn 0.8182 -0.2122 -0.5344
vn -0.0000 -0.9977 -0.0679
vn 0.7903 -0.5903 0.1644
vn 0.7071 -0.7055 -0.0480
vn 0.8182 -0.2826 0.5007
vn -0.0000 -0.0679 0.9977
vn 0.8182 0.2122 0.5344
vn -0.0000 0.9977 0.0679
vn 0.7071 0.7055 0.0480
vn 0.7903 0.5626 0.2428
vn -0.0000 0.7338 0.6794
vn -0.0000 -0.8191 0.5737
vn -0.0000 0.8190 -0.5737
vn 0.7903 0.5903 -0.1644
vn -0.0000 -0.7338 -0.6794
vn 0.7903 -0.5626 -0.2428
vn 0.3217 -0.9171 0.2356
vn 0.7071 -0.0000 0.7071
vn 0.7071 -0.0000 -0.7071
vn -0.7071 -0.0000 0.7071
vn -0.7071 -0.0000 -0.7071
vn 0.5734 -0.6013 0.5565
vn 0.5815 -0.5526 -0.5970
vn -0.5815 -0.5526 -0.5970
vn -0.5734 -0.6013 0.5565
vt 0.852388 0.997334
vt 0.852388 0.992128
vt 0.855130 0.992128
vt 0.855130 0.997334
vt 0.245521 0.998128
vt 0.245521 0.992923
vt 0.248263 0.992923
vt 0.248263 0.998128
vt 0.287344 0.998128
vt 0.287344 0.992923
vt 0.290086 0.992923
vt 0.290086 0.998128
vt 0.948153 0.998724
vt 0.948153 0.993519
vt 0.950894 0.993519
vt 0.950894 0.998724
vt 0.714209 0.443228
vt 0.711468 0.443228
vt 0.711468 0.440482
vt 0.714209 0.440482
vt 0.646795 0.951996
vt 0.648734 0.953938
vt 0.648734 0.955200
vt 0.645536 0.951996
vt 0.989825 0.896880
vt 0.989825 0.895044
vt 0.990792 0.894447
vt 0.990792 0.897476
vt 0.650672 0.951996
vt 0.648734 0.950055
vt 0.648734 0.948793
vt 0.651932 0.951996
vt 0.990305 0.947207
vt 0.990305 0.945371
vt 0.991272 0.944775
vt 0.991272 0.947804
vt 0.987405 0.530744
vt 0.987405 0.532580
vt 0.986438 0.533176
vt 0.986438 0.530148
vt 0.993285 0.755845
vt 0.993285 0.757681
vt 0.992318 0.758277
vt 0.992318 0.755249
vt 0.855973 0.332724
vt 0.855973 0.330888
vt 0.857806 0.330888
vt 0.857806 0.332724
vt 0.993665 0.893697
vt 0.993665 0.898227
vt 0.992737 0.898227
vt 0.992737 0.893697
vt 0.994145 0.944024
vt 0.994145 0.948554
vt 0.993217 0.948554
vt 0.993217 0.944024
vt 0.983565 0.533927
vt 0.983565 0.529397
vt 0.984493 0.529397
vt 0.984493 0.533927
vt 0.989445 0.759028
vt 0.989445 0.754498
vt 0.990373 0.754498
vt 0.990373 0.759028
vt 0.037783 0.846207
vt 0.039733 0.841595
vt 0.048706 0.845645
vt 0.046937 0.849300
vt 0.944280 0.262007
vt 0.944282 0.257984
vt 0.944419 0.257984
vt 0.944415 0.262007
vt 0.115990 0.849902
vt 0.114221 0.846247
vt 0.123194 0.842197
vt 0.125144 0.846809
vt 0.250887 0.888943
vt 0.250888 0.884587
vt 0.251025 0.884587
vt 0.251022 0.888943
vt 0.045436 0.852594
vt 0.037723 0.850151
vt 0.159409 0.977444
vt 0.159271 0.977444
vt 0.159271 0.967642
vt 0.159409 0.967642
vt 0.045297 0.854997
vt 0.039520 0.853428
vt 0.125204 0.850753
vt 0.117491 0.853196
vt 0.251022 0.892854
vt 0.250888 0.892854
vt 0.944415 0.265604
vt 0.944280 0.265604
vt 0.250888 0.896317
vt 0.251023 0.896317
vt 0.251024 0.899836
vt 0.250889 0.899836
vt 0.944415 0.267933
vt 0.944280 0.267933
vt 0.123407 0.854030
vt 0.117630 0.855599
vt 0.251024 0.903145
vt 0.250889 0.903145
vt 0.944415 0.270666
vt 0.944280 0.270666
vt 0.122111 0.857423
vt 0.117120 0.858637
vt 0.045806 0.858035
vt 0.040816 0.856821
vt 0.115916 0.861338
vt 0.120044 0.860513
vt 0.116911 0.864235
vt 0.114221 0.864411
vt 0.944415 0.272863
vt 0.944280 0.272863
vt 0.047010 0.860736
vt 0.042883 0.859911
vt 0.999865 0.431775
vt 1.000000 0.431775
vt 1.000000 0.434475
vt 0.999865 0.434475
vt 0.048706 0.863809
vt 0.046016 0.863633
vt 0.251025 0.907204
vt 0.250890 0.907204
vt 0.946997 0.623606
vt 0.947132 0.623606
vt 0.947132 0.626177
vt 0.946997 0.626177
vt 0.946728 0.623606
vt 0.946863 0.623606
vt 0.946863 0.626177
vt 0.946728 0.626177
vt 0.159272 0.922115
vt 0.159407 0.922115
vt 0.159406 0.926174
vt 0.159271 0.926174
vt 0.444209 0.874656
vt 0.444525 0.878275
vt 0.442167 0.877624
vt 0.441851 0.874006
vt 0.999596 0.431775
vt 0.999731 0.431775
vt 0.999731 0.434475
vt 0.999596 0.434475
vt 0.944011 0.270666
vt 0.944146 0.270666
vt 0.944146 0.272863
vt 0.944011 0.272863
vt 0.944011 0.267933
vt 0.944146 0.267933
vt 0.159273 0.918806
vt 0.159407 0.918806
vt 0.748289 0.622540
vt 0.750281 0.618099
vt 0.752640 0.617449
vt 0.750647 0.621889
vt 0.944011 0.265604
vt 0.944146 0.265604
vt 0.159274 0.911824
vt 0.159409 0.911824
vt 0.159408 0.915287
vt 0.159273 0.915287
vt 0.751428 0.603519
vt 0.748289 0.599621
vt 0.750647 0.598971
vt 0.753786 0.602868
vt 0.751422 0.614559
vt 0.751737 0.610941
vt 0.754096 0.610290
vt 0.753780 0.613909
vt 0.944011 0.262007
vt 0.944146 0.262007
vt 0.159275 0.907913
vt 0.159409 0.907913
vt 0.159546 0.967642
vt 0.159409 0.965320
vt 0.159546 0.965320
vt 0.159683 0.977444
vt 0.159546 0.977444
vt 0.159683 0.967642
vt 0.159271 0.903557
vt 0.159409 0.903557
vt 0.443380 0.871011
vt 0.441021 0.870360
vt 0.944007 0.257984
vt 0.944144 0.257984
vt 0.290407 0.931872
vt 0.290542 0.931872
vt 0.290542 0.935931
vt 0.290407 0.935931
vt 0.290407 0.928563
vt 0.290542 0.928563
vt 0.290407 0.921580
vt 0.290542 0.921580
vt 0.290542 0.925044
vt 0.290407 0.925044
vt 0.290407 0.917670
vt 0.290542 0.917670
vt 0.290406 0.913314
vt 0.290543 0.913314
vt 0.447658 0.863337
vt 0.444519 0.867235
vt 0.442160 0.866584
vt 0.445299 0.862686
vt 0.445666 0.881815
vt 0.447658 0.886255
vt 0.445299 0.885605
vt 0.443307 0.881164
vt 0.752567 0.607295
vt 0.754925 0.606644
vt 0.999865 0.436922
vt 0.999731 0.436922
vt 0.815544 0.192665
vt 0.804521 0.192103
vt 0.804521 0.146284
vt 0.815544 0.146846
vt 0.745751 0.146284
vt 0.765439 0.146284
vt 0.765439 0.201404
vt 0.745751 0.201404
vt 0.010304 0.488724
vt 0.010425 0.236039
vt 0.013539 0.236092
vt 0.013423 0.488778
vt 0.015997 0.236189
vt 0.015948 0.488880
vt 0.018032 0.236328
vt 0.018032 0.489026
vt 0.555302 0.303269
vt 0.555302 0.556438
vt 0.553361 0.556420
vt 0.553274 0.303250
vt 0.551235 0.556381
vt 0.551050 0.303208
vt 0.549068 0.556322
vt 0.548781 0.303147
vt 0.547009 0.556250
vt 0.546621 0.303070
vt 0.545197 0.556167
vt 0.544718 0.302984
vt 0.075139 0.243887
vt 0.075139 0.497123
vt 0.073223 0.497068
vt 0.073172 0.243829
vt 0.070850 0.497026
vt 0.070733 0.243786
vt 0.068182 0.497002
vt 0.067989 0.243760
vt 0.065000 0.496996
vt 0.064798 0.243754
vt 0.595901 0.954994
vt 0.595881 0.956219
vt 0.592475 0.956227
vt 0.592494 0.955002
vt 0.011483 0.496981
vt 0.009777 0.496953
vt 0.012736 0.497032
vt 0.013781 0.497105
vt 0.551921 0.295233
vt 0.552955 0.295243
vt 0.550768 0.295211
vt 0.549577 0.295179
vt 0.548443 0.295139
vt 0.547457 0.295095
vt 0.069693 0.236075
vt 0.070696 0.236104
vt 0.068471 0.236053
vt 0.067108 0.236040
vt 0.065367 0.236037
vt 0.951953 0.374938
vt 0.952026 0.373891
vt 0.955425 0.373894
vt 0.955352 0.374941
vt 0.595871 0.957583
vt 0.592465 0.957591
vt 0.991805 0.617997
vt 0.991822 0.619033
vt 0.988418 0.619121
vt 0.988400 0.618086
vt 0.595872 0.959328
vt 0.592466 0.959336
vt 0.991832 0.620188
vt 0.988427 0.620277
vt 0.991832 0.621382
vt 0.988427 0.621470
vt 0.991822 0.622518
vt 0.988418 0.622606
vt 0.991805 0.623507
vt 0.988400 0.623596
vt 0.951873 0.377902
vt 0.951902 0.376193
vt 0.955301 0.376196
vt 0.955272 0.377905
vt 0.595928 0.953990
vt 0.592522 0.953997
vt 0.947947 0.204555
vt 0.947920 0.207796
vt 0.942559 0.208384
vt 0.942573 0.206675
vt 0.948026 0.202059
vt 0.942613 0.205419
vt 0.245521 0.948916
vt 0.246192 0.946350
vt 0.251014 0.947211
vt 0.250677 0.948501
vt 0.245521 0.951449
vt 0.250677 0.949776
vt 0.246212 0.953777
vt 0.251025 0.950947
vt 0.990610 0.318726
vt 0.992979 0.318726
vt 0.992774 0.324376
vt 0.991583 0.324376
vt 0.902678 0.951962
vt 0.903417 0.949711
vt 0.908312 0.952467
vt 0.907940 0.953599
vt 0.902678 0.954390
vt 0.907940 0.954821
vt 0.903398 0.956818
vt 0.908302 0.956042
vt 0.114259 0.905992
vt 0.114306 0.903557
vt 0.120190 0.907092
vt 0.120167 0.908317
vt 0.114231 0.908705
vt 0.120152 0.909682
vt 0.114221 0.912017
vt 0.120147 0.911426
vt 0.918117 0.431775
vt 0.918153 0.433834
vt 0.908361 0.435243
vt 0.908339 0.433974
vt 0.853523 0.573396
vt 0.855891 0.573431
vt 0.856278 0.579346
vt 0.853244 0.579555
vt 0.851587 0.602140
vt 0.849625 0.602075
vt 0.847844 0.596502
vt 0.850356 0.596351
vt 0.858184 0.573447
vt 0.859214 0.579132
vt 0.532342 0.836941
vt 0.529036 0.836939
vt 0.528684 0.831717
vt 0.532727 0.831688
vt 0.860239 0.573442
vt 0.861838 0.578928
vt 0.858503 0.602243
vt 0.856210 0.602227
vt 0.856278 0.595954
vt 0.859214 0.595740
vt 0.310969 0.817853
vt 0.308891 0.817706
vt 0.310597 0.812267
vt 0.313247 0.812306
vt 0.306400 0.817603
vt 0.307440 0.812228
vt 0.539475 0.837059
vt 0.537482 0.837003
vt 0.539257 0.831528
vt 0.541810 0.831403
vt 0.303165 0.817545
vt 0.303486 0.812187
vt 0.853842 0.602192
vt 0.853244 0.596164
vt 0.900482 0.490208
vt 0.900483 0.493520
vt 0.890896 0.493081
vt 0.890895 0.490981
vt 0.918171 0.436131
vt 0.908372 0.436657
vt 0.918172 0.438503
vt 0.908372 0.438119
vt 0.918153 0.440762
vt 0.908361 0.439510
vt 0.918117 0.442729
vt 0.908339 0.440722
vt 0.702609 0.870803
vt 0.702665 0.867562
vt 0.712633 0.869176
vt 0.712597 0.871233
vt 0.900594 0.483063
vt 0.900540 0.485060
vt 0.890931 0.487809
vt 0.890965 0.486579
vt 0.702767 0.865067
vt 0.712695 0.867638
vt 0.900501 0.487495
vt 0.890907 0.489309
vt 0.702913 0.862985
vt 0.712785 0.866356
vt 0.382121 0.892143
vt 0.381651 0.894293
vt 0.379631 0.892002
vt 0.380287 0.890446
vt 0.382652 0.891413
vt 0.381240 0.889135
vt 0.383335 0.890856
vt 0.382438 0.888158
vt 0.384135 0.890525
vt 0.383806 0.887592
vt 0.384993 0.890463
vt 0.385248 0.887488
vt 0.385828 0.890685
vt 0.386649 0.887860
vt 0.386559 0.891160
vt 0.387899 0.888673
vt 0.387136 0.891836
vt 0.388911 0.889859
vt 0.387534 0.892653
vt 0.389627 0.891327
vt 0.387632 0.894858
vt 0.390009 0.892982
vt 0.905661 0.997515
vt 0.905661 0.998386
vt 0.902697 0.998463
vt 0.902697 0.997593
vt 0.905654 0.999214
vt 0.902691 0.999291
vt 0.905641 0.999923
vt 0.902678 1.000000
vt 0.758367 0.962240
vt 0.758348 0.962942
vt 0.755382 0.962948
vt 0.755402 0.962247
vt 0.758334 0.963776
vt 0.755369 0.963783
vt 0.037723 0.957144
vt 0.037767 0.955006
vt 0.040726 0.955006
vt 0.040682 0.957144
vt 0.037816 0.954293
vt 0.040775 0.954293
vt 0.758332 0.965985
vt 0.755367 0.965992
vt 0.905642 0.995965
vt 0.905654 0.996688
vt 0.902691 0.996765
vt 0.902678 0.996042
vt 0.379274 0.894069
vt 0.043694 0.957415
vt 0.944953 0.756163
vt 0.945487 0.755436
vt 0.946436 0.758694
vt 0.946325 0.758683
vt 0.946173 0.754883
vt 0.946614 0.758712
vt 0.946975 0.754555
vt 0.946862 0.758737
vt 0.947833 0.754498
vt 0.947161 0.758766
vt 0.948667 0.754724
vt 0.947459 0.758796
vt 0.949395 0.755203
vt 0.947707 0.758821
vt 0.949969 0.755882
vt 0.947885 0.758838
vt 0.950363 0.756700
vt 0.947997 0.758849
vt 0.752619 0.965710
vt 0.752621 0.965701
vt 0.390009 0.895082
vt 0.706821 0.823718
vt 0.704567 0.823641
vt 0.704567 0.777985
vt 0.706821 0.778062
vt 0.709189 0.823780
vt 0.709189 0.778124
vt 0.711482 0.823821
vt 0.711482 0.778165
vt 0.390342 0.779680
vt 0.387036 0.779673
vt 0.387036 0.734009
vt 0.390342 0.734015
vt 0.713537 0.823839
vt 0.713537 0.778183
vt 0.393050 0.779706
vt 0.393050 0.734042
vt 0.773279 0.374044
vt 0.775358 0.374188
vt 0.775358 0.419756
vt 0.773279 0.419612
vt 0.395481 0.779750
vt 0.395481 0.734086
vt 0.770788 0.373945
vt 0.770788 0.419513
vt 0.397474 0.779810
vt 0.397474 0.734145
vt 0.767553 0.373891
vt 0.767553 0.419459
vt 0.702606 0.823554
vt 0.702606 0.777898
vt 0.847844 0.579893
vt 0.850356 0.579743
vt 0.539257 0.814918
vt 0.541810 0.814793
vt 0.909071 0.910428
vt 0.902678 0.910565
vt 0.902860 0.893957
vt 0.909071 0.893697
vt 0.536159 0.831625
vt 0.536159 0.815015
vt 0.310597 0.795703
vt 0.313247 0.795742
vt 0.532727 0.815079
vt 0.861838 0.595537
vt 0.528684 0.815108
vt 0.860558 0.602238
vt 0.851268 0.573344
vt 0.535051 0.836963
vt 0.849305 0.573279
vt 0.537438 0.808200
vt 0.539431 0.808256
vt 0.308931 0.788964
vt 0.311009 0.789111
vt 0.535007 0.808160
vt 0.532298 0.808138
vt 0.528992 0.808136
vt 0.306440 0.788861
vt 0.307440 0.795664
vt 0.661400 0.843363
vt 0.661959 0.846505
vt 0.645536 0.847961
vt 0.645536 0.844769
vt 0.646129 0.842123
vt 0.647239 0.839797
vt 0.648789 0.837950
vt 0.650676 0.836709
vt 0.652769 0.836157
vt 0.654926 0.836332
vt 0.657001 0.837222
vt 0.658852 0.838767
vt 0.660352 0.840862
vt 0.240451 0.314617
vt 0.242119 0.000015
vt 0.245835 0.000089
vt 0.243150 0.314671
vt 0.248838 0.000212
vt 0.245344 0.314762
vt 0.251324 0.000381
vt 0.247157 0.314887
vt 0.451806 0.059152
vt 0.453789 0.374141
vt 0.451417 0.374125
vt 0.450049 0.059139
vt 0.448819 0.374083
vt 0.448123 0.059107
vt 0.446172 0.374019
vt 0.446158 0.059060
vt 0.443656 0.373938
vt 0.444289 0.059000
vt 0.441442 0.373844
vt 0.442643 0.058931
vt 0.398172 0.006933
vt 0.401940 0.321835
vt 0.399598 0.321783
vt 0.396462 0.006894
vt 0.396698 0.321746
vt 0.394343 0.006866
vt 0.393438 0.321726
vt 0.391958 0.006852
vt 0.389638 0.321727
vt 0.389197 0.006852
vt 0.768136 0.873454
vt 0.766440 0.873416
vt 0.766272 0.856686
vt 0.767935 0.856724
vt 0.444337 0.035400
vt 0.444303 0.052132
vt 0.442669 0.052064
vt 0.442733 0.035333
vt 0.446157 0.035459
vt 0.446158 0.052192
vt 0.448071 0.035505
vt 0.448108 0.052239
vt 0.449946 0.035535
vt 0.450019 0.052270
vt 0.451657 0.035548
vt 0.451762 0.052283
vt 0.245082 0.338332
vt 0.245268 0.321621
vt 0.247066 0.321745
vt 0.246844 0.338454
vt 0.242949 0.338244
vt 0.243091 0.321530
vt 0.240326 0.338191
vt 0.240415 0.321477
vt 0.241436 0.373209
vt 0.244480 0.373335
vt 0.246994 0.373509
vt 0.453789 0.000308
vt 0.451343 0.000290
vt 0.448659 0.000246
vt 0.445922 0.000180
vt 0.443317 0.000096
vt 0.441021 0.000000
vt 0.216595 0.810087
vt 0.216254 0.845441
vt 0.214591 0.845403
vt 0.214222 0.810033
vt 0.212530 0.845376
vt 0.211281 0.809994
vt 0.210211 0.845362
vt 0.207970 0.809974
vt 0.207528 0.845363
vt 0.207009 0.809967
vt 0.764337 0.873389
vt 0.764211 0.856659
vt 0.761971 0.873374
vt 0.761892 0.856645
vt 0.759233 0.873375
vt 0.759209 0.856646
vt 0.380932 0.940809
vt 0.381579 0.943416
vt 0.382633 0.945526
vt 0.384062 0.947259
vt 0.385768 0.948498
vt 0.379841 0.945061
vt 0.379596 0.941024
vt 0.379274 0.948498
vt 0.240566 0.373167
vt 0.790190 0.086411
vt 0.791160 0.086254
vt 0.792532 0.089376
vt 0.791750 0.089542
vt 0.794431 0.085543
vt 0.794679 0.088910
vt 0.797611 0.085594
vt 0.796749 0.088943
vt 0.800486 0.086402
vt 0.798578 0.089458
vt 0.802862 0.087911
vt 0.800061 0.090400
vt 0.804580 0.090017
vt 0.801124 0.091702
vt 0.805527 0.092573
vt 0.801709 0.093283
vt 0.805634 0.095408
vt 0.801776 0.095053
vt 0.804892 0.098330
vt 0.801304 0.096912
vt 0.803347 0.101142
vt 0.800299 0.098743
vt 0.801105 0.103652
vt 0.798827 0.100390
vt 0.800486 0.104423
vt 0.798295 0.100992
vt 0.702606 0.920369
vt 0.703366 0.920614
vt 0.705460 0.921278
vt 0.707241 0.922337
vt 0.708573 0.923694
vt 0.709392 0.925250
vt 0.709669 0.926909
vt 0.709392 0.928572
vt 0.708573 0.930141
vt 0.707241 0.931520
vt 0.705460 0.932608
vt 0.703366 0.933306
vt 0.702606 0.933563
vt 0.396394 0.000027
vt 0.394291 0.000000
vt 0.398090 0.000066
vt 0.205434 0.945284
vt 0.205726 0.948587
vt 0.200628 0.950349
vt 0.201375 0.948041
vt 0.201630 0.945284
vt 0.443141 0.977894
vt 0.445799 0.977742
vt 0.445799 0.984608
vt 0.441021 0.984835
vt 0.940766 0.078758
vt 0.942095 0.078747
vt 0.942095 0.095439
vt 0.939781 0.095497
vt 0.986988 0.264653
vt 0.983501 0.264653
vt 0.984479 0.257984
vt 0.985431 0.259914
vt 0.986930 0.261645
vt 0.007113 0.488724
vt 0.007241 0.236037
vt 0.004374 0.488781
vt 0.004579 0.236091
vt 0.001949 0.488887
vt 0.002218 0.236192
vt 0.002925 0.488887
vt 0.000977 0.489036
vt 0.001296 0.236334
vt 0.003195 0.236192
vt 0.544718 0.009133
vt 0.546565 0.009395
vt 0.548725 0.255851
vt 0.546968 0.255595
vt 0.548695 0.009494
vt 0.550756 0.255948
vt 0.550963 0.009426
vt 0.552922 0.255880
vt 0.553215 0.009193
vt 0.555075 0.255652
vt 0.555298 0.008811
vt 0.557070 0.255278
vt 0.057114 0.243850
vt 0.059178 0.243801
vt 0.059450 0.497041
vt 0.057434 0.497088
vt 0.061688 0.243768
vt 0.061894 0.497010
vt 0.595928 0.963317
vt 0.592522 0.963325
vt 0.592495 0.962288
vt 0.595901 0.962280
vt 0.008035 0.496952
vt 0.006675 0.496980
vt 0.005459 0.497033
vt 0.004466 0.497109
vt 0.000000 0.489036
vt 0.548529 0.000553
vt 0.547571 0.000417
vt 0.549647 0.000605
vt 0.550837 0.000569
vt 0.552005 0.000448
vt 0.553067 0.000254
vt 0.553956 0.000000
vt 0.557070 0.008305
vt 0.063665 0.236045
vt 0.062419 0.236061
vt 0.951898 0.381009
vt 0.955297 0.381012
vt 0.955350 0.382230
vt 0.951951 0.382227
vt 0.592476 0.961040
vt 0.595883 0.961032
vt 0.955425 0.383225
vt 0.952026 0.383222
vt 0.988649 0.573279
vt 0.991965 0.573343
vt 0.991801 0.574298
vt 0.988485 0.574234
vt 0.991716 0.575416
vt 0.988400 0.575352
vt 0.991716 0.576609
vt 0.988401 0.576545
vt 0.991802 0.577782
vt 0.988487 0.577717
vt 0.955270 0.379650
vt 0.951870 0.379647
vt 0.991965 0.578851
vt 0.988649 0.578786
vt 0.947947 0.211109
vt 0.942573 0.210129
vt 0.948026 0.213816
vt 0.942613 0.211490
vt 0.762726 0.915241
vt 0.757703 0.914004
vt 0.757577 0.912676
vt 0.762475 0.912601
vt 0.762321 0.917741
vt 0.757499 0.915262
vt 0.761267 0.919928
vt 0.756969 0.916362
vt 0.759624 0.921633
vt 0.756143 0.917220
vt 0.757520 0.922715
vt 0.755084 0.917764
vt 0.755125 0.923094
vt 0.753880 0.917955
vt 0.752619 0.922760
vt 0.752619 0.917787
vt 0.114259 0.917730
vt 0.120167 0.914378
vt 0.120190 0.915415
vt 0.114306 0.919791
vt 0.114231 0.915249
vt 0.120152 0.913130
vt 0.702765 0.879245
vt 0.712693 0.876494
vt 0.712785 0.877712
vt 0.702915 0.881222
vt 0.598464 0.836708
vt 0.597737 0.843302
vt 0.594893 0.842859
vt 0.596243 0.836556
vt 0.600515 0.864727
vt 0.600771 0.859704
vt 0.603749 0.859688
vt 0.602841 0.864538
vt 0.592465 0.842232
vt 0.594345 0.836245
vt 0.525810 0.836957
vt 0.524741 0.831708
vt 0.292762 0.817847
vt 0.290406 0.812105
vt 0.292935 0.812111
vt 0.294736 0.817698
vt 0.594029 0.864285
vt 0.592465 0.858413
vt 0.594893 0.859040
vt 0.595927 0.864596
vt 0.296016 0.812127
vt 0.297154 0.817594
vt 0.299441 0.812151
vt 0.299857 0.817540
vt 0.606454 0.859442
vt 0.604959 0.864196
vt 0.597737 0.859483
vt 0.598147 0.864748
vt 0.900504 0.496751
vt 0.890909 0.495133
vt 0.592961 0.903894
vt 0.603169 0.906495
vt 0.602968 0.907665
vt 0.592635 0.905793
vt 0.602864 0.909034
vt 0.592465 0.908015
vt 0.602865 0.910495
vt 0.592466 0.910387
vt 0.602970 0.911931
vt 0.592637 0.912718
vt 0.712595 0.873334
vt 0.702606 0.874116
vt 0.603169 0.913240
vt 0.592961 0.914843
vt 0.712628 0.875002
vt 0.702660 0.876823
vt 0.900594 0.501294
vt 0.890965 0.497931
vt 0.890932 0.496661
vt 0.900541 0.499232
vt 0.381749 0.896498
vt 0.379656 0.897824
vt 0.379274 0.896169
vt 0.382147 0.897315
vt 0.380372 0.899292
vt 0.382724 0.897991
vt 0.381384 0.900478
vt 0.383456 0.898466
vt 0.382634 0.901291
vt 0.384290 0.898688
vt 0.384035 0.901663
vt 0.385148 0.898626
vt 0.385477 0.901559
vt 0.385948 0.898295
vt 0.386845 0.900993
vt 0.386631 0.897738
vt 0.388043 0.900016
vt 0.387162 0.897008
vt 0.388996 0.898705
vt 0.389652 0.897149
vt 0.994568 0.374575
vt 0.997454 0.374629
vt 0.997393 0.375444
vt 0.994507 0.375391
vt 0.997394 0.376314
vt 0.994508 0.376260
vt 0.997457 0.377154
vt 0.994570 0.377100
vt 0.997571 0.377900
vt 0.994685 0.377847
vt 0.758367 0.968822
vt 0.755402 0.968829
vt 0.755383 0.968123
vt 0.758349 0.968116
vt 0.040690 0.959353
vt 0.037731 0.959353
vt 0.040727 0.960183
vt 0.037768 0.960183
vt 0.040780 0.960878
vt 0.037822 0.960878
vt 0.994685 0.373891
vt 0.997571 0.373944
vt 0.043704 0.957429
vt 0.944953 0.761335
vt 0.945527 0.762014
vt 0.946256 0.762493
vt 0.947089 0.762718
vt 0.947948 0.762661
vt 0.948750 0.762334
vt 0.949436 0.761780
vt 0.949969 0.761054
vt 0.818562 0.418977
vt 0.818562 0.374520
vt 0.820930 0.374473
vt 0.820930 0.418930
vt 0.816341 0.418850
vt 0.816341 0.374393
vt 0.814439 0.418561
vt 0.814439 0.374104
vt 0.383809 0.779686
vt 0.383809 0.734022
vt 0.759125 0.374055
vt 0.759125 0.419623
vt 0.757151 0.419775
vt 0.757151 0.374208
vt 0.381332 0.779718
vt 0.381332 0.734053
vt 0.761543 0.373948
vt 0.761543 0.419516
vt 0.379274 0.779766
vt 0.379274 0.734101
vt 0.764245 0.373891
vt 0.764245 0.419459
vt 0.823253 0.418714
vt 0.823253 0.374256
vt 0.825368 0.373891
vt 0.825368 0.418348
vt 0.600771 0.843523
vt 0.603749 0.843507
vt 0.606454 0.843261
vt 0.900920 0.589604
vt 0.900920 0.573279
vt 0.907409 0.573608
vt 0.907646 0.589787
vt 0.518977 0.831578
vt 0.518977 0.814969
vt 0.521601 0.815051
vt 0.521601 0.831661
vt 0.296016 0.795563
vt 0.292935 0.795548
vt 0.524741 0.815099
vt 0.290406 0.795542
vt 0.294776 0.788955
vt 0.292802 0.789105
vt 0.600831 0.836688
vt 0.523333 0.836992
vt 0.603157 0.836498
vt 0.605276 0.836156
vt 0.297194 0.788852
vt 0.523289 0.808189
vt 0.521231 0.808241
vt 0.521275 0.837044
vt 0.525766 0.808154
vt 0.299897 0.788798
vt 0.299441 0.795588
vt 0.661959 0.849696
vt 0.661367 0.852343
vt 0.660257 0.854668
vt 0.658706 0.856515
vt 0.656820 0.857757
vt 0.654726 0.858309
vt 0.652569 0.858134
vt 0.650494 0.857243
vt 0.648644 0.855698
vt 0.647143 0.853604
vt 0.646095 0.851103
vt 0.237689 0.314606
vt 0.238317 0.000000
vt 0.235309 0.314644
vt 0.235064 0.000049
vt 0.233201 0.314722
vt 0.232179 0.000155
vt 0.231506 0.314837
vt 0.229858 0.000309
vt 0.494449 0.057539
vt 0.496047 0.057782
vt 0.495017 0.365109
vt 0.492871 0.364775
vt 0.497890 0.057887
vt 0.497498 0.365252
vt 0.499855 0.057845
vt 0.500146 0.365193
vt 0.501806 0.057659
vt 0.502778 0.364937
vt 0.503611 0.057342
vt 0.505218 0.364501
vt 0.382528 0.006932
vt 0.384324 0.006893
vt 0.382946 0.321783
vt 0.380482 0.321835
vt 0.386505 0.006866
vt 0.385932 0.321747
vt 0.942559 0.162913
vt 0.942559 0.146587
vt 0.944318 0.146284
vt 0.944352 0.162604
vt 0.499833 0.034814
vt 0.501733 0.034633
vt 0.501785 0.050959
vt 0.499848 0.051143
vt 0.497920 0.034854
vt 0.497899 0.051184
vt 0.496124 0.034753
vt 0.496069 0.051081
vt 0.494568 0.034516
vt 0.494484 0.050839
vt 0.233277 0.338294
vt 0.231630 0.338406
vt 0.231542 0.321696
vt 0.233223 0.321581
vt 0.235328 0.338217
vt 0.235315 0.321503
vt 0.237642 0.338181
vt 0.237675 0.321466
vt 0.239607 0.373187
vt 0.236304 0.373239
vt 0.233379 0.373349
vt 0.231028 0.373509
vt 0.492871 0.000272
vt 0.495098 0.000610
vt 0.497668 0.000755
vt 0.500404 0.000697
vt 0.503122 0.000440
vt 0.505637 0.000000
vt 0.503491 0.034325
vt 0.200628 0.810071
vt 0.203118 0.810017
vt 0.202791 0.845404
vt 0.201045 0.845441
vt 0.206145 0.809979
vt 0.204912 0.845377
vt 0.754400 0.873416
vt 0.752619 0.873454
vt 0.752727 0.856724
vt 0.754472 0.856687
vt 0.756564 0.873389
vt 0.756594 0.856660
vt 0.857162 0.945317
vt 0.858501 0.945502
vt 0.858285 0.949543
vt 0.852388 0.952982
vt 0.854082 0.951755
vt 0.855496 0.950031
vt 0.856533 0.947924
vt 0.858875 0.952982
vt 0.645536 0.994346
vt 0.648859 0.994888
vt 0.648858 0.995677
vt 0.645540 0.995306
vt 0.648856 0.997849
vt 0.645536 0.998615
vt 0.115013 0.958938
vt 0.117878 0.960364
vt 0.117363 0.962388
vt 0.114221 0.962047
vt 0.117371 0.964306
vt 0.114233 0.965062
vt 0.117878 0.966003
vt 0.115045 0.967780
vt 0.980945 0.000000
vt 0.984608 0.001739
vt 0.984485 0.003328
vt 0.980746 0.002570
vt 0.984485 0.005024
vt 0.980745 0.005312
vt 0.984608 0.006726
vt 0.980944 0.008040
vt 0.790190 0.104432
vt 0.791468 0.101076
vt 0.793297 0.101591
vt 0.793065 0.105240
vt 0.795367 0.101624
vt 0.796245 0.105291
vt 0.797514 0.101158
vt 0.799517 0.104580
vt 0.448084 0.925402
vt 0.448084 0.938596
vt 0.447324 0.938351
vt 0.445229 0.937687
vt 0.443449 0.936628
vt 0.442117 0.935271
vt 0.441297 0.933715
vt 0.441021 0.932056
vt 0.441297 0.930393
vt 0.442117 0.928824
vt 0.443449 0.927445
vt 0.445229 0.926357
vt 0.447324 0.925659
vt 0.382573 0.000065
vt 0.384354 0.000027
vt 0.503576 0.050644
vt 0.201375 0.942528
vt 0.200628 0.940219
vt 0.205726 0.941982
vt 0.332593 0.963089
vt 0.334957 0.969797
vt 0.329625 0.969712
vt 0.329625 0.963018
vt 0.938755 0.017136
vt 0.938755 0.000146
vt 0.939796 0.000000
vt 0.941663 0.016620
vt 0.983434 0.152517
vt 0.983928 0.149550
vt 0.985662 0.148055
vt 0.986884 0.146284
vt 0.986884 0.153025
vt 0.451908 0.413288
vt 0.462130 0.413288
vt 0.462795 0.502598
vt 0.451908 0.502598
vt 0.451908 0.586886
vt 0.462795 0.586886
vt 0.462795 0.599093
vt 0.451908 0.599093
vt 0.616601 0.791549
vt 0.612058 0.797010
vt 0.592465 0.797009
vt 0.596827 0.793367
vt 0.601848 0.782016
vt 0.616597 0.782016
vt 0.655791 0.668996
vt 0.655834 0.656790
vt 0.663222 0.656640
vt 0.663179 0.668846
vt 0.116930 0.236037
vt 0.140908 0.237235
vt 0.142612 0.326812
vt 0.114221 0.325394
vt 0.656136 0.572502
vt 0.655791 0.483190
vt 0.662030 0.483063
vt 0.663524 0.572352
vt 0.655865 0.648212
vt 0.663253 0.648062
vt 0.114221 0.409897
vt 0.137257 0.411598
vt 0.137257 0.423836
vt 0.114221 0.422134
vt 0.705087 0.005252
vt 0.701146 0.005316
vt 0.703157 0.000057
vt 0.706669 0.000000
vt 0.946728 0.575654
vt 0.949318 0.573279
vt 0.948172 0.579534
vt 0.949318 0.584460
vt 0.981176 0.084036
vt 0.981176 0.081388
vt 0.985948 0.078747
vt 0.985948 0.085232
vt 0.808192 0.971053
vt 0.808192 0.966032
vt 0.813307 0.964053
vt 0.813307 0.970305
vt 0.899302 0.685130
vt 0.899302 0.669400
vt 0.904364 0.665561
vt 0.904364 0.687158
vt 0.894561 0.023194
vt 0.894561 0.001578
vt 0.899674 0.000000
vt 0.899674 0.024048
vt 0.912789 0.383260
vt 0.912789 0.390528
vt 0.908339 0.392629
vt 0.908339 0.383260
vt 0.905872 0.764737
vt 0.905872 0.774106
vt 0.900776 0.774976
vt 0.900776 0.764737
vt 0.613530 0.245512
vt 0.605620 0.245512
vt 0.600553 0.238674
vt 0.596152 0.236195
vt 0.611856 0.236195
vt 0.613530 0.238244
vt 0.462795 0.578308
vt 0.451908 0.578308
vt 0.142612 0.402715
vt 0.114221 0.401297
vt 0.903433 0.210553
vt 0.903428 0.217661
vt 0.900172 0.218590
vt 0.900172 0.208964
vt 0.461425 0.602314
vt 0.451908 0.602365
vt 0.900172 0.169818
vt 0.900172 0.146284
vt 0.903478 0.148697
vt 0.903477 0.168323
vt 0.702158 0.179325
vt 0.706471 0.179255
vt 0.706669 0.191478
vt 0.702357 0.191549
vt 0.983545 0.665561
vt 0.986431 0.668772
vt 0.985950 0.672749
vt 0.983545 0.670017
vt 0.702018 0.170698
vt 0.706331 0.170628
vt 0.700787 0.094881
vt 0.705100 0.094810
vt 0.379625 0.542565
vt 0.390607 0.542615
vt 0.390607 0.557963
vt 0.379274 0.557912
vt 0.661705 0.007401
vt 0.650473 0.007151
vt 0.652482 0.002025
vt 0.661705 0.000000
vt 0.383611 0.368378
vt 0.390607 0.368419
vt 0.390607 0.459492
vt 0.381527 0.459447
vt 0.661705 0.172653
vt 0.648734 0.172575
vt 0.648469 0.096673
vt 0.661705 0.098524
vt 0.390607 0.533581
vt 0.379832 0.533532
vt 0.661705 0.181692
vt 0.654121 0.181440
vt 0.661705 0.197048
vt 0.654164 0.193677
vt 0.383780 0.360982
vt 0.390607 0.361022
vt 0.441021 0.502598
vt 0.441686 0.413288
vt 0.441021 0.599093
vt 0.441021 0.586886
vt 0.616601 0.772483
vt 0.596827 0.770664
vt 0.592465 0.767022
vt 0.612058 0.767021
vt 0.672386 0.443917
vt 0.664998 0.443766
vt 0.664954 0.431560
vt 0.672342 0.431711
vt 0.316089 0.260671
vt 0.318797 0.350028
vt 0.290406 0.351445
vt 0.292110 0.261868
vt 0.672041 0.347422
vt 0.664653 0.347272
vt 0.666146 0.257984
vt 0.672386 0.258111
vt 0.672312 0.423133
vt 0.664924 0.422982
vt 0.318797 0.434530
vt 0.318797 0.446768
vt 0.295762 0.448469
vt 0.295762 0.436232
vt 0.291988 0.492868
vt 0.290406 0.487616
vt 0.293918 0.487673
vt 0.295930 0.492932
vt 0.950743 0.896072
vt 0.948153 0.904878
vt 0.949299 0.899952
vt 0.948153 0.893696
vt 0.987519 0.830453
vt 0.982747 0.831649
vt 0.982747 0.825164
vt 0.987519 0.827805
vt 0.707720 0.979709
vt 0.702606 0.978961
vt 0.702606 0.972709
vt 0.707720 0.974688
vt 0.904925 0.277553
vt 0.899863 0.279580
vt 0.899863 0.257984
vt 0.904925 0.261822
vt 0.900699 0.101941
vt 0.895587 0.102795
vt 0.895587 0.078747
vt 0.900699 0.080325
vt 0.908339 0.373891
vt 0.912789 0.375992
vt 0.900776 0.754498
vt 0.905872 0.755368
vt 0.613530 0.252780
vt 0.611856 0.254829
vt 0.596152 0.254829
vt 0.600553 0.252350
vt 0.441021 0.578308
vt 0.318797 0.425931
vt 0.290406 0.427348
vt 0.957253 0.433364
vt 0.960514 0.431775
vt 0.960514 0.441402
vt 0.957258 0.440472
vt 0.442390 0.602314
vt 0.903566 0.848697
vt 0.900261 0.847202
vt 0.900261 0.827577
vt 0.903566 0.825164
vt 0.294917 0.666941
vt 0.294719 0.679164
vt 0.290406 0.679094
vt 0.290604 0.666870
vt 0.986452 0.483063
vt 0.986452 0.487519
vt 0.984046 0.490250
vt 0.983565 0.486274
vt 0.295057 0.658313
vt 0.290745 0.658243
vt 0.296288 0.582496
vt 0.291976 0.582426
vt 0.401588 0.542565
vt 0.401939 0.557912
vt 0.596152 0.007401
vt 0.596152 0.000000
vt 0.605375 0.002025
vt 0.607383 0.007151
vt 0.397603 0.368378
vt 0.399687 0.459447
vt 0.596152 0.172653
vt 0.596152 0.098524
vt 0.609388 0.096673
vt 0.609123 0.172575
vt 0.401382 0.533532
vt 0.596152 0.181692
vt 0.603736 0.181440
vt 0.596152 0.197048
vt 0.603693 0.193677
vt 0.397434 0.360982
vt 0.238617 0.415618
vt 0.251324 0.415337
vt 0.251209 0.420807
vt 0.237663 0.424573
vt 0.399994 0.833649
vt 0.379274 0.833649
vt 0.379274 0.824393
vt 0.380396 0.820221
vt 0.381230 0.818956
vt 0.395688 0.818956
vt 0.399994 0.824803
vt 0.128890 0.665578
vt 0.137721 0.665578
vt 0.137721 0.685182
vt 0.128890 0.685182
vt 0.852388 0.839857
vt 0.852388 0.831011
vt 0.857376 0.830976
vt 0.857383 0.839857
vt 0.027314 0.045097
vt 0.053399 0.027499
vt 0.053639 0.041190
vt 0.026737 0.052693
vt 0.390271 0.664917
vt 0.388641 0.633151
vt 0.390450 0.633911
vt 0.393145 0.665509
vt 0.137721 0.696759
vt 0.128890 0.696759
vt 0.137721 0.715525
vt 0.128890 0.715525
vt 0.048856 0.584204
vt 0.070274 0.570622
vt 0.075139 0.602054
vt 0.046541 0.599659
vt 0.067088 0.631298
vt 0.037723 0.619643
vt 0.045605 0.563182
vt 0.062653 0.549467
vt 0.037723 0.548096
vt 0.057330 0.536269
vt 0.848929 0.019385
vt 0.845784 0.001694
vt 0.852461 0.000000
vt 0.855480 0.016757
vt 0.845784 0.039601
vt 0.852306 0.037790
vt 0.143558 0.680830
vt 0.143558 0.696460
vt 0.143558 0.717493
vt 0.128890 0.650966
vt 0.137721 0.650966
vt 0.383222 0.611327
vt 0.384360 0.610604
vt 0.306664 0.012990
vt 0.315903 0.012990
vt 0.315903 0.033312
vt 0.306667 0.033312
vt 0.315903 0.051776
vt 0.306584 0.051776
vt 0.379274 0.693183
vt 0.381727 0.694862
vt 0.380461 0.597109
vt 0.379274 0.597652
vt 0.054559 0.052815
vt 0.073160 0.028051
vt 0.074582 0.044808
vt 0.054491 0.069290
vt 0.251104 0.427454
vt 0.236968 0.431087
vt 0.069168 0.000000
vt 0.069719 0.020136
vt 0.250974 0.443060
vt 0.235232 0.447381
vt 0.025264 0.061033
vt 0.020835 0.079486
vt 0.315903 0.059987
vt 0.306358 0.059987
vt 0.054824 0.083445
vt 0.018722 0.091993
vt 0.305447 0.076971
vt 0.315903 0.076971
vt 0.315903 0.111647
vt 0.302267 0.111647
vt 0.075848 0.077486
vt 0.660364 0.719215
vt 0.660331 0.731088
vt 0.655944 0.725863
vt 0.251279 0.453011
vt 0.234171 0.457327
vt 0.075848 0.187592
vt 0.056546 0.193085
vt 0.751387 0.502921
vt 0.748289 0.483063
vt 0.754835 0.486277
vt 0.757510 0.504426
vt 0.816892 0.280589
vt 0.807173 0.303194
vt 0.805453 0.298781
vt 0.814454 0.280589
vt 0.518977 0.617427
vt 0.537139 0.617427
vt 0.537139 0.674873
vt 0.518977 0.665857
vt 0.660200 0.779517
vt 0.655791 0.781228
vt 0.315903 0.221117
vt 0.292952 0.221116
vt 0.000000 0.196891
vt 0.518977 0.605554
vt 0.518977 0.598058
vt 0.521572 0.595585
vt 0.537139 0.595585
vt 0.537139 0.605554
vt 0.251324 0.536927
vt 0.225086 0.542566
vt 0.813307 0.780038
vt 0.813307 0.795631
vt 0.809069 0.800290
vt 0.809070 0.780038
vt 0.802502 0.803027
vt 0.802503 0.780038
vt 0.748289 0.559604
vt 0.754652 0.559824
vt 0.799866 0.508598
vt 0.808250 0.534132
vt 0.804532 0.531203
vt 0.796591 0.508598
vt 0.660384 0.711718
vt 0.655791 0.708143
vt 0.306662 0.000492
vt 0.302499 0.012724
vt 0.302498 0.000000
vt 0.303060 0.034270
vt 0.303993 0.054334
vt 0.951223 0.944024
vt 0.951223 0.952657
vt 0.948167 0.954372
vt 0.948153 0.945781
vt 0.299701 0.112044
vt 0.302731 0.079408
vt 0.303707 0.062589
vt 0.809464 0.802841
vt 0.802910 0.805577
vt 0.518977 0.989475
vt 0.518977 0.983649
vt 0.522480 0.984160
vt 0.522517 0.990020
vt 0.290406 0.221525
vt 0.315903 0.000492
vt 0.853755 0.697200
vt 0.853755 0.665561
vt 0.857910 0.668575
vt 0.857905 0.694603
vt 0.853473 0.786018
vt 0.852388 0.782884
vt 0.857653 0.782247
vt 0.858530 0.784826
vt 0.852512 0.770258
vt 0.857794 0.770258
vt 0.854353 0.825164
vt 0.858978 0.826165
vt 0.861179 0.829077
vt 0.860796 0.831870
vt 0.860525 0.839857
vt 0.861312 0.780822
vt 0.861695 0.781730
vt 0.861327 0.770258
vt 0.860220 0.671092
vt 0.859621 0.692117
vt 0.845784 0.100784
vt 0.845799 0.090219
vt 0.856236 0.090219
vt 0.856505 0.098206
vt 0.855280 0.100999
vt 0.846166 0.101692
vt 0.225215 0.418028
vt 0.226256 0.412656
vt 0.399994 0.842495
vt 0.395688 0.848342
vt 0.381230 0.848342
vt 0.380396 0.847077
vt 0.379274 0.842905
vt 0.120058 0.685182
vt 0.120058 0.665578
vt 0.857376 0.848738
vt 0.852388 0.848703
vt 0.163463 0.045097
vt 0.164040 0.052693
vt 0.137137 0.041190
vt 0.137377 0.027499
vt 0.443895 0.709319
vt 0.441021 0.709910
vt 0.443716 0.678313
vt 0.445525 0.677553
vt 0.120058 0.696759
vt 0.120058 0.715525
vt 0.226912 0.629647
vt 0.229226 0.645103
vt 0.200628 0.647497
vt 0.205494 0.616065
vt 0.238044 0.665086
vt 0.208680 0.676741
vt 0.230162 0.608625
vt 0.213114 0.594911
vt 0.238044 0.593539
vt 0.218437 0.581713
vt 0.759170 0.797284
vt 0.752619 0.794655
vt 0.755637 0.777898
vt 0.762315 0.779593
vt 0.762315 0.817499
vt 0.755793 0.815688
vt 0.114221 0.680830
vt 0.114221 0.696460
vt 0.114221 0.717493
vt 0.120058 0.650966
vt 0.449806 0.655006
vt 0.450944 0.655729
vt 0.325143 0.012990
vt 0.325139 0.033312
vt 0.325222 0.051776
vt 0.454891 0.737584
vt 0.452438 0.739264
vt 0.453704 0.641511
vt 0.454891 0.642054
vt 0.136218 0.052815
vt 0.136286 0.069290
vt 0.116194 0.044808
vt 0.117617 0.028051
vt 0.223917 0.424547
vt 0.121057 0.020136
vt 0.121609 0.000000
vt 0.220755 0.439829
vt 0.165513 0.061033
vt 0.169942 0.079486
vt 0.325448 0.059987
vt 0.172055 0.091993
vt 0.135953 0.083445
vt 0.326360 0.076971
vt 0.329540 0.111647
vt 0.114929 0.077486
vt 0.758847 0.676633
vt 0.763267 0.683282
vt 0.758880 0.688506
vt 0.218360 0.449491
vt 0.134231 0.193085
vt 0.114929 0.187592
vt 0.763274 0.277842
vt 0.757151 0.279347
vt 0.759826 0.261197
vt 0.766372 0.257984
vt 0.805453 0.262396
vt 0.807173 0.257984
vt 0.555302 0.617427
vt 0.555302 0.665857
vt 0.763421 0.738647
vt 0.759011 0.736936
vt 0.338855 0.221116
vt 0.190777 0.196891
vt 0.552707 0.595585
vt 0.555302 0.598058
vt 0.555302 0.605554
vt 0.200628 0.531505
vt 0.809069 0.759785
vt 0.813307 0.764444
vt 0.802502 0.757048
vt 0.766372 0.334524
vt 0.760009 0.334745
vt 0.804532 0.485993
vt 0.808250 0.483063
vt 0.758827 0.669137
vt 0.763421 0.665561
vt 0.325144 0.000492
vt 0.329309 0.000000
vt 0.329308 0.012724
vt 0.328747 0.034270
vt 0.327813 0.054334
vt 0.948458 0.318726
vt 0.951528 0.320483
vt 0.951514 0.329075
vt 0.948458 0.327359
vt 0.329076 0.079408
vt 0.332105 0.112044
vt 0.328100 0.062589
vt 0.802910 0.754498
vt 0.809464 0.757234
vt 0.990647 0.207886
vt 0.987107 0.208430
vt 0.987144 0.202571
vt 0.990647 0.202059
vt 0.341400 0.221525
vt 0.861091 0.177923
vt 0.856941 0.175326
vt 0.856936 0.149298
vt 0.861091 0.146284
vt 0.853473 0.754498
vt 0.858530 0.755690
vt 0.857653 0.758269
vt 0.852388 0.757631
vt 0.858978 0.853549
vt 0.854353 0.854550
vt 0.861179 0.850637
vt 0.860796 0.847844
vt 0.861312 0.759693
vt 0.861695 0.758786
vt 0.854625 0.151815
vt 0.855224 0.172840
vt 0.845784 0.079655
vt 0.846166 0.078747
vt 0.855280 0.079440
vt 0.856505 0.082232
vt 0.702606 0.624241
vt 0.702606 0.611682
vt 0.709207 0.611164
vt 0.709207 0.626415
vt 0.186283 0.361778
vt 0.181694 0.362277
vt 0.184539 0.343308
vt 0.189128 0.342809
vt 0.813307 0.844723
vt 0.813307 0.869698
vt 0.808825 0.868845
vt 0.808825 0.845326
vt 0.114932 0.591211
vt 0.141515 0.588606
vt 0.134374 0.611820
vt 0.115331 0.606930
vt 0.290406 0.865584
vt 0.290406 0.856999
vt 0.302945 0.856999
vt 0.302945 0.865584
vt 0.337146 0.615715
vt 0.337423 0.631437
vt 0.336110 0.631084
vt 0.335841 0.615833
vt 0.184662 0.330503
vt 0.189731 0.329951
vt 0.114564 0.572759
vt 0.144961 0.569738
vt 0.335615 0.597379
vt 0.336919 0.597261
vt 0.702606 0.593207
vt 0.709207 0.592710
vt 0.605546 0.608803
vt 0.594383 0.608803
vt 0.594383 0.589795
vt 0.605546 0.589795
vt 0.605546 0.495975
vt 0.594383 0.495975
vt 0.594383 0.483063
vt 0.605546 0.483063
vt 0.114221 0.560031
vt 0.145490 0.556943
vt 0.335370 0.584649
vt 0.336675 0.584531
vt 0.702606 0.580477
vt 0.709207 0.579979
vt 0.594383 0.576929
vt 0.605546 0.576929
vt 0.189005 0.306960
vt 0.183935 0.307512
vt 0.183516 0.294238
vt 0.143027 0.521319
vt 0.145497 0.520659
vt 0.145495 0.533940
vt 0.141840 0.529462
vt 0.709207 0.496395
vt 0.702606 0.496892
vt 0.702606 0.483560
vt 0.709207 0.483063
vt 0.053368 0.670444
vt 0.064530 0.670444
vt 0.069012 0.675852
vt 0.069012 0.707161
vt 0.068539 0.708445
vt 0.061938 0.713435
vt 0.053368 0.713435
vt 0.290406 0.745163
vt 0.290406 0.733981
vt 0.294980 0.733981
vt 0.294980 0.749652
vt 0.605546 0.633777
vt 0.594383 0.633777
vt 0.217768 0.715888
vt 0.217768 0.739614
vt 0.215425 0.739615
vt 0.215425 0.715890
vt 0.702606 0.738752
vt 0.702606 0.724022
vt 0.705587 0.724022
vt 0.711176 0.729620
vt 0.711176 0.738752
vt 0.217768 0.752344
vt 0.211416 0.752346
vt 0.321602 0.733981
vt 0.321602 0.742566
vt 0.315680 0.749178
vt 0.314370 0.749652
vt 0.217768 0.770819
vt 0.211416 0.770820
vt 0.702606 0.556751
vt 0.709207 0.556254
vt 0.335553 0.560923
vt 0.336858 0.560805
vt 0.594383 0.553950
vt 0.605546 0.553950
vt 0.209198 0.752346
vt 0.209198 0.739615
vt 0.383710 0.992912
vt 0.381492 0.992912
vt 0.381492 0.987644
vt 0.383710 0.987644
vt 0.616578 0.709401
vt 0.616601 0.727875
vt 0.613510 0.722624
vt 0.613503 0.717238
vt 0.943446 0.682730
vt 0.943446 0.674146
vt 0.944463 0.674146
vt 0.944463 0.676367
vt 0.942648 0.833748
vt 0.942648 0.825164
vt 0.943666 0.827511
vt 0.943666 0.833748
vt 0.942080 0.483063
vt 0.944297 0.483063
vt 0.944297 0.486029
vt 0.942080 0.486029
vt 0.329625 0.913314
vt 0.334381 0.913314
vt 0.334381 0.916295
vt 0.330651 0.916295
vt 0.524550 0.938265
vt 0.524550 0.944502
vt 0.518977 0.943030
vt 0.518977 0.938265
vt 0.616601 0.672924
vt 0.616530 0.696650
vt 0.612773 0.685451
vt 0.612793 0.678534
vt 0.863596 0.893697
vt 0.863596 0.899934
vt 0.852388 0.899934
vt 0.852388 0.895169
vt 0.337588 0.670583
vt 0.339806 0.670583
vt 0.339806 0.678404
vt 0.337588 0.678404
vt 0.609830 0.679673
vt 0.609816 0.684304
vt 0.605406 0.684697
vt 0.602385 0.682072
vt 0.808685 0.911810
vt 0.810902 0.911810
vt 0.810902 0.917944
vt 0.808684 0.917942
vt 0.610615 0.721736
vt 0.610611 0.718131
vt 0.808685 0.908844
vt 0.810902 0.908844
vt 0.904620 0.318726
vt 0.909376 0.318726
vt 0.908350 0.321716
vt 0.904620 0.321716
vt 0.993531 0.987701
vt 0.993531 0.990109
vt 0.990305 0.990109
vt 0.990305 0.987701
vt 0.200628 0.992723
vt 0.200628 0.991904
vt 0.204554 0.991904
vt 0.204554 0.994312
vt 0.334381 0.920571
vt 0.332389 0.920568
vt 0.944298 0.490686
vt 0.942080 0.490690
vt 0.906612 0.329243
vt 0.904620 0.329247
vt 0.866853 0.402456
vt 0.864449 0.402455
vt 0.864449 0.398627
vt 0.866853 0.398627
vt 0.596450 0.686781
vt 0.598995 0.690058
vt 0.598321 0.691945
vt 0.594480 0.692099
vt 0.858377 0.260742
vt 0.859753 0.260745
vt 0.860781 0.266058
vt 0.858377 0.266058
vt 0.599274 0.715117
vt 0.597845 0.717757
vt 0.594383 0.711683
vt 0.597575 0.711202
vt 0.604500 0.721570
vt 0.605958 0.718160
vt 0.602165 0.716943
vt 0.600782 0.720057
vt 0.944484 0.497144
vt 0.942080 0.497144
vt 0.942080 0.494388
vt 0.944331 0.494387
vt 0.810902 0.924902
vt 0.808498 0.924907
vt 0.808651 0.921782
vt 0.810902 0.921780
vt 0.860781 0.291734
vt 0.858377 0.291741
vt 0.858377 0.285642
vt 0.860781 0.285642
vt 0.598861 0.684007
vt 0.601915 0.686660
vt 0.866853 0.377420
vt 0.866036 0.377425
vt 0.865478 0.373893
vt 0.866853 0.373891
vt 0.334381 0.923871
vt 0.333006 0.923871
vt 0.858377 0.257984
vt 0.859753 0.257985
vt 0.905995 0.332884
vt 0.904620 0.332884
vt 0.866853 0.379342
vt 0.866036 0.379342
vt 0.718069 0.399162
vt 0.711468 0.401336
vt 0.711468 0.386085
vt 0.718069 0.386602
vt 0.847332 0.502071
vt 0.847332 0.483063
vt 0.851814 0.483666
vt 0.851814 0.502674
vt 0.851814 0.526193
vt 0.847332 0.527046
vt 0.624862 0.423293
vt 0.624465 0.439012
vt 0.605482 0.443917
vt 0.598364 0.420710
vt 0.302945 0.874168
vt 0.290406 0.874168
vt 0.503848 0.532492
vt 0.505167 0.532612
vt 0.504899 0.547862
vt 0.503572 0.548214
vt 0.746694 0.106791
vt 0.745751 0.093955
vt 0.750646 0.094341
vt 0.751109 0.107138
vt 0.594929 0.401845
vt 0.625229 0.404842
vt 0.504074 0.514039
vt 0.505393 0.514158
vt 0.711468 0.367630
vt 0.718069 0.368127
vt 0.616709 0.589795
vt 0.616709 0.608803
vt 0.616709 0.483063
vt 0.616709 0.495975
vt 0.594401 0.389051
vt 0.625571 0.392114
vt 0.504318 0.501309
vt 0.505637 0.501429
vt 0.711468 0.354900
vt 0.718069 0.355397
vt 0.616709 0.576929
vt 0.746150 0.012925
vt 0.746213 0.000000
vt 0.751109 0.000386
vt 0.751045 0.013311
vt 0.594386 0.308019
vt 0.594383 0.295095
vt 0.625571 0.295201
vt 0.625571 0.308532
vt 0.503675 0.417729
vt 0.503572 0.404398
vt 0.504891 0.404518
vt 0.504994 0.417849
vt 0.711468 0.271316
vt 0.711468 0.257984
vt 0.718069 0.258481
vt 0.718069 0.271813
vt 0.037723 0.707161
vt 0.037723 0.675852
vt 0.042205 0.670444
vt 0.044798 0.713435
vt 0.038196 0.708445
vt 0.290406 0.722800
vt 0.294980 0.718311
vt 0.616709 0.633777
vt 0.200628 0.715888
vt 0.202971 0.715890
vt 0.202971 0.739615
vt 0.200628 0.739614
vt 0.719746 0.724022
vt 0.716764 0.724022
vt 0.716764 0.678893
vt 0.719746 0.678893
vt 0.206980 0.752346
vt 0.200628 0.752344
vt 0.315680 0.718785
vt 0.321602 0.725397
vt 0.314370 0.718311
vt 0.206980 0.770820
vt 0.200628 0.770818
vt 0.711468 0.331174
vt 0.718069 0.331671
vt 0.504135 0.477585
vt 0.505454 0.477704
vt 0.594397 0.366049
vt 0.625571 0.368389
vt 0.745864 0.070954
vt 0.750759 0.071340
vt 0.616709 0.553950
vt 0.379274 0.992912
vt 0.379274 0.987644
vt 0.519051 0.750516
vt 0.522094 0.758359
vt 0.522073 0.763745
vt 0.518977 0.768990
vt 0.943446 0.665561
vt 0.944463 0.671924
vt 0.943666 0.839985
vt 0.942648 0.842332
vt 0.939862 0.486029
vt 0.939862 0.483063
vt 0.339138 0.913314
vt 0.338112 0.916295
vt 0.518977 0.933501
vt 0.524550 0.932028
vt 0.518977 0.714019
vt 0.522813 0.719645
vt 0.522814 0.726561
vt 0.518981 0.737744
vt 0.863596 0.906171
vt 0.852388 0.904698
vt 0.335370 0.678404
vt 0.335370 0.670583
vt 0.525803 0.720796
vt 0.533284 0.723219
vt 0.530265 0.725838
vt 0.525804 0.725426
vt 0.813120 0.911810
vt 0.813121 0.917942
vt 0.524975 0.759258
vt 0.524961 0.762863
vt 0.813120 0.908844
vt 0.900889 0.321716
vt 0.899863 0.318726
vt 0.993531 0.992517
vt 0.990305 0.992517
vt 0.200628 0.991084
vt 0.204554 0.989496
vt 0.336374 0.920568
vt 0.939861 0.490686
vt 0.902627 0.329243
vt 0.869258 0.398627
vt 0.869258 0.402455
vt 0.539210 0.727943
vt 0.541120 0.733259
vt 0.537353 0.733106
vt 0.536686 0.731218
vt 0.855973 0.266058
vt 0.857002 0.260745
vt 0.536277 0.756267
vt 0.537982 0.752355
vt 0.541162 0.752843
vt 0.537694 0.758909
vt 0.529613 0.759297
vt 0.531057 0.762709
vt 0.534766 0.761204
vt 0.533396 0.758088
vt 0.939676 0.497144
vt 0.939828 0.494387
vt 0.813154 0.921782
vt 0.813307 0.924907
vt 0.855973 0.291734
vt 0.855973 0.285642
vt 0.533763 0.727811
vt 0.536815 0.725164
vt 0.868229 0.373893
vt 0.867671 0.377425
vt 0.335757 0.923871
vt 0.857002 0.257985
vt 0.903244 0.332884
vt 0.867671 0.379342
vt 0.655354 0.897455
vt 0.655354 0.909647
vt 0.645536 0.909647
vt 0.645536 0.897455
vt 0.796591 0.584256
vt 0.796591 0.576259
vt 0.808763 0.576259
vt 0.808763 0.584256
vt 0.037723 0.799462
vt 0.052343 0.799467
vt 0.049945 0.802449
vt 0.040121 0.802446
vt 0.037723 0.915147
vt 0.037723 0.902955
vt 0.047533 0.902955
vt 0.047533 0.915147
vt 0.814673 0.676656
vt 0.802502 0.676656
vt 0.802502 0.668671
vt 0.814673 0.668671
vt 0.814673 0.665561
vt 0.802502 0.665561
vt 0.796591 0.573279
vt 0.808763 0.573279
vt 0.814673 0.712505
vt 0.814673 0.715352
vt 0.802502 0.715352
vt 0.802502 0.712505
vt 0.796591 0.623144
vt 0.796591 0.620159
vt 0.808763 0.620159
vt 0.808763 0.623144
vt 0.114221 0.536305
vt 0.336118 0.487734
vt 0.337423 0.487616
vt 0.337412 0.489013
vt 0.121292 0.530688
vt 0.128363 0.525071
vt 0.138186 0.524983
vt 0.052343 0.790632
vt 0.037723 0.790628
vt 0.040121 0.752581
vt 0.049945 0.752584
vt 0.052343 0.755568
vt 0.037723 0.755563
vt 0.142987 0.511741
vt 0.145499 0.510338
vt 0.188554 0.292687
vt 0.183190 0.283922
vt 0.141615 0.469051
vt 0.145508 0.462982
vt 0.145507 0.469373
vt 0.142828 0.473727
vt 0.181694 0.236589
vt 0.186764 0.236037
vt 0.181896 0.242977
vt 0.121060 0.469161
vt 0.137723 0.475120
vt 0.127899 0.475209
vt 0.336015 0.501065
vt 0.337313 0.501851
vt 0.119875 0.471362
vt 0.125529 0.478213
vt 0.120079 0.528550
vt 0.125937 0.522110
vt 0.119912 0.481779
vt 0.125603 0.486209
vt 0.336868 0.559490
vt 0.114221 0.477348
vt 0.114221 0.464511
vt 0.114221 0.534989
vt 0.114221 0.463113
vt 0.140148 0.478081
vt 0.140474 0.513144
vt 0.140556 0.521979
vt 0.142864 0.482396
vt 0.140223 0.486077
vt 0.114221 0.520805
vt 0.120038 0.517041
vt 0.125855 0.513276
vt 0.335667 0.546194
vt 0.336977 0.545306
vt 0.187172 0.248956
vt 0.182191 0.252314
vt 0.145505 0.478715
vt 0.052343 0.763564
vt 0.037723 0.763559
vt 0.814673 0.703684
vt 0.802502 0.703684
vt 0.796591 0.611325
vt 0.808763 0.611325
vt 0.711176 0.673296
vt 0.711176 0.665561
vt 0.719746 0.665561
vt 0.711468 0.316445
vt 0.718069 0.316942
vt 0.504022 0.462856
vt 0.505341 0.462976
vt 0.594394 0.351770
vt 0.625571 0.353660
vt 0.745934 0.056675
vt 0.750830 0.057061
vt 0.605546 0.539684
vt 0.616709 0.539684
vt 0.702606 0.678893
vt 0.705587 0.678893
vt 0.709207 0.541524
vt 0.702606 0.542021
vt 0.594383 0.539684
vt 0.719746 0.738752
vt 0.114221 0.803051
vt 0.114221 0.757921
vt 0.116645 0.757733
vt 0.116645 0.802863
vt 0.702606 0.665561
vt 0.211805 0.901073
vt 0.200628 0.901073
vt 0.200628 0.898661
vt 0.211805 0.898661
vt 0.806702 0.001268
vt 0.806702 0.046396
vt 0.804286 0.046211
vt 0.804286 0.001083
vt 0.530154 0.892882
vt 0.518977 0.892882
vt 0.518977 0.890442
vt 0.530154 0.890442
vt 0.130785 0.756640
vt 0.130785 0.801770
vt 0.518977 0.876206
vt 0.530154 0.876206
vt 0.790190 0.045128
vt 0.790190 0.000000
vt 0.200628 0.884587
vt 0.211805 0.884587
vt 0.452199 0.778410
vt 0.452199 0.823540
vt 0.441021 0.823540
vt 0.441021 0.778410
s 1
f 1/1/1 2/2/2 4/3/3 3/4/4
f 3/5/4 4/6/3 8/7/5 7/8/6
f 7/9/6 8/10/5 6/11/7 5/12/8
f 5/13/8 6/14/7 2/15/2 1/16/1
f 3/17/4 7/18/6 5/19/8 1/20/1
f 8/21/5 4/22/3 14/23/4 15/24/6
f 10/25/9 11/26/10 21/27/11 19/28/12
f 2/29/2 6/30/7 16/31/8 13/32/1
f 12/33/13 9/34/14 18/35/15 23/36/16
f 4/22/3 2/29/2 13/32/1 14/23/4
f 9/37/14 10/38/9 19/39/12 18/40/15
f 6/30/7 8/21/5 15/24/6 16/31/8
f 11/41/10 12/42/13 23/43/16 21/44/11
f 11/45/10 10/46/9 9/47/14 12/48/13
f 15/49/6 14/50/4 20/51/17 22/52/18
f 13/53/1 16/54/8 24/55/19 17/56/20
f 14/57/4 13/58/1 17/59/20 20/60/17
f 16/61/8 15/62/6 22/63/18 24/64/19
f 18/40/15 19/39/12 20/60/17 17/59/20
f 19/28/12 21/27/11 22/52/18 20/51/17
f 21/44/11 23/43/16 24/64/19 22/63/18
f 23/36/16 18/35/15 17/56/20 24/55/19
f 25/65/21 26/66/22 28/67/23 27/68/24
f 53/69/25 56/70/26 32/71/27 31/72/28
f 31/73/28 32/74/27 30/75/29 29/76/30
f 57/77/31 60/78/32 26/79/22 25/80/21
f 25/65/21 27/68/24 34/81/33 33/82/34
f 55/83/26 28/84/23 26/85/22 60/86/32
f 33/82/34 34/81/33 38/87/35 37/88/36
f 31/73/28 29/76/30 35/89/37 36/90/38
f 57/77/31 25/80/21 33/91/34 63/92/39
f 53/69/25 31/72/28 36/93/38 61/94/40
f 67/95/41 37/96/36 41/97/42 71/98/43
f 63/92/39 33/91/34 37/96/36 67/95/41
f 61/94/40 36/93/38 40/99/44 65/100/45
f 36/90/38 35/89/37 39/101/46 40/102/44
f 71/98/43 41/97/42 45/103/47 75/104/48
f 65/100/45 40/99/44 44/105/49 69/106/50
f 40/102/44 39/101/46 43/107/51 44/108/49
f 37/88/36 38/87/35 42/109/52 41/110/42
f 48/111/53 47/112/54 51/113/55 52/114/56
f 69/106/50 44/105/49 48/115/53 73/116/57
f 44/108/49 43/107/51 47/112/54 48/111/53
f 41/110/42 42/109/52 46/117/58 45/118/47
f 77/119/59 52/120/56 51/121/55 80/122/60
f 45/118/47 46/117/58 50/123/61 49/124/62
f 75/104/48 45/103/47 49/125/62 79/126/63
f 73/127/57 48/128/53 52/129/56 77/130/59
f 46/131/58 74/132/57 78/133/59 50/134/61
f 74/132/57 73/127/57 77/130/59 78/133/59
f 47/135/54 76/136/64 80/137/60 51/138/55
f 67/139/41 71/140/43 89/141/42 87/142/65
f 50/143/61 78/144/59 79/145/63 49/146/62
f 78/144/59 77/119/59 80/122/60 79/145/63
f 42/147/52 70/148/50 74/149/57 46/150/58
f 70/148/50 69/106/50 73/116/57 74/149/57
f 38/151/35 66/152/45 70/148/50 42/147/52
f 66/152/45 65/100/45 69/106/50 70/148/50
f 43/153/51 72/154/66 76/136/64 47/135/54
f 80/155/60 76/156/64 92/157/54 94/158/67
f 34/159/33 62/160/40 66/152/45 38/151/35
f 62/160/40 61/94/40 65/100/45 66/152/45
f 35/161/37 64/162/68 68/163/69 39/164/46
f 58/165/70 59/166/71 83/167/72 82/168/73
f 39/164/46 68/163/69 72/154/66 43/153/51
f 72/169/66 68/170/69 88/171/74 90/172/51
f 27/173/24 54/174/25 62/160/40 34/159/33
f 54/174/25 53/69/25 61/94/40 62/160/40
f 29/175/30 58/176/70 64/162/68 35/161/37
f 59/177/71 60/86/32 84/178/75 83/179/72
f 32/180/27 56/181/26 59/177/71 30/182/29
f 56/181/26 55/83/26 60/86/32 59/177/71
f 29/175/30 30/183/29 59/184/71 58/176/70
f 63/185/39 67/139/41 87/142/65 85/186/34
f 27/173/24 28/187/23 55/188/26 54/174/25
f 54/174/25 55/188/26 56/70/26 53/69/25
f 92/189/54 91/190/47 93/191/76 94/192/67
f 90/193/51 89/194/42 91/190/47 92/189/54
f 86/195/37 85/196/34 87/197/65 88/198/74
f 88/198/74 87/197/65 89/194/42 90/193/51
f 82/199/73 81/200/77 85/196/34 86/195/37
f 82/199/73 83/201/72 84/202/75 81/200/77
f 76/156/64 72/169/66 90/172/51 92/157/54
f 60/203/32 57/204/31 81/205/77 84/206/75
f 75/207/48 79/208/63 93/209/76 91/210/47
f 71/140/43 75/207/48 91/210/47 89/141/42
f 64/211/68 58/165/70 82/168/73 86/212/37
f 57/204/31 63/185/39 85/186/34 81/205/77
f 79/145/63 80/122/60 94/213/67 93/214/76
f 68/170/69 64/211/68 86/212/37 88/171/74
f 97/215/78 98/216/78 96/217/78 95/218/78
f 101/219/79 102/220/79 100/221/79 99/222/79
f 129/223/80 104/224/81 106/225/82 130/226/83
f 130/226/83 106/225/82 108/227/84 131/228/85
f 131/228/85 108/227/84 110/229/86 132/230/87
f 132/231/87 110/232/86 112/233/88 133/234/89
f 133/234/89 112/233/88 114/235/90 134/236/91
f 134/236/91 114/235/90 116/237/92 135/238/93
f 135/238/93 116/237/92 118/239/94 136/240/95
f 136/240/95 118/239/94 120/241/96 137/242/97
f 137/243/97 120/244/96 122/245/98 138/246/99
f 138/246/99 122/245/98 124/247/100 139/248/101
f 139/248/101 124/247/100 126/249/102 140/250/103
f 140/250/103 126/249/102 128/251/104 141/252/105
f 121/253/106 123/254/107 165/255/108 164/256/109
f 105/257/110 103/258/111 129/223/80 130/226/83
f 107/259/112 105/257/110 130/226/83 131/228/85
f 109/260/113 107/259/112 131/228/85 132/230/87
f 111/261/114 109/262/113 132/231/87 133/234/89
f 113/263/115 111/261/114 133/234/89 134/236/91
f 115/264/116 113/263/115 134/236/91 135/238/93
f 117/265/117 115/264/116 135/238/93 136/240/95
f 119/266/118 117/265/117 136/240/95 137/242/97
f 121/267/106 119/268/118 137/243/97 138/246/99
f 123/269/107 121/267/106 138/246/99 139/248/101
f 125/270/119 123/269/107 139/248/101 140/250/103
f 127/271/120 125/270/119 140/250/103 141/252/105
f 107/272/112 109/273/113 158/274/121 157/275/122
f 123/254/107 125/276/119 166/277/123 165/255/108
f 109/278/113 111/279/114 159/280/124 158/281/121
f 125/276/119 127/282/120 167/283/125 166/277/123
f 111/279/114 113/284/115 160/285/126 159/280/124
f 113/284/115 115/286/116 161/287/127 160/285/126
f 115/286/116 117/288/117 162/289/128 161/287/127
f 117/288/117 119/290/118 163/291/129 162/289/128
f 103/292/111 105/293/110 156/294/130 155/295/131
f 119/296/118 121/253/106 164/256/109 163/297/129
f 105/293/110 107/272/112 157/275/122 156/294/130
f 143/298/132 142/299/133 155/300/131 156/301/130
f 144/302/134 143/298/132 156/301/130 157/303/122
f 145/304/135 144/305/134 157/306/122 158/307/121
f 146/308/136 145/304/135 158/307/121 159/309/124
f 147/310/137 146/308/136 159/309/124 160/311/126
f 148/312/138 147/313/137 160/314/126 161/315/127
f 149/316/139 148/317/138 161/318/127 162/319/128
f 150/320/140 149/316/139 162/319/128 163/321/129
f 151/322/141 150/320/140 163/321/129 164/323/109
f 152/324/142 151/325/141 164/326/109 165/327/108
f 153/328/143 152/324/142 165/327/108 166/329/123
f 154/330/144 153/328/143 166/329/123 167/331/125
f 171/332/145 172/333/146 196/334/147 195/335/148
f 174/336/149 173/337/150 244/338/151 245/339/152
f 227/340/153 226/341/154 252/342/155 263/343/156
f 173/337/150 172/344/146 243/345/157 244/338/151
f 234/346/158 236/347/159 260/348/160 258/349/161
f 172/344/146 171/350/145 242/351/162 243/345/157
f 235/352/163 237/353/164 261/354/165 259/355/166
f 171/356/145 170/357/167 241/358/168 242/359/162
f 170/357/167 169/360/169 240/361/170 241/358/168
f 226/362/154 230/363/171 254/364/172 252/365/155
f 169/360/169 168/366/173 239/367/174 240/361/170
f 237/353/164 238/368/175 262/369/176 261/354/165
f 179/370/177 180/371/178 204/372/179 203/373/180
f 172/333/146 173/374/150 197/375/181 196/334/147
f 173/374/150 174/376/149 198/377/182 197/375/181
f 174/376/149 175/378/183 199/379/184 198/377/182
f 175/378/183 176/380/185 200/381/186 199/379/184
f 168/382/173 169/383/169 193/384/187 192/385/188
f 176/386/185 177/387/189 201/388/190 200/389/186
f 169/383/169 170/390/167 194/391/191 193/384/187
f 177/387/189 178/392/192 202/393/193 201/388/190
f 170/390/167 171/394/145 195/395/148 194/391/191
f 178/392/192 179/370/177 203/373/180 202/393/193
f 182/396/194 181/397/195 193/398/187 194/399/191
f 183/400/196 182/396/194 194/399/191 195/401/148
f 184/402/197 183/400/196 195/401/148 196/403/147
f 185/404/198 184/402/197 196/403/147 197/405/181
f 186/406/199 185/404/198 197/405/181 198/407/182
f 187/408/200 186/406/199 198/407/182 199/409/184
f 188/410/201 187/408/200 199/409/184 200/411/186
f 189/412/202 188/410/201 200/411/186 201/413/190
f 190/414/203 189/412/202 201/413/190 202/415/193
f 191/416/204 190/414/203 202/415/193 203/417/180
f 185/418/198 186/419/199 214/420/205 212/421/206
f 186/419/199 187/422/200 216/423/207 214/420/205
f 187/422/200 188/424/201 218/425/208 216/423/207
f 188/426/201 189/427/202 220/428/209 218/429/208
f 189/427/202 190/430/203 222/431/210 220/428/209
f 181/432/195 182/433/194 206/434/211 205/435/212
f 182/433/194 183/436/196 208/437/213 206/434/211
f 190/430/203 191/438/204 224/439/214 222/431/210
f 183/440/196 184/441/197 210/442/215 208/443/213
f 184/441/197 185/418/198 212/421/206 210/442/215
f 193/398/187 181/397/195 192/444/188
f 206/434/211 207/445/216 205/435/212
f 206/446/211 208/447/213 209/448/217 207/449/216
f 208/447/213 210/450/215 211/451/218 209/448/217
f 210/450/215 212/452/206 213/453/219 211/451/218
f 212/452/206 214/454/205 215/455/220 213/453/219
f 214/454/205 216/456/207 217/457/221 215/455/220
f 216/456/207 218/458/208 219/459/222 217/457/221
f 218/458/208 220/460/209 221/461/223 219/459/222
f 220/460/209 222/462/210 223/463/224 221/461/223
f 222/431/210 224/439/214 225/464/225 223/465/224
f 204/466/179 191/416/204 203/417/180
f 148/467/138 149/468/139 227/469/153 238/470/175
f 147/471/137 148/467/138 238/470/175 237/472/164
f 146/473/136 147/471/137 237/472/164 235/474/163
f 153/475/143 154/476/144 236/477/159 234/478/158
f 145/479/135 146/473/136 235/474/163 233/480/226
f 152/481/142 153/475/143 234/478/158 232/482/227
f 144/483/134 145/484/135 233/485/226 231/486/228
f 151/487/141 152/481/142 232/482/227 230/488/171
f 143/489/132 144/483/134 231/486/228 228/490/229
f 150/491/140 151/487/141 230/488/171 226/492/154
f 142/493/133 143/489/132 228/490/229 229/494/230
f 149/468/139 150/495/140 226/496/154 227/469/153
f 263/343/156 252/342/155 247/497/231 246/498/232
f 252/365/155 254/364/172 248/499/233 247/500/231
f 285/501/234 255/502/235 241/503/168 297/504/236
f 254/364/172 256/505/237 249/506/238 248/499/233
f 255/507/235 257/508/239 242/359/162 241/358/168
f 256/505/237 258/349/161 250/509/240 249/506/238
f 257/510/239 259/355/166 243/345/157 242/351/162
f 258/349/161 260/348/160 251/511/241 250/509/240
f 259/355/166 261/354/165 244/338/151 243/345/157
f 261/354/165 262/369/176 245/339/152 244/338/151
f 262/369/176 263/343/156 246/498/232 245/339/152
f 233/512/226 235/352/163 259/355/166 257/510/239
f 175/513/183 174/336/149 245/339/152 246/498/232
f 232/514/227 234/346/158 258/349/161 256/505/237
f 176/515/185 175/513/183 246/498/232 247/497/231
f 177/516/189 176/517/185 247/500/231 248/499/233
f 231/518/228 233/519/226 257/508/239 255/507/235
f 178/520/192 177/516/189 248/499/233 249/506/238
f 230/363/171 232/514/227 256/505/237 254/364/172
f 179/521/177 178/520/192 249/506/238 250/509/240
f 238/368/175 227/340/153 263/343/156 262/369/176
f 180/522/178 179/521/177 250/509/240 251/511/241
f 228/523/229 231/518/228 255/507/235 253/524/242
f 106/525/82 104/526/81 128/527/104 126/528/102 124/529/100 122/530/98 120/531/96 118/532/94 116/533/92 114/534/90 112/535/88 110/536/86 108/537/84
f 329/538/243 264/539/243 265/540/244 330/541/245
f 330/541/245 265/540/244 266/542/246 331/543/247
f 331/543/247 266/542/246 267/544/248 332/545/249
f 332/546/249 267/547/248 268/548/250 333/549/251
f 333/549/251 268/548/250 269/550/252 334/551/253
f 334/551/253 269/550/252 270/552/254 335/553/255
f 335/553/255 270/552/254 271/554/256 336/555/257
f 336/555/257 271/554/256 272/556/258 337/557/259
f 337/558/259 272/559/258 273/560/260 338/561/261
f 338/561/261 273/560/260 274/562/262 339/563/263
f 339/563/263 274/562/262 275/564/264 340/565/265
f 340/565/265 275/564/264 276/566/266 341/567/267
f 285/568/268 286/569/269 298/570/270 297/571/268
f 296/572/271 284/573/272 285/574/273 297/575/274
f 295/576/275 283/577/255 284/573/272 296/572/271
f 294/578/276 282/579/277 283/577/255 295/576/275
f 293/580/278 281/581/279 282/579/277 294/578/276
f 292/582/280 280/583/281 281/581/279 293/580/278
f 291/584/282 279/585/283 280/586/281 292/587/280
f 290/588/284 278/589/285 279/585/283 291/584/282
f 302/590/286 277/591/243 278/589/285 290/588/284
f 306/592/287 290/588/284 291/584/282 308/593/288
f 308/593/288 291/584/282 292/587/280 310/594/289
f 310/595/289 292/582/280 293/580/278 312/596/290
f 312/596/290 293/580/278 294/578/276 314/597/291
f 314/597/291 294/578/276 295/576/275 316/598/292
f 316/598/292 295/576/275 296/572/271 318/599/293
f 318/599/293 296/572/271 297/575/274 320/600/294
f 320/601/294 297/602/274 298/603/295 322/604/296
f 322/604/296 298/603/295 299/605/297 324/606/298
f 324/606/298 299/605/297 300/607/299 326/608/300
f 326/608/300 300/607/299 301/609/301 328/610/302
f 287/611/303 299/612/303 298/570/270 286/569/269
f 288/613/304 300/614/305 299/612/306 287/611/306
f 289/615/266 301/616/266 300/614/305 288/613/304
f 301/617/307 300/618/308 299/619/308 298/620/308 297/621/236 240/622/170 239/623/174
f 241/624/168 240/622/170 297/621/236
f 303/625/309 302/590/286 290/588/284 306/592/287
f 303/626/309 306/627/287 305/628/310 304/629/311
f 306/627/287 308/630/288 307/631/312 305/628/310
f 308/630/288 310/632/289 309/633/313 307/631/312
f 310/632/289 312/634/290 311/635/314 309/633/313
f 312/634/290 314/636/291 313/637/315 311/635/314
f 314/636/291 316/638/292 315/639/316 313/637/315
f 316/638/292 318/640/293 317/641/317 315/639/316
f 318/640/293 320/642/294 319/643/318 317/641/317
f 320/642/294 322/644/296 321/645/319 319/643/318
f 322/644/296 324/646/298 323/647/320 321/645/319
f 324/646/298 326/648/300 325/649/321 323/647/320
f 326/648/300 328/650/302 327/651/322 325/649/321
f 304/652/311 305/653/310 307/654/312 309/655/313 311/656/314 313/657/315 315/658/316 317/659/317 319/660/318 321/661/319 323/662/320 325/663/321 327/664/322
f 286/665/323 338/561/261 339/563/263 287/666/324
f 285/667/273 337/558/259 338/561/261 286/665/323
f 284/573/272 336/555/257 337/557/259 285/574/273
f 283/577/255 335/553/255 336/555/257 284/573/272
f 282/579/277 334/551/253 335/553/255 283/577/255
f 281/581/279 333/549/251 334/551/253 282/579/277
f 280/583/281 332/546/249 333/549/251 281/581/279
f 279/585/283 331/543/247 332/545/249 280/586/281
f 278/589/285 330/541/245 331/543/247 279/585/283
f 277/591/243 329/538/243 330/541/245 278/589/285
f 229/668/230 228/669/229 339/670/263 340/671/265 341/672/267
f 253/673/242 287/674/324 339/675/263 228/676/229
f 253/677/325 287/678/325 299/679/325 300/680/325
f 253/681/242 255/682/235 285/683/234 286/684/326 287/685/326
f 129/223/80 364/686/327 343/687/328 104/224/81
f 364/686/327 365/688/329 345/689/330 343/687/328
f 365/688/329 366/690/331 347/691/332 345/689/330
f 366/692/331 367/693/333 349/694/334 347/695/332
f 367/696/333 368/697/335 351/698/336 349/699/334
f 368/697/335 369/700/337 353/701/338 351/698/336
f 369/700/337 370/702/339 355/703/340 353/701/338
f 370/702/339 371/704/341 357/705/342 355/703/340
f 371/704/341 372/706/343 359/707/344 357/705/342
f 372/708/343 373/709/345 361/710/346 359/711/344
f 373/709/345 374/712/347 363/713/348 361/710/346
f 374/712/347 141/252/105 128/251/104 363/713/348
f 358/714/349 394/715/350 395/716/351 360/717/352
f 342/718/353 364/686/327 129/223/80 103/258/111
f 344/719/354 365/688/329 364/686/327 342/718/353
f 346/720/355 366/690/331 365/688/329 344/719/354
f 348/721/356 367/722/333 366/690/331 346/720/355
f 350/723/357 368/697/335 367/696/333 348/724/356
f 352/725/358 369/700/337 368/697/335 350/723/357
f 354/726/359 370/702/339 369/700/337 352/725/358
f 356/727/360 371/704/341 370/702/339 354/726/359
f 358/728/349 372/706/343 371/704/341 356/727/360
f 360/729/352 373/730/345 372/706/343 358/728/349
f 362/731/361 374/712/347 373/709/345 360/732/352
f 127/271/120 141/252/105 374/712/347 362/731/361
f 344/733/354 387/734/362 388/735/363 346/736/355
f 360/717/352 395/716/351 396/737/364 362/738/361
f 346/736/355 388/735/363 389/739/365 348/740/356
f 362/738/361 396/737/364 167/283/125 127/282/120
f 348/741/356 389/742/365 390/743/366 350/744/357
f 350/744/357 390/743/366 391/745/367 352/746/358
f 352/746/358 391/745/367 392/747/368 354/748/359
f 354/748/359 392/747/368 393/749/369 356/750/360
f 103/292/111 155/295/131 386/751/370 342/752/353
f 356/750/360 393/749/369 394/753/350 358/754/349
f 342/752/353 386/751/370 387/734/362 344/733/354
f 375/755/371 386/756/370 155/300/131 142/299/133
f 376/757/372 387/758/362 386/756/370 375/755/371
f 377/759/373 388/760/363 387/761/362 376/762/372
f 378/763/374 389/764/365 388/760/363 377/759/373
f 379/765/375 390/766/366 389/764/365 378/763/374
f 380/767/376 391/768/367 390/766/366 379/765/375
f 381/769/377 392/770/368 391/768/367 380/767/376
f 382/771/378 393/772/369 392/770/368 381/769/377
f 383/773/379 394/774/350 393/772/369 382/771/378
f 384/775/380 395/776/351 394/777/350 383/778/379
f 385/779/381 396/780/364 395/776/351 384/775/380
f 154/330/144 167/331/125 396/780/364 385/779/381
f 399/781/382 419/782/383 420/783/384 400/784/385
f 402/785/386 453/786/387 452/787/388 401/788/389
f 438/789/390 469/790/391 459/791/392 437/792/393
f 401/788/389 452/787/388 451/793/394 400/794/385
f 444/795/395 465/796/396 260/348/160 236/347/159
f 400/797/385 451/798/394 450/799/397 399/800/382
f 445/801/398 466/802/399 467/803/400 446/804/401
f 399/800/382 450/799/397 449/805/402 398/806/403
f 398/806/403 449/805/402 448/807/404 397/808/405
f 437/792/393 459/791/392 461/809/406 440/810/407
f 397/808/405 448/807/404 239/367/174 168/366/173
f 446/804/401 467/803/400 468/811/408 447/812/409
f 407/813/410 427/814/411 204/372/179 180/371/178
f 400/815/385 420/816/384 421/817/412 401/818/389
f 401/818/389 421/817/412 422/819/413 402/820/386
f 402/820/386 422/819/413 423/821/414 403/822/415
f 403/822/415 423/821/414 424/823/416 404/824/417
f 168/382/173 192/385/188 417/825/418 397/826/405
f 404/824/417 424/823/416 425/827/419 405/828/420
f 397/826/405 417/825/418 418/829/421 398/830/403
f 405/831/420 425/832/419 426/833/422 406/834/423
f 398/830/403 418/829/421 419/782/383 399/781/382
f 406/834/423 426/833/422 427/814/411 407/813/410
f 408/835/424 418/836/421 417/837/418 181/397/195
f 409/838/425 419/839/383 418/836/421 408/835/424
f 410/840/426 420/841/384 419/839/383 409/838/425
f 411/842/427 421/843/412 420/841/384 410/840/426
f 412/844/428 422/845/413 421/843/412 411/842/427
f 413/846/429 423/847/414 422/845/413 412/844/428
f 414/848/430 424/849/416 423/847/414 413/846/429
f 415/850/431 425/851/419 424/849/416 414/848/430
f 416/852/432 426/853/422 425/851/419 415/850/431
f 191/416/204 427/854/411 426/853/422 416/852/432
f 411/855/427 431/856/433 432/857/434 412/858/428
f 412/858/428 432/857/434 433/859/435 413/860/429
f 413/860/429 433/859/435 434/861/436 414/862/430
f 414/862/430 434/861/436 435/863/437 415/864/431
f 415/865/431 435/866/437 436/867/438 416/868/432
f 181/432/195 205/435/212 428/869/439 408/870/424
f 408/870/424 428/869/439 429/871/440 409/872/425
f 416/868/432 436/867/438 224/439/214 191/438/204
f 409/872/425 429/871/440 430/873/441 410/874/426
f 410/875/426 430/876/441 431/856/433 411/855/427
f 417/837/418 192/444/188 181/397/195
f 428/869/439 205/435/212 207/445/216
f 428/869/439 207/445/216 209/877/217 429/871/440
f 429/878/440 209/448/217 211/451/218 430/879/441
f 430/879/441 211/451/218 213/453/219 431/880/433
f 431/880/433 213/453/219 215/455/220 432/881/434
f 432/881/434 215/455/220 217/457/221 433/882/435
f 433/882/435 217/457/221 219/459/222 434/883/436
f 434/883/436 219/459/222 221/461/223 435/884/437
f 435/884/437 221/461/223 223/463/224 436/885/438
f 436/867/438 223/465/224 225/464/225 224/439/214
f 204/466/179 427/854/411 191/416/204
f 380/886/376 447/887/409 438/888/390 381/889/377
f 379/890/375 446/891/401 447/887/409 380/886/376
f 378/892/374 445/893/398 446/891/401 379/890/375
f 385/894/381 444/895/395 236/477/159 154/476/144
f 377/896/373 443/897/442 445/898/398 378/899/374
f 384/900/380 442/901/443 444/895/395 385/894/381
f 376/902/372 441/903/444 443/897/442 377/896/373
f 383/904/379 440/905/407 442/901/443 384/900/380
f 375/906/371 439/907/445 441/903/444 376/902/372
f 382/908/378 437/909/393 440/910/407 383/911/379
f 142/493/133 229/494/230 439/907/445 375/906/371
f 381/889/377 438/888/390 437/909/393 382/908/378
f 469/790/391 454/912/446 455/913/447 459/791/392
f 459/791/392 455/913/447 456/914/448 461/809/406
f 488/915/449 499/916/450 449/917/402 462/918/451
f 461/919/406 456/920/448 457/921/452 463/922/453
f 462/923/451 449/805/402 450/799/397 464/924/454
f 463/922/453 457/921/452 458/925/455 465/796/396
f 464/924/454 450/799/397 451/798/394 466/926/399
f 465/796/396 458/925/455 251/511/241 260/348/160
f 466/802/399 451/793/394 452/787/388 467/803/400
f 467/803/400 452/787/388 453/786/387 468/811/408
f 468/811/408 453/786/387 454/912/446 469/790/391
f 443/927/442 464/924/454 466/926/399 445/928/398
f 403/929/415 454/912/446 453/786/387 402/785/386
f 442/930/443 463/922/453 465/796/396 444/795/395
f 404/931/417 455/913/447 454/912/446 403/929/415
f 405/932/420 456/914/448 455/913/447 404/931/417
f 441/933/444 462/923/451 464/924/454 443/927/442
f 406/934/423 457/921/452 456/920/448 405/935/420
f 440/936/407 461/919/406 463/922/453 442/930/443
f 407/937/410 458/925/455 457/921/452 406/934/423
f 447/812/409 468/811/408 469/790/391 438/789/390
f 180/522/178 251/511/241 458/925/455 407/937/410
f 439/938/445 460/939/456 462/923/451 441/933/444
f 343/940/328 345/941/330 347/942/332 349/943/334 351/944/336 353/945/338 355/946/340 357/947/342 359/948/344 361/949/346 363/950/348 128/527/104 104/526/81
f 329/538/243 525/951/457 470/952/458 264/539/243
f 525/951/457 526/953/459 471/954/460 470/952/458
f 526/953/459 527/955/461 472/956/462 471/954/460
f 527/955/461 528/957/463 473/958/464 472/956/462
f 528/959/463 529/960/465 474/961/466 473/962/464
f 529/960/465 530/963/467 475/964/468 474/961/466
f 530/963/467 531/965/469 476/966/470 475/964/468
f 531/965/469 532/967/471 477/968/472 476/966/470
f 532/967/471 533/969/473 478/970/474 477/968/472
f 533/971/473 534/972/475 479/973/476 478/974/474
f 534/972/475 535/975/477 480/976/478 479/973/476
f 535/975/477 341/567/267 276/566/266 480/976/478
f 488/977/479 499/978/479 500/979/480 489/980/481
f 498/981/482 499/982/483 488/983/484 487/984/485
f 497/985/486 498/981/482 487/984/485 486/986/467
f 496/987/487 497/985/486 486/986/467 485/988/488
f 495/989/489 496/987/487 485/988/488 484/990/490
f 494/991/491 495/992/489 484/993/490 483/994/492
f 493/995/493 494/991/491 483/994/492 482/996/494
f 492/997/495 493/995/493 482/996/494 481/998/496
f 302/590/286 492/997/495 481/998/496 277/591/243
f 504/999/497 506/1000/498 493/995/493 492/997/495
f 506/1000/498 508/1001/499 494/991/491 493/995/493
f 508/1001/499 510/1002/500 495/992/489 494/991/491
f 510/1003/500 512/1004/501 496/987/487 495/989/489
f 512/1004/501 514/1005/502 497/985/486 496/987/487
f 514/1005/502 516/1006/503 498/981/482 497/985/486
f 516/1006/503 518/1007/504 499/982/483 498/981/482
f 518/1007/504 520/1008/505 500/1009/506 499/982/483
f 520/1010/505 522/1011/507 501/1012/508 500/1013/506
f 522/1011/507 524/1014/509 502/1015/510 501/1012/508
f 524/1014/509 328/610/302 301/609/301 502/1015/510
f 490/1016/511 489/1017/481 500/1018/480 501/1019/511
f 491/1020/512 490/1016/513 501/1019/513 502/1021/514
f 289/615/266 491/1020/512 502/1021/514 301/616/266
f 301/1022/307 239/1023/174 448/1024/404 499/1025/450 500/1026/515 501/1027/515 502/1028/515
f 449/1029/402 499/1025/450 448/1024/404
f 303/625/309 504/999/497 492/997/495 302/590/286
f 303/1030/309 304/1031/311 503/1032/516 504/1033/497
f 504/1033/497 503/1032/516 505/1034/517 506/1035/498
f 506/1036/498 505/1037/517 507/1038/518 508/1039/499
f 508/1039/499 507/1038/518 509/1040/519 510/1041/500
f 510/1041/500 509/1040/519 511/1042/520 512/1043/501
f 512/1044/501 511/1045/520 513/1046/521 514/1047/502
f 514/1047/502 513/1046/521 515/1048/522 516/1049/503
f 516/1049/503 515/1048/522 517/1050/523 518/1051/504
f 518/1052/504 517/1053/523 519/1054/524 520/1055/505
f 520/1055/505 519/1054/524 521/1056/525 522/1057/507
f 522/1057/507 521/1056/525 523/1058/526 524/1059/509
f 524/1059/509 523/1058/526 327/651/322 328/650/302
f 304/1060/311 327/1061/322 523/1062/526 521/1063/525 519/1064/524 517/1065/523 515/1066/522 513/1067/521 511/1068/520 509/1069/519 507/1070/518 505/1071/517 503/1072/516
f 489/1073/527 490/1074/528 534/972/475 533/971/473
f 488/983/484 489/1075/527 533/969/473 532/967/471
f 487/984/485 488/983/484 532/967/471 531/965/469
f 486/986/467 487/984/485 531/965/469 530/963/467
f 485/988/488 486/986/467 530/963/467 529/960/465
f 484/990/490 485/988/488 529/960/465 528/959/463
f 483/994/492 484/993/490 528/957/463 527/955/461
f 482/996/494 483/994/492 527/955/461 526/953/459
f 481/998/496 482/996/494 526/953/459 525/951/457
f 277/591/243 481/998/496 525/951/457 329/538/243
f 229/668/230 341/672/267 535/1076/477 534/1077/475 439/1078/445
f 460/1079/456 439/1080/445 534/1081/475 490/1082/528
f 460/1083/529 502/1084/529 501/1085/529 490/1086/529
f 460/1087/456 490/1088/530 489/1089/530 488/1090/449 462/1091/451
f 544/1092/531 551/1093/532 539/1094/533 537/1095/534
f 558/1096/535 560/1097/536 567/1098/537 563/1099/538
f 566/1100/539 568/1101/540 561/1102/541 577/1103/542 565/1104/543 564/1105/544
f 567/1106/537 560/1107/536 559/1108/545 569/1109/546
f 548/1110/547 541/1111/548 536/1112/549 538/1113/550
f 539/1114/533 551/1115/532 548/1116/547 538/1117/550
f 555/1118/536 539/1114/533 538/1117/550 556/1119/545
f 559/1120/545 557/1121/551 562/1122/552 569/1123/546
f 571/1124/553 541/1125/548 542/1126/554 572/1127/555
f 572/1128/555 542/1129/554 540/1130/556 573/1131/557
f 550/1132/558 547/1133/559 549/1134/560 552/1135/561
f 552/1136/561 549/1137/560 548/1138/547 551/1139/532
f 547/1140/559 540/1141/556 542/1142/554 549/1143/560
f 549/1144/560 542/1145/554 541/1146/548 548/1147/547
f 543/1148/562 550/1149/558 552/1150/561 545/1151/563
f 545/1152/563 552/1153/561 551/1154/532 544/1155/531
f 543/1156/562 546/1157/564 573/1158/557 540/1159/556 547/1160/559 550/1161/558
f 560/1107/536 555/1118/536 556/1119/545 559/1108/545
f 537/1095/534 539/1094/533 555/1162/536 554/1163/535
f 538/1113/550 536/1112/549 553/1164/565 556/1165/545
f 554/1163/535 555/1162/536 560/1097/536 558/1096/535
f 556/1165/545 553/1164/565 557/1121/551 559/1120/545
f 568/1166/540 566/1167/539 567/1168/537 569/1169/546
f 563/1099/538 567/1098/537 566/1170/539 564/1171/544
f 569/1172/546 562/1173/552 561/1174/541 568/1175/540
f 557/1176/551 575/1177/566 576/1178/567 562/1179/552
f 562/1180/552 576/1181/567 577/1182/542 561/1183/541
f 553/1184/565 574/1185/568 575/1177/566 557/1176/551
f 536/1186/549 570/1187/569 574/1185/568 553/1184/565
f 583/1188/570 582/1189/571 565/1190/543 577/1191/542
f 584/1192/572 571/1193/553 572/1194/555 573/1195/557
f 541/1125/548 571/1124/553 570/1187/569 536/1186/549
f 584/1196/572 585/1197/573 578/1198/574 579/1199/575
f 581/1200/576 574/1201/568 570/1202/569 579/1203/575
f 579/1199/575 578/1198/574 580/1204/577 581/1205/576
f 583/1206/570 575/1207/566 574/1201/568 581/1200/576
f 581/1205/576 580/1204/577 582/1189/571 583/1188/570
f 577/1208/542 576/1209/567 575/1207/566 583/1206/570
f 573/1210/557 546/1211/564 585/1197/573 584/1196/572
f 579/1203/575 570/1202/569 571/1193/553 584/1192/572
f 544/1092/531 537/1095/534 588/1212/578 596/1213/579
f 558/1096/535 563/1099/538 607/1214/580 603/1215/581
f 606/1216/582 564/1105/544 565/1104/543 617/1217/583 604/1218/584 608/1219/585
f 607/1220/580 609/1221/586 602/1222/587 603/1223/581
f 593/1224/588 587/1225/589 586/1226/590 590/1227/591
f 588/1228/578 587/1229/589 593/1230/588 596/1231/579
f 599/1232/581 600/1233/587 587/1229/589 588/1228/578
f 602/1234/587 609/1235/586 605/1236/592 601/1237/593
f 611/1238/594 612/1239/595 591/1240/596 590/1241/591
f 612/1242/595 613/1243/597 589/1244/598 591/1245/596
f 595/1246/599 597/1247/600 594/1248/601 592/1249/602
f 597/1250/600 596/1251/579 593/1252/588 594/1253/601
f 592/1254/602 594/1255/601 591/1256/596 589/1257/598
f 594/1258/601 593/1259/588 590/1260/591 591/1261/596
f 543/1148/562 545/1151/563 597/1262/600 595/1263/599
f 545/1152/563 544/1155/531 596/1264/579 597/1265/600
f 543/1156/562 595/1266/599 592/1267/602 589/1268/598 613/1269/597 546/1157/564
f 603/1223/581 602/1222/587 600/1233/587 599/1232/581
f 537/1095/534 554/1163/535 599/1270/581 588/1212/578
f 587/1225/589 600/1271/587 598/1272/603 586/1226/590
f 554/1163/535 558/1096/535 603/1215/581 599/1270/581
f 600/1271/587 602/1234/587 601/1237/593 598/1272/603
f 608/1273/585 609/1274/586 607/1275/580 606/1276/582
f 563/1099/538 564/1171/544 606/1277/582 607/1214/580
f 609/1278/586 608/1279/585 604/1280/584 605/1281/592
f 601/1282/593 605/1283/592 616/1284/604 615/1285/605
f 605/1286/592 604/1287/584 617/1288/583 616/1289/604
f 598/1290/603 601/1282/593 615/1285/605 614/1291/606
f 586/1292/590 598/1290/603 614/1291/606 610/1293/607
f 620/1294/608 617/1295/583 565/1190/543 582/1189/571
f 621/1296/609 613/1297/597 612/1298/595 611/1299/594
f 590/1241/591 586/1292/590 610/1293/607 611/1238/594
f 621/1300/609 618/1301/610 578/1198/574 585/1197/573
f 619/1302/611 618/1303/610 610/1304/607 614/1305/606
f 618/1301/610 619/1306/611 580/1204/577 578/1198/574
f 620/1307/608 619/1302/611 614/1305/606 615/1308/605
f 619/1306/611 620/1294/608 582/1189/571 580/1204/577
f 617/1309/583 620/1307/608 615/1308/605 616/1310/604
f 613/1311/597 621/1300/609 585/1197/573 546/1211/564
f 618/1303/610 621/1296/609 611/1299/594 610/1304/607
f 630/1312/612 647/1313/613 652/1314/614 650/1315/615
f 622/1316/616 623/1317/617 681/1318/618 682/1319/619 642/1320/620 633/1321/621 634/1322/622
f 624/1323/623 632/1324/624 636/1325/625 626/1326/626
f 629/1327/627 639/1328/628 702/1329/629 703/1330/630
f 647/1331/613 644/1332/631 651/1333/632 652/1334/614
f 645/1335/633 643/1336/634 684/1337/635 644/1338/631
f 626/1326/626 636/1325/625 638/1339/636 628/1340/637
f 628/1340/637 638/1339/636 639/1341/628 629/1342/627
f 635/1343/638 643/1344/634 645/1345/633 637/1346/639
f 637/1346/639 645/1345/633 646/1347/640 640/1348/641
f 631/1349/642 641/1350/643 643/1344/634 635/1343/638
f 633/1351/621 642/1352/620 641/1350/643 631/1349/642
f 632/1353/624 634/1354/622 633/1355/621 631/1356/642
f 636/1357/625 632/1353/624 631/1356/642 635/1358/638
f 635/1359/638 637/1360/639 638/1339/636 636/1325/625
f 639/1341/628 638/1339/636 637/1360/639 640/1361/641
f 622/1362/616 634/1363/622 632/1324/624 624/1323/623
f 643/1336/634 641/1364/643 680/1365/644 684/1337/635
f 679/1366/645 625/1367/646 627/1368/647 683/1369/648
f 683/1369/648 627/1368/647 648/1370/649 685/1371/650
f 646/1372/640 645/1335/633 644/1338/631 647/1373/613
f 682/1374/619 680/1365/644 641/1364/643 642/1375/620
f 655/1376/651 688/1377/652 689/1378/653 658/1379/654
f 650/1315/615 652/1314/614 656/1380/655 654/1381/656
f 644/1332/631 684/1382/635 686/1383/657 651/1333/632
f 651/1333/632 686/1383/657 688/1377/652 655/1376/651
f 654/1381/656 656/1380/655 659/1384/658 657/1385/659
f 656/1386/655 655/1376/651 658/1379/654 659/1387/658
f 685/1371/650 648/1370/649 653/1388/660 687/1389/661
f 652/1334/614 651/1333/632 655/1376/651 656/1386/655
f 659/1387/658 658/1379/654 662/1390/662 663/1391/663
f 690/1392/664 649/1393/665 660/1394/666 691/1395/667
f 658/1379/654 689/1378/653 692/1396/668 662/1390/662
f 687/1389/661 653/1388/660 649/1393/665 690/1392/664
f 668/1397/669 669/1398/670 675/1399/671
f 657/1385/659 659/1384/658 663/1400/663 661/1401/672
f 662/1390/662 692/1396/668 695/1402/673 676/1403/674
f 676/1404/674 695/1405/673 698/1406/675 675/1407/671
f 674/1408/676 677/1409/677 670/1410/678 667/1411/679
f 669/1412/670 665/1413/680 667/1414/679 670/1415/678
f 669/1398/670 670/1416/678 677/1417/677 675/1399/671
f 691/1395/667 660/1394/666 672/1418/681 696/1419/682
f 663/1391/663 662/1390/662 676/1403/674 678/1420/683
f 665/1413/680 669/1412/670 668/1421/669 693/1422/684 694/1423/685 664/1424/686 666/1425/687
f 661/1401/672 663/1400/663 678/1426/683 673/1427/688
f 664/1428/686 694/1429/685 697/1430/689 671/1431/690
f 696/1432/682 672/1433/681 671/1431/690 697/1430/689
f 678/1434/683 676/1404/674 675/1407/671 677/1435/677
f 673/1436/688 678/1437/683 677/1438/677 674/1439/676
f 693/1440/684 668/1397/669 675/1399/671 698/1441/675
f 681/1442/618 679/1366/645 680/1443/644 682/1444/619
f 679/1366/645 683/1369/648 684/1445/635 680/1443/644
f 686/1446/657 684/1445/635 683/1369/648 685/1371/650
f 688/1447/652 686/1448/657 685/1449/650 687/1450/661
f 690/1392/664 691/1395/667 692/1451/668 689/1452/653
f 689/1452/653 688/1453/652 687/1389/661 690/1392/664
f 696/1432/682 697/1430/689 698/1454/675 695/1455/673
f 693/1456/684 698/1457/675 697/1458/689 694/1459/685
f 695/1460/673 692/1451/668 691/1395/667 696/1419/682
f 681/1442/618 623/1461/617 625/1367/646 679/1366/645
f 640/1462/641 646/1463/640 708/1464/691 699/1465/692
f 646/1466/640 647/1467/613 705/1468/693 708/1469/691
f 647/1467/613 630/1470/612 710/1471/694 705/1468/693
f 639/1328/628 640/1472/641 699/1473/692 702/1329/629
f 700/1474/695 701/1475/696 702/1329/629 699/1473/692
f 701/1475/696 704/1476/697 703/1330/630 702/1329/629
f 706/1477/698 707/1478/699 708/1469/691 705/1468/693
f 709/1479/700 706/1477/698 705/1468/693 710/1471/694
f 707/1480/699 700/1481/695 699/1465/692 708/1464/691
f 706/1482/698 709/1483/700 704/1484/697 701/1485/696 700/1486/695 707/1487/699
f 630/1312/612 650/1315/615 729/1488/701 727/1489/702
f 622/1316/616 714/1490/703 713/1491/704 722/1492/705 746/1493/706 745/1494/707 623/1317/617
f 624/1323/623 626/1326/626 716/1495/708 712/1496/709
f 629/1327/627 703/1330/630 766/1497/710 719/1498/711
f 727/1499/702 729/1500/701 728/1501/712 724/1502/713
f 725/1503/714 724/1504/713 748/1505/715 723/1506/716
f 626/1326/626 628/1340/637 718/1507/717 716/1495/708
f 628/1340/637 629/1342/627 719/1508/711 718/1507/717
f 715/1509/718 717/1510/719 725/1511/714 723/1512/716
f 717/1510/719 720/1513/720 726/1514/721 725/1511/714
f 711/1515/722 715/1509/718 723/1512/716 721/1516/723
f 713/1517/704 711/1515/722 721/1516/723 722/1518/705
f 712/1519/709 711/1520/722 713/1521/704 714/1522/703
f 716/1523/708 715/1524/718 711/1520/722 712/1519/709
f 715/1525/718 716/1495/708 718/1507/717 717/1526/719
f 719/1508/711 720/1527/720 717/1526/719 718/1507/717
f 622/1362/616 624/1323/623 712/1496/709 714/1528/703
f 723/1506/716 748/1505/715 744/1529/724 721/1530/723
f 743/1531/725 747/1532/726 627/1368/647 625/1367/646
f 747/1532/726 749/1533/727 648/1370/649 627/1368/647
f 726/1534/721 727/1535/702 724/1504/713 725/1503/714
f 746/1536/706 722/1537/705 721/1530/723 744/1529/724
f 730/1538/728 732/1539/729 753/1540/730 752/1541/731
f 650/1315/615 654/1381/656 731/1542/732 729/1488/701
f 724/1502/713 728/1501/712 750/1543/733 748/1544/715
f 728/1501/712 730/1538/728 752/1541/731 750/1543/733
f 654/1381/656 657/1385/659 733/1545/734 731/1542/732
f 731/1546/732 733/1547/734 732/1539/729 730/1538/728
f 749/1533/727 751/1548/735 653/1388/660 648/1370/649
f 729/1500/701 731/1546/732 730/1538/728 728/1501/712
f 733/1547/734 735/1549/736 734/1550/737 732/1539/729
f 754/1551/738 755/1552/739 660/1394/666 649/1393/665
f 732/1539/729 734/1550/737 756/1553/740 753/1540/730
f 751/1548/735 754/1551/738 649/1393/665 653/1388/660
f 736/1554/741 739/1555/742 737/1556/743
f 657/1385/659 661/1401/672 735/1557/736 733/1545/734
f 734/1550/737 740/1558/744 759/1559/745 756/1553/740
f 740/1560/744 739/1561/742 762/1562/746 759/1563/745
f 674/1408/676 667/1411/679 738/1564/747 741/1565/748
f 737/1566/743 738/1567/747 667/1414/679 665/1413/680
f 737/1556/743 739/1555/742 741/1568/748 738/1569/747
f 755/1552/739 760/1570/749 672/1418/681 660/1394/666
f 735/1549/736 742/1571/750 740/1558/744 734/1550/737
f 665/1413/680 666/1425/687 664/1424/686 758/1572/751 757/1573/752 736/1574/741 737/1566/743
f 661/1401/672 673/1427/688 742/1575/750 735/1557/736
f 664/1428/686 671/1431/690 761/1576/753 758/1577/751
f 760/1578/749 761/1576/753 671/1431/690 672/1433/681
f 742/1579/750 741/1580/748 739/1561/742 740/1560/744
f 673/1436/688 674/1439/676 741/1581/748 742/1582/750
f 757/1583/752 762/1584/746 739/1555/742 736/1554/741
f 745/1585/707 746/1586/706 744/1587/724 743/1531/725
f 743/1531/725 744/1587/724 748/1588/715 747/1532/726
f 750/1589/733 749/1533/727 747/1532/726 748/1588/715
f 752/1590/731 751/1591/735 749/1592/727 750/1593/733
f 754/1551/738 753/1594/730 756/1595/740 755/1552/739
f 753/1594/730 754/1551/738 751/1548/735 752/1596/731
f 760/1578/749 759/1597/745 762/1598/746 761/1576/753
f 757/1599/752 758/1600/751 761/1601/753 762/1602/746
f 759/1603/745 760/1570/749 755/1552/739 756/1595/740
f 745/1585/707 743/1531/725 625/1367/646 623/1461/617
f 720/1604/720 763/1605/754 770/1606/755 726/1607/721
f 726/1608/721 770/1609/755 767/1610/756 727/1611/702
f 727/1611/702 767/1610/756 710/1471/694 630/1470/612
f 719/1498/711 766/1497/710 763/1612/754 720/1613/720
f 764/1614/757 763/1612/754 766/1497/710 765/1615/758
f 765/1615/758 766/1497/710 703/1330/630 704/1476/697
f 768/1616/759 767/1610/756 770/1609/755 769/1617/760
f 709/1479/700 710/1471/694 767/1610/756 768/1616/759
f 769/1618/760 770/1606/755 763/1605/754 764/1619/757
f 768/1620/759 769/1621/760 764/1622/757 765/1623/758 704/1484/697 709/1483/700
f 778/1624/761 779/1625/762 786/1626/763 781/1627/764
f 774/1628/765 776/1629/766 789/1630/767 788/1631/768
f 774/1632/765 771/1633/769 772/1634/770 776/1635/766
f 785/1636/771 776/1637/766 772/1638/770 783/1639/772
f 810/1640/773 779/1641/762 778/1642/761 811/1643/774
f 785/1644/771 783/1645/772 781/1646/764 786/1647/763
f 788/1631/768 789/1630/767 795/1648/775 794/1649/776
f 776/1637/766 785/1636/771 792/1650/777 789/1651/767
f 785/1644/771 786/1647/763 793/1652/778 792/1653/777
f 786/1626/763 779/1625/762 791/1654/779 793/1655/778
f 804/1656/780 774/1657/765 788/1658/768 807/1659/781
f 954/1660/782 955/1661/783 799/1662/784 809/1663/785
f 789/1651/767 792/1650/777 797/1664/786 795/1665/775
f 792/1653/777 793/1652/778 798/1666/787 797/1667/786
f 793/1655/778 791/1654/779 796/1668/788 798/1669/787
f 807/1659/781 788/1658/768 794/1670/776 808/1671/789
f 814/1672/783 815/1673/790 942/1674/790
f 948/1675/79 942/1676/790 815/1677/790 946/1678/79
f 958/1679/791 959/1680/792 801/1681/793 803/1682/794
f 809/1683/785 799/1684/784 800/1685/795 802/1686/796 803/1687/794 801/1688/793 812/1689/797
f 771/1690/769 805/1691/798 806/1692/799 772/1693/770
f 774/1657/765 804/1656/780 805/1694/798 771/1695/769
f 813/1696/800 796/1697/788 825/1698/801 826/1699/802
f 901/1700/803 980/1701/804 991/1702/805 993/1703/806 819/1704/807
f 796/1697/788 791/1705/779 823/1706/808 825/1698/801
f 811/1707/774 778/1708/761 781/1709/764 783/1710/772 772/1693/770 806/1692/799
f 791/1705/779 779/1711/762 821/1712/809 823/1706/808
f 798/1669/787 796/1668/788 813/1713/800 817/1714/791
f 797/1667/786 798/1666/787 817/1715/791 816/1716/810
f 794/1649/776 795/1648/775 815/1673/790 814/1672/783
f 808/1671/789 794/1670/776 814/1717/783 818/1718/782
f 823/1706/808 822/1719/811 824/1720/812 825/1698/801
f 821/1721/809 820/1722/813 828/1723/814 829/1724/815
f 823/1725/808 821/1726/809 829/1727/815 831/1728/816
f 779/1729/762 810/1730/773 820/1731/813 821/1732/809
f 819/1733/807 813/1734/800 826/1735/802 827/1736/817
f 830/1737/818 831/1738/816 839/1739/819 838/1740/820
f 833/1741/821 832/1742/822 840/1743/823 841/1744/824
f 827/1745/817 826/1746/802 834/1747/825 835/1748/826
f 826/1749/802 825/1750/801 833/1751/821 834/1752/825
f 825/1753/801 824/1754/812 832/1755/822 833/1756/821
f 822/1757/811 823/1758/808 831/1759/816 830/1760/818
f 842/1761/827 841/1762/824 873/1763/828 868/1764/829
f 837/1765/830 836/1766/831 853/1767/832 855/1768/833
f 834/1752/825 833/1751/821 841/1762/824 842/1761/827
f 831/1728/816 829/1727/815 837/1769/830 839/1770/819
f 829/1771/815 828/1772/814 836/1766/831 837/1765/830
f 835/1773/826 834/1774/825 842/1775/827 843/1776/834
f 845/1777/835 844/1778/835 846/1779/835 847/1780/835
f 849/1781/836 848/1782/836 851/1783/836 850/1784/836
f 841/1744/824 840/1743/823 865/1785/837 873/1786/828
f 838/1740/820 839/1739/819 859/1787/838 861/1788/839
f 843/1776/834 842/1775/827 868/1789/829 870/1790/840
f 862/1791/841 858/1792/842 847/1793/843 846/1794/844
f 867/1795/845 874/1796/846 849/1797/847 850/1798/848
f 871/1799/849 867/1800/845 850/1801/848 851/1802/850
f 858/1803/842 856/1804/851 845/1805/852 847/1806/843
f 839/1770/819 837/1769/830 855/1807/833 859/1808/838
f 856/1804/851 858/1803/842 860/1809/853 857/1810/854
f 857/1810/854 860/1809/853 859/1808/838 855/1807/833
f 858/1811/842 862/1812/841 863/1813/855 860/1814/853
f 860/1814/853 863/1813/855 861/1788/839 859/1787/838
f 852/1815/856 856/1816/851 857/1817/854 854/1818/857
f 854/1818/857 857/1817/854 855/1768/833 853/1767/832
f 856/1819/851 852/1820/856 844/1821/858 845/1822/852
f 874/1796/846 867/1795/845 869/1823/859 875/1824/860
f 875/1824/860 869/1823/859 868/1764/829 873/1763/828
f 864/1825/861 874/1826/846 875/1827/860 866/1828/862
f 866/1829/862 875/1830/860 873/1786/828 865/1785/837
f 867/1800/845 871/1799/849 872/1831/863 869/1832/859
f 869/1833/859 872/1834/863 870/1790/840 868/1789/829
f 874/1826/846 864/1825/861 848/1835/864 849/1836/847
f 845/1822/865 844/1821/866 851/1802/866 850/1801/867
f 846/1794/868 847/1793/869 849/1836/870 848/1835/868
f 845/1805/865 850/1798/867 849/1797/870 847/1806/869
f 880/1837/871 882/1838/872 885/1839/873 881/1840/874
f 878/1841/875 886/1842/876 887/1843/877 879/1844/878
f 878/1841/875 879/1844/878 877/1845/879 876/1846/880
f 884/1847/881 883/1848/882 877/1849/879 879/1850/878
f 810/1640/773 811/1643/774 880/1851/871 881/1852/874
f 884/1853/881 885/1854/873 882/1855/872 883/1856/882
f 886/1857/876 891/1858/883 892/1859/884 887/1860/877
f 879/1850/878 887/1861/877 889/1862/885 884/1847/881
f 884/1853/881 889/1863/885 890/1864/886 885/1854/873
f 885/1839/873 890/1865/886 888/1866/887 881/1840/874
f 804/1656/780 807/1659/781 886/1867/876 878/1868/875
f 954/1660/782 809/1663/785 896/1869/888 960/1870/889
f 887/1861/877 892/1871/884 894/1872/890 889/1862/885
f 889/1863/885 894/1873/890 895/1874/891 890/1864/886
f 890/1865/886 895/1875/891 893/1876/892 888/1866/887
f 807/1659/781 808/1671/789 891/1877/883 886/1867/876
f 960/1878/889 896/1879/888 897/1880/893 961/1881/894
f 961/1882/894 897/1883/893 899/1884/895 962/1885/896
f 962/1886/896 899/1887/895 900/1888/897 963/1889/898
f 963/1890/898 900/1891/897 898/1892/899 964/1893/804
f 899/1894/895 897/1895/893 896/1896/888 809/1683/785 812/1689/797 898/1897/899 900/1898/897
f 876/1899/880 877/1900/879 806/1692/799 805/1691/798
f 878/1868/875 876/1901/880 805/1694/798 804/1656/780
f 901/1902/803 909/1903/900 908/1904/901 893/1905/892
f 975/1906/792 992/1907/902 988/1908/903 959/1909/792
f 893/1905/892 908/1904/901 907/1910/904 888/1911/887
f 882/1912/872 880/1913/871 811/1707/774 806/1692/799 877/1900/879 883/1914/882
f 888/1911/887 907/1910/904 906/1915/905 881/1916/874
f 895/1875/891 905/1917/898 901/1918/803 893/1876/892
f 894/1873/890 904/1919/896 905/1920/898 895/1874/891
f 892/1871/884 903/1921/894 904/1922/896 894/1872/890
f 891/1858/883 902/1923/889 903/1924/894 892/1859/884
f 808/1671/789 818/1718/782 902/1925/889 891/1877/883
f 907/1910/904 908/1904/901 824/1720/812 822/1719/811
f 906/1926/905 910/1927/906 828/1723/814 820/1722/813
f 907/1928/904 911/1929/907 910/1930/906 906/1931/905
f 881/1932/874 906/1933/905 820/1731/813 810/1730/773
f 819/1733/807 827/1736/817 909/1934/900 901/1935/803
f 830/1737/818 838/1740/820 915/1936/908 911/1937/907
f 912/1938/909 916/1939/910 840/1743/823 832/1742/822
f 827/1745/817 835/1748/826 913/1940/911 909/1941/900
f 909/1942/900 913/1943/911 912/1944/909 908/1945/901
f 908/1946/901 912/1947/909 832/1755/822 824/1754/812
f 822/1757/811 830/1760/818 911/1948/907 907/1949/904
f 917/1950/912 929/1951/913 931/1952/914 916/1953/910
f 914/1954/915 922/1955/916 853/1767/832 836/1766/831
f 913/1943/911 917/1950/912 916/1953/910 912/1944/909
f 911/1929/907 915/1956/908 914/1957/915 910/1930/906
f 910/1958/906 914/1954/915 836/1766/831 828/1772/814
f 835/1773/826 843/1776/834 917/1959/912 913/1960/911
f 918/1961/835 919/1962/835 846/1779/835 844/1778/835
f 920/1963/836 921/1964/836 851/1783/836 848/1782/836
f 916/1939/910 931/1965/914 865/1785/837 840/1743/823
f 838/1740/820 861/1788/839 926/1966/917 915/1936/908
f 843/1776/834 870/1790/840 929/1967/913 917/1959/912
f 862/1791/841 846/1794/844 919/1968/918 925/1969/919
f 928/1970/920 921/1971/921 920/1972/922 932/1973/923
f 871/1799/849 851/1802/850 921/1974/921 928/1975/920
f 925/1976/919 919/1977/918 918/1978/924 923/1979/925
f 915/1956/908 926/1980/917 922/1981/916 914/1957/915
f 923/1979/925 924/1982/926 927/1983/927 925/1976/919
f 924/1982/926 922/1981/916 926/1980/917 927/1983/927
f 925/1984/919 927/1985/927 863/1813/855 862/1812/841
f 927/1985/927 926/1966/917 861/1788/839 863/1813/855
f 852/1815/856 854/1818/857 924/1986/926 923/1987/925
f 854/1818/857 853/1767/832 922/1955/916 924/1986/926
f 923/1988/925 918/1989/924 844/1821/858 852/1820/856
f 932/1973/923 933/1990/928 930/1991/929 928/1970/920
f 933/1990/928 931/1952/914 929/1951/913 930/1991/929
f 864/1825/861 866/1828/862 933/1992/928 932/1993/923
f 866/1829/862 865/1785/837 931/1965/914 933/1994/928
f 928/1975/920 930/1995/929 872/1831/863 871/1799/849
f 930/1996/929 929/1967/913 870/1790/840 872/1834/863
f 932/1993/923 920/1997/922 848/1835/864 864/1825/861
f 918/1989/930 921/1974/931 851/1802/866 844/1821/866
f 846/1794/868 848/1835/868 920/1997/932 919/1968/933
f 918/1978/930 919/1977/933 920/1972/932 921/1971/931
f 934/1998/934 773/1999/935 777/2000/935 935/2001/936
f 965/2002/937 790/2003/937 938/2004/938 957/2005/939
f 775/2006/79 780/2007/79 777/2008/79 773/2009/79
f 940/2010/940 787/2011/941 782/2012/941 939/2013/942
f 966/2014/943 956/2015/944 941/2016/945 784/2017/943
f 782/2018/946 784/2017/946 941/2016/945 939/2019/942
f 790/2003/947 787/2020/947 940/2021/940 938/2004/938
f 775/2022/948 773/2023/948 934/2024/934 936/2025/949
f 777/2026/950 780/2027/950 937/2028/951 935/2029/936
f 816/2030/810 815/1677/790 795/1665/775 797/1664/786
f 803/2031/794 802/2032/796 944/2033/810
f 946/1678/79 952/2034/79 934/2035/934 935/2036/936
f 981/2037/79 780/2007/79 775/2006/79 987/2038/79
f 782/2039/79 787/2040/79 790/2041/79 784/2042/79
f 985/2043/79 982/2044/790 942/1676/790 948/1675/79
f 972/2045/783 814/1672/783 942/1674/790 982/2046/790
f 947/2047/79 800/2048/795 943/2049/790 949/2050/79
f 800/2051/795 799/2052/784 943/2053/790
f 951/2054/79 947/2047/79 940/2055/940 939/2056/942
f 958/2057/791 803/2031/794 944/2033/810 968/2058/810
f 950/2059/79 951/2054/79 939/2056/942 941/2060/945
f 952/2034/79 953/2061/79 936/2062/949 934/2035/934
f 969/2063/79 950/2059/79 941/2060/945 956/2064/944
f 816/1716/810 817/1715/791 945/2065/810
f 968/2066/810 944/2067/810 950/2059/79 969/2063/79
f 816/2030/810 945/2068/810 953/2061/79 952/2034/79
f 944/2067/810 802/2069/796 951/2054/79 950/2059/79
f 802/2069/796 800/2048/795 947/2047/79 951/2054/79
f 940/2055/940 947/2047/79 949/2050/79 938/2070/938
f 986/2071/939 985/2043/79 948/1675/79 937/2072/951
f 815/1677/790 816/2030/810 952/2034/79 946/1678/79
f 937/2072/951 948/1675/79 946/1678/79 935/2036/936
f 938/2070/938 949/2050/79 970/2073/79 957/2074/939
f 983/2075/810 968/2066/810 969/2063/79 984/2076/79
f 984/2076/79 969/2063/79 956/2064/944 973/2077/944
f 974/2078/791 958/2057/791 968/2058/810 983/2079/810
f 799/2052/784 955/2080/783 967/2081/790 943/2053/790
f 949/2050/79 943/2049/790 967/2082/790 970/2073/79
f 790/2041/79 965/2083/79 966/2084/79 784/2042/79
f 987/2085/943 973/2086/944 956/2015/944 966/2014/943
f 981/2087/937 965/2002/937 957/2005/939 986/2088/939
f 959/1909/792 988/1908/903 990/2089/806 812/2090/797 801/2091/793
f 979/2092/898 963/1890/898 964/1893/804 980/2093/804
f 978/2094/896 962/1886/896 963/1889/898 979/2095/898
f 977/2096/894 961/1882/894 962/1885/896 978/2097/896
f 976/2098/889 960/1878/889 961/1881/894 977/2099/894
f 971/2100/782 954/1660/782 960/1870/889 976/2101/889
f 980/1701/804 964/2102/804 989/2103/952 991/1702/805
f 974/2104/791 975/2105/792 959/1680/792 958/1679/791
f 971/2100/782 972/2106/783 955/1661/783 954/1660/782
f 818/1718/782 814/1717/783 972/2106/783 971/2100/782
f 817/1714/791 813/1713/800 975/2105/792 974/2104/791
f 818/1718/782 971/2100/782 976/2101/889 902/1925/889
f 902/1923/889 976/2098/889 977/2099/894 903/1924/894
f 903/1921/894 977/2096/894 978/2097/896 904/1922/896
f 904/1919/896 978/2094/896 979/2095/898 905/1920/898
f 905/1917/898 979/2092/898 980/2093/804 901/1918/803
f 813/2107/800 819/1704/807 993/1703/806 992/1907/902 975/1906/792
f 780/2027/937 981/2087/937 986/2088/939 937/2028/951
f 775/2022/943 936/2025/949 973/2086/944 987/2085/943
f 817/1715/791 974/2078/791 983/2079/810 945/2065/810
f 953/2061/79 984/2076/79 973/2077/944 936/2062/949
f 945/2068/810 983/2075/810 984/2076/79 953/2061/79
f 957/2074/939 970/2073/79 985/2043/79 986/2071/939
f 955/2080/783 972/2045/783 982/2046/790 967/2081/790
f 970/2073/79 967/2082/790 982/2044/790 985/2043/79
f 965/2083/79 981/2037/79 987/2038/79 966/2084/79
f 988/1908/903 989/2103/952 990/2089/806
f 991/1702/805 992/1907/902 993/1703/806
f 991/2108/805 989/2109/952 995/2110/953 996/2111/954
f 964/2102/804 898/2112/899 812/2090/797 990/2089/806 989/2103/952
f 989/2113/952 988/2114/903 994/2115/955 995/2116/953
f 988/2117/903 992/2118/902 997/2119/956 994/2120/955
f 992/2121/902 991/2122/805 996/2123/954 997/2124/956
f 996/2111/954 995/2110/953 999/2125/957 1000/2126/958
f 997/2124/956 996/2123/954 1000/2127/958 1001/2128/959
f 994/2120/955 997/2119/956 1001/2129/959 998/2130/960
f 995/2116/953 994/2115/955 998/2131/960 999/2132/957
f 998/2133/960 1001/2134/959 1000/2135/958 999/2136/957
