<?xml version="1.0"?>
<COLLADA xmlns="http://www.collada.org/2005/11/COLLADASchema" version="1.4.1">
	<asset>
		<contributor>
			<author>Assimp</author>
			<authoring_tool>Assimp Exporter</authoring_tool>
		</contributor>
		<created>2026-05-04T17:53:41</created>
		<modified>2026-05-04T17:53:41</modified>
		<unit name="meter" meter="0.010000" />
		<up_axis>Y_UP</up_axis>
	</asset>
	<library_effects>
		<effect id="Guns_sh-fx" name="Guns_sh">
			<profile_COMMON>
				<technique sid="standard">
					<phong>
						<diffuse>
							<color sid="diffuse">0.800000   0.800000   0.800000   1.000000</color>
						</diffuse>
					</phong>
				</technique>
			</profile_COMMON>
		</effect>
	</library_effects>
	<library_materials>
		<material id="Guns_sh" name="Guns_sh">
			<instance_effect url="#Guns_sh-fx"/>
		</material>
	</library_materials>
	<library_geometries>
		<geometry id="meshId0" name="meshId0_name" >
			<mesh>
				<source id="meshId0-positions" name="meshId0-positions">
					<float_array id="meshId0-positions-array" count="9456"> 
						82.694809 108.561531 2.011432 82.694809 108.561531 1.305694 58.791992 111.018692 1.305694 58.792000 111.018692 2.022142 58.791992 111.018692 1.305694 56.830803 107.198761 1.305694 58.792000 111.018692 2.022142 84.431587 107.225822 1.305694 82.694809 108.561531 1.305694 82.694809 108.561531 2.011432 56.830803 107.198761 7.434892 57.189514 107.658264 7.347602 57.342335 107.986900 5.046734 56.820072 107.200623 4.332195 56.830811 107.198761 2.817203 56.820072 107.200623 4.332195 57.342335 107.986900 5.046734 58.478184 110.362030 2.754129 56.830803 107.198761 1.305694 56.830811 107.198761 2.817203 58.478184 110.362030 2.754129 58.792000 111.018692 2.022142 84.429466 107.232574 2.799139 84.431587 107.225822 1.305694 82.694809 108.561531 2.011432 82.941010 108.432373 2.744834 84.426300 107.242706 4.959368 84.429466 107.232574 2.799139 82.941010 108.432373 2.744834 83.831947 107.965637 5.042560 83.952560 107.864845 7.344118 84.422775 107.253960 7.359623 84.426300 107.242706 4.959368 83.831947 107.965637 5.042560 58.478184 110.362030 2.754129 82.941010 108.432373 2.744834 82.694809 108.561531 2.011432 58.792000 111.018692 2.022142 57.342335 107.986900 5.046734 83.831947 107.965637 5.042560 82.941010 108.432373 2.744834 58.478184 110.362030 2.754129 57.189514 107.658264 7.347602 83.952560 107.864845 7.344118 83.831947 107.965637 5.042560 57.342335 107.986900 5.046734 56.830803 107.198761 7.434892 84.422775 107.253960 7.359623 83.952560 107.864845 7.344118 57.189514 107.658264 7.347602 111.605362 99.205269 7.434894 111.605362 92.534569 7.434891 113.427750 99.190926 7.434892 111.605362 92.365242 7.434892 113.427750 92.365242 7.434892 58.943192 93.865364 7.334326 58.716614 93.747742 7.452207 84.427933 93.686028 7.438457 84.436790 93.716980 7.314673 56.449398 92.761131 7.434889 57.405125 92.365242 7.434892 57.577183 92.516426 7.563643 56.728371 92.868042 7.563640 57.405125 92.365242 7.434892 
						58.218628 92.365242 7.434892 58.299679 92.516426 7.563643 57.577183 92.516426 7.563643 58.943192 93.865364 7.334326 84.436790 93.716980 7.314673 84.425079 93.717010 6.507799 58.943192 93.865364 6.526994 107.358315 99.205269 7.452207 107.228363 99.205276 7.342319 107.324890 93.766388 7.342319 107.398132 93.677277 7.452205 107.324890 93.766388 7.342319 107.228363 99.205276 7.342319 107.214615 99.205269 6.519003 107.311134 93.813599 6.518999 58.763309 99.205269 7.452207 58.943195 99.216934 7.334327 58.943195 105.777222 7.334327 58.708389 105.895462 7.452207 102.618195 105.964027 7.452207 102.569801 105.895462 7.342319 107.228363 99.205276 7.342319 107.358315 99.205269 7.452207 107.228363 99.205276 7.342319 102.569801 105.895462 7.342319 102.569801 105.895462 6.519001 107.214615 99.205269 6.519003 103.556931 107.294624 7.434892 103.431808 107.117279 7.580773 110.813759 99.205269 7.565014 111.605362 99.205269 7.434894 84.470222 107.191818 7.244602 84.422775 107.253960 7.359623 84.432114 107.112473 7.572893 56.830803 107.198761 7.434892 57.098545 107.033562 7.580773 56.830803 107.198761 7.434892 56.149364 106.517342 7.434886 56.503475 106.438515 7.580769 57.098545 107.033562 7.580773 56.149364 106.517342 7.434886 56.053520 105.895462 7.434881 56.419773 105.895462 7.580764 56.503475 106.438515 7.580769 56.053520 99.205269 7.434881 56.426933 99.205269 7.580764 56.419773 105.895462 7.580764 56.053520 105.895462 7.434881 56.449398 92.761131 7.434889 56.728371 92.868042 7.563640 56.432518 93.747742 7.580764 56.053520 93.747650 7.434881 107.398132 93.677277 7.452205 107.324890 93.766388 7.342319 97.149643 93.726257 7.266858 97.157089 93.656845 7.406064 102.569801 105.895462 7.342319 102.618195 105.964027 7.452207 97.129433 105.965225 7.406818 97.126320 105.895462 7.264068 111.605362 92.534569 7.434891 111.217331 92.613792 7.492732 111.605362 92.365242 7.434892 97.162689 92.383209 7.396091 
						97.158165 92.541245 7.467294 102.569801 105.895462 6.519001 102.569801 105.895462 7.342319 97.126320 105.895462 7.264068 97.132591 105.895462 6.475874 107.324890 93.766388 7.342319 107.311134 93.813599 6.518999 97.149643 93.753769 6.473777 97.149643 93.726257 7.266858 107.311134 93.813599 6.518999 107.214615 99.205269 6.519003 97.131073 99.206070 6.562996 97.149643 93.753769 6.473777 97.130966 107.274437 7.397543 97.127647 107.098679 7.550250 100.340805 107.291946 7.429946 103.431808 107.117279 7.580773 103.556931 107.294624 7.434892 84.816139 92.532272 7.528047 84.816330 92.383171 7.396174 96.838974 92.382904 7.396756 96.835785 92.540405 7.470902 84.426086 92.369949 7.424645 84.429497 92.520569 7.554598 58.299679 92.516426 7.563643 58.218628 92.365242 7.434892 58.943195 105.777222 7.334327 84.436432 105.895462 7.315158 84.427849 105.927597 7.438630 58.708389 105.895462 7.452207 58.943192 105.777222 6.526994 58.943195 105.777222 7.334327 58.943195 99.216934 7.334327 58.943192 99.216934 6.526994 84.425079 105.895462 6.507794 58.943192 105.777222 6.526994 58.943192 99.216934 6.526994 84.430542 99.205269 6.480624 84.802925 93.717178 7.235383 84.813705 93.685417 7.399843 96.834656 93.658051 7.409306 96.836929 93.725891 7.269692 84.802925 93.717178 7.235383 96.836929 93.725891 7.269692 96.827293 93.752258 6.474161 84.815987 93.717773 6.476587 84.815987 93.717773 6.476587 96.827293 93.752258 6.474161 96.809631 99.205109 6.562473 84.815430 99.205269 6.456409 96.810349 107.098305 7.549603 96.807220 107.274109 7.396938 84.816605 107.274734 7.398061 84.813156 107.099030 7.550798 84.803246 105.895462 7.236972 96.815697 105.895462 7.260488 96.813835 105.963364 7.407823 84.813835 105.928192 7.400496 96.815697 105.895462 7.260488 84.803246 105.895462 7.236972 84.815987 105.895462 6.476580 96.809723 105.895462 6.475104 96.809631 99.205109 6.562473 96.809723 105.895462 6.475104 
						84.815987 105.895462 6.476580 84.815430 99.205269 6.456409 84.581131 106.984123 6.860242 84.577080 106.902367 7.227672 84.700760 106.902367 7.227672 84.696808 106.984390 6.860715 84.577080 106.902367 7.227672 84.581131 106.984123 6.860242 84.470222 107.191818 7.244602 84.432114 107.112473 7.572893 84.580002 92.631386 6.860227 84.578995 92.779709 6.986924 84.429497 92.520569 7.554598 84.426086 92.369949 7.424645 84.697845 92.631401 6.860218 84.698975 92.779327 6.987545 84.578995 92.779709 6.986924 84.580002 92.631386 6.860227 84.698975 92.779327 6.987545 84.697845 92.631401 6.860218 84.816330 92.383171 7.396174 84.816139 92.532272 7.528047 84.699181 105.927971 6.882644 84.705185 105.895462 6.793866 84.803246 105.895462 7.236972 84.813835 105.928192 7.400496 84.578659 105.927788 6.882622 84.572632 105.895462 6.793992 84.705185 105.895462 6.793866 84.699181 105.927971 6.882644 84.436432 105.895462 7.315158 84.572632 105.895462 6.793992 84.578659 105.927788 6.882622 84.427849 105.927597 7.438630 84.705185 105.895462 6.793866 84.572632 105.895462 6.793992 84.580215 105.895462 5.945755 84.697647 105.895462 5.945754 84.572632 105.895462 6.793992 84.436432 105.895462 7.315158 84.425079 105.895462 6.507794 84.580215 105.895462 5.945755 84.696808 106.984390 6.860715 84.700760 106.902367 7.227672 84.813156 107.099030 7.550798 84.816605 107.274734 7.398061 84.699242 93.685638 6.882902 84.705391 93.717102 6.794514 84.572403 93.717056 6.794728 84.578606 93.685837 6.882882 84.802925 93.717178 7.235383 84.705391 93.717102 6.794514 84.699242 93.685638 6.882902 84.813705 93.685417 7.399843 84.699554 99.205269 5.916167 84.697647 105.895462 5.945754 84.580215 105.895462 5.945755 84.578369 99.205269 5.915624 84.578369 99.205269 5.915624 84.580215 105.895462 5.945755 84.425079 105.895462 6.507794 84.430542 99.205269 6.480624 84.803246 105.895462 7.236972 84.705185 105.895462 6.793866 
						84.697647 105.895462 5.945754 84.815987 105.895462 6.476580 84.572403 93.717056 6.794728 84.705391 93.717102 6.794514 84.697647 93.717468 5.945748 84.580231 93.717278 5.945749 84.705391 93.717102 6.794514 84.802925 93.717178 7.235383 84.815987 93.717773 6.476587 84.697647 93.717468 5.945748 84.578606 93.685837 6.882882 84.572403 93.717056 6.794728 84.436790 93.716980 7.314673 84.427933 93.686028 7.438457 84.580231 93.717278 5.945749 84.697647 93.717468 5.945748 84.699554 99.205269 5.916167 84.578369 99.205269 5.915624 84.697647 93.717468 5.945748 84.815987 93.717773 6.476587 84.815430 99.205269 6.456409 84.699554 99.205269 5.916167 84.436790 93.716980 7.314673 84.572403 93.717056 6.794728 84.580231 93.717278 5.945749 84.425079 93.717010 6.507799 84.425079 93.717010 6.507799 84.580231 93.717278 5.945749 84.578369 99.205269 5.915624 84.430542 99.205269 6.480624 84.815430 99.205269 6.456409 84.815987 105.895462 6.476580 84.697647 105.895462 5.945754 84.699554 99.205269 5.916167 96.906631 106.984146 6.860267 96.902679 106.902756 7.228302 97.024582 106.902557 7.227961 97.020676 106.984512 6.860984 96.902679 106.902756 7.228302 96.906631 106.984146 6.860267 96.807220 107.274109 7.396938 96.810349 107.098305 7.549603 97.020676 106.984512 6.860984 97.024582 106.902557 7.227961 97.127647 107.098679 7.550250 97.130966 107.274437 7.397543 96.904800 105.952568 6.880392 96.905067 105.895462 6.784623 97.022995 105.895462 6.771237 97.023933 105.956337 6.878803 96.815697 105.895462 7.260488 96.905067 105.895462 6.784623 96.904800 105.952568 6.880392 96.813835 105.963364 7.407823 97.022995 105.895462 6.771237 96.905067 105.895462 6.784623 96.908600 105.895462 5.946375 97.024315 105.895462 5.946055 96.905067 105.895462 6.784623 96.809723 105.895462 6.475104 96.908600 105.895462 5.946375 97.023933 105.956337 6.878803 97.022995 105.895462 6.771237 97.126320 105.895462 7.264068 
						97.129433 105.965225 7.406818 96.905251 99.204979 6.025268 96.908600 105.895462 5.946375 96.809723 105.895462 6.475104 96.809631 99.205109 6.562473 97.126320 105.895462 7.264068 97.022995 105.895462 6.771237 97.024315 105.895462 5.946055 97.132591 105.895462 6.475874 97.132591 105.895462 6.475874 97.024315 105.895462 5.946055 97.025192 99.205246 6.025049 97.131073 99.206070 6.562996 97.025192 99.205246 6.025049 97.024315 105.895462 5.946055 96.908600 105.895462 5.946375 96.905251 99.204979 6.025268 97.025192 99.205246 6.025049 96.905251 99.204979 6.025268 96.931557 93.752800 5.946713 97.047569 93.753197 5.946931 96.827293 93.752258 6.474161 96.931557 93.752800 5.946713 96.905251 99.204979 6.025268 96.809631 99.205109 6.562473 96.934822 93.726013 6.780757 97.052414 93.726135 6.771735 97.047569 93.753197 5.946931 96.931557 93.752800 5.946713 96.836929 93.725891 7.269692 96.934822 93.726013 6.780757 96.931557 93.752800 5.946713 96.827293 93.752258 6.474161 97.131073 99.206070 6.562996 97.025192 99.205246 6.025049 97.047569 93.753197 5.946931 97.149643 93.753769 6.473777 97.052414 93.726135 6.771735 96.934822 93.726013 6.780757 96.939529 93.657608 6.881288 97.061478 93.661690 6.879258 96.939529 93.657608 6.881288 96.934822 93.726013 6.780757 96.836929 93.725891 7.269692 96.834656 93.658051 7.409306 97.052414 93.726135 6.771735 97.149643 93.726257 7.266858 97.149643 93.753769 6.473777 97.047569 93.753197 5.946931 97.149643 93.726257 7.266858 97.052414 93.726135 6.771735 97.061478 93.661690 6.879258 97.157089 93.656845 7.406064 96.941681 92.787628 6.928951 96.948357 92.631516 6.859949 97.064163 92.629753 6.859030 97.060867 92.787277 6.929270 96.948357 92.631516 6.859949 96.941681 92.787628 6.928951 96.835785 92.540405 7.470902 96.838974 92.382904 7.396756 97.060867 92.787277 6.929270 97.064163 92.629753 6.859030 97.162689 92.383209 7.396091 
						97.158165 92.541245 7.467294 57.845833 106.126228 7.866493 57.397076 105.895462 7.941085 57.426456 99.205269 7.943295 57.811592 99.205269 7.881740 57.397076 105.895462 7.941085 56.419773 105.895462 7.580764 56.426933 99.205269 7.580764 57.426456 99.205269 7.943295 57.582317 93.198578 7.920833 58.112404 93.385315 7.839554 57.837555 93.747742 7.872246 57.445229 93.747742 7.941470 84.432114 107.112473 7.572893 57.098545 107.033562 7.580773 57.769333 106.613647 7.904313 84.431618 106.698509 7.851792 57.769333 106.613647 7.904313 57.845833 106.126228 7.866493 84.430069 106.307159 7.756881 84.431618 106.698509 7.851792 108.549500 93.158493 7.890421 108.115448 93.324074 7.783750 97.156631 93.343552 7.683587 97.156799 92.949944 7.777357 84.816139 92.532272 7.528047 96.835785 92.540405 7.470902 96.837433 92.949554 7.780023 84.814270 92.948090 7.815257 84.813553 106.688721 7.822496 96.810226 106.711914 7.808022 96.810349 107.098305 7.549603 84.813156 107.099030 7.550798 84.813751 106.291397 7.707555 96.811546 106.328377 7.728304 96.810226 106.711914 7.808022 84.813553 106.688721 7.822496 84.814270 92.948090 7.815257 96.837433 92.949554 7.780023 96.836594 93.343132 7.686717 84.813637 93.346275 7.696467 84.699501 93.386497 7.141481 84.699387 92.972534 7.195353 84.814270 92.948090 7.815257 84.813637 93.346275 7.696467 84.813156 107.099030 7.550798 84.700760 106.902367 7.227672 84.700348 106.704407 7.310222 84.813553 106.688721 7.822496 84.700348 106.704407 7.310222 84.699692 106.318771 7.207880 84.813751 106.291397 7.707555 84.813553 106.688721 7.822496 84.578522 92.972733 7.195096 84.578354 93.386818 7.141298 84.430069 93.328217 7.748952 84.430954 92.936760 7.845304 96.903900 106.321564 7.200945 96.903061 106.706230 7.308831 96.810226 106.711914 7.808022 96.811546 106.328377 7.728304 96.835785 92.540405 7.470902 96.941681 92.787628 6.928951 96.941391 92.987175 7.162732 
						96.837433 92.949554 7.780023 96.941391 92.987175 7.162732 96.940338 93.403358 7.108268 96.836594 93.343132 7.686717 96.837433 92.949554 7.780023 58.638672 93.340614 7.763043 84.430069 93.328217 7.748952 84.427933 93.686028 7.438457 58.716614 93.747742 7.452207 57.837555 93.747742 7.872246 58.716614 93.747742 7.452207 58.763309 99.205269 7.452207 57.811592 99.205269 7.881740 58.708389 105.895462 7.452207 57.845833 106.126228 7.866493 57.811592 99.205269 7.881740 58.763309 99.205269 7.452207 57.845833 106.126228 7.866493 58.708389 105.895462 7.452207 84.427849 105.927597 7.438630 84.430069 106.307159 7.756881 108.115448 93.324074 7.783750 107.398132 93.677277 7.452205 97.157089 93.656845 7.406064 97.156631 93.343552 7.683587 102.879036 106.333748 7.779260 102.618195 105.964027 7.452207 107.358315 99.205269 7.452207 108.178871 99.205269 7.814219 108.178871 99.205269 7.814219 107.358315 99.205269 7.452207 107.398132 93.677277 7.452205 108.115448 93.324074 7.783750 102.618195 105.964027 7.452207 102.879036 106.333748 7.779260 97.128693 106.328300 7.727664 97.129433 105.965225 7.406818 84.813835 105.928192 7.400496 96.813835 105.963364 7.407823 96.811546 106.328377 7.728304 84.813751 106.291397 7.707555 84.813637 93.346275 7.696467 96.836594 93.343132 7.686717 96.834656 93.658051 7.409306 84.813705 93.685417 7.399843 84.699501 93.386497 7.141481 84.813637 93.346275 7.696467 84.813705 93.685417 7.399843 84.699242 93.685638 6.882902 84.430069 106.307159 7.756881 84.427849 105.927597 7.438630 84.578659 105.927788 6.882622 84.578156 106.318581 7.207784 84.699181 105.927971 6.882644 84.813835 105.928192 7.400496 84.813751 106.291397 7.707555 84.699692 106.318771 7.207880 84.578606 93.685837 6.882882 84.427933 93.686028 7.438457 84.430069 93.328217 7.748952 84.578354 93.386818 7.141298 96.903900 106.321564 7.200945 96.811546 106.328377 7.728304 96.813835 105.963364 7.407823 
						96.904800 105.952568 6.880392 97.023933 105.956337 6.878803 97.129433 105.965225 7.406818 97.128693 106.328300 7.727664 97.023926 106.321800 7.198844 96.939529 93.657608 6.881288 96.834656 93.658051 7.409306 96.836594 93.343132 7.686717 96.940338 93.403358 7.108268 97.156631 93.343552 7.683587 97.157089 93.656845 7.406064 97.061478 93.661690 6.879258 97.061455 93.399109 7.113141 84.699501 93.386497 7.141481 84.699242 93.685638 6.882902 84.578606 93.685837 6.882882 84.578354 93.386818 7.141298 84.578156 106.318581 7.207784 84.578659 105.927788 6.882622 84.699181 105.927971 6.882644 84.699692 106.318771 7.207880 96.904800 105.952568 6.880392 97.023933 105.956337 6.878803 97.023926 106.321800 7.198844 96.903900 106.321564 7.200945 97.061455 93.399109 7.113141 97.061478 93.661690 6.879258 96.939529 93.657608 6.881288 96.940338 93.403358 7.108268 57.582317 93.198578 7.920833 57.445229 93.747742 7.941470 56.432518 93.747742 7.580764 56.728371 92.868042 7.563640 57.577183 92.516426 7.563643 58.068451 92.957985 7.885246 57.582317 93.198578 7.920833 56.728371 92.868042 7.563640 58.112404 93.385315 7.839554 57.582317 93.198578 7.920833 58.068451 92.957985 7.885246 58.516350 92.945122 7.864568 58.068451 92.957985 7.885246 57.577183 92.516426 7.563643 58.299679 92.516426 7.563643 58.638672 93.340614 7.763043 58.112404 93.385315 7.839554 58.068451 92.957985 7.885246 58.516350 92.945122 7.864568 57.397076 105.895462 7.941085 57.439732 106.228523 7.935265 56.503475 106.438515 7.580769 56.419773 105.895462 7.580764 57.439732 106.228523 7.935265 57.397076 105.895462 7.941085 57.845833 106.126228 7.866493 56.503475 106.438515 7.580769 57.439732 106.228523 7.935265 57.769333 106.613647 7.904313 57.098545 107.033562 7.580773 57.769333 106.613647 7.904313 57.439732 106.228523 7.935265 57.845833 106.126228 7.866493 103.431808 107.117279 7.580773 103.130600 106.690331 7.876582 
						108.597290 99.205269 7.908384 110.813759 99.205269 7.565014 103.130600 106.690331 7.876582 102.879036 106.333748 7.779260 108.178871 99.205269 7.814219 108.597290 99.205269 7.908384 110.813759 99.205269 7.565014 108.597290 99.205269 7.908384 108.549500 93.158493 7.890421 111.217331 92.613792 7.492732 108.597290 99.205269 7.908384 108.178871 99.205269 7.814219 108.115448 93.324074 7.783750 108.549500 93.158493 7.890421 84.698975 92.779327 6.987545 84.816139 92.532272 7.528047 84.814270 92.948090 7.815257 84.699387 92.972534 7.195353 58.299679 92.516426 7.563643 84.429497 92.520569 7.554598 84.430954 92.936760 7.845304 58.516350 92.945122 7.864568 84.430954 92.936760 7.845304 84.430069 93.328217 7.748952 58.638672 93.340614 7.763043 58.516350 92.945122 7.864568 84.578522 92.972733 7.195096 84.430954 92.936760 7.845304 84.429497 92.520569 7.554598 84.578995 92.779709 6.986924 96.902679 106.902756 7.228302 96.810349 107.098305 7.549603 96.810226 106.711914 7.808022 96.903061 106.706230 7.308831 102.879036 106.333748 7.779260 103.130600 106.690331 7.876582 97.128067 106.711876 7.808747 97.128693 106.328300 7.727664 103.130600 106.690331 7.876582 103.431808 107.117279 7.580773 97.127647 107.098679 7.550250 97.128067 106.711876 7.808747 84.700348 106.704407 7.310222 84.700760 106.902367 7.227672 84.577080 106.902367 7.227672 84.577515 106.704468 7.310155 84.578156 106.318581 7.207784 84.699692 106.318771 7.207880 84.700348 106.704407 7.310222 84.577515 106.704468 7.310155 84.577515 106.704468 7.310155 84.577080 106.902367 7.227672 84.432114 107.112473 7.572893 84.431618 106.698509 7.851792 84.430069 106.307159 7.756881 84.578156 106.318581 7.207784 84.577515 106.704468 7.310155 84.431618 106.698509 7.851792 84.699387 92.972534 7.195353 84.578522 92.972733 7.195096 84.578995 92.779709 6.986924 84.698975 92.779327 6.987545 84.699501 93.386497 7.141481 84.578354 93.386818 7.141298 
						84.578522 92.972733 7.195096 84.699387 92.972534 7.195353 96.903061 106.706230 7.308831 96.903900 106.321564 7.200945 97.023926 106.321800 7.198844 97.024231 106.706520 7.307965 97.024582 106.902557 7.227961 96.902679 106.902756 7.228302 96.903061 106.706230 7.308831 97.024231 106.706520 7.307965 97.127647 107.098679 7.550250 97.024582 106.902557 7.227961 97.024231 106.706520 7.307965 97.128067 106.711876 7.808747 97.024231 106.706520 7.307965 97.023926 106.321800 7.198844 97.128693 106.328300 7.727664 97.128067 106.711876 7.808747 96.941391 92.987175 7.162732 96.941681 92.787628 6.928951 97.060867 92.787277 6.929270 97.061172 92.984848 7.160820 97.061455 93.399109 7.113141 96.940338 93.403358 7.108268 96.941391 92.987175 7.162732 97.061172 92.984848 7.160820 97.061172 92.984848 7.160820 97.060867 92.787277 6.929270 97.158165 92.541245 7.467294 97.156799 92.949944 7.777357 97.156631 93.343552 7.683587 97.061455 93.399109 7.113141 97.061172 92.984848 7.160820 97.156799 92.949944 7.777357 107.214615 99.205269 6.519003 102.569801 105.895462 6.519001 97.132591 105.895462 6.475874 97.131073 99.206070 6.562996 84.430542 99.205269 6.480624 58.943192 99.216934 6.526994 58.943192 93.865364 6.526994 84.425079 93.717010 6.507799 58.943192 99.216934 6.526994 58.943195 99.216934 7.334327 58.943192 93.865364 7.334326 58.943192 93.865364 6.526994 58.763309 99.205269 7.452207 58.716614 93.747742 7.452207 58.943192 93.865364 7.334326 58.943195 99.216934 7.334327 57.426456 99.205269 7.943295 57.445229 93.747742 7.941470 57.837555 93.747742 7.872246 57.811592 99.205269 7.881740 56.426933 99.205269 7.580764 56.432518 93.747742 7.580764 57.445229 93.747742 7.941470 57.426456 99.205269 7.943295 56.053520 93.747650 7.434881 56.432518 93.747742 7.580764 56.426933 99.205269 7.580764 56.053520 99.205269 7.434881 56.149364 106.517342 7.434886 56.830803 107.198761 7.434892 
						56.149364 106.517342 -4.823497 56.820072 107.200623 4.332195 56.830811 107.198761 2.817203 56.830803 107.198761 1.305694 56.830811 107.198761 -0.205814 56.820072 107.200623 -1.720807 56.830803 107.198761 -4.823503 56.053520 105.895462 7.434881 56.149364 106.517342 7.434886 56.149364 106.517342 -4.823497 56.053520 105.895462 -4.823493 56.053520 99.205269 7.434881 56.053520 105.895462 7.434881 56.053520 105.895462 -4.823493 56.053520 99.205269 -4.823493 56.053520 93.747650 7.434881 56.053520 93.747650 -4.823493 56.449398 92.761131 7.434889 56.053520 93.747650 7.434881 56.053520 93.747650 -4.823493 56.449398 92.761131 -4.823500 57.405125 92.365242 7.434892 57.405125 92.365242 -4.823503 58.218628 92.365242 7.434892 57.405125 92.365242 7.434892 57.405125 92.365242 -4.823503 58.218628 92.365242 -4.823503 84.426086 92.369949 7.424645 84.426086 92.369949 -4.813257 84.580002 92.631386 6.860227 84.426086 92.369949 7.424645 84.426086 92.369949 -4.813257 84.580002 92.631386 -4.248838 84.697845 92.631401 6.860218 84.580002 92.631386 6.860227 84.580002 92.631386 -4.248838 84.697845 92.631401 -4.248829 84.816330 92.383171 7.396174 84.697845 92.631401 6.860218 84.697845 92.631401 -4.248829 84.816330 92.383171 -4.784786 96.838974 92.382904 7.396756 84.816330 92.383171 7.396174 84.816330 92.383171 -4.784786 96.838974 92.382904 -4.785367 96.948357 92.631516 6.859949 96.838974 92.382904 7.396756 96.838974 92.382904 -4.785367 96.948357 92.631516 -4.248560 97.064163 92.629753 6.859030 96.948357 92.631516 6.859949 96.948357 92.631516 -4.248560 97.064163 92.629753 -4.247642 97.162689 92.383209 7.396091 97.064163 92.629753 6.859030 97.064163 92.629753 -4.247642 97.162689 92.383209 -4.784702 111.605362 92.365242 7.434892 97.162689 92.383209 7.396091 97.162689 92.383209 -4.784702 111.605362 92.365242 -4.823503 113.427750 92.365242 7.434892 113.427750 92.365242 -4.823503 113.427750 99.190926 7.434892 
						113.427750 92.365242 7.434892 113.427750 92.365242 -4.823503 113.427750 99.190926 -4.823503 111.605362 99.205269 7.434894 113.427750 99.190926 7.434892 113.427750 99.190926 -4.823503 111.605362 99.205269 -4.823505 111.605362 99.205269 7.434894 111.605362 99.205269 -4.823505 103.556931 107.294624 7.434892 103.546265 107.296494 4.332195 103.556931 107.294624 2.817203 103.556931 107.294624 1.305694 103.556931 107.294624 -0.205814 103.546265 107.296494 -1.720807 103.556931 107.294624 -4.823503 97.130966 107.274437 7.397543 97.128670 107.269020 4.998713 97.020676 106.984512 6.860984 97.020676 106.984512 -4.249595 97.126602 107.264107 2.817451 97.125198 107.260818 1.305694 97.126602 107.264107 -0.206062 97.128670 107.269020 -2.387325 97.130966 107.274437 -4.786156 96.906631 106.984146 6.860267 97.020676 106.984512 6.860984 97.020676 106.984512 -4.249595 96.906631 106.984146 -4.248878 96.807220 107.274109 7.396938 96.906631 106.984146 6.860267 96.906631 106.984146 -4.248878 96.807220 107.274109 -4.785550 84.816605 107.274734 7.398061 96.807220 107.274109 7.396938 96.807220 107.274109 -4.785550 84.816605 107.274734 -4.786672 84.696808 106.984390 6.860715 84.816605 107.274734 7.398061 84.816605 107.274734 -4.786672 84.696808 106.984390 -4.249326 84.581131 106.984123 6.860242 84.696808 106.984390 6.860715 84.696808 106.984390 -4.249326 84.581131 106.984123 -4.248854 84.470222 107.191818 7.244602 84.581131 106.984123 6.860242 84.581131 106.984123 -4.248854 84.470222 107.191818 -4.633214 84.422775 107.253960 7.359623 84.470222 107.191818 7.244602 84.426300 107.242706 4.959368 84.470222 107.191818 -4.633214 84.429466 107.232574 2.799139 84.431587 107.225822 1.305694 84.429466 107.232574 -0.187750 84.426300 107.242706 -2.347980 84.422775 107.253960 -4.748234 103.089546 106.748611 5.877228 103.127869 106.762802 5.877089 102.764481 106.762802 5.036756 102.737488 106.748611 5.063101 103.127869 106.762802 5.877089 103.143753 106.797089 5.877031 
						102.775688 106.797089 5.025844 102.764481 106.762802 5.036756 103.089546 106.748611 5.877228 102.737488 106.748611 5.063101 102.743851 106.748611 6.693913 101.893860 106.748611 4.728438 101.902901 106.748611 7.034756 101.052872 106.748611 5.069276 100.707169 106.748611 5.885963 101.059250 106.748611 6.700089 103.546265 107.296494 4.332195 102.814697 107.317627 4.988317 103.200867 107.313812 5.876832 100.329948 107.289063 4.317976 100.975616 107.317642 4.994534 101.893448 107.313858 4.620695 101.898697 107.289063 4.299719 100.340805 107.291946 7.429946 100.981949 107.317642 6.774716 100.595901 107.313904 5.886384 100.329948 107.289063 5.881607 103.556931 107.294624 7.434892 102.821007 107.317627 6.768842 101.903320 107.313858 7.142504 100.340805 107.291946 7.429946 100.329948 107.289063 5.881607 100.595901 107.313904 5.886384 100.975616 107.317642 4.994534 100.329948 107.289063 4.317976 100.340805 107.291946 7.429946 101.903320 107.313858 7.142504 100.981949 107.317642 6.774716 103.546265 107.296494 4.332195 103.200867 107.313812 5.876832 103.556931 107.294624 7.434892 103.546265 107.296494 4.332195 101.898697 107.289063 4.299719 101.893448 107.313858 4.620695 102.814697 107.317627 4.988317 103.143753 107.268036 5.877042 102.775688 107.269936 5.025854 102.775688 106.797089 5.025844 103.143753 106.797089 5.877031 102.775688 107.269936 5.025854 101.893639 107.268059 4.675956 101.893639 106.797089 4.675946 102.775688 106.797089 5.025844 101.893639 107.268059 4.675956 101.014412 107.269936 5.032311 101.014412 106.797089 5.032301 101.893639 106.797089 4.675946 101.014412 107.269936 5.032311 100.652962 107.268066 5.886173 100.652962 106.797089 5.886161 101.014412 106.797089 5.032301 100.652962 107.268066 5.886173 101.021057 107.269905 6.737359 101.021057 106.797089 6.737348 100.652962 106.797089 5.886161 101.021057 107.269905 6.737359 101.903076 107.268036 7.087259 101.903076 106.797089 7.087247 101.021057 106.797089 6.737348 101.903076 107.268036 7.087259 
						102.782333 107.270004 6.730901 102.782333 106.797089 6.730892 101.903076 106.797089 7.087247 102.782333 107.270004 6.730901 103.143753 107.268036 5.877042 103.143753 106.797089 5.877031 102.782333 106.797089 6.730892 103.200867 107.313812 5.876832 103.160858 107.302376 5.876978 102.793732 107.304306 6.742091 102.821007 107.317627 6.768842 103.160858 107.302376 5.876978 103.143753 107.268036 5.877042 102.782333 107.270004 6.730901 102.793732 107.304306 6.742091 103.143753 107.268036 5.877042 103.160858 107.302376 5.876978 102.787186 107.304276 5.014784 102.775688 107.269936 5.025854 103.160858 107.302376 5.876978 103.200867 107.313812 5.876832 102.814697 107.317627 4.988317 102.787186 107.304276 5.014784 102.775688 107.269936 5.025854 102.787186 107.304276 5.014784 101.893600 107.302399 4.659420 101.893639 107.268059 4.675956 102.787186 107.304276 5.014784 102.814697 107.317627 4.988317 101.893448 107.313858 4.620695 101.893600 107.302399 4.659420 101.893639 107.268059 4.675956 101.893600 107.302399 4.659420 101.002991 107.304291 5.021172 101.014412 107.269936 5.032311 101.893600 107.302399 4.659420 101.893448 107.313858 4.620695 100.975616 107.317642 4.994534 101.002991 107.304291 5.021172 101.014412 107.269936 5.032311 101.002991 107.304291 5.021172 100.635910 107.302429 5.886237 100.652962 107.268066 5.886173 101.002991 107.304291 5.021172 100.975616 107.317642 4.994534 100.595901 107.313904 5.886384 100.635910 107.302429 5.886237 100.652962 107.268066 5.886173 100.635910 107.302429 5.886237 101.009529 107.304276 6.748377 101.021057 107.269905 6.737359 100.635910 107.302429 5.886237 100.595901 107.313904 5.886384 100.981949 107.317642 6.774716 101.009529 107.304276 6.748377 101.021057 107.269905 6.737359 101.009529 107.304276 6.748377 101.903137 107.302376 7.103790 101.903076 107.268036 7.087259 101.009529 107.304276 6.748377 100.981949 107.317642 6.774716 101.903320 107.313858 7.142504 101.903137 107.302376 7.103790 101.903076 107.268036 7.087259 
						101.903137 107.302376 7.103790 102.793732 107.304306 6.742091 102.782333 107.270004 6.730901 101.903137 107.302376 7.103790 101.903320 107.313858 7.142504 102.821007 107.317627 6.768842 102.793732 107.304306 6.742091 102.737488 106.748611 5.063101 102.764481 106.762802 5.036756 101.893692 106.762802 4.691320 101.893860 106.748611 4.728438 102.764481 106.762802 5.036756 102.775688 106.797089 5.025844 101.893639 106.797089 4.675946 101.893692 106.762802 4.691320 101.893860 106.748611 4.728438 101.893692 106.762802 4.691320 101.025665 106.762802 5.043131 101.052872 106.748611 5.069276 101.893692 106.762802 4.691320 101.893639 106.797089 4.675946 101.014412 106.797089 5.032301 101.025665 106.762802 5.043131 101.052872 106.748611 5.069276 101.025665 106.762802 5.043131 100.668869 106.762802 5.886104 100.707169 106.748611 5.885963 101.025665 106.762802 5.043131 101.014412 106.797089 5.032301 100.652962 106.797089 5.886161 100.668869 106.762802 5.886104 100.707169 106.748611 5.885963 100.668869 106.762802 5.886104 101.032242 106.762802 6.726435 101.059250 106.748611 6.700089 100.668869 106.762802 5.886104 100.652962 106.797089 5.886161 101.021057 106.797089 6.737348 101.032242 106.762802 6.726435 101.059250 106.748611 6.700089 101.032242 106.762802 6.726435 101.903046 106.762802 7.071872 101.902901 106.748611 7.034756 101.032242 106.762802 6.726435 101.021057 106.797089 6.737348 101.903076 106.797089 7.087247 101.903046 106.762802 7.071872 101.902901 106.748611 7.034756 101.903046 106.762802 7.071872 102.771057 106.762802 6.720061 102.743851 106.748611 6.693913 101.903046 106.762802 7.071872 101.903076 106.797089 7.087247 102.782333 106.797089 6.730892 102.771057 106.762802 6.720061 103.143753 106.797089 5.877031 103.127869 106.762802 5.877089 102.771057 106.762802 6.720061 102.782333 106.797089 6.730892 103.127869 106.762802 5.877089 103.089546 106.748611 5.877228 102.743851 106.748611 6.693913 102.771057 106.762802 6.720061 99.957214 106.748611 5.877228 
						99.995537 106.762802 5.877089 99.632172 106.762802 5.036756 99.605164 106.748611 5.063101 99.995537 106.762802 5.877089 100.011429 106.797089 5.877031 99.643364 106.797089 5.025844 99.632172 106.762802 5.036756 99.957214 106.748611 5.877228 99.605164 106.748611 5.063101 99.611519 106.748611 6.693913 98.761551 106.748611 4.728438 98.770569 106.748611 7.034756 97.920586 106.748611 5.069276 97.574852 106.748611 5.885963 97.926910 106.748611 6.700089 100.329948 107.289063 4.317976 99.682358 107.317627 4.988317 100.068573 107.313812 5.876832 100.329948 107.289063 5.881607 97.128670 107.269020 4.998713 97.843292 107.317642 4.994534 98.761124 107.313858 4.620695 98.766388 107.289063 4.299719 97.130966 107.274437 7.397543 97.849655 107.317642 6.774716 97.463577 107.313904 5.886384 100.340805 107.291946 7.429946 99.688675 107.317627 6.768842 98.770996 107.313858 7.142504 97.128670 107.269020 4.998713 97.463577 107.313904 5.886384 97.843292 107.317642 4.994534 100.340805 107.291946 7.429946 98.770996 107.313858 7.142504 97.849655 107.317642 6.774716 97.130966 107.274437 7.397543 100.329948 107.289063 5.881607 100.068573 107.313812 5.876832 99.688675 107.317627 6.768842 100.340805 107.291946 7.429946 100.329948 107.289063 4.317976 98.766388 107.289063 4.299719 98.761124 107.313858 4.620695 99.682358 107.317627 4.988317 100.011429 107.268036 5.877042 99.643364 107.269936 5.025854 99.643364 106.797089 5.025844 100.011429 106.797089 5.877031 99.643364 107.269936 5.025854 98.761314 107.268059 4.675956 98.761314 106.797089 4.675946 99.643364 106.797089 5.025844 98.761314 107.268059 4.675956 97.882088 107.269936 5.032311 97.882088 106.797089 5.032301 97.882088 107.269936 5.032311 97.520660 107.268066 5.886173 97.520660 106.797089 5.886161 97.882088 106.797089 5.032301 97.520660 107.268066 5.886173 97.888718 107.269905 6.737359 97.888718 106.797089 6.737348 97.520660 106.797089 5.886161 97.888718 107.269905 6.737359 
						98.770760 107.268036 7.087259 98.770760 106.797089 7.087247 97.888718 106.797089 6.737348 98.770760 107.268036 7.087259 99.650017 107.270004 6.730901 99.650017 106.797089 6.730892 98.770760 106.797089 7.087247 99.650017 107.270004 6.730901 100.011429 107.268036 5.877042 100.011429 106.797089 5.877031 99.650017 106.797089 6.730892 100.068573 107.313812 5.876832 100.028549 107.302376 5.876978 99.661423 107.304306 6.742091 99.688675 107.317627 6.768842 100.028549 107.302376 5.876978 100.011429 107.268036 5.877042 99.650017 107.270004 6.730901 99.661423 107.304306 6.742091 100.011429 107.268036 5.877042 100.028549 107.302376 5.876978 99.654861 107.304276 5.014784 99.643364 107.269936 5.025854 100.028549 107.302376 5.876978 100.068573 107.313812 5.876832 99.682358 107.317627 4.988317 99.654861 107.304276 5.014784 99.643364 107.269936 5.025854 99.654861 107.304276 5.014784 98.761284 107.302399 4.659420 98.761314 107.268059 4.675956 99.654861 107.304276 5.014784 99.682358 107.317627 4.988317 98.761124 107.313858 4.620695 98.761284 107.302399 4.659420 98.761314 107.268059 4.675956 98.761284 107.302399 4.659420 97.870651 107.304291 5.021172 97.882088 107.269936 5.032311 98.761284 107.302399 4.659420 98.761124 107.313858 4.620695 97.843292 107.317642 4.994534 97.870651 107.304291 5.021172 97.882088 107.269936 5.032311 97.870651 107.304291 5.021172 97.503571 107.302429 5.886237 97.520660 107.268066 5.886173 97.870651 107.304291 5.021172 97.843292 107.317642 4.994534 97.463577 107.313904 5.886384 97.503571 107.302429 5.886237 97.520660 107.268066 5.886173 97.503571 107.302429 5.886237 97.877228 107.304276 6.748377 97.888718 107.269905 6.737359 97.503571 107.302429 5.886237 97.463577 107.313904 5.886384 97.849655 107.317642 6.774716 97.877228 107.304276 6.748377 97.888718 107.269905 6.737359 97.877228 107.304276 6.748377 98.770821 107.302376 7.103790 98.770760 107.268036 7.087259 97.877228 107.304276 6.748377 
						97.849655 107.317642 6.774716 98.770996 107.313858 7.142504 98.770821 107.302376 7.103790 98.770760 107.268036 7.087259 98.770821 107.302376 7.103790 99.661423 107.304306 6.742091 99.650017 107.270004 6.730901 98.770821 107.302376 7.103790 98.770996 107.313858 7.142504 99.688675 107.317627 6.768842 99.661423 107.304306 6.742091 99.605164 106.748611 5.063101 99.632172 106.762802 5.036756 98.761375 106.762802 4.691320 98.761551 106.748611 4.728438 99.632172 106.762802 5.036756 99.643364 106.797089 5.025844 98.761314 106.797089 4.675946 98.761375 106.762802 4.691320 98.761375 106.762802 4.691320 97.893364 106.762802 5.043131 97.920586 106.748611 5.069276 98.761314 106.797089 4.675946 97.882088 106.797089 5.032301 97.893364 106.762802 5.043131 97.920586 106.748611 5.069276 97.893364 106.762802 5.043131 97.536530 106.762802 5.886104 97.574852 106.748611 5.885963 97.893364 106.762802 5.043131 97.882088 106.797089 5.032301 97.520660 106.797089 5.886161 97.536530 106.762802 5.886104 97.574852 106.748611 5.885963 97.536530 106.762802 5.886104 97.899948 106.762802 6.726435 97.926910 106.748611 6.700089 97.536530 106.762802 5.886104 97.520660 106.797089 5.886161 97.888718 106.797089 6.737348 97.899948 106.762802 6.726435 97.926910 106.748611 6.700089 97.899948 106.762802 6.726435 98.770706 106.762802 7.071872 98.770569 106.748611 7.034756 97.899948 106.762802 6.726435 97.888718 106.797089 6.737348 98.770760 106.797089 7.087247 98.770706 106.762802 7.071872 98.770569 106.748611 7.034756 98.770706 106.762802 7.071872 99.638748 106.762802 6.720061 99.611519 106.748611 6.693913 98.770706 106.762802 7.071872 98.770760 106.797089 7.087247 99.650017 106.797089 6.730892 99.638748 106.762802 6.720061 100.011429 106.797089 5.877031 99.995537 106.762802 5.877089 99.638748 106.762802 6.720061 99.650017 106.797089 6.730892 99.995537 106.762802 5.877089 99.957214 106.748611 5.877228 99.611519 106.748611 6.693913 
						99.638748 106.762802 6.720061 103.089546 106.748611 2.749967 103.127869 106.762802 2.749828 102.764481 106.762802 1.909495 102.737488 106.748611 1.935840 103.127869 106.762802 2.749828 103.143753 106.797089 2.749770 102.775688 106.797089 1.898583 102.764481 106.762802 1.909495 103.089546 106.748611 2.749967 102.737488 106.748611 1.935840 102.743851 106.748611 3.566653 101.893860 106.748611 1.601177 101.902901 106.748611 3.907494 101.052872 106.748611 1.942016 100.707169 106.748611 2.758703 101.059250 106.748611 3.572828 103.556931 107.294624 1.305694 102.814697 107.317627 1.861057 103.200867 107.313812 2.749573 103.556931 107.294624 2.817203 100.329948 107.289063 1.305694 100.975616 107.317642 1.867275 101.893448 107.313858 1.493435 101.898712 107.289063 1.305694 100.329948 107.289063 4.317976 100.981949 107.317642 3.647455 100.595901 107.313904 2.759123 100.329948 107.289063 2.754346 103.546265 107.296494 4.332195 102.821007 107.317627 3.641581 101.903320 107.313858 4.015244 101.898697 107.289063 4.299719 100.329948 107.289063 2.754346 100.595901 107.313904 2.759123 100.975616 107.317642 1.867275 100.329948 107.289063 1.305694 101.898697 107.289063 4.299719 101.903320 107.313858 4.015244 100.981949 107.317642 3.647455 100.329948 107.289063 4.317976 103.556931 107.294624 2.817203 103.200867 107.313812 2.749573 102.821007 107.317627 3.641581 103.546265 107.296494 4.332195 103.556931 107.294624 1.305694 101.898712 107.289063 1.305694 101.893448 107.313858 1.493435 102.814697 107.317627 1.861057 103.143753 107.268036 2.749782 102.775688 107.269936 1.898593 102.775688 106.797089 1.898583 103.143753 106.797089 2.749770 102.775688 107.269936 1.898593 101.893639 107.268059 1.548696 101.893639 106.797089 1.548685 102.775688 106.797089 1.898583 101.893639 107.268059 1.548696 101.014412 107.269936 1.905051 101.014412 106.797089 1.905041 101.893639 106.797089 1.548685 101.014412 107.269936 1.905051 100.652962 107.268066 2.758912 100.652962 106.797089 2.758901 
						101.014412 106.797089 1.905041 100.652962 107.268066 2.758912 101.021057 107.269905 3.610098 101.021057 106.797089 3.610086 100.652962 106.797089 2.758901 101.021057 107.269905 3.610098 101.903076 107.268036 3.959998 101.903076 106.797089 3.959988 101.021057 106.797089 3.610086 101.903076 107.268036 3.959998 102.782333 107.270004 3.603641 102.782333 106.797089 3.603631 101.903076 106.797089 3.959988 102.782333 107.270004 3.603641 103.143753 107.268036 2.749782 103.143753 106.797089 2.749770 102.782333 106.797089 3.603631 103.200867 107.313812 2.749573 103.160858 107.302376 2.749718 102.793732 107.304306 3.614831 102.821007 107.317627 3.641581 103.160858 107.302376 2.749718 103.143753 107.268036 2.749782 102.782333 107.270004 3.603641 102.793732 107.304306 3.614831 103.143753 107.268036 2.749782 103.160858 107.302376 2.749718 102.787186 107.304276 1.887523 102.775688 107.269936 1.898593 103.160858 107.302376 2.749718 103.200867 107.313812 2.749573 102.814697 107.317627 1.861057 102.787186 107.304276 1.887523 102.775688 107.269936 1.898593 102.787186 107.304276 1.887523 101.893600 107.302399 1.532159 101.893639 107.268059 1.548696 102.787186 107.304276 1.887523 102.814697 107.317627 1.861057 101.893448 107.313858 1.493435 101.893600 107.302399 1.532159 101.893639 107.268059 1.548696 101.893600 107.302399 1.532159 101.002991 107.304291 1.893911 101.014412 107.269936 1.905051 101.893600 107.302399 1.532159 101.893448 107.313858 1.493435 100.975616 107.317642 1.867275 101.002991 107.304291 1.893911 101.014412 107.269936 1.905051 101.002991 107.304291 1.893911 100.635910 107.302429 2.758976 100.652962 107.268066 2.758912 101.002991 107.304291 1.893911 100.975616 107.317642 1.867275 100.595901 107.313904 2.759123 100.635910 107.302429 2.758976 100.652962 107.268066 2.758912 100.635910 107.302429 2.758976 101.009529 107.304276 3.621115 101.021057 107.269905 3.610098 100.635910 107.302429 2.758976 100.595901 107.313904 2.759123 100.981949 107.317642 3.647455 
						101.009529 107.304276 3.621115 101.021057 107.269905 3.610098 101.009529 107.304276 3.621115 101.903137 107.302376 3.976530 101.903076 107.268036 3.959998 101.009529 107.304276 3.621115 100.981949 107.317642 3.647455 101.903320 107.313858 4.015244 101.903137 107.302376 3.976530 101.903076 107.268036 3.959998 101.903137 107.302376 3.976530 102.793732 107.304306 3.614831 102.782333 107.270004 3.603641 101.903320 107.313858 4.015244 102.821007 107.317627 3.641581 102.793732 107.304306 3.614831 102.737488 106.748611 1.935840 102.764481 106.762802 1.909495 101.893692 106.762802 1.564060 101.893860 106.748611 1.601177 102.764481 106.762802 1.909495 102.775688 106.797089 1.898583 101.893639 106.797089 1.548685 101.893692 106.762802 1.564060 101.893860 106.748611 1.601177 101.893692 106.762802 1.564060 101.025665 106.762802 1.915870 101.052872 106.748611 1.942016 101.893692 106.762802 1.564060 101.893639 106.797089 1.548685 101.014412 106.797089 1.905041 101.025665 106.762802 1.915870 101.052872 106.748611 1.942016 101.025665 106.762802 1.915870 100.668869 106.762802 2.758842 100.707169 106.748611 2.758703 101.025665 106.762802 1.915870 101.014412 106.797089 1.905041 100.652962 106.797089 2.758901 100.668869 106.762802 2.758842 100.707169 106.748611 2.758703 100.668869 106.762802 2.758842 101.032242 106.762802 3.599174 101.059250 106.748611 3.572828 100.668869 106.762802 2.758842 100.652962 106.797089 2.758901 101.021057 106.797089 3.610086 101.032242 106.762802 3.599174 101.059250 106.748611 3.572828 101.032242 106.762802 3.599174 101.903046 106.762802 3.944612 101.902901 106.748611 3.907494 101.032242 106.762802 3.599174 101.021057 106.797089 3.610086 101.903076 106.797089 3.959988 101.903046 106.762802 3.944612 101.902901 106.748611 3.907494 101.903046 106.762802 3.944612 102.771057 106.762802 3.592800 102.743851 106.748611 3.566653 101.903076 106.797089 3.959988 102.782333 106.797089 3.603631 102.771057 106.762802 3.592800 103.143753 106.797089 2.749770 
						103.127869 106.762802 2.749828 102.771057 106.762802 3.592800 102.782333 106.797089 3.603631 103.127869 106.762802 2.749828 103.089546 106.748611 2.749967 102.743851 106.748611 3.566653 102.771057 106.762802 3.592800 99.957214 106.748611 2.749967 99.995537 106.762802 2.749828 99.632172 106.762802 1.909495 99.605164 106.748611 1.935840 99.995537 106.762802 2.749828 100.011429 106.797089 2.749770 99.643364 106.797089 1.898583 99.632172 106.762802 1.909495 99.957214 106.748611 2.749967 99.605164 106.748611 1.935840 99.611519 106.748611 3.566653 98.761551 106.748611 1.601177 98.770569 106.748611 3.907494 97.920586 106.748611 1.942016 97.574852 106.748611 2.758703 97.926910 106.748611 3.572828 99.682358 107.317627 1.861057 100.068573 107.313812 2.749573 100.329948 107.289063 2.754346 97.125198 107.260818 1.305694 97.843292 107.317642 1.867275 98.761124 107.313858 1.493435 98.766403 107.289063 1.305694 97.128670 107.269020 4.998713 97.849655 107.317642 3.647455 97.463577 107.313904 2.759123 97.126602 107.264107 2.817451 100.329948 107.289063 4.317976 99.688675 107.317627 3.641581 98.770996 107.313858 4.015244 98.766388 107.289063 4.299719 97.126602 107.264107 2.817451 97.463577 107.313904 2.759123 97.843292 107.317642 1.867275 97.125198 107.260818 1.305694 98.766388 107.289063 4.299719 98.770996 107.313858 4.015244 97.849655 107.317642 3.647455 97.128670 107.269020 4.998713 100.329948 107.289063 2.754346 100.068573 107.313812 2.749573 99.688675 107.317627 3.641581 100.329948 107.289063 4.317976 100.329948 107.289063 1.305694 98.766403 107.289063 1.305694 98.761124 107.313858 1.493435 99.682358 107.317627 1.861057 100.011429 107.268036 2.749782 99.643364 107.269936 1.898593 99.643364 106.797089 1.898583 100.011429 106.797089 2.749770 99.643364 107.269936 1.898593 98.761314 107.268059 1.548696 98.761314 106.797089 1.548685 99.643364 106.797089 1.898583 98.761314 107.268059 1.548696 97.882088 107.269936 1.905051 
						97.882088 106.797089 1.905041 98.761314 106.797089 1.548685 97.882088 107.269936 1.905051 97.520660 107.268066 2.758912 97.520660 106.797089 2.758901 97.882088 106.797089 1.905041 97.520660 107.268066 2.758912 97.888718 107.269905 3.610098 97.888718 106.797089 3.610086 97.520660 106.797089 2.758901 97.888718 107.269905 3.610098 98.770760 107.268036 3.959998 98.770760 106.797089 3.959988 97.888718 106.797089 3.610086 98.770760 107.268036 3.959998 99.650017 107.270004 3.603641 99.650017 106.797089 3.603631 98.770760 106.797089 3.959988 99.650017 107.270004 3.603641 100.011429 107.268036 2.749782 100.011429 106.797089 2.749770 99.650017 106.797089 3.603631 100.068573 107.313812 2.749573 100.028549 107.302376 2.749718 99.661423 107.304306 3.614831 99.688675 107.317627 3.641581 100.028549 107.302376 2.749718 100.011429 107.268036 2.749782 99.650017 107.270004 3.603641 99.661423 107.304306 3.614831 100.011429 107.268036 2.749782 100.028549 107.302376 2.749718 99.654861 107.304276 1.887523 99.643364 107.269936 1.898593 100.028549 107.302376 2.749718 100.068573 107.313812 2.749573 99.682358 107.317627 1.861057 99.654861 107.304276 1.887523 99.643364 107.269936 1.898593 99.654861 107.304276 1.887523 98.761284 107.302399 1.532159 98.761314 107.268059 1.548696 99.654861 107.304276 1.887523 99.682358 107.317627 1.861057 98.761124 107.313858 1.493435 98.761284 107.302399 1.532159 98.761314 107.268059 1.548696 98.761284 107.302399 1.532159 97.870651 107.304291 1.893911 97.882088 107.269936 1.905051 98.761124 107.313858 1.493435 97.843292 107.317642 1.867275 97.870651 107.304291 1.893911 97.882088 107.269936 1.905051 97.870651 107.304291 1.893911 97.503571 107.302429 2.758976 97.520660 107.268066 2.758912 97.870651 107.304291 1.893911 97.843292 107.317642 1.867275 97.463577 107.313904 2.759123 97.503571 107.302429 2.758976 97.520660 107.268066 2.758912 97.503571 107.302429 2.758976 97.877228 107.304276 3.621115 
						97.888718 107.269905 3.610098 97.503571 107.302429 2.758976 97.463577 107.313904 2.759123 97.849655 107.317642 3.647455 97.877228 107.304276 3.621115 97.888718 107.269905 3.610098 97.877228 107.304276 3.621115 98.770821 107.302376 3.976530 98.770760 107.268036 3.959998 97.877228 107.304276 3.621115 97.849655 107.317642 3.647455 98.770996 107.313858 4.015244 98.770821 107.302376 3.976530 98.770760 107.268036 3.959998 98.770821 107.302376 3.976530 99.661423 107.304306 3.614831 99.650017 107.270004 3.603641 98.770821 107.302376 3.976530 98.770996 107.313858 4.015244 99.688675 107.317627 3.641581 99.661423 107.304306 3.614831 99.605164 106.748611 1.935840 99.632172 106.762802 1.909495 98.761375 106.762802 1.564060 98.761551 106.748611 1.601177 99.632172 106.762802 1.909495 99.643364 106.797089 1.898583 98.761314 106.797089 1.548685 98.761375 106.762802 1.564060 98.761375 106.762802 1.564060 97.893364 106.762802 1.915870 97.920586 106.748611 1.942016 98.761375 106.762802 1.564060 98.761314 106.797089 1.548685 97.882088 106.797089 1.905041 97.893364 106.762802 1.915870 97.920586 106.748611 1.942016 97.893364 106.762802 1.915870 97.536530 106.762802 2.758842 97.574852 106.748611 2.758703 97.893364 106.762802 1.915870 97.882088 106.797089 1.905041 97.520660 106.797089 2.758901 97.536530 106.762802 2.758842 97.574852 106.748611 2.758703 97.536530 106.762802 2.758842 97.899948 106.762802 3.599174 97.926910 106.748611 3.572828 97.536530 106.762802 2.758842 97.520660 106.797089 2.758901 97.888718 106.797089 3.610086 97.899948 106.762802 3.599174 97.926910 106.748611 3.572828 97.899948 106.762802 3.599174 98.770706 106.762802 3.944612 98.770569 106.748611 3.907494 97.899948 106.762802 3.599174 97.888718 106.797089 3.610086 98.770760 106.797089 3.959988 98.770706 106.762802 3.944612 98.770569 106.748611 3.907494 98.770706 106.762802 3.944612 99.638748 106.762802 3.592800 99.611519 106.748611 3.566653 
						98.770706 106.762802 3.944612 98.770760 106.797089 3.959988 99.650017 106.797089 3.603631 99.638748 106.762802 3.592800 100.011429 106.797089 2.749770 99.995537 106.762802 2.749828 99.638748 106.762802 3.592800 99.650017 106.797089 3.603631 99.995537 106.762802 2.749828 99.957214 106.748611 2.749967 99.611519 106.748611 3.566653 99.638748 106.762802 3.592800 97.130966 107.274437 7.397543 97.463577 107.313904 5.886384 97.128670 107.269020 4.998713 103.556931 107.294624 7.434892 103.200867 107.313812 5.876832 102.821007 107.317627 6.768842 82.694809 108.561531 0.599957 58.792000 111.018692 0.589247 58.791992 111.018692 1.305694 82.694809 108.561531 1.305694 58.791992 111.018692 1.305694 58.792000 111.018692 0.589247 56.830803 107.198761 1.305694 84.431587 107.225822 1.305694 82.694809 108.561531 0.599957 82.694809 108.561531 1.305694 56.830811 107.198761 -0.205814 58.478184 110.362030 -0.142741 57.342335 107.986900 -2.435345 56.820072 107.200623 -1.720807 56.830803 107.198761 1.305694 58.792000 111.018692 0.589247 58.478184 110.362030 -0.142741 56.830811 107.198761 -0.205814 84.429466 107.232574 -0.187750 82.941010 108.432373 -0.133446 82.694809 108.561531 0.599957 84.431587 107.225822 1.305694 84.426300 107.242706 -2.347980 83.831947 107.965637 -2.431171 82.941010 108.432373 -0.133446 84.429466 107.232574 -0.187750 58.478184 110.362030 -0.142741 58.792000 111.018692 0.589247 82.694809 108.561531 0.599957 82.941010 108.432373 -0.133446 57.342335 107.986900 -2.435345 58.478184 110.362030 -0.142741 82.941010 108.432373 -0.133446 83.831947 107.965637 -2.431171 56.830803 107.198761 -4.823503 57.189514 107.658264 -4.736213 83.952560 107.864845 -4.732729 84.422775 107.253960 -4.748234 58.943192 93.865364 -4.722937 84.436790 93.716980 -4.703285 84.427933 93.686028 -4.827069 58.716614 93.747742 -4.840818 56.449398 92.761131 -4.823500 56.728371 92.868042 -4.952251 57.577183 92.516426 -4.952254 57.405125 92.365242 -4.823503 
						57.405125 92.365242 -4.823503 57.577183 92.516426 -4.952254 58.299679 92.516426 -4.952254 58.218628 92.365242 -4.823503 107.358315 99.205269 -4.840818 107.398132 93.677277 -4.840816 107.324890 93.766388 -4.730930 107.228363 99.205276 -4.730930 58.763309 99.205269 -4.840818 58.708389 105.895462 -4.840818 58.943195 105.777222 -4.722938 58.943195 99.216934 -4.722938 102.618195 105.964027 -4.840818 107.358315 99.205269 -4.840818 107.228363 99.205276 -4.730930 102.569801 105.895462 -4.730930 110.813759 99.205269 -4.953625 111.605362 99.205269 -4.823505 111.605362 92.534569 -4.823502 111.217331 92.613792 -4.881343 103.556931 107.294624 -4.823503 111.605362 99.205269 -4.823505 110.813759 99.205269 -4.953625 103.431808 107.117279 -4.969385 84.470222 107.191818 -4.633214 84.432114 107.112473 -4.961504 84.422775 107.253960 -4.748234 56.830803 107.198761 -4.823503 57.098545 107.033562 -4.969385 56.830803 107.198761 -4.823503 57.098545 107.033562 -4.969385 56.503475 106.438515 -4.969380 56.149364 106.517342 -4.823497 56.149364 106.517342 -4.823497 56.503475 106.438515 -4.969380 56.419773 105.895462 -4.969375 56.053520 105.895462 -4.823493 56.053520 99.205269 -4.823493 56.053520 105.895462 -4.823493 56.419773 105.895462 -4.969375 56.426933 99.205269 -4.969375 56.053520 93.747650 -4.823493 56.432518 93.747742 -4.969375 56.728371 92.868042 -4.952251 56.449398 92.761131 -4.823500 113.427750 92.365242 -4.823503 111.605362 92.365242 -4.823503 113.427750 99.190926 -4.823503 111.605362 99.205269 -4.823505 84.816139 92.532272 -4.916658 96.835785 92.540405 -4.859514 96.838974 92.382904 -4.785367 84.816330 92.383171 -4.784786 84.426086 92.369949 -4.813257 58.218628 92.365242 -4.823503 58.299679 92.516426 -4.952254 84.429497 92.520569 -4.943209 58.943195 105.777222 -4.722938 58.708389 105.895462 -4.840818 84.427849 105.927597 -4.827241 84.436432 105.895462 -4.703769 84.425079 105.895462 -3.896406 84.430542 99.205269 -3.869236 58.943192 99.216934 -3.915605 
						58.943192 105.777222 -3.915605 84.802925 93.717178 -4.623994 96.836929 93.725891 -4.658304 96.834656 93.658051 -4.797917 84.813705 93.685417 -4.788455 84.815987 93.717773 -3.865199 84.815430 99.205269 -3.845021 96.809631 99.205109 -3.951085 96.827293 93.752258 -3.862772 96.810349 107.098305 -4.938215 84.813156 107.099030 -4.939410 84.816605 107.274734 -4.786672 96.807220 107.274109 -4.785550 84.803246 105.895462 -4.625583 84.813835 105.928192 -4.789108 96.813835 105.963364 -4.796434 96.815697 105.895462 -4.649099 96.809631 99.205109 -3.951085 84.815430 99.205269 -3.845021 84.815987 105.895462 -3.865192 96.809723 105.895462 -3.863716 84.581131 106.984123 -4.248854 84.696808 106.984390 -4.249326 84.700760 106.902367 -4.616283 84.577080 106.902367 -4.616283 84.577080 106.902367 -4.616283 84.432114 107.112473 -4.961504 84.470222 107.191818 -4.633214 84.581131 106.984123 -4.248854 84.580002 92.631386 -4.248838 84.426086 92.369949 -4.813257 84.429497 92.520569 -4.943209 84.578995 92.779709 -4.375535 84.697845 92.631401 -4.248829 84.580002 92.631386 -4.248838 84.578995 92.779709 -4.375535 84.698975 92.779327 -4.376157 84.698975 92.779327 -4.376157 84.816139 92.532272 -4.916658 84.816330 92.383171 -4.784786 84.697845 92.631401 -4.248829 84.699181 105.927971 -4.271255 84.813835 105.928192 -4.789108 84.803246 105.895462 -4.625583 84.705185 105.895462 -4.182477 84.578659 105.927788 -4.271233 84.699181 105.927971 -4.271255 84.705185 105.895462 -4.182477 84.572632 105.895462 -4.182603 84.436432 105.895462 -4.703769 84.427849 105.927597 -4.827241 84.578659 105.927788 -4.271233 84.572632 105.895462 -4.182603 84.696808 106.984390 -4.249326 84.816605 107.274734 -4.786672 84.813156 107.099030 -4.939410 84.700760 106.902367 -4.616283 84.699242 93.685638 -4.271513 84.578606 93.685837 -4.271493 84.572403 93.717056 -4.183341 84.705391 93.717102 -4.183126 84.802925 93.717178 -4.623994 84.813705 93.685417 -4.788455 84.699242 93.685638 -4.271513 
						84.705391 93.717102 -4.183126 84.699554 99.205269 -3.304779 84.578369 99.205269 -3.304235 84.580215 105.895462 -3.334366 84.697647 105.895462 -3.334365 84.578369 99.205269 -3.304235 84.430542 99.205269 -3.869236 84.425079 105.895462 -3.896406 84.580215 105.895462 -3.334366 84.578606 93.685837 -4.271493 84.427933 93.686028 -4.827069 84.436790 93.716980 -4.703285 84.572403 93.717056 -4.183341 84.580231 93.717278 -3.334361 84.578369 99.205269 -3.304235 84.699554 99.205269 -3.304779 84.697647 93.717468 -3.334360 84.697647 93.717468 -3.334360 84.699554 99.205269 -3.304779 84.815430 99.205269 -3.845021 84.815987 93.717773 -3.865199 84.425079 93.717010 -3.896410 84.430542 99.205269 -3.869236 84.578369 99.205269 -3.304235 84.580231 93.717278 -3.334361 84.815430 99.205269 -3.845021 84.699554 99.205269 -3.304779 84.697647 105.895462 -3.334365 84.815987 105.895462 -3.865192 96.906631 106.984146 -4.248878 97.020676 106.984512 -4.249595 97.024582 106.902557 -4.616572 96.902679 106.902756 -4.616913 96.902679 106.902756 -4.616913 96.810349 107.098305 -4.938215 96.807220 107.274109 -4.785550 96.906631 106.984146 -4.248878 97.020676 106.984512 -4.249595 97.130966 107.274437 -4.786156 97.127647 107.098679 -4.938861 97.024582 106.902557 -4.616572 96.904800 105.952568 -4.269003 97.023933 105.956337 -4.267415 97.022995 105.895462 -4.159849 96.905067 105.895462 -4.173234 96.815697 105.895462 -4.649099 96.813835 105.963364 -4.796434 96.904800 105.952568 -4.269003 96.905067 105.895462 -4.173234 97.023933 105.956337 -4.267415 97.129433 105.965225 -4.795430 97.126320 105.895462 -4.652679 97.022995 105.895462 -4.159849 96.905251 99.204979 -3.413879 96.809631 99.205109 -3.951085 96.809723 105.895462 -3.863716 96.908600 105.895462 -3.334986 97.132591 105.895462 -3.864485 97.131073 99.206070 -3.951607 97.025192 99.205246 -3.413661 97.024315 105.895462 -3.334667 97.025192 99.205246 -3.413661 96.905251 99.204979 -3.413879 96.908600 105.895462 -3.334986 
						97.024315 105.895462 -3.334667 97.025192 99.205246 -3.413661 97.047569 93.753197 -3.335542 96.931557 93.752800 -3.335325 96.905251 99.204979 -3.413879 96.827293 93.752258 -3.862772 96.809631 99.205109 -3.951085 96.905251 99.204979 -3.413879 96.931557 93.752800 -3.335325 97.131073 99.206070 -3.951607 97.149643 93.753769 -3.862388 97.047569 93.753197 -3.335542 97.025192 99.205246 -3.413661 97.052414 93.726135 -4.160347 97.061478 93.661690 -4.267869 96.939529 93.657608 -4.269901 96.934822 93.726013 -4.169368 96.939529 93.657608 -4.269901 96.834656 93.658051 -4.797917 96.836929 93.725891 -4.658304 96.934822 93.726013 -4.169368 97.149643 93.726257 -4.655469 97.157089 93.656845 -4.794675 97.061478 93.661690 -4.267869 97.052414 93.726135 -4.160347 96.941681 92.787628 -4.317563 97.060867 92.787277 -4.317882 97.064163 92.629753 -4.247642 96.948357 92.631516 -4.248560 96.948357 92.631516 -4.248560 96.838974 92.382904 -4.785367 96.835785 92.540405 -4.859514 96.941681 92.787628 -4.317563 97.060867 92.787277 -4.317882 97.158165 92.541245 -4.855905 97.162689 92.383209 -4.784702 97.064163 92.629753 -4.247642 57.845833 106.126228 -5.255105 57.811592 99.205269 -5.270351 57.426456 99.205269 -5.331907 57.397076 105.895462 -5.329695 57.397076 105.895462 -5.329695 57.426456 99.205269 -5.331907 56.426933 99.205269 -4.969375 56.419773 105.895462 -4.969375 57.582317 93.198578 -5.309444 56.728371 92.868042 -4.952251 56.432518 93.747742 -4.969375 57.445229 93.747742 -5.330081 84.432114 107.112473 -4.961504 84.431618 106.698509 -5.240404 57.769333 106.613647 -5.292924 57.098545 107.033562 -4.969385 57.769333 106.613647 -5.292924 84.431618 106.698509 -5.240404 84.430069 106.307159 -5.145492 57.845833 106.126228 -5.255105 84.816139 92.532272 -4.916658 84.814270 92.948090 -5.203868 96.837433 92.949554 -5.168634 96.835785 92.540405 -4.859514 84.813553 106.688721 -5.211108 84.813156 107.099030 -4.939410 96.810349 107.098305 -4.938215 
						96.810226 106.711914 -5.196634 84.813751 106.291397 -5.096166 84.813553 106.688721 -5.211108 96.810226 106.711914 -5.196634 96.811546 106.328377 -5.116915 84.814270 92.948090 -5.203868 84.813637 93.346275 -5.085079 96.836594 93.343132 -5.075328 96.837433 92.949554 -5.168634 84.699501 93.386497 -4.530093 84.813637 93.346275 -5.085079 84.814270 92.948090 -5.203868 84.699387 92.972534 -4.583964 84.813156 107.099030 -4.939410 84.813553 106.688721 -5.211108 84.700348 106.704407 -4.698833 84.700760 106.902367 -4.616283 84.700348 106.704407 -4.698833 84.813553 106.688721 -5.211108 84.813751 106.291397 -5.096166 84.699692 106.318771 -4.596491 84.578522 92.972733 -4.583707 84.430954 92.936760 -5.233915 84.430069 93.328217 -5.137563 84.578354 93.386818 -4.529910 96.903900 106.321564 -4.589556 96.811546 106.328377 -5.116915 96.810226 106.711914 -5.196634 96.903061 106.706230 -4.697443 96.835785 92.540405 -4.859514 96.837433 92.949554 -5.168634 96.941391 92.987175 -4.551343 96.941681 92.787628 -4.317563 96.941391 92.987175 -4.551343 96.837433 92.949554 -5.168634 96.836594 93.343132 -5.075328 96.940338 93.403358 -4.496879 58.638672 93.340614 -5.151655 58.112404 93.385315 -5.228165 58.716614 93.747742 -4.840818 57.845833 106.126228 -5.255105 84.430069 106.307159 -5.145492 84.427849 105.927597 -4.827241 58.708389 105.895462 -4.840818 58.708389 105.895462 -4.840818 58.763309 99.205269 -4.840818 57.811592 99.205269 -5.270351 57.845833 106.126228 -5.255105 102.879036 106.333748 -5.167871 108.178871 99.205269 -5.202830 107.358315 99.205269 -4.840818 102.618195 105.964027 -4.840818 108.178871 99.205269 -5.202830 108.115448 93.324074 -5.172361 107.398132 93.677277 -4.840816 107.358315 99.205269 -4.840818 84.813835 105.928192 -4.789108 84.813751 106.291397 -5.096166 96.811546 106.328377 -5.116915 96.813835 105.963364 -4.796434 84.813637 93.346275 -5.085079 84.813705 93.685417 -4.788455 96.834656 93.658051 -4.797917 96.836594 93.343132 -5.075328 
						84.699501 93.386497 -4.530093 84.699242 93.685638 -4.271513 84.813705 93.685417 -4.788455 84.813637 93.346275 -5.085079 84.430069 106.307159 -5.145492 84.578156 106.318581 -4.596395 84.578659 105.927788 -4.271233 84.427849 105.927597 -4.827241 84.699181 105.927971 -4.271255 84.699692 106.318771 -4.596491 84.813751 106.291397 -5.096166 84.813835 105.928192 -4.789108 84.578606 93.685837 -4.271493 84.578354 93.386818 -4.529910 84.430069 93.328217 -5.137563 84.427933 93.686028 -4.827069 96.903900 106.321564 -4.589556 96.904800 105.952568 -4.269003 96.813835 105.963364 -4.796434 96.811546 106.328377 -5.116915 97.023933 105.956337 -4.267415 97.023926 106.321800 -4.587455 97.128693 106.328300 -5.116275 97.129433 105.965225 -4.795430 96.939529 93.657608 -4.269901 96.940338 93.403358 -4.496879 96.836594 93.343132 -5.075328 96.834656 93.658051 -4.797917 97.156631 93.343552 -5.072198 97.061455 93.399109 -4.501752 97.061478 93.661690 -4.267869 97.157089 93.656845 -4.794675 84.699501 93.386497 -4.530093 84.578354 93.386818 -4.529910 84.578606 93.685837 -4.271493 84.699242 93.685638 -4.271513 84.578156 106.318581 -4.596395 84.699692 106.318771 -4.596491 84.699181 105.927971 -4.271255 84.578659 105.927788 -4.271233 96.904800 105.952568 -4.269003 96.903900 106.321564 -4.589556 97.023926 106.321800 -4.587455 97.023933 105.956337 -4.267415 97.061455 93.399109 -4.501752 96.940338 93.403358 -4.496879 96.939529 93.657608 -4.269901 97.061478 93.661690 -4.267869 57.582317 93.198578 -5.309444 57.445229 93.747742 -5.330081 57.837555 93.747742 -5.260857 58.112404 93.385315 -5.228165 57.577183 92.516426 -4.952254 56.728371 92.868042 -4.952251 57.582317 93.198578 -5.309444 58.068451 92.957985 -5.273858 58.112404 93.385315 -5.228165 58.068451 92.957985 -5.273858 57.582317 93.198578 -5.309444 58.516350 92.945122 -5.253179 58.299679 92.516426 -4.952254 57.577183 92.516426 -4.952254 58.068451 92.957985 -5.273858 58.638672 93.340614 -5.151655 
						58.516350 92.945122 -5.253179 58.068451 92.957985 -5.273858 58.112404 93.385315 -5.228165 57.397076 105.895462 -5.329695 56.419773 105.895462 -4.969375 56.503475 106.438515 -4.969380 57.439732 106.228523 -5.323876 57.439732 106.228523 -5.323876 57.845833 106.126228 -5.255105 57.397076 105.895462 -5.329695 56.503475 106.438515 -4.969380 57.098545 107.033562 -4.969385 57.769333 106.613647 -5.292924 57.439732 106.228523 -5.323876 57.769333 106.613647 -5.292924 57.845833 106.126228 -5.255105 57.439732 106.228523 -5.323876 103.431808 107.117279 -4.969385 110.813759 99.205269 -4.953625 108.597290 99.205269 -5.296997 103.130600 106.690331 -5.265193 103.130600 106.690331 -5.265193 108.597290 99.205269 -5.296997 108.178871 99.205269 -5.202830 102.879036 106.333748 -5.167871 108.597290 99.205269 -5.296997 108.549500 93.158493 -5.279031 108.115448 93.324074 -5.172361 108.178871 99.205269 -5.202830 84.698975 92.779327 -4.376157 84.699387 92.972534 -4.583964 84.814270 92.948090 -5.203868 84.816139 92.532272 -4.916658 58.299679 92.516426 -4.952254 58.516350 92.945122 -5.253179 84.430954 92.936760 -5.233915 84.429497 92.520569 -4.943209 84.430954 92.936760 -5.233915 58.516350 92.945122 -5.253179 58.638672 93.340614 -5.151655 84.430069 93.328217 -5.137563 84.578522 92.972733 -4.583707 84.578995 92.779709 -4.375535 84.429497 92.520569 -4.943209 84.430954 92.936760 -5.233915 96.902679 106.902756 -4.616913 96.903061 106.706230 -4.697443 96.810226 106.711914 -5.196634 96.810349 107.098305 -4.938215 102.879036 106.333748 -5.167871 97.128693 106.328300 -5.116275 97.128067 106.711876 -5.197359 103.130600 106.690331 -5.265193 103.130600 106.690331 -5.265193 97.128067 106.711876 -5.197359 97.127647 107.098679 -4.938861 103.431808 107.117279 -4.969385 108.549500 93.158493 -5.279031 97.156799 92.949944 -5.165968 97.156631 93.343552 -5.072198 108.115448 93.324074 -5.172361 84.700348 106.704407 -4.698833 84.577515 106.704468 -4.698768 84.577080 106.902367 -4.616283 
						84.700760 106.902367 -4.616283 84.578156 106.318581 -4.596395 84.577515 106.704468 -4.698768 84.700348 106.704407 -4.698833 84.699692 106.318771 -4.596491 84.577515 106.704468 -4.698768 84.431618 106.698509 -5.240404 84.432114 107.112473 -4.961504 84.577080 106.902367 -4.616283 84.430069 106.307159 -5.145492 84.431618 106.698509 -5.240404 84.577515 106.704468 -4.698768 84.578156 106.318581 -4.596395 84.699387 92.972534 -4.583964 84.698975 92.779327 -4.376157 84.578995 92.779709 -4.375535 84.578522 92.972733 -4.583707 84.699501 93.386497 -4.530093 84.699387 92.972534 -4.583964 84.578522 92.972733 -4.583707 84.578354 93.386818 -4.529910 96.903061 106.706230 -4.697443 97.024231 106.706520 -4.696578 97.023926 106.321800 -4.587455 96.903900 106.321564 -4.589556 97.024582 106.902557 -4.616572 97.024231 106.706520 -4.696578 96.903061 106.706230 -4.697443 96.902679 106.902756 -4.616913 97.127647 107.098679 -4.938861 97.128067 106.711876 -5.197359 97.024231 106.706520 -4.696578 97.024582 106.902557 -4.616572 97.024231 106.706520 -4.696578 97.128067 106.711876 -5.197359 97.128693 106.328300 -5.116275 97.023926 106.321800 -4.587455 96.941391 92.987175 -4.551343 97.061172 92.984848 -4.549431 97.060867 92.787277 -4.317882 96.941681 92.787628 -4.317563 97.061455 93.399109 -4.501752 97.061172 92.984848 -4.549431 96.941391 92.987175 -4.551343 96.940338 93.403358 -4.496879 97.061172 92.984848 -4.549431 97.156799 92.949944 -5.165968 97.158165 92.541245 -4.855905 97.060867 92.787277 -4.317882 97.156631 93.343552 -5.072198 97.156799 92.949944 -5.165968 97.061172 92.984848 -4.549431 97.061455 93.399109 -4.501752 107.324890 93.766388 -4.730930 107.311134 93.813599 -3.907610 107.214615 99.205269 -3.907614 107.228363 99.205276 -4.730930 97.052414 93.726135 -4.160347 97.047569 93.753197 -3.335542 97.149643 93.753769 -3.862388 97.149643 93.726257 -4.655469 96.934822 93.726013 -4.169368 96.931557 93.752800 -3.335325 97.047569 93.753197 -3.335542 
						97.052414 93.726135 -4.160347 96.836929 93.725891 -4.658304 96.827293 93.752258 -3.862772 96.931557 93.752800 -3.335325 96.934822 93.726013 -4.169368 84.802925 93.717178 -4.623994 84.815987 93.717773 -3.865199 96.827293 93.752258 -3.862772 96.836929 93.725891 -4.658304 84.705391 93.717102 -4.183126 84.697647 93.717468 -3.334360 84.815987 93.717773 -3.865199 84.802925 93.717178 -4.623994 84.572403 93.717056 -4.183341 84.580231 93.717278 -3.334361 84.697647 93.717468 -3.334360 84.705391 93.717102 -4.183126 84.436790 93.716980 -4.703285 84.425079 93.717010 -3.896410 84.580231 93.717278 -3.334361 84.572403 93.717056 -4.183341 58.943192 93.865364 -3.915605 84.425079 93.717010 -3.896410 84.436790 93.716980 -4.703285 58.943192 93.865364 -4.722937 58.943192 105.777222 -3.915605 58.943192 99.216934 -3.915605 58.943195 99.216934 -4.722938 58.943195 105.777222 -4.722938 84.436432 105.895462 -4.703769 84.425079 105.895462 -3.896406 58.943192 105.777222 -3.915605 58.943195 105.777222 -4.722938 84.572632 105.895462 -4.182603 84.580215 105.895462 -3.334366 84.425079 105.895462 -3.896406 84.436432 105.895462 -4.703769 84.705185 105.895462 -4.182477 84.697647 105.895462 -3.334365 84.580215 105.895462 -3.334366 84.572632 105.895462 -4.182603 84.803246 105.895462 -4.625583 84.815987 105.895462 -3.865192 84.697647 105.895462 -3.334365 84.705185 105.895462 -4.182477 96.815697 105.895462 -4.649099 96.809723 105.895462 -3.863716 84.815987 105.895462 -3.865192 84.803246 105.895462 -4.625583 96.905067 105.895462 -4.173234 96.908600 105.895462 -3.334986 96.809723 105.895462 -3.863716 96.815697 105.895462 -4.649099 97.022995 105.895462 -4.159849 97.024315 105.895462 -3.334667 96.908600 105.895462 -3.334986 96.905067 105.895462 -4.173234 97.132591 105.895462 -3.864485 97.024315 105.895462 -3.334667 97.022995 105.895462 -4.159849 97.126320 105.895462 -4.652679 107.228363 99.205276 -4.730930 107.214615 99.205269 -3.907614 102.569801 105.895462 -3.907613 
						102.569801 105.895462 -4.730930 84.430542 99.205269 -3.869236 84.425079 93.717010 -3.896410 58.943192 93.865364 -3.915605 58.943192 99.216934 -3.915605 58.943195 99.216934 -4.722938 58.943192 99.216934 -3.915605 58.943192 93.865364 -3.915605 58.943192 93.865364 -4.722937 58.763309 99.205269 -4.840818 58.943195 99.216934 -4.722938 58.943192 93.865364 -4.722937 58.716614 93.747742 -4.840818 57.837555 93.747742 -5.260857 58.716614 93.747742 -4.840818 58.112404 93.385315 -5.228165 57.426456 99.205269 -5.331907 57.811592 99.205269 -5.270351 57.837555 93.747742 -5.260857 57.445229 93.747742 -5.330081 56.426933 99.205269 -4.969375 57.426456 99.205269 -5.331907 57.445229 93.747742 -5.330081 56.432518 93.747742 -4.969375 56.053520 93.747650 -4.823493 56.053520 99.205269 -4.823493 56.426933 99.205269 -4.969375 56.432518 93.747742 -4.969375 83.952560 107.864845 -4.732729 83.831947 107.965637 -2.431171 84.426300 107.242706 -2.347980 84.422775 107.253960 -4.748234 57.189514 107.658264 -4.736213 57.342335 107.986900 -2.435345 83.831947 107.965637 -2.431171 83.952560 107.864845 -4.732729 56.830803 107.198761 -4.823503 56.820072 107.200623 -1.720807 57.342335 107.986900 -2.435345 57.189514 107.658264 -4.736213 103.089546 106.748611 -3.265839 102.737488 106.748611 -2.451713 102.764481 106.762802 -2.425367 103.127869 106.762802 -3.265701 103.127869 106.762802 -3.265701 102.764481 106.762802 -2.425367 102.775688 106.797089 -2.414454 103.143753 106.797089 -3.265643 103.089546 106.748611 -3.265839 102.743851 106.748611 -4.082525 102.737488 106.748611 -2.451713 101.902901 106.748611 -4.423367 101.893860 106.748611 -2.117049 101.059250 106.748611 -4.088701 100.707169 106.748611 -3.274576 101.052872 106.748611 -2.457888 103.546265 107.296494 -1.720807 103.200867 107.313812 -3.265444 102.814697 107.317627 -2.376929 100.329948 107.289063 -1.706588 101.898697 107.289063 -1.688330 101.893448 107.313858 -2.009306 100.975616 107.317642 -2.383146 100.340805 107.291946 -4.818557 
						100.329948 107.289063 -3.270218 100.595901 107.313904 -3.274995 100.981949 107.317642 -4.163329 103.556931 107.294624 -4.823503 100.340805 107.291946 -4.818557 101.903320 107.313858 -4.531115 102.821007 107.317627 -4.157453 100.329948 107.289063 -3.270218 100.329948 107.289063 -1.706588 100.975616 107.317642 -2.383146 100.595901 107.313904 -3.274995 100.340805 107.291946 -4.818557 100.981949 107.317642 -4.163329 101.903320 107.313858 -4.531115 103.546265 107.296494 -1.720807 103.556931 107.294624 -4.823503 103.200867 107.313812 -3.265444 103.546265 107.296494 -1.720807 102.814697 107.317627 -2.376929 101.893448 107.313858 -2.009306 101.898697 107.289063 -1.688330 103.143753 107.268036 -3.265654 103.143753 106.797089 -3.265643 102.775688 106.797089 -2.414454 102.775688 107.269936 -2.414465 102.775688 107.269936 -2.414465 102.775688 106.797089 -2.414454 101.893639 106.797089 -2.064557 101.893639 107.268059 -2.064568 101.893639 107.268059 -2.064568 101.893639 106.797089 -2.064557 101.014412 106.797089 -2.420913 101.014412 107.269936 -2.420922 101.014412 107.269936 -2.420922 101.014412 106.797089 -2.420913 100.652962 106.797089 -3.274773 100.652962 107.268066 -3.274785 100.652962 107.268066 -3.274785 100.652962 106.797089 -3.274773 101.021057 106.797089 -4.125959 101.021057 107.269905 -4.125970 101.021057 107.269905 -4.125970 101.021057 106.797089 -4.125959 101.903076 106.797089 -4.475858 101.903076 107.268036 -4.475870 101.903076 107.268036 -4.475870 101.903076 106.797089 -4.475858 102.782333 106.797089 -4.119503 102.782333 107.270004 -4.119513 102.782333 107.270004 -4.119513 102.782333 106.797089 -4.119503 103.143753 106.797089 -3.265643 103.143753 107.268036 -3.265654 103.200867 107.313812 -3.265444 102.821007 107.317627 -4.157453 102.793732 107.304306 -4.130702 103.160858 107.302376 -3.265590 103.160858 107.302376 -3.265590 102.793732 107.304306 -4.130702 102.782333 107.270004 -4.119513 103.143753 107.268036 -3.265654 103.143753 107.268036 -3.265654 102.775688 107.269936 -2.414465 102.787186 107.304276 -2.403396 
						103.160858 107.302376 -3.265590 103.160858 107.302376 -3.265590 102.787186 107.304276 -2.403396 102.814697 107.317627 -2.376929 103.200867 107.313812 -3.265444 102.775688 107.269936 -2.414465 101.893639 107.268059 -2.064568 101.893600 107.302399 -2.048031 102.787186 107.304276 -2.403396 102.787186 107.304276 -2.403396 101.893600 107.302399 -2.048031 101.893448 107.313858 -2.009306 102.814697 107.317627 -2.376929 101.893639 107.268059 -2.064568 101.014412 107.269936 -2.420922 101.002991 107.304291 -2.409783 101.893600 107.302399 -2.048031 101.893600 107.302399 -2.048031 101.002991 107.304291 -2.409783 100.975616 107.317642 -2.383146 101.893448 107.313858 -2.009306 101.014412 107.269936 -2.420922 100.652962 107.268066 -3.274785 100.635910 107.302429 -3.274848 101.002991 107.304291 -2.409783 101.002991 107.304291 -2.409783 100.635910 107.302429 -3.274848 100.595901 107.313904 -3.274995 100.975616 107.317642 -2.383146 100.652962 107.268066 -3.274785 101.021057 107.269905 -4.125970 101.009529 107.304276 -4.136988 100.635910 107.302429 -3.274848 100.635910 107.302429 -3.274848 101.009529 107.304276 -4.136988 100.981949 107.317642 -4.163329 100.595901 107.313904 -3.274995 101.021057 107.269905 -4.125970 101.903076 107.268036 -4.475870 101.903137 107.302376 -4.492402 101.009529 107.304276 -4.136988 101.009529 107.304276 -4.136988 101.903137 107.302376 -4.492402 101.903320 107.313858 -4.531115 100.981949 107.317642 -4.163329 101.903076 107.268036 -4.475870 102.782333 107.270004 -4.119513 102.793732 107.304306 -4.130702 101.903137 107.302376 -4.492402 101.903137 107.302376 -4.492402 102.793732 107.304306 -4.130702 102.821007 107.317627 -4.157453 101.903320 107.313858 -4.531115 102.737488 106.748611 -2.451713 101.893860 106.748611 -2.117049 101.893692 106.762802 -2.079932 102.764481 106.762802 -2.425367 102.764481 106.762802 -2.425367 101.893692 106.762802 -2.079932 101.893639 106.797089 -2.064557 102.775688 106.797089 -2.414454 101.893860 106.748611 -2.117049 101.052872 106.748611 -2.457888 101.025665 106.762802 -2.431742 
						101.893692 106.762802 -2.079932 101.893692 106.762802 -2.079932 101.025665 106.762802 -2.431742 101.014412 106.797089 -2.420913 101.893639 106.797089 -2.064557 101.052872 106.748611 -2.457888 100.707169 106.748611 -3.274576 100.668869 106.762802 -3.274715 101.025665 106.762802 -2.431742 101.025665 106.762802 -2.431742 100.668869 106.762802 -3.274715 100.652962 106.797089 -3.274773 101.014412 106.797089 -2.420913 100.707169 106.748611 -3.274576 101.059250 106.748611 -4.088701 101.032242 106.762802 -4.115046 100.668869 106.762802 -3.274715 100.668869 106.762802 -3.274715 101.032242 106.762802 -4.115046 101.021057 106.797089 -4.125959 100.652962 106.797089 -3.274773 101.059250 106.748611 -4.088701 101.902901 106.748611 -4.423367 101.903046 106.762802 -4.460484 101.032242 106.762802 -4.115046 101.032242 106.762802 -4.115046 101.903046 106.762802 -4.460484 101.903076 106.797089 -4.475858 101.021057 106.797089 -4.125959 101.902901 106.748611 -4.423367 102.743851 106.748611 -4.082525 102.771057 106.762802 -4.108673 101.903046 106.762802 -4.460484 101.903046 106.762802 -4.460484 102.771057 106.762802 -4.108673 102.782333 106.797089 -4.119503 101.903076 106.797089 -4.475858 103.143753 106.797089 -3.265643 102.782333 106.797089 -4.119503 102.771057 106.762802 -4.108673 103.127869 106.762802 -3.265701 103.127869 106.762802 -3.265701 102.771057 106.762802 -4.108673 102.743851 106.748611 -4.082525 103.089546 106.748611 -3.265839 99.957214 106.748611 -3.265839 99.605164 106.748611 -2.451713 99.632172 106.762802 -2.425367 99.995537 106.762802 -3.265701 99.995537 106.762802 -3.265701 99.632172 106.762802 -2.425367 99.643364 106.797089 -2.414454 100.011429 106.797089 -3.265643 99.957214 106.748611 -3.265839 99.611519 106.748611 -4.082525 99.605164 106.748611 -2.451713 98.770569 106.748611 -4.423367 98.761551 106.748611 -2.117049 97.926910 106.748611 -4.088701 97.574852 106.748611 -3.274576 97.920586 106.748611 -2.457888 100.329948 107.289063 -1.706588 100.329948 107.289063 -3.270218 100.068573 107.313812 -3.265444 
						99.682358 107.317627 -2.376929 97.128670 107.269020 -2.387325 98.766388 107.289063 -1.688330 98.761124 107.313858 -2.009306 97.843292 107.317642 -2.383146 97.130966 107.274437 -4.786156 97.463577 107.313904 -3.274995 97.849655 107.317642 -4.163329 100.340805 107.291946 -4.818557 98.770996 107.313858 -4.531115 99.688675 107.317627 -4.157453 97.128670 107.269020 -2.387325 97.843292 107.317642 -2.383146 97.463577 107.313904 -3.274995 100.340805 107.291946 -4.818557 97.130966 107.274437 -4.786156 97.849655 107.317642 -4.163329 98.770996 107.313858 -4.531115 100.329948 107.289063 -3.270218 99.688675 107.317627 -4.157453 100.068573 107.313812 -3.265444 100.329948 107.289063 -1.706588 99.682358 107.317627 -2.376929 98.761124 107.313858 -2.009306 98.766388 107.289063 -1.688330 100.011429 107.268036 -3.265654 100.011429 106.797089 -3.265643 99.643364 106.797089 -2.414454 99.643364 107.269936 -2.414465 99.643364 107.269936 -2.414465 99.643364 106.797089 -2.414454 98.761314 106.797089 -2.064557 98.761314 107.268059 -2.064568 98.761314 107.268059 -2.064568 98.761314 106.797089 -2.064557 97.882088 106.797089 -2.420913 97.882088 107.269936 -2.420922 97.882088 107.269936 -2.420922 97.882088 106.797089 -2.420913 97.520660 106.797089 -3.274773 97.520660 107.268066 -3.274785 97.520660 107.268066 -3.274785 97.520660 106.797089 -3.274773 97.888718 106.797089 -4.125959 97.888718 107.269905 -4.125970 97.888718 107.269905 -4.125970 97.888718 106.797089 -4.125959 98.770760 106.797089 -4.475858 98.770760 107.268036 -4.475870 98.770760 107.268036 -4.475870 98.770760 106.797089 -4.475858 99.650017 106.797089 -4.119503 99.650017 107.270004 -4.119513 99.650017 107.270004 -4.119513 99.650017 106.797089 -4.119503 100.011429 106.797089 -3.265643 100.011429 107.268036 -3.265654 100.068573 107.313812 -3.265444 99.688675 107.317627 -4.157453 99.661423 107.304306 -4.130702 100.028549 107.302376 -3.265590 100.028549 107.302376 -3.265590 99.661423 107.304306 -4.130702 99.650017 107.270004 -4.119513 
						100.011429 107.268036 -3.265654 100.011429 107.268036 -3.265654 99.643364 107.269936 -2.414465 99.654861 107.304276 -2.403396 100.028549 107.302376 -3.265590 100.028549 107.302376 -3.265590 99.654861 107.304276 -2.403396 99.682358 107.317627 -2.376929 100.068573 107.313812 -3.265444 99.643364 107.269936 -2.414465 98.761314 107.268059 -2.064568 98.761284 107.302399 -2.048031 99.654861 107.304276 -2.403396 99.654861 107.304276 -2.403396 98.761284 107.302399 -2.048031 98.761124 107.313858 -2.009306 99.682358 107.317627 -2.376929 98.761314 107.268059 -2.064568 97.882088 107.269936 -2.420922 97.870651 107.304291 -2.409783 98.761284 107.302399 -2.048031 98.761284 107.302399 -2.048031 97.870651 107.304291 -2.409783 97.843292 107.317642 -2.383146 98.761124 107.313858 -2.009306 97.882088 107.269936 -2.420922 97.520660 107.268066 -3.274785 97.503571 107.302429 -3.274848 97.870651 107.304291 -2.409783 97.870651 107.304291 -2.409783 97.503571 107.302429 -3.274848 97.463577 107.313904 -3.274995 97.843292 107.317642 -2.383146 97.520660 107.268066 -3.274785 97.888718 107.269905 -4.125970 97.877228 107.304276 -4.136988 97.503571 107.302429 -3.274848 97.503571 107.302429 -3.274848 97.877228 107.304276 -4.136988 97.849655 107.317642 -4.163329 97.463577 107.313904 -3.274995 97.888718 107.269905 -4.125970 98.770760 107.268036 -4.475870 98.770821 107.302376 -4.492402 97.877228 107.304276 -4.136988 97.877228 107.304276 -4.136988 98.770821 107.302376 -4.492402 98.770996 107.313858 -4.531115 97.849655 107.317642 -4.163329 98.770760 107.268036 -4.475870 99.650017 107.270004 -4.119513 99.661423 107.304306 -4.130702 98.770821 107.302376 -4.492402 98.770821 107.302376 -4.492402 99.661423 107.304306 -4.130702 99.688675 107.317627 -4.157453 98.770996 107.313858 -4.531115 99.605164 106.748611 -2.451713 98.761551 106.748611 -2.117049 98.761375 106.762802 -2.079932 99.632172 106.762802 -2.425367 99.632172 106.762802 -2.425367 98.761375 106.762802 -2.079932 98.761314 106.797089 -2.064557 
						99.643364 106.797089 -2.414454 98.761551 106.748611 -2.117049 97.920586 106.748611 -2.457888 97.893364 106.762802 -2.431742 98.761375 106.762802 -2.079932 98.761375 106.762802 -2.079932 97.893364 106.762802 -2.431742 97.882088 106.797089 -2.420913 98.761314 106.797089 -2.064557 97.920586 106.748611 -2.457888 97.574852 106.748611 -3.274576 97.536530 106.762802 -3.274715 97.893364 106.762802 -2.431742 97.893364 106.762802 -2.431742 97.536530 106.762802 -3.274715 97.520660 106.797089 -3.274773 97.882088 106.797089 -2.420913 97.574852 106.748611 -3.274576 97.926910 106.748611 -4.088701 97.899948 106.762802 -4.115046 97.536530 106.762802 -3.274715 97.536530 106.762802 -3.274715 97.899948 106.762802 -4.115046 97.888718 106.797089 -4.125959 97.520660 106.797089 -3.274773 97.926910 106.748611 -4.088701 98.770569 106.748611 -4.423367 98.770706 106.762802 -4.460484 97.899948 106.762802 -4.115046 97.899948 106.762802 -4.115046 98.770706 106.762802 -4.460484 98.770760 106.797089 -4.475858 97.888718 106.797089 -4.125959 98.770569 106.748611 -4.423367 99.611519 106.748611 -4.082525 99.638748 106.762802 -4.108673 98.770706 106.762802 -4.460484 98.770706 106.762802 -4.460484 99.638748 106.762802 -4.108673 99.650017 106.797089 -4.119503 98.770760 106.797089 -4.475858 100.011429 106.797089 -3.265643 99.650017 106.797089 -4.119503 99.638748 106.762802 -4.108673 99.995537 106.762802 -3.265701 99.995537 106.762802 -3.265701 99.638748 106.762802 -4.108673 99.611519 106.748611 -4.082525 99.957214 106.748611 -3.265839 103.089546 106.748611 -0.138579 102.737488 106.748611 0.675548 102.764481 106.762802 0.701894 103.127869 106.762802 -0.138439 103.127869 106.762802 -0.138439 102.764481 106.762802 0.701894 102.775688 106.797089 0.712805 103.143753 106.797089 -0.138381 103.089546 106.748611 -0.138579 102.743851 106.748611 -0.955265 102.737488 106.748611 0.675548 101.902901 106.748611 -1.296105 101.893860 106.748611 1.010211 101.059250 106.748611 -0.961440 100.707169 106.748611 -0.147315 
						101.052872 106.748611 0.669373 103.556931 107.294624 1.305694 103.556931 107.294624 -0.205814 103.200867 107.313812 -0.138184 102.814697 107.317627 0.750332 100.329948 107.289063 1.305694 101.898712 107.289063 1.305694 101.893448 107.313858 1.117953 100.975616 107.317642 0.744114 100.329948 107.289063 -1.706588 100.329948 107.289063 -0.142957 100.595901 107.313904 -0.147735 100.981949 107.317642 -1.036067 103.546265 107.296494 -1.720807 101.898697 107.289063 -1.688330 101.903320 107.313858 -1.403855 102.821007 107.317627 -1.030192 100.329948 107.289063 -0.142957 100.329948 107.289063 1.305694 100.975616 107.317642 0.744114 100.595901 107.313904 -0.147735 101.898697 107.289063 -1.688330 100.329948 107.289063 -1.706588 100.981949 107.317642 -1.036067 101.903320 107.313858 -1.403855 103.556931 107.294624 -0.205814 103.546265 107.296494 -1.720807 102.821007 107.317627 -1.030192 103.200867 107.313812 -0.138184 103.556931 107.294624 1.305694 102.814697 107.317627 0.750332 101.893448 107.313858 1.117953 101.898712 107.289063 1.305694 103.143753 107.268036 -0.138393 103.143753 106.797089 -0.138381 102.775688 106.797089 0.712805 102.775688 107.269936 0.712795 102.775688 107.269936 0.712795 102.775688 106.797089 0.712805 101.893639 106.797089 1.062703 101.893639 107.268059 1.062693 101.893639 107.268059 1.062693 101.893639 106.797089 1.062703 101.014412 106.797089 0.706348 101.014412 107.269936 0.706337 101.014412 107.269936 0.706337 101.014412 106.797089 0.706348 100.652962 106.797089 -0.147512 100.652962 107.268066 -0.147523 100.652962 107.268066 -0.147523 100.652962 106.797089 -0.147512 101.021057 106.797089 -0.998698 101.021057 107.269905 -0.998709 101.021057 107.269905 -0.998709 101.021057 106.797089 -0.998698 101.903076 106.797089 -1.348599 101.903076 107.268036 -1.348610 101.903076 107.268036 -1.348610 101.903076 106.797089 -1.348599 102.782333 106.797089 -0.992243 102.782333 107.270004 -0.992252 102.782333 107.270004 -0.992252 102.782333 106.797089 -0.992243 103.143753 106.797089 -0.138381 
						103.143753 107.268036 -0.138393 103.200867 107.313812 -0.138184 102.821007 107.317627 -1.030192 102.793732 107.304306 -1.003442 103.160858 107.302376 -0.138330 103.160858 107.302376 -0.138330 102.793732 107.304306 -1.003442 102.782333 107.270004 -0.992252 103.143753 107.268036 -0.138393 103.143753 107.268036 -0.138393 102.775688 107.269936 0.712795 102.787186 107.304276 0.723866 103.160858 107.302376 -0.138330 103.160858 107.302376 -0.138330 102.787186 107.304276 0.723866 102.814697 107.317627 0.750332 103.200867 107.313812 -0.138184 102.775688 107.269936 0.712795 101.893639 107.268059 1.062693 101.893600 107.302399 1.079229 102.787186 107.304276 0.723866 102.787186 107.304276 0.723866 101.893600 107.302399 1.079229 101.893448 107.313858 1.117953 102.814697 107.317627 0.750332 101.893639 107.268059 1.062693 101.014412 107.269936 0.706337 101.002991 107.304291 0.717478 101.893600 107.302399 1.079229 101.893600 107.302399 1.079229 101.002991 107.304291 0.717478 100.975616 107.317642 0.744114 101.893448 107.313858 1.117953 101.014412 107.269936 0.706337 100.652962 107.268066 -0.147523 100.635910 107.302429 -0.147587 101.002991 107.304291 0.717478 101.002991 107.304291 0.717478 100.635910 107.302429 -0.147587 100.595901 107.313904 -0.147735 100.975616 107.317642 0.744114 100.652962 107.268066 -0.147523 101.021057 107.269905 -0.998709 101.009529 107.304276 -1.009727 100.635910 107.302429 -0.147587 100.635910 107.302429 -0.147587 101.009529 107.304276 -1.009727 100.981949 107.317642 -1.036067 100.595901 107.313904 -0.147735 101.021057 107.269905 -0.998709 101.903076 107.268036 -1.348610 101.903137 107.302376 -1.365141 101.009529 107.304276 -1.009727 101.009529 107.304276 -1.009727 101.903137 107.302376 -1.365141 101.903320 107.313858 -1.403855 100.981949 107.317642 -1.036067 101.903076 107.268036 -1.348610 102.782333 107.270004 -0.992252 102.793732 107.304306 -1.003442 101.903137 107.302376 -1.365141 101.903137 107.302376 -1.365141 102.793732 107.304306 -1.003442 102.821007 107.317627 -1.030192 
						101.903320 107.313858 -1.403855 102.737488 106.748611 0.675548 101.893860 106.748611 1.010211 101.893692 106.762802 1.047329 102.764481 106.762802 0.701894 102.764481 106.762802 0.701894 101.893692 106.762802 1.047329 101.893639 106.797089 1.062703 102.775688 106.797089 0.712805 101.893860 106.748611 1.010211 101.052872 106.748611 0.669373 101.025665 106.762802 0.695518 101.893692 106.762802 1.047329 101.893692 106.762802 1.047329 101.025665 106.762802 0.695518 101.014412 106.797089 0.706348 101.893639 106.797089 1.062703 101.052872 106.748611 0.669373 100.707169 106.748611 -0.147315 100.668869 106.762802 -0.147454 101.025665 106.762802 0.695518 101.025665 106.762802 0.695518 100.668869 106.762802 -0.147454 100.652962 106.797089 -0.147512 101.014412 106.797089 0.706348 100.707169 106.748611 -0.147315 101.059250 106.748611 -0.961440 101.032242 106.762802 -0.987786 100.668869 106.762802 -0.147454 100.668869 106.762802 -0.147454 101.032242 106.762802 -0.987786 101.021057 106.797089 -0.998698 100.652962 106.797089 -0.147512 101.059250 106.748611 -0.961440 101.902901 106.748611 -1.296105 101.903046 106.762802 -1.333223 101.032242 106.762802 -0.987786 101.032242 106.762802 -0.987786 101.903046 106.762802 -1.333223 101.903076 106.797089 -1.348599 101.021057 106.797089 -0.998698 101.902901 106.748611 -1.296105 102.743851 106.748611 -0.955265 102.771057 106.762802 -0.981411 101.903046 106.762802 -1.333223 101.903046 106.762802 -1.333223 102.771057 106.762802 -0.981411 102.782333 106.797089 -0.992243 101.903076 106.797089 -1.348599 103.143753 106.797089 -0.138381 102.782333 106.797089 -0.992243 102.771057 106.762802 -0.981411 103.127869 106.762802 -0.138439 103.127869 106.762802 -0.138439 102.771057 106.762802 -0.981411 102.743851 106.748611 -0.955265 103.089546 106.748611 -0.138579 99.957214 106.748611 -0.138579 99.605164 106.748611 0.675548 99.632172 106.762802 0.701894 99.995537 106.762802 -0.138439 99.995537 106.762802 -0.138439 99.632172 106.762802 0.701894 99.643364 106.797089 0.712805 
						100.011429 106.797089 -0.138381 99.957214 106.748611 -0.138579 99.611519 106.748611 -0.955265 99.605164 106.748611 0.675548 98.770569 106.748611 -1.296105 98.761551 106.748611 1.010211 97.926910 106.748611 -0.961440 97.574852 106.748611 -0.147315 97.920586 106.748611 0.669373 100.329948 107.289063 1.305694 100.329948 107.289063 -0.142957 100.068573 107.313812 -0.138184 99.682358 107.317627 0.750332 97.125198 107.260818 1.305694 98.766403 107.289063 1.305694 98.761124 107.313858 1.117953 97.843292 107.317642 0.744114 97.128670 107.269020 -2.387325 97.126602 107.264107 -0.206062 97.463577 107.313904 -0.147735 97.849655 107.317642 -1.036067 100.329948 107.289063 -1.706588 98.766388 107.289063 -1.688330 98.770996 107.313858 -1.403855 99.688675 107.317627 -1.030192 97.126602 107.264107 -0.206062 97.125198 107.260818 1.305694 97.843292 107.317642 0.744114 97.463577 107.313904 -0.147735 98.766388 107.289063 -1.688330 97.128670 107.269020 -2.387325 97.849655 107.317642 -1.036067 98.770996 107.313858 -1.403855 100.329948 107.289063 -0.142957 99.688675 107.317627 -1.030192 100.068573 107.313812 -0.138184 100.329948 107.289063 1.305694 99.682358 107.317627 0.750332 98.761124 107.313858 1.117953 98.766403 107.289063 1.305694 100.011429 107.268036 -0.138393 100.011429 106.797089 -0.138381 99.643364 106.797089 0.712805 99.643364 107.269936 0.712795 99.643364 107.269936 0.712795 99.643364 106.797089 0.712805 98.761314 106.797089 1.062703 98.761314 107.268059 1.062693 98.761314 107.268059 1.062693 98.761314 106.797089 1.062703 97.882088 106.797089 0.706348 97.882088 107.269936 0.706337 97.882088 107.269936 0.706337 97.882088 106.797089 0.706348 97.520660 106.797089 -0.147512 97.520660 107.268066 -0.147523 97.520660 107.268066 -0.147523 97.520660 106.797089 -0.147512 97.888718 106.797089 -0.998698 97.888718 107.269905 -0.998709 97.888718 107.269905 -0.998709 97.888718 106.797089 -0.998698 98.770760 106.797089 -1.348599 98.770760 107.268036 -1.348610 
						98.770760 107.268036 -1.348610 98.770760 106.797089 -1.348599 99.650017 106.797089 -0.992243 99.650017 107.270004 -0.992252 99.650017 107.270004 -0.992252 99.650017 106.797089 -0.992243 100.011429 106.797089 -0.138381 100.011429 107.268036 -0.138393 100.068573 107.313812 -0.138184 99.688675 107.317627 -1.030192 99.661423 107.304306 -1.003442 100.028549 107.302376 -0.138330 100.028549 107.302376 -0.138330 99.661423 107.304306 -1.003442 99.650017 107.270004 -0.992252 100.011429 107.268036 -0.138393 100.011429 107.268036 -0.138393 99.643364 107.269936 0.712795 99.654861 107.304276 0.723866 100.028549 107.302376 -0.138330 100.028549 107.302376 -0.138330 99.654861 107.304276 0.723866 99.682358 107.317627 0.750332 100.068573 107.313812 -0.138184 99.643364 107.269936 0.712795 98.761314 107.268059 1.062693 98.761284 107.302399 1.079229 99.654861 107.304276 0.723866 99.654861 107.304276 0.723866 98.761284 107.302399 1.079229 98.761124 107.313858 1.117953 99.682358 107.317627 0.750332 98.761314 107.268059 1.062693 97.882088 107.269936 0.706337 97.870651 107.304291 0.717478 98.761284 107.302399 1.079229 98.761284 107.302399 1.079229 97.870651 107.304291 0.717478 97.843292 107.317642 0.744114 98.761124 107.313858 1.117953 97.882088 107.269936 0.706337 97.520660 107.268066 -0.147523 97.503571 107.302429 -0.147587 97.870651 107.304291 0.717478 97.870651 107.304291 0.717478 97.503571 107.302429 -0.147587 97.463577 107.313904 -0.147735 97.843292 107.317642 0.744114 97.520660 107.268066 -0.147523 97.888718 107.269905 -0.998709 97.877228 107.304276 -1.009727 97.503571 107.302429 -0.147587 97.503571 107.302429 -0.147587 97.877228 107.304276 -1.009727 97.849655 107.317642 -1.036067 97.463577 107.313904 -0.147735 97.888718 107.269905 -0.998709 98.770760 107.268036 -1.348610 98.770821 107.302376 -1.365141 97.877228 107.304276 -1.009727 97.877228 107.304276 -1.009727 98.770821 107.302376 -1.365141 98.770996 107.313858 -1.403855 97.849655 107.317642 -1.036067 
						98.770760 107.268036 -1.348610 99.650017 107.270004 -0.992252 99.661423 107.304306 -1.003442 98.770821 107.302376 -1.365141 98.770821 107.302376 -1.365141 99.661423 107.304306 -1.003442 99.688675 107.317627 -1.030192 98.770996 107.313858 -1.403855 99.605164 106.748611 0.675548 98.761551 106.748611 1.010211 98.761375 106.762802 1.047329 99.632172 106.762802 0.701894 99.632172 106.762802 0.701894 98.761375 106.762802 1.047329 98.761314 106.797089 1.062703 99.643364 106.797089 0.712805 98.761551 106.748611 1.010211 97.920586 106.748611 0.669373 97.893364 106.762802 0.695518 98.761375 106.762802 1.047329 98.761375 106.762802 1.047329 97.893364 106.762802 0.695518 97.882088 106.797089 0.706348 98.761314 106.797089 1.062703 97.920586 106.748611 0.669373 97.574852 106.748611 -0.147315 97.536530 106.762802 -0.147454 97.893364 106.762802 0.695518 97.893364 106.762802 0.695518 97.536530 106.762802 -0.147454 97.520660 106.797089 -0.147512 97.882088 106.797089 0.706348 97.574852 106.748611 -0.147315 97.926910 106.748611 -0.961440 97.899948 106.762802 -0.987786 97.536530 106.762802 -0.147454 97.536530 106.762802 -0.147454 97.899948 106.762802 -0.987786 97.888718 106.797089 -0.998698 97.520660 106.797089 -0.147512 97.926910 106.748611 -0.961440 98.770569 106.748611 -1.296105 98.770706 106.762802 -1.333223 97.899948 106.762802 -0.987786 97.899948 106.762802 -0.987786 98.770706 106.762802 -1.333223 98.770760 106.797089 -1.348599 97.888718 106.797089 -0.998698 98.770569 106.748611 -1.296105 99.611519 106.748611 -0.955265 99.638748 106.762802 -0.981411 98.770706 106.762802 -1.333223 98.770706 106.762802 -1.333223 99.638748 106.762802 -0.981411 99.650017 106.797089 -0.992243 98.770760 106.797089 -1.348599 100.011429 106.797089 -0.138381 99.650017 106.797089 -0.992243 99.638748 106.762802 -0.981411 99.995537 106.762802 -0.138439 99.995537 106.762802 -0.138439 99.638748 106.762802 -0.981411 99.611519 106.748611 -0.955265 99.957214 106.748611 -0.138579 
						97.130966 107.274437 -4.786156 100.340805 107.291946 -4.818557 97.127647 107.098679 -4.938861 103.431808 107.117279 -4.969385 103.556931 107.294624 -4.823503 102.618195 105.964027 -4.840818 97.129433 105.965225 -4.795430 97.128693 106.328300 -5.116275 102.879036 106.333748 -5.167871 102.569801 105.895462 -4.730930 97.126320 105.895462 -4.652679 97.129433 105.965225 -4.795430 102.618195 105.964027 -4.840818 102.569801 105.895462 -3.907613 97.132591 105.895462 -3.864485 97.126320 105.895462 -4.652679 102.569801 105.895462 -4.730930 107.214615 99.205269 -3.907614 97.131073 99.206070 -3.951607 97.132591 105.895462 -3.864485 102.569801 105.895462 -3.907613 107.311134 93.813599 -3.907610 97.149643 93.753769 -3.862388 97.131073 99.206070 -3.951607 107.214615 99.205269 -3.907614 107.324890 93.766388 -4.730930 97.149643 93.726257 -4.655469 97.149643 93.753769 -3.862388 107.311134 93.813599 -3.907610 107.398132 93.677277 -4.840816 97.157089 93.656845 -4.794675 97.149643 93.726257 -4.655469 107.324890 93.766388 -4.730930 108.115448 93.324074 -5.172361 97.156631 93.343552 -5.072198 97.157089 93.656845 -4.794675 107.398132 93.677277 -4.840816 97.158165 92.541245 -4.855905 97.156799 92.949944 -5.165968 108.549500 93.158493 -5.279031 111.217331 92.613792 -4.881343 111.605362 92.365242 -4.823503 111.217331 92.613792 -4.881343 97.162689 92.383209 -4.784702 97.158165 92.541245 -4.855905 97.130966 107.274437 -4.786156 97.128670 107.269020 -2.387325 97.463577 107.313904 -3.274995 103.556931 107.294624 -4.823503 102.821007 107.317627 -4.157453 103.200867 107.313812 -3.265444 84.425079 105.895462 6.507794 84.436432 105.895462 7.315158 58.943195 105.777222 7.334327 58.943192 105.777222 6.526994 110.813759 99.205269 7.565014 111.217331 92.613792 7.492732 111.605362 99.205269 7.434894 110.813759 99.205269 -4.953625 111.217331 92.613792 -4.881343 108.549500 93.158493 -5.279031 108.597290 99.205269 -5.296997 97.158165 92.541245 7.467294 111.217331 92.613792 7.492732 
						108.549500 93.158493 7.890421 97.156799 92.949944 7.777357 57.837555 93.747742 7.872246 58.112404 93.385315 7.839554 58.716614 93.747742 7.452207 58.638672 93.340614 7.763043 58.716614 93.747742 7.452207 58.112404 93.385315 7.839554 57.837555 93.747742 -5.260857 57.811592 99.205269 -5.270351 58.763309 99.205269 -4.840818 58.716614 93.747742 -4.840818 58.638672 93.340614 -5.151655 58.716614 93.747742 -4.840818 84.427933 93.686028 -4.827069 84.430069 93.328217 -5.137563 
					</float_array>
					<technique_common>
						<accessor count="3152" offset="0" source="#meshId0-positions-array" stride="3">
							<param name="X" type="float" />
							<param name="Y" type="float" />
							<param name="Z" type="float" />
						</accessor>
					</technique_common>
				</source>
				<source id="meshId0-normals" name="meshId0-normals">
					<float_array id="meshId0-normals-array" count="9456"> 
						0.091680 0.953327 0.287685 0.102259 0.994758 0.000000 0.102259 0.994758 0.000000 0.091989 0.955065 0.281760 -0.889605 0.456730 -0.000001 -0.763667 0.645611 -0.000000 -0.889030 0.457801 0.006561 0.614613 0.788829 0.000001 0.609628 0.792688 0.000000 0.613754 0.789271 -0.018888 -0.726276 0.687400 0.001893 -0.819586 0.572798 0.013483 -0.859385 0.510655 0.026250 -0.754965 0.655722 0.007558 -0.765420 0.643501 0.006193 -0.754965 0.655722 0.007558 -0.859385 0.510655 0.026250 -0.886345 0.462774 0.015258 -0.763667 0.645611 -0.000000 -0.765420 0.643501 0.006193 -0.886345 0.462774 0.015258 -0.889030 0.457801 0.006561 0.651595 0.757239 -0.044859 0.614613 0.788829 0.000001 0.613754 0.789271 -0.018888 0.642830 0.764974 -0.039818 0.716471 0.696412 -0.040983 0.651595 0.757239 -0.044859 0.642830 0.764974 -0.039818 0.715549 0.697333 -0.041428 0.781366 0.624027 -0.007571 0.781366 0.624027 -0.007571 0.716471 0.696412 -0.040983 0.715549 0.697333 -0.041428 0.040805 0.854198 0.518345 0.040068 0.853735 0.519163 0.091680 0.953327 0.287685 0.091989 0.955065 0.281760 0.013471 0.953771 0.300231 0.013304 0.954404 0.298221 0.040068 0.853735 0.519163 0.040805 0.854198 0.518345 -0.003452 0.995672 0.092877 -0.003452 0.995672 0.092877 0.013304 0.954404 0.298221 0.013471 0.953771 0.300231 0.000981 0.095697 0.995410 0.000981 0.095697 0.995410 0.000981 0.095697 0.995410 0.000981 0.095697 0.995410 0.000000 -0.000000 1.000000 0.017162 -0.033036 0.999307 0.000000 -0.000000 1.000000 0.000009 -0.060020 0.998197 0.000000 -0.000000 1.000000 0.124721 0.736261 0.665105 0.139840 0.493700 0.858315 0.001921 0.687657 0.726034 0.003832 0.850266 0.526340 -0.324705 -0.237285 0.915567 -0.159647 -0.528393 0.833855 -0.125100 -0.517442 0.846525 -0.294436 -0.261009 0.919338 -0.159647 -0.528393 0.833855 
						0.000372 -0.650756 0.759287 0.000567 -0.604476 0.796623 -0.125100 -0.517442 0.846525 0.005821 0.999983 -0.000024 0.005821 0.999983 -0.000024 0.005821 0.999983 -0.000024 0.005821 0.999983 -0.000024 -0.464065 -0.198165 0.863351 -0.679986 -0.295176 0.671185 -0.325112 0.633544 0.702086 -0.210566 0.434495 0.875715 -0.999710 -0.017820 0.016183 -0.931223 -0.364282 0.011051 -0.930562 -0.365969 0.011021 -0.999710 -0.017820 0.016183 0.436181 0.000185 0.899859 0.497898 0.000242 0.867236 0.143941 -0.707235 0.692171 0.139742 -0.604547 0.784216 -0.311695 -0.481296 0.819268 -0.395467 -0.674136 0.623816 -0.679986 -0.295176 0.671185 -0.464065 -0.198165 0.863351 -0.931223 -0.364282 0.011051 -0.821022 -0.570855 0.006854 -0.821022 -0.570855 0.006854 -0.930562 -0.365969 0.011021 0.703926 0.709489 0.033372 0.178846 0.282689 0.942391 0.182076 0.079747 0.980045 0.710352 0.702512 0.043334 0.240336 0.820992 0.517892 0.028086 0.770012 0.637411 -0.000111 0.647788 0.761821 -0.032207 0.723844 0.689211 -0.015150 0.682858 0.730394 -0.032207 0.723844 0.689211 -0.340895 0.177243 0.923242 -0.321158 0.187744 0.928229 -0.015150 0.682858 0.730394 -0.340895 0.177243 0.923242 -0.367163 0.003970 0.930148 -0.350174 0.003021 0.936680 -0.321158 0.187744 0.928229 -0.364497 -0.000191 0.931205 -0.347517 -0.000663 0.937674 -0.350174 0.003021 0.936680 -0.367163 0.003970 0.930148 -0.324705 -0.237285 0.915567 -0.294436 -0.261009 0.919338 -0.345178 -0.015750 0.938405 -0.361895 -0.015915 0.932083 -0.210566 0.434495 0.875715 -0.325112 0.633544 0.702086 -0.005706 0.842804 0.538190 -0.005317 0.718381 0.695629 -0.395467 -0.674136 0.623816 -0.311695 -0.481296 0.819268 -0.006133 -0.717331 0.696706 -0.005537 -0.876618 0.481155 0.017162 -0.033036 0.999307 0.110966 -0.103164 0.988455 0.000009 -0.060020 0.998197 0.000042 -0.300806 0.953685 
						0.001577 -0.515713 0.856760 0.000000 -1.000000 0.000000 0.000000 -1.000000 0.000000 0.000000 -1.000000 0.000000 0.000000 -1.000000 0.000000 -0.005184 0.998918 0.046215 -0.005184 0.998918 0.046215 -0.005184 0.998918 0.046215 -0.005184 0.998918 0.046215 -0.000037 -0.008228 0.999966 -0.000003 -0.002847 0.999996 0.000008 -0.001046 0.999999 -0.000037 -0.008228 0.999966 -0.006076 0.621003 0.783785 -0.006340 0.583155 0.812336 -0.004972 0.787259 0.616602 0.178846 0.282689 0.942391 0.703926 0.709489 0.033372 0.003027 -0.578435 0.815723 0.002135 -0.557703 0.830038 0.002135 -0.557703 0.830038 0.003022 -0.578337 0.815792 0.000390 -0.650873 0.759187 0.000397 -0.595613 0.803272 0.000567 -0.604476 0.796623 0.000372 -0.650756 0.759287 0.143941 -0.707235 0.692171 0.002828 -0.847449 0.530869 0.004220 -0.786017 0.618190 0.139742 -0.604547 0.784216 1.000000 0.000000 -0.000009 1.000000 0.000000 -0.000009 1.000000 0.000000 -0.000007 1.000000 0.000000 -0.000007 0.001291 -0.002050 0.999997 0.001291 -0.002050 0.999997 0.001292 -0.000000 0.999999 0.001292 0.000001 0.999999 0.000170 0.950328 0.311251 0.000678 0.761788 0.647826 0.000683 0.759124 0.650946 0.000170 0.950328 0.311251 -0.001819 0.999848 0.017344 -0.001819 0.999848 0.017344 -0.001819 0.999848 0.017344 -0.001819 0.999848 0.017344 -0.004308 -0.006235 0.999971 -0.004308 -0.006235 0.999971 -0.004337 -0.000049 0.999991 -0.004337 -0.000044 0.999991 0.000052 0.588186 0.808725 0.000054 0.999897 0.014368 0.000054 0.999897 0.014383 0.000052 0.588172 0.808736 0.000998 -0.951387 0.307997 0.000998 -0.951387 0.307997 0.001087 -0.750048 0.661383 0.001087 -0.752442 0.658658 0.000000 -1.000000 -0.000008 0.000000 -1.000000 -0.000008 0.000000 -1.000000 -0.000008 0.000000 -1.000000 -0.000008 -0.004337 -0.000049 0.999991 -0.004360 0.005022 0.999978 
						-0.004360 0.005022 0.999978 -0.004337 -0.000044 0.999991 -0.002348 0.999970 0.007387 -0.001150 0.844650 0.535318 -0.001150 0.844666 0.535293 -0.002348 0.999969 0.007455 0.946452 0.246447 0.208547 0.882898 0.469562 0.001545 0.891872 0.451833 0.020281 0.948617 0.206035 0.240158 0.968971 -0.165476 0.183612 0.967884 -0.163823 0.190692 0.967539 -0.163313 0.192866 0.968971 -0.165476 0.183612 -0.002914 -0.650876 0.759179 -0.003715 -0.700894 0.713256 -0.003714 -0.700822 0.713326 -0.002914 -0.650876 0.759179 -0.978152 -0.133557 0.159314 -0.979312 -0.131287 0.153988 -0.979312 -0.131287 0.153988 -0.977780 -0.134271 0.160990 -0.937069 -0.281647 0.206339 -0.774320 -0.609094 0.171561 -0.774320 -0.609094 0.171561 -0.960429 -0.181597 0.211182 0.000621 -0.703493 0.710702 0.000792 -0.939200 0.343369 0.000792 -0.939201 0.343368 0.000621 -0.703357 0.710837 0.751337 -0.628862 0.200062 0.751337 -0.628862 0.200062 0.916807 -0.314978 0.245466 0.942311 -0.219639 0.252604 0.000000 -1.000000 -0.000001 0.000000 -1.000000 -0.000001 0.000000 -1.000000 -0.000001 0.000000 -1.000000 -0.000001 0.000000 -1.000000 -0.000001 0.000000 -1.000000 -0.000001 0.000000 -1.000000 -0.000001 0.000000 -1.000000 -0.000001 -0.924907 0.380191 0.001142 -0.965722 0.193030 0.173550 -0.965815 0.181132 0.185452 -0.929764 0.367946 0.012452 0.000811 0.728853 0.684670 0.000822 0.942355 0.334615 0.000822 0.942355 0.334615 0.000811 0.729033 0.684478 -0.765006 0.621355 0.169365 -0.765006 0.621355 0.169365 -0.930022 0.304853 0.205243 -0.958866 0.189408 0.211427 -0.002274 -0.000001 0.999997 -0.002275 -0.004463 0.999987 -0.002275 -0.004463 0.999987 -0.002274 -0.000001 0.999997 0.965715 -0.000001 0.259606 0.965715 -0.000852 0.259604 0.965715 -0.000852 0.259604 0.965715 -0.000000 0.259606 0.000000 -1.000000 0.000004 0.000000 -1.000000 0.000004 
						0.000000 -1.000000 0.000004 0.000000 -1.000000 0.000004 -0.000975 1.000000 0.000345 -0.000975 1.000000 0.000345 -0.000975 1.000000 0.000345 -0.000975 1.000000 0.000345 -0.004380 0.999990 0.000584 -0.004380 0.999990 0.000584 -0.004380 0.999990 0.000584 -0.004380 0.999990 0.000584 0.909141 0.337617 0.243878 0.741660 0.641094 0.197328 0.741660 0.641094 0.197328 0.940060 0.228970 0.252705 -0.002272 0.005440 0.999983 -0.002272 0.005440 0.999983 -0.002274 -0.000001 0.999997 -0.002274 -0.000001 0.999997 -0.976914 0.001090 0.213630 -0.976914 0.001090 0.213630 -0.976914 0.000001 0.213632 -0.976914 0.000000 0.213632 -0.000610 1.000000 0.000161 -0.000610 1.000000 0.000161 -0.000610 1.000000 0.000161 -0.000610 1.000000 0.000161 0.965714 0.001038 0.259607 0.965714 0.001038 0.259607 0.965715 -0.000001 0.259606 0.965715 -0.000000 0.259606 -0.976914 0.000001 0.213632 -0.976914 -0.000893 0.213633 -0.976914 -0.000893 0.213633 -0.976914 0.000000 0.213632 -0.003206 0.999968 0.007346 0.001081 0.845000 0.534765 0.001077 0.845311 0.534273 -0.003205 0.999967 0.007452 0.976206 0.162255 0.143859 0.946333 0.323192 0.000954 0.950013 0.312025 0.010735 0.976316 0.152129 0.153832 -0.935449 0.353461 0.001085 -0.970821 0.179147 0.159416 -0.970944 0.168015 0.170410 -0.939837 0.341411 0.012009 0.027275 -0.703348 0.710322 0.045403 -0.864062 0.501333 0.045403 -0.864062 0.501333 0.027175 -0.702379 0.711284 0.932900 -0.316912 0.171068 0.932900 -0.316912 0.171068 0.963569 -0.204711 0.172129 0.973459 -0.151175 0.171825 0.000000 -1.000000 -0.000007 0.000000 -1.000000 -0.000007 0.000000 -1.000000 -0.000007 0.000000 -1.000000 -0.000007 0.000000 -1.000000 -0.000000 0.000000 -1.000000 -0.000000 0.000000 -1.000000 -0.000000 -0.953105 -0.232163 0.194143 -0.921426 -0.338132 0.191419 -0.921426 -0.338132 0.191419 
						-0.964553 -0.178223 0.194614 0.983342 0.001600 0.181758 0.983756 0.001978 0.179501 0.983756 0.001978 0.179501 0.983343 0.001601 0.181752 0.000000 -1.000000 0.000006 0.000000 -1.000000 0.000006 0.000000 -1.000000 0.000006 0.000000 -1.000000 0.000006 -0.980473 0.002490 0.196640 -0.980473 0.002490 0.196640 -0.980918 -0.001602 0.194415 -0.980916 -0.001587 0.194423 0.001269 0.000042 0.999999 0.002266 0.011798 0.999928 0.002266 0.011798 0.999928 0.001269 0.000040 0.999999 0.001269 0.000042 0.999999 0.001269 0.000040 0.999999 0.000047 -0.014366 0.999897 0.000047 -0.014366 0.999897 0.982828 0.001138 0.184521 0.982828 0.001138 0.184521 0.983342 0.001600 0.181758 0.983343 0.001601 0.181752 -0.000997 0.999473 0.032453 -0.000997 0.999473 0.032453 -0.000997 0.999473 0.032453 -0.000997 0.999473 0.032453 0.152638 0.987795 0.031018 0.152638 0.987795 0.031018 0.152638 0.987795 0.031018 0.152638 0.987795 0.031018 -0.980916 -0.001587 0.194423 -0.980918 -0.001602 0.194415 -0.981436 -0.006627 0.191677 -0.981436 -0.006627 0.191677 0.010011 0.843092 0.537677 0.010011 0.843092 0.537677 -0.003578 0.716383 0.697698 -0.003528 0.716911 0.697156 0.951222 0.243834 0.189002 0.922163 0.340365 0.183760 0.922163 0.340365 0.183760 0.964389 0.182655 0.191288 -0.176334 0.983753 0.033712 -0.176334 0.983753 0.033712 -0.176334 0.983753 0.033712 -0.176334 0.983753 0.033712 -0.959023 0.217181 0.181954 -0.959023 0.217181 0.181954 -0.966634 0.182781 0.179472 -0.970782 0.161146 0.177806 -0.003268 -0.651359 0.758762 -0.001321 -0.405827 0.913949 -0.001321 -0.405827 0.913949 -0.003243 -0.648281 0.761394 0.983554 -0.048475 0.173989 0.982680 -0.098958 0.156676 0.982258 -0.107422 0.153720 0.983554 -0.048475 0.173989 -0.984687 -0.108231 0.136666 -0.986347 -0.087154 0.139730 -0.986347 -0.087154 0.139730 
						-0.984376 -0.111637 0.136164 0.121830 -0.212399 0.969559 -0.180697 0.002365 0.983536 -0.204805 -0.000464 0.978803 0.348842 0.000306 0.937182 -0.180697 0.002365 0.983536 -0.350174 0.003021 0.936680 -0.347517 -0.000663 0.937674 -0.204805 -0.000464 0.978803 -0.206191 -0.243936 0.947618 0.214485 0.173010 0.961282 0.345593 0.002669 0.938381 -0.212407 -0.012712 0.977099 -0.000111 0.647788 0.761821 -0.015150 0.682858 0.730394 -0.003875 0.366277 0.930498 0.001348 0.268778 0.963201 -0.003875 0.366277 0.930498 0.121830 -0.212399 0.969559 0.004493 -0.495804 0.868423 0.001348 0.268778 0.963201 0.066266 -0.249627 0.966072 -0.166468 0.225689 0.959871 -0.008023 0.541816 0.840459 -0.002180 -0.353008 0.935618 0.003027 -0.578435 0.815723 0.003022 -0.578337 0.815792 0.002951 -0.231149 0.972914 0.002950 -0.230340 0.973106 0.000191 0.207648 0.978204 0.000191 0.208103 0.978107 0.000052 0.588186 0.808725 0.000052 0.588172 0.808736 0.000768 -0.478861 0.877890 0.000768 -0.478532 0.878070 0.000191 0.208103 0.978107 0.000191 0.207648 0.978204 0.002950 -0.230340 0.973106 0.002951 -0.231149 0.972914 0.001357 0.477256 0.878763 0.001356 0.477742 0.878499 -0.971660 0.119547 0.203925 -0.982471 -0.055843 0.177854 -0.982800 -0.033876 0.181538 -0.977462 0.073515 0.197897 -0.965815 0.181132 0.185452 -0.965722 0.193030 0.173550 -0.974237 0.026825 0.223927 -0.974928 0.007707 0.222388 -0.974237 0.026825 0.223927 -0.968012 -0.131575 0.213637 -0.971508 -0.099806 0.214966 -0.974928 0.007707 0.222388 0.974485 -0.068025 0.213895 0.958506 0.145821 0.244955 0.967414 0.087232 0.237699 0.974971 -0.042363 0.218259 0.978819 -0.107521 0.174221 0.982519 0.024230 0.184577 0.982983 0.011594 0.183331 0.981567 -0.074162 0.176141 0.982258 -0.107422 0.153720 0.982680 -0.098958 0.156676 0.985689 -0.057059 0.158625 
						0.986105 -0.034460 0.162509 0.985689 -0.057059 0.158625 0.976918 0.109049 0.183685 0.982083 0.062809 0.177671 0.986105 -0.034460 0.162509 0.002870 0.438700 0.898629 0.001078 0.465918 0.884827 0.001921 0.687657 0.726034 0.139840 0.493700 0.858315 0.345593 0.002669 0.938381 0.139840 0.493700 0.858315 0.436181 0.000185 0.899859 0.348842 0.000306 0.937182 0.139742 -0.604547 0.784216 0.121830 -0.212399 0.969559 0.348842 0.000306 0.937182 0.436181 0.000185 0.899859 0.121830 -0.212399 0.969559 0.139742 -0.604547 0.784216 0.004220 -0.786017 0.618190 0.004493 -0.495804 0.868423 -0.166468 0.225689 0.959871 -0.210566 0.434495 0.875715 -0.005317 0.718381 0.695629 -0.008023 0.541816 0.840459 -0.216631 -0.299538 0.929165 -0.311695 -0.481296 0.819268 -0.464065 -0.198165 0.863351 -0.325079 -0.115583 0.938597 -0.325079 -0.115583 0.938597 -0.464065 -0.198165 0.863351 -0.210566 0.434495 0.875715 -0.166468 0.225689 0.959871 -0.311695 -0.481296 0.819268 -0.216631 -0.299538 0.929165 -0.008250 -0.482639 0.875781 -0.006133 -0.717331 0.696706 0.001087 -0.752442 0.658658 0.001087 -0.750048 0.661383 0.000768 -0.478532 0.878070 0.000768 -0.478861 0.877890 0.001356 0.477742 0.878499 0.001357 0.477256 0.878763 0.000683 0.759124 0.650946 0.000678 0.761788 0.647826 -0.971660 0.119547 0.203925 -0.977462 0.073515 0.197897 -0.958866 0.189408 0.211427 -0.930022 0.304853 0.205243 0.959079 -0.118118 0.257324 0.942311 -0.219639 0.252604 0.916807 -0.314978 0.245466 0.953486 -0.159571 0.255736 -0.937069 -0.281647 0.206339 -0.960429 -0.181597 0.211182 -0.971508 -0.099806 0.214966 -0.968012 -0.131575 0.213637 0.909141 0.337617 0.243878 0.940060 0.228970 0.252705 0.967414 0.087232 0.237699 0.958506 0.145821 0.244955 0.978819 -0.107521 0.174221 0.981567 -0.074162 0.176141 0.973459 -0.151175 0.171825 
						0.963569 -0.204711 0.172129 -0.953105 -0.232163 0.194143 -0.964553 -0.178223 0.194614 -0.976208 -0.088732 0.197851 -0.972161 -0.127591 0.196529 0.951222 0.243834 0.189002 0.964389 0.182655 0.191288 0.982083 0.062809 0.177671 0.976918 0.109049 0.183685 -0.984840 0.055206 0.164448 -0.970782 0.161146 0.177806 -0.966634 0.182781 0.179472 -0.980599 0.097523 0.170044 -0.000416 0.400516 0.916290 0.000811 0.728853 0.684670 0.000811 0.729033 0.684478 -0.000412 0.401563 0.915831 0.000097 -0.481463 0.876467 0.000621 -0.703493 0.710702 0.000621 -0.703357 0.710837 0.000095 -0.481058 0.876689 0.027275 -0.703348 0.710322 0.027175 -0.702379 0.711284 0.018461 -0.495239 0.868560 0.018414 -0.493443 0.869583 -0.008998 0.378495 0.925559 -0.003528 0.716911 0.697156 -0.003578 0.716383 0.697698 -0.008983 0.395734 0.918321 -0.206191 -0.243936 0.947618 -0.212407 -0.012712 0.977099 -0.345178 -0.015750 0.938405 -0.294436 -0.261009 0.919338 -0.125100 -0.517442 0.846525 -0.036858 -0.382542 0.923203 -0.206191 -0.243936 0.947618 -0.294436 -0.261009 0.919338 0.214485 0.173010 0.961282 -0.206191 -0.243936 0.947618 -0.036858 -0.382542 0.923203 0.001720 -0.322146 0.946689 -0.036858 -0.382542 0.923203 -0.125100 -0.517442 0.846525 0.000567 -0.604476 0.796623 0.002870 0.438700 0.898629 0.214485 0.173010 0.961282 -0.036858 -0.382542 0.923203 0.001720 -0.322146 0.946689 -0.180697 0.002365 0.983536 -0.261230 0.178223 0.948681 -0.321158 0.187744 0.928229 -0.350174 0.003021 0.936680 -0.261230 0.178223 0.948681 -0.180697 0.002365 0.983536 0.121830 -0.212399 0.969559 -0.321158 0.187744 0.928229 -0.261230 0.178223 0.948681 -0.003875 0.366277 0.930498 -0.015150 0.682858 0.730394 -0.003875 0.366277 0.930498 -0.261230 0.178223 0.948681 0.121830 -0.212399 0.969559 0.178846 0.282689 0.942391 0.109661 0.190221 0.975598 
						0.132116 0.070271 0.988740 0.182076 0.079747 0.980045 0.109661 0.190221 0.975598 -0.216631 -0.299538 0.929165 -0.325079 -0.115583 0.938597 0.132116 0.070271 0.988740 0.182076 0.079747 0.980045 0.132116 0.070271 0.988740 0.066266 -0.249627 0.966072 0.110966 -0.103164 0.988455 0.132116 0.070271 0.988740 -0.325079 -0.115583 0.938597 -0.166468 0.225689 0.959871 0.066266 -0.249627 0.966072 -0.978152 -0.133557 0.159314 -0.977780 -0.134271 0.160990 -0.982800 -0.033876 0.181538 -0.982471 -0.055843 0.177854 0.000567 -0.604476 0.796623 0.000397 -0.595613 0.803272 0.000594 -0.236111 0.971726 0.001720 -0.322146 0.946689 0.000594 -0.236111 0.971726 0.001078 0.465918 0.884827 0.002870 0.438700 0.898629 0.001720 -0.322146 0.946689 0.974485 -0.068025 0.213895 0.974971 -0.042363 0.218259 0.967539 -0.163313 0.192866 0.967884 -0.163823 0.190692 0.976206 0.162255 0.143859 0.976316 0.152129 0.153832 0.982983 0.011594 0.183331 0.982519 0.024230 0.184577 -0.216631 -0.299538 0.929165 0.109661 0.190221 0.975598 -0.008773 0.249337 0.968377 -0.008250 -0.482639 0.875781 0.109661 0.190221 0.975598 0.178846 0.282689 0.942391 -0.006340 0.583155 0.812336 -0.008773 0.249337 0.968377 -0.000402 -0.032396 0.999475 -0.001150 0.844666 0.535293 -0.001150 0.844650 0.535318 -0.000401 -0.032196 0.999481 0.000097 -0.481463 0.876467 0.000095 -0.481058 0.876689 -0.000402 -0.032396 0.999475 -0.000401 -0.032196 0.999481 0.963043 0.034732 0.267098 0.946452 0.246447 0.208547 0.948617 0.206035 0.240158 0.964009 0.013244 0.265541 0.959079 -0.118118 0.257324 0.953486 -0.159571 0.255736 0.963043 0.034732 0.267098 0.964009 0.013244 0.265541 -0.002929 -0.244901 0.969544 -0.002927 -0.244373 0.969677 -0.003714 -0.700822 0.713326 -0.003715 -0.700894 0.713256 -0.000416 0.400516 0.916290 -0.000412 0.401563 0.915831 
						-0.002927 -0.244373 0.969677 -0.002929 -0.244901 0.969544 0.010146 -0.047475 0.998821 0.018414 -0.493443 0.869583 0.018461 -0.495239 0.868560 0.010136 -0.046589 0.998863 0.001077 0.845311 0.534273 0.001081 0.845000 0.534765 0.010146 -0.047475 0.998821 0.010136 -0.046589 0.998863 -0.970944 0.168015 0.170410 -0.970821 0.179147 0.159416 -0.978311 0.023881 0.205760 -0.978814 0.009719 0.204520 -0.978311 0.023881 0.205760 -0.972161 -0.127591 0.196529 -0.976208 -0.088732 0.197851 -0.978814 0.009719 0.204520 -0.007844 -0.274462 0.961566 -0.003268 -0.651359 0.758762 -0.003243 -0.648281 0.761394 -0.007783 -0.288107 0.957567 -0.008998 0.378495 0.925559 -0.008983 0.395734 0.918321 -0.007844 -0.274462 0.961566 -0.007783 -0.288107 0.957567 -0.987656 -0.054728 0.146764 -0.984687 -0.108231 0.136666 -0.984376 -0.111637 0.136164 -0.988052 -0.033395 0.150461 -0.984840 0.055206 0.164448 -0.980599 0.097523 0.170044 -0.987656 -0.054728 0.146764 -0.988052 -0.033395 0.150461 -0.000003 -0.002847 0.999996 0.000056 0.006531 0.999979 0.000056 0.006531 0.999979 0.000008 -0.001046 0.999999 0.001292 0.000001 0.999999 0.001292 -0.000000 0.999999 0.001294 0.002506 0.999996 0.001294 0.002506 0.999996 1.000000 0.000000 -0.000007 1.000000 0.000000 -0.000007 1.000000 0.000000 -0.000005 1.000000 0.000000 -0.000005 0.436181 0.000185 0.899859 0.139840 0.493700 0.858315 0.124721 0.736261 0.665105 0.497898 0.000242 0.867236 -0.204805 -0.000464 0.978803 -0.212407 -0.012712 0.977099 0.345593 0.002669 0.938381 0.348842 0.000306 0.937182 -0.347517 -0.000663 0.937674 -0.345178 -0.015750 0.938405 -0.212407 -0.012712 0.977099 -0.204805 -0.000464 0.978803 -0.361895 -0.015915 0.932083 -0.345178 -0.015750 0.938405 -0.347517 -0.000663 0.937674 -0.364497 -0.000191 0.931205 -0.860144 0.510051 0.000000 -0.726276 0.687400 0.001893 
						-0.860144 0.510051 0.000000 -0.754965 0.655722 0.007558 -0.765420 0.643501 0.006193 -0.763667 0.645611 -0.000000 -0.765420 0.643501 -0.006193 -0.754965 0.655722 -0.007558 -0.726277 0.687400 -0.001893 -0.999914 0.013107 0.000000 -0.860144 0.510051 0.000000 -0.860144 0.510051 0.000000 -0.999914 0.013107 0.000000 -1.000000 0.000000 0.000000 -0.999914 0.013107 0.000000 -0.999914 0.013107 0.000000 -1.000000 0.000000 0.000000 -0.998118 -0.061317 0.000000 -0.998118 -0.061317 0.000000 -0.715025 -0.699099 0.000000 -0.998118 -0.061317 0.000000 -0.998118 -0.061317 0.000000 -0.715025 -0.699099 0.000000 -0.218361 -0.975868 0.000000 -0.218361 -0.975868 0.000000 0.000174 -1.000000 0.000000 -0.218361 -0.975868 0.000000 -0.218361 -0.975868 0.000000 0.000174 -1.000000 0.000000 0.000179 -1.000000 0.000000 0.000179 -1.000000 0.000000 0.861745 -0.507342 0.000000 0.861745 -0.507342 0.000000 0.861745 -0.507342 0.000000 0.861745 -0.507342 0.000000 0.000194 -1.000000 0.000000 0.000194 -1.000000 0.000000 0.000194 -1.000000 0.000000 0.000194 -1.000000 0.000000 -0.902464 -0.430765 0.000000 -0.902464 -0.430765 0.000000 -0.902464 -0.430765 0.000000 -0.902464 -0.430765 0.000000 -0.000023 -1.000000 0.000000 -0.000023 -1.000000 0.000000 -0.000023 -1.000000 0.000000 -0.000023 -1.000000 0.000000 0.915323 -0.402721 0.000000 0.915323 -0.402721 0.000000 0.915323 -0.402721 0.000000 0.915323 -0.402721 0.000000 -0.015215 -0.999884 0.000000 -0.015215 -0.999884 0.000000 -0.015215 -0.999884 0.000000 -0.015215 -0.999884 0.000000 -0.928636 -0.370993 0.000000 -0.928636 -0.370993 0.000000 -0.928636 -0.370993 0.000000 -0.928636 -0.370993 0.000000 -0.001104 -0.999999 0.000000 -0.001244 -0.999999 0.000000 -0.001244 -0.999999 0.000000 -0.001104 -0.999999 0.000000 0.000000 -1.000000 0.000000 0.000000 -1.000000 0.000000 1.000000 0.000000 0.000000 
						1.000000 0.000000 0.000000 1.000000 0.000000 0.000000 1.000000 0.000000 0.000000 0.007866 0.999969 0.000000 0.007866 0.999969 0.000000 0.007866 0.999969 0.000000 0.007866 0.999969 0.000000 0.710352 0.702512 0.043334 0.710352 0.702512 -0.043334 0.703926 0.709489 0.033372 0.706481 0.707732 -0.000000 0.706288 0.707924 0.000000 0.706522 0.707691 0.000000 0.706288 0.707924 -0.000000 0.706481 0.707732 0.000000 0.703926 0.709489 -0.033372 -0.939837 0.341411 0.012009 -0.934999 0.354652 0.000000 -0.935449 0.353461 0.001085 -0.935449 0.353461 -0.001084 -0.934999 0.354652 0.000000 -0.934999 0.354652 0.000000 -0.934999 0.354652 0.000000 -0.934999 0.354652 0.000000 -0.939838 0.341411 -0.012009 -0.003206 0.999968 0.007346 -0.003205 0.999967 0.007452 -0.003205 0.999967 -0.007453 -0.003206 0.999968 -0.007347 0.950013 0.312025 0.010735 0.946333 0.323192 0.000954 0.946333 0.323192 -0.000954 0.950014 0.312024 -0.010734 0.000054 0.999897 0.014383 0.000054 0.999897 0.014368 0.000054 0.999897 -0.014368 0.000054 0.999897 -0.014383 -0.924907 0.380191 0.001142 -0.929764 0.367946 0.012452 -0.929764 0.367946 -0.012452 -0.924907 0.380191 -0.001142 -0.002348 0.999970 0.007387 -0.002348 0.999969 0.007455 -0.002348 0.999969 -0.007455 -0.002348 0.999970 -0.007388 0.891872 0.451833 0.020281 0.882898 0.469562 0.001545 0.882898 0.469562 -0.001545 0.891872 0.451833 -0.020281 0.028086 0.770012 0.637411 0.240336 0.820992 0.517892 0.743977 0.668205 0.000000 0.240335 0.820987 -0.517900 0.743977 0.668205 0.000000 0.743977 0.668205 0.000000 0.743977 0.668205 0.000000 0.743977 0.668205 0.000000 0.028086 0.770005 -0.637420 -0.004987 0.999987 0.000017 -0.724981 0.688763 0.002790 -0.504855 0.684757 0.525574 -0.003439 0.999988 0.003615 -0.724981 0.688763 0.002790 -0.999598 0.028079 0.003880 
						-0.692694 0.027730 0.720698 -0.504855 0.684757 0.525574 -0.004987 0.999987 0.000017 -0.003439 0.999988 0.003615 -0.003466 0.999988 -0.003594 0.000018 0.999988 0.004991 -0.000018 0.999988 -0.004997 0.003466 0.999987 0.003588 0.004987 0.999987 -0.000023 0.003439 0.999988 -0.003621 0.706481 0.707732 -0.000000 0.002204 0.999773 -0.021213 0.030515 0.999534 0.000423 -0.000068 1.000000 -0.000387 -0.021020 0.999562 -0.020816 -0.001711 0.999346 -0.036109 -0.001835 0.999998 0.000487 -0.004972 0.787259 0.616602 -0.023835 0.999696 0.006366 -0.040726 0.999170 -0.000524 0.000063 1.000000 -0.000750 0.703926 0.709489 0.033372 0.003048 0.999607 0.027860 0.001869 0.999289 0.037647 -0.004972 0.787259 0.616602 0.000063 1.000000 -0.000750 -0.040726 0.999170 -0.000524 -0.021020 0.999562 -0.020816 -0.000068 1.000000 -0.000387 -0.004972 0.787259 0.616602 0.001869 0.999289 0.037647 -0.023835 0.999696 0.006366 0.706481 0.707732 -0.000000 0.030515 0.999534 0.000423 0.703926 0.709489 0.033372 0.706481 0.707732 -0.000000 -0.001835 0.999998 0.000487 -0.001711 0.999346 -0.036109 0.002204 0.999773 -0.021213 -0.999327 0.036463 0.003871 -0.692203 0.035715 0.720819 -0.692694 0.027730 0.720698 -0.999598 0.028079 0.003880 -0.692203 0.035715 0.720819 0.003676 0.034983 0.999381 0.003666 0.027400 0.999618 -0.692694 0.027730 0.720698 0.003676 0.034983 0.999381 0.697722 0.035683 0.715479 0.698135 0.027740 0.715429 0.003666 0.027400 0.999618 0.697722 0.035683 0.715479 0.999330 0.036406 -0.003882 0.999598 0.028101 -0.003881 0.698135 0.027740 0.715429 0.999330 0.036406 -0.003882 0.692200 0.035689 -0.720822 0.692707 0.027786 -0.720684 0.999598 0.028101 -0.003881 0.692200 0.035689 -0.720822 -0.003676 0.035018 -0.999380 -0.003673 0.027456 -0.999616 0.692707 0.027786 -0.720684 -0.003676 0.035018 -0.999380 
						-0.697719 0.035772 -0.715477 -0.698131 0.027761 -0.715432 -0.003673 0.027456 -0.999616 -0.697719 0.035772 -0.715477 -0.999327 0.036463 0.003871 -0.999598 0.028079 0.003880 -0.698131 0.027761 -0.715432 0.030515 0.999534 0.000423 -0.579299 0.815112 0.002310 -0.411735 0.807706 -0.422002 0.003048 0.999607 0.027860 -0.579299 0.815112 0.002310 -0.999327 0.036463 0.003871 -0.697719 0.035772 -0.715477 -0.411735 0.807706 -0.422002 -0.999327 0.036463 0.003871 -0.579299 0.815112 0.002310 -0.409016 0.807218 0.425565 -0.692203 0.035715 0.720819 -0.579299 0.815112 0.002310 0.030515 0.999534 0.000423 0.002204 0.999773 -0.021213 -0.409016 0.807218 0.425565 -0.692203 0.035715 0.720819 -0.409016 0.807218 0.425565 0.002096 0.803170 0.595746 0.003676 0.034983 0.999381 -0.409016 0.807218 0.425565 0.002204 0.999773 -0.021213 -0.001711 0.999346 -0.036109 0.002096 0.803170 0.595746 0.003676 0.034983 0.999381 0.002096 0.803170 0.595746 0.412329 0.807208 0.422375 0.697722 0.035683 0.715479 0.002096 0.803170 0.595746 -0.001711 0.999346 -0.036109 -0.021020 0.999562 -0.020816 0.412329 0.807208 0.422375 0.697722 0.035683 0.715479 0.412329 0.807208 0.422375 0.580022 0.814598 -0.002293 0.999330 0.036406 -0.003882 0.412329 0.807208 0.422375 -0.021020 0.999562 -0.020816 -0.040726 0.999170 -0.000524 0.580022 0.814598 -0.002293 0.999330 0.036406 -0.003882 0.580022 0.814598 -0.002293 0.409687 0.806636 -0.426022 0.692200 0.035689 -0.720822 0.580022 0.814598 -0.002293 -0.040726 0.999170 -0.000524 -0.023835 0.999696 0.006366 0.409687 0.806636 -0.426022 0.692200 0.035689 -0.720822 0.409687 0.806636 -0.426022 -0.001909 0.803101 -0.595840 -0.003676 0.035018 -0.999380 0.409687 0.806636 -0.426022 -0.023835 0.999696 0.006366 0.001869 0.999289 0.037647 -0.001909 0.803101 -0.595840 -0.003676 0.035018 -0.999380 
						-0.001909 0.803101 -0.595840 -0.411735 0.807706 -0.422002 -0.697719 0.035772 -0.715477 -0.001909 0.803101 -0.595840 0.001869 0.999289 0.037647 0.003048 0.999607 0.027860 -0.411735 0.807706 -0.422002 -0.003439 0.999988 0.003615 -0.504855 0.684757 0.525574 0.002713 0.680923 0.732350 0.000018 0.999988 0.004991 -0.504855 0.684757 0.525574 -0.692694 0.027730 0.720698 0.003666 0.027400 0.999618 0.002713 0.680923 0.732350 0.000018 0.999988 0.004991 0.002713 0.680923 0.732350 0.508820 0.684881 0.521575 0.003466 0.999987 0.003588 0.002713 0.680923 0.732350 0.003666 0.027400 0.999618 0.698135 0.027740 0.715429 0.508820 0.684881 0.521575 0.003466 0.999987 0.003588 0.508820 0.684881 0.521575 0.724954 0.688791 -0.002871 0.004987 0.999987 -0.000023 0.508820 0.684881 0.521575 0.698135 0.027740 0.715429 0.999598 0.028101 -0.003881 0.724954 0.688791 -0.002871 0.004987 0.999987 -0.000023 0.724954 0.688791 -0.002871 0.504792 0.684825 -0.525547 0.003439 0.999988 -0.003621 0.724954 0.688791 -0.002871 0.999598 0.028101 -0.003881 0.692707 0.027786 -0.720684 0.504792 0.684825 -0.525547 0.003439 0.999988 -0.003621 0.504792 0.684825 -0.525547 -0.002772 0.680939 -0.732335 -0.000018 0.999988 -0.004997 0.504792 0.684825 -0.525547 0.692707 0.027786 -0.720684 -0.003673 0.027456 -0.999616 -0.002772 0.680939 -0.732335 -0.000018 0.999988 -0.004997 -0.002772 0.680939 -0.732335 -0.508819 0.684829 -0.521644 -0.003466 0.999988 -0.003594 -0.002772 0.680939 -0.732335 -0.003673 0.027456 -0.999616 -0.698131 0.027761 -0.715432 -0.508819 0.684829 -0.521644 -0.999598 0.028079 0.003880 -0.724981 0.688763 0.002790 -0.508819 0.684829 -0.521644 -0.698131 0.027761 -0.715432 -0.724981 0.688763 0.002790 -0.004987 0.999987 0.000017 -0.003466 0.999988 -0.003594 -0.508819 0.684829 -0.521644 -0.004987 0.999988 0.000021 
						-0.724978 0.688766 0.002843 -0.504837 0.684782 0.525560 -0.003439 0.999987 0.003618 -0.724978 0.688766 0.002843 -0.999598 0.028076 0.003888 -0.692697 0.027738 0.720695 -0.504837 0.684782 0.525560 -0.004987 0.999988 0.000021 -0.003439 0.999987 0.003618 -0.003466 0.999988 -0.003592 0.000017 0.999988 0.004995 -0.000018 0.999988 -0.004996 0.003466 0.999988 0.003593 0.004987 0.999987 -0.000019 0.003439 0.999988 -0.003619 -0.000068 1.000000 -0.000387 0.020868 0.999560 -0.021063 0.040743 0.999169 -0.000922 0.000063 1.000000 -0.000750 -0.050607 0.998714 0.003202 -0.041696 0.996505 -0.072377 -0.015243 0.998226 -0.057554 -0.002812 0.999964 0.008074 -0.031579 0.997949 0.055678 -0.014703 0.998551 0.051767 -0.082922 0.996553 -0.002409 -0.004972 0.787259 0.616602 0.023815 0.999699 0.005952 -0.009285 0.997799 0.065663 -0.050607 0.998714 0.003202 -0.082922 0.996553 -0.002409 -0.041696 0.996505 -0.072377 -0.004972 0.787259 0.616602 -0.009285 0.997799 0.065663 -0.014703 0.998551 0.051767 -0.031579 0.997949 0.055678 0.000063 1.000000 -0.000750 0.040743 0.999169 -0.000922 0.023815 0.999699 0.005952 -0.004972 0.787259 0.616602 -0.000068 1.000000 -0.000387 -0.002812 0.999964 0.008074 -0.015243 0.998226 -0.057554 0.020868 0.999560 -0.021063 -0.999328 0.036455 0.003872 -0.692205 0.035706 0.720817 -0.692697 0.027738 0.720695 -0.999598 0.028076 0.003888 -0.692205 0.035706 0.720817 0.003677 0.034982 0.999381 0.003667 0.027410 0.999618 -0.692697 0.027738 0.720695 0.003677 0.034982 0.999381 0.697716 0.035699 0.715484 0.698136 0.027736 0.715428 0.697716 0.035699 0.715484 0.999329 0.036417 -0.003879 0.999598 0.028090 -0.003873 0.698136 0.027736 0.715428 0.999329 0.036417 -0.003879 0.692202 0.035663 -0.720822 0.692713 0.027773 -0.720679 0.999598 0.028090 -0.003873 0.692202 0.035663 -0.720822 
						-0.003676 0.035003 -0.999380 -0.003683 0.027445 -0.999617 0.692713 0.027773 -0.720679 -0.003676 0.035003 -0.999380 -0.697724 0.035770 -0.715473 -0.698140 0.027750 -0.715423 -0.003683 0.027445 -0.999617 -0.697724 0.035770 -0.715473 -0.999328 0.036455 0.003872 -0.999598 0.028076 0.003888 -0.698140 0.027750 -0.715423 0.040743 0.999169 -0.000922 -0.579219 0.815168 0.002310 -0.411751 0.807700 -0.421998 0.023815 0.999699 0.005952 -0.579219 0.815168 0.002310 -0.999328 0.036455 0.003872 -0.697724 0.035770 -0.715473 -0.411751 0.807700 -0.421998 -0.999328 0.036455 0.003872 -0.579219 0.815168 0.002310 -0.408989 0.807211 0.425603 -0.692205 0.035706 0.720817 -0.579219 0.815168 0.002310 0.040743 0.999169 -0.000922 0.020868 0.999560 -0.021063 -0.408989 0.807211 0.425603 -0.692205 0.035706 0.720817 -0.408989 0.807211 0.425603 0.002053 0.803073 0.595877 0.003677 0.034982 0.999381 -0.408989 0.807211 0.425603 0.020868 0.999560 -0.021063 -0.015243 0.998226 -0.057554 0.002053 0.803073 0.595877 0.003677 0.034982 0.999381 0.002053 0.803073 0.595877 0.412323 0.807162 0.422468 0.697716 0.035699 0.715484 0.002053 0.803073 0.595877 -0.015243 0.998226 -0.057554 -0.041696 0.996505 -0.072377 0.412323 0.807162 0.422468 0.697716 0.035699 0.715484 0.412323 0.807162 0.422468 0.580059 0.814572 -0.002238 0.999329 0.036417 -0.003879 0.412323 0.807162 0.422468 -0.041696 0.996505 -0.072377 -0.082922 0.996553 -0.002409 0.580059 0.814572 -0.002238 0.999329 0.036417 -0.003879 0.580059 0.814572 -0.002238 0.409717 0.806567 -0.426124 0.692202 0.035663 -0.720822 0.580059 0.814572 -0.002238 -0.082922 0.996553 -0.002409 -0.014703 0.998551 0.051767 0.409717 0.806567 -0.426124 0.692202 0.035663 -0.720822 0.409717 0.806567 -0.426124 -0.001936 0.803057 -0.595899 -0.003676 0.035003 -0.999380 0.409717 0.806567 -0.426124 
						-0.014703 0.998551 0.051767 -0.009285 0.997799 0.065663 -0.001936 0.803057 -0.595899 -0.003676 0.035003 -0.999380 -0.001936 0.803057 -0.595899 -0.411751 0.807700 -0.421998 -0.697724 0.035770 -0.715473 -0.001936 0.803057 -0.595899 -0.009285 0.997799 0.065663 0.023815 0.999699 0.005952 -0.411751 0.807700 -0.421998 -0.003439 0.999987 0.003618 -0.504837 0.684782 0.525560 0.002725 0.680944 0.732330 0.000017 0.999988 0.004995 -0.504837 0.684782 0.525560 -0.692697 0.027738 0.720695 0.003667 0.027410 0.999618 0.002725 0.680944 0.732330 0.002725 0.680944 0.732330 0.508751 0.684929 0.521579 0.003466 0.999988 0.003593 0.003667 0.027410 0.999618 0.698136 0.027736 0.715428 0.508751 0.684929 0.521579 0.003466 0.999988 0.003593 0.508751 0.684929 0.521579 0.724922 0.688826 -0.002835 0.004987 0.999987 -0.000019 0.508751 0.684929 0.521579 0.698136 0.027736 0.715428 0.999598 0.028090 -0.003873 0.724922 0.688826 -0.002835 0.004987 0.999987 -0.000019 0.724922 0.688826 -0.002835 0.504747 0.684753 -0.525684 0.003439 0.999988 -0.003619 0.724922 0.688826 -0.002835 0.999598 0.028090 -0.003873 0.692713 0.027773 -0.720679 0.504747 0.684753 -0.525684 0.003439 0.999988 -0.003619 0.504747 0.684753 -0.525684 -0.002696 0.680939 -0.732335 -0.000018 0.999988 -0.004996 0.504747 0.684753 -0.525684 0.692713 0.027773 -0.720679 -0.003683 0.027445 -0.999617 -0.002696 0.680939 -0.732335 -0.000018 0.999988 -0.004996 -0.002696 0.680939 -0.732335 -0.508869 0.684846 -0.521573 -0.003466 0.999988 -0.003592 -0.002696 0.680939 -0.732335 -0.003683 0.027445 -0.999617 -0.698140 0.027750 -0.715423 -0.508869 0.684846 -0.521573 -0.999598 0.028076 0.003888 -0.724978 0.688766 0.002843 -0.508869 0.684846 -0.521573 -0.698140 0.027750 -0.715423 -0.724978 0.688766 0.002843 -0.004987 0.999988 0.000021 -0.003466 0.999988 -0.003592 
						-0.508869 0.684846 -0.521573 -0.004987 0.999988 0.000018 -0.724980 0.688764 0.002799 -0.504842 0.684780 0.525557 -0.003439 0.999988 0.003615 -0.724980 0.688764 0.002799 -0.999598 0.028079 0.003881 -0.692695 0.027726 0.720698 -0.504842 0.684780 0.525557 -0.004987 0.999988 0.000018 -0.003439 0.999988 0.003615 -0.003466 0.999988 -0.003594 0.000018 0.999988 0.004991 -0.000018 0.999988 -0.004997 0.003466 0.999988 0.003588 0.004987 0.999988 -0.000024 0.003439 0.999988 -0.003621 0.706522 0.707691 0.000000 0.013268 0.999670 -0.022012 0.025974 0.999662 -0.000749 0.706288 0.707924 0.000000 0.000024 1.000000 0.000001 -0.022024 0.999430 -0.025570 -0.001504 0.998893 -0.047026 -0.001395 0.999999 0.000003 -0.000068 1.000000 -0.000387 -0.020840 0.999551 0.021525 -0.041511 0.999138 0.000093 -0.000025 1.000000 0.000003 0.706481 0.707732 -0.000000 0.011407 0.999791 0.016983 -0.001860 0.999305 0.037239 -0.001835 0.999998 0.000487 -0.000025 1.000000 0.000003 -0.041511 0.999138 0.000093 -0.022024 0.999430 -0.025570 0.000024 1.000000 0.000001 -0.001835 0.999998 0.000487 -0.001860 0.999305 0.037239 -0.020840 0.999551 0.021525 -0.000068 1.000000 -0.000387 0.706288 0.707924 0.000000 0.025974 0.999662 -0.000749 0.011407 0.999791 0.016983 0.706481 0.707732 -0.000000 0.706522 0.707691 0.000000 -0.001395 0.999999 0.000003 -0.001504 0.998893 -0.047026 0.013268 0.999670 -0.022012 -0.999328 0.036453 0.003872 -0.692204 0.035707 0.720818 -0.692695 0.027726 0.720698 -0.999598 0.028079 0.003881 -0.692204 0.035707 0.720818 0.003676 0.034983 0.999381 0.003667 0.027400 0.999618 -0.692695 0.027726 0.720698 0.003676 0.034983 0.999381 0.697723 0.035682 0.715479 0.698134 0.027743 0.715430 0.003667 0.027400 0.999618 0.697723 0.035682 0.715479 0.999330 0.036395 -0.003882 0.999598 0.028097 -0.003882 
						0.698134 0.027743 0.715430 0.999330 0.036395 -0.003882 0.692201 0.035675 -0.720822 0.692707 0.027776 -0.720684 0.999598 0.028097 -0.003882 0.692201 0.035675 -0.720822 -0.003675 0.035013 -0.999380 -0.003673 0.027446 -0.999617 0.692707 0.027776 -0.720684 -0.003675 0.035013 -0.999380 -0.697719 0.035770 -0.715478 -0.698131 0.027759 -0.715432 -0.003673 0.027446 -0.999617 -0.697719 0.035770 -0.715478 -0.999328 0.036453 0.003872 -0.999598 0.028079 0.003881 -0.698131 0.027759 -0.715432 0.025974 0.999662 -0.000749 -0.579339 0.815083 0.002314 -0.411739 0.807697 -0.422014 0.011407 0.999791 0.016983 -0.579339 0.815083 0.002314 -0.999328 0.036453 0.003872 -0.697719 0.035770 -0.715478 -0.411739 0.807697 -0.422014 -0.999328 0.036453 0.003872 -0.579339 0.815083 0.002314 -0.409037 0.807200 0.425578 -0.692204 0.035707 0.720818 -0.579339 0.815083 0.002314 0.025974 0.999662 -0.000749 0.013268 0.999670 -0.022012 -0.409037 0.807200 0.425578 -0.692204 0.035707 0.720818 -0.409037 0.807200 0.425578 0.002097 0.803161 0.595758 0.003676 0.034983 0.999381 -0.409037 0.807200 0.425578 0.013268 0.999670 -0.022012 -0.001504 0.998893 -0.047026 0.002097 0.803161 0.595758 0.003676 0.034983 0.999381 0.002097 0.803161 0.595758 0.412358 0.807176 0.422407 0.697723 0.035682 0.715479 0.002097 0.803161 0.595758 -0.001504 0.998893 -0.047026 -0.022024 0.999430 -0.025570 0.412358 0.807176 0.422407 0.697723 0.035682 0.715479 0.412358 0.807176 0.422407 0.580059 0.814571 -0.002292 0.999330 0.036395 -0.003882 0.412358 0.807176 0.422407 -0.022024 0.999430 -0.025570 -0.041511 0.999138 0.000093 0.580059 0.814571 -0.002292 0.999330 0.036395 -0.003882 0.580059 0.814571 -0.002292 0.409691 0.806632 -0.426026 0.692201 0.035675 -0.720822 0.580059 0.814571 -0.002292 -0.041511 0.999138 0.000093 -0.020840 0.999551 0.021525 
						0.409691 0.806632 -0.426026 0.692201 0.035675 -0.720822 0.409691 0.806632 -0.426026 -0.001911 0.803104 -0.595836 -0.003675 0.035013 -0.999380 0.409691 0.806632 -0.426026 -0.020840 0.999551 0.021525 -0.001860 0.999305 0.037239 -0.001911 0.803104 -0.595836 -0.003675 0.035013 -0.999380 -0.001911 0.803104 -0.595836 -0.411739 0.807697 -0.422014 -0.697719 0.035770 -0.715478 -0.001860 0.999305 0.037239 0.011407 0.999791 0.016983 -0.411739 0.807697 -0.422014 -0.003439 0.999988 0.003615 -0.504842 0.684780 0.525557 0.002713 0.680913 0.732359 0.000018 0.999988 0.004991 -0.504842 0.684780 0.525557 -0.692695 0.027726 0.720698 0.003667 0.027400 0.999618 0.002713 0.680913 0.732359 0.000018 0.999988 0.004991 0.002713 0.680913 0.732359 0.508796 0.684908 0.521563 0.003466 0.999988 0.003588 0.002713 0.680913 0.732359 0.003667 0.027400 0.999618 0.698134 0.027743 0.715430 0.508796 0.684908 0.521563 0.003466 0.999988 0.003588 0.508796 0.684908 0.521563 0.724943 0.688803 -0.002875 0.004987 0.999988 -0.000024 0.508796 0.684908 0.521563 0.698134 0.027743 0.715430 0.999598 0.028097 -0.003882 0.724943 0.688803 -0.002875 0.004987 0.999988 -0.000024 0.724943 0.688803 -0.002875 0.504806 0.684799 -0.525568 0.003439 0.999988 -0.003621 0.724943 0.688803 -0.002875 0.999598 0.028097 -0.003882 0.692707 0.027776 -0.720684 0.504806 0.684799 -0.525568 0.003439 0.999988 -0.003621 0.504806 0.684799 -0.525568 -0.002768 0.680951 -0.732324 -0.000018 0.999988 -0.004997 0.504806 0.684799 -0.525568 0.692707 0.027776 -0.720684 -0.003673 0.027446 -0.999617 -0.002768 0.680951 -0.732324 -0.000018 0.999988 -0.004997 -0.002768 0.680951 -0.732324 -0.508825 0.684821 -0.521650 -0.003466 0.999988 -0.003594 -0.003673 0.027446 -0.999617 -0.698131 0.027759 -0.715432 -0.508825 0.684821 -0.521650 -0.999598 0.028079 0.003881 
						-0.724980 0.688764 0.002799 -0.508825 0.684821 -0.521650 -0.698131 0.027759 -0.715432 -0.724980 0.688764 0.002799 -0.004987 0.999988 0.000018 -0.003466 0.999988 -0.003594 -0.508825 0.684821 -0.521650 -0.004987 0.999988 0.000021 -0.724972 0.688772 0.002840 -0.504840 0.684768 0.525576 -0.003439 0.999987 0.003618 -0.724972 0.688772 0.002840 -0.999598 0.028067 0.003888 -0.692697 0.027735 0.720696 -0.504840 0.684768 0.525576 -0.004987 0.999988 0.000021 -0.003439 0.999987 0.003618 -0.003466 0.999988 -0.003592 0.000017 0.999988 0.004995 -0.000018 0.999988 -0.004996 0.003466 0.999988 0.003593 0.004987 0.999988 -0.000019 0.003439 0.999988 -0.003619 0.021869 0.999425 -0.025918 0.041829 0.999125 -0.000091 -0.000025 1.000000 0.000003 -0.067399 0.997726 0.000002 -0.050110 0.997940 -0.040066 -0.007383 0.998104 -0.061110 -0.007239 0.999974 0.000003 -0.050607 0.998714 0.003202 -0.040881 0.998995 0.018395 -0.077652 0.996977 -0.002540 -0.086615 0.996242 -0.000516 -0.000068 1.000000 -0.000387 0.021274 0.999548 0.021259 0.001945 0.999277 0.037977 -0.002812 0.999964 0.008074 -0.086615 0.996242 -0.000516 -0.077652 0.996977 -0.002540 -0.050110 0.997940 -0.040066 -0.067399 0.997726 0.000002 -0.002812 0.999964 0.008074 0.001945 0.999277 0.037977 -0.040881 0.998995 0.018395 -0.050607 0.998714 0.003202 -0.000025 1.000000 0.000003 0.041829 0.999125 -0.000091 0.021274 0.999548 0.021259 -0.000068 1.000000 -0.000387 0.000024 1.000000 0.000001 -0.007239 0.999974 0.000003 -0.007383 0.998104 -0.061110 0.021869 0.999425 -0.025918 -0.999328 0.036463 0.003871 -0.692204 0.035710 0.720818 -0.692697 0.027735 0.720696 -0.999598 0.028067 0.003888 -0.692204 0.035710 0.720818 0.003677 0.034976 0.999381 0.003667 0.027404 0.999618 -0.692697 0.027735 0.720696 0.003677 0.034976 0.999381 0.697716 0.035692 0.715484 
						0.698135 0.027739 0.715428 0.003667 0.027404 0.999618 0.697716 0.035692 0.715484 0.999329 0.036415 -0.003879 0.999598 0.028099 -0.003874 0.698135 0.027739 0.715428 0.999329 0.036415 -0.003879 0.692202 0.035669 -0.720822 0.692714 0.027779 -0.720678 0.999598 0.028099 -0.003874 0.692202 0.035669 -0.720822 -0.003675 0.035014 -0.999380 -0.003683 0.027446 -0.999617 0.692714 0.027779 -0.720678 -0.003675 0.035014 -0.999380 -0.697724 0.035778 -0.715473 -0.698140 0.027741 -0.715423 -0.003683 0.027446 -0.999617 -0.697724 0.035778 -0.715473 -0.999328 0.036463 0.003871 -0.999598 0.028067 0.003888 -0.698140 0.027741 -0.715423 0.041829 0.999125 -0.000091 -0.579166 0.815207 0.002315 -0.411717 0.807732 -0.421971 0.021274 0.999548 0.021259 -0.579166 0.815207 0.002315 -0.999328 0.036463 0.003871 -0.697724 0.035778 -0.715473 -0.411717 0.807732 -0.421971 -0.999328 0.036463 0.003871 -0.579166 0.815207 0.002315 -0.408981 0.807216 0.425602 -0.692204 0.035710 0.720818 -0.579166 0.815207 0.002315 0.041829 0.999125 -0.000091 0.021869 0.999425 -0.025918 -0.408981 0.807216 0.425602 -0.692204 0.035710 0.720818 -0.408981 0.807216 0.425602 0.002052 0.803079 0.595869 0.003677 0.034976 0.999381 -0.408981 0.807216 0.425602 0.021869 0.999425 -0.025918 -0.007383 0.998104 -0.061110 0.002052 0.803079 0.595869 0.003677 0.034976 0.999381 0.002052 0.803079 0.595869 0.412309 0.807176 0.422456 0.697716 0.035692 0.715484 -0.007383 0.998104 -0.061110 -0.050110 0.997940 -0.040066 0.412309 0.807176 0.422456 0.697716 0.035692 0.715484 0.412309 0.807176 0.422456 0.580046 0.814581 -0.002238 0.999329 0.036415 -0.003879 0.412309 0.807176 0.422456 -0.050110 0.997940 -0.040066 -0.077652 0.996977 -0.002540 0.580046 0.814581 -0.002238 0.999329 0.036415 -0.003879 0.580046 0.814581 -0.002238 0.409707 0.806578 -0.426112 
						0.692202 0.035669 -0.720822 0.580046 0.814581 -0.002238 -0.077652 0.996977 -0.002540 -0.040881 0.998995 0.018395 0.409707 0.806578 -0.426112 0.692202 0.035669 -0.720822 0.409707 0.806578 -0.426112 -0.001932 0.803062 -0.595892 -0.003675 0.035014 -0.999380 0.409707 0.806578 -0.426112 -0.040881 0.998995 0.018395 0.001945 0.999277 0.037977 -0.001932 0.803062 -0.595892 -0.003675 0.035014 -0.999380 -0.001932 0.803062 -0.595892 -0.411717 0.807732 -0.421971 -0.697724 0.035778 -0.715473 -0.001932 0.803062 -0.595892 0.001945 0.999277 0.037977 0.021274 0.999548 0.021259 -0.411717 0.807732 -0.421971 -0.003439 0.999987 0.003618 -0.504840 0.684768 0.525576 0.002725 0.680954 0.732321 0.000017 0.999988 0.004995 -0.504840 0.684768 0.525576 -0.692697 0.027735 0.720696 0.003667 0.027404 0.999618 0.002725 0.680954 0.732321 0.002725 0.680954 0.732321 0.508747 0.684932 0.521579 0.003466 0.999988 0.003593 0.002725 0.680954 0.732321 0.003667 0.027404 0.999618 0.698135 0.027739 0.715428 0.508747 0.684932 0.521579 0.003466 0.999988 0.003593 0.508747 0.684932 0.521579 0.724940 0.688806 -0.002834 0.004987 0.999988 -0.000019 0.508747 0.684932 0.521579 0.698135 0.027739 0.715428 0.999598 0.028099 -0.003874 0.724940 0.688806 -0.002834 0.004987 0.999988 -0.000019 0.724940 0.688806 -0.002834 0.504744 0.684766 -0.525671 0.003439 0.999988 -0.003619 0.724940 0.688806 -0.002834 0.999598 0.028099 -0.003874 0.692714 0.027779 -0.720678 0.504744 0.684766 -0.525671 0.003439 0.999988 -0.003619 0.504744 0.684766 -0.525671 -0.002699 0.680936 -0.732338 -0.000018 0.999988 -0.004996 0.504744 0.684766 -0.525671 0.692714 0.027779 -0.720678 -0.003683 0.027446 -0.999617 -0.002699 0.680936 -0.732338 -0.000018 0.999988 -0.004996 -0.002699 0.680936 -0.732338 -0.508875 0.684840 -0.521576 -0.003466 0.999988 -0.003592 
						-0.002699 0.680936 -0.732338 -0.003683 0.027446 -0.999617 -0.698140 0.027741 -0.715423 -0.508875 0.684840 -0.521576 -0.999598 0.028067 0.003888 -0.724972 0.688772 0.002840 -0.508875 0.684840 -0.521576 -0.698140 0.027741 -0.715423 -0.724972 0.688772 0.002840 -0.004987 0.999988 0.000021 -0.003466 0.999988 -0.003592 -0.508875 0.684840 -0.521576 -0.031579 0.997949 0.055678 -0.082922 0.996553 -0.002409 -0.050607 0.998714 0.003202 0.703926 0.709489 0.033372 0.030515 0.999534 0.000423 0.003048 0.999607 0.027860 0.091680 0.953326 -0.287687 0.091989 0.955064 -0.281763 0.102259 0.994758 0.000000 0.102259 0.994758 0.000000 -0.889605 0.456730 -0.000001 -0.889030 0.457802 -0.006562 -0.763667 0.645611 -0.000000 0.614613 0.788829 0.000001 0.613755 0.789271 0.018890 0.609628 0.792688 0.000000 -0.765420 0.643501 -0.006193 -0.886345 0.462775 -0.015259 -0.859386 0.510654 -0.026251 -0.754965 0.655722 -0.007558 -0.763667 0.645611 -0.000000 -0.889030 0.457802 -0.006562 -0.886345 0.462775 -0.015259 -0.765420 0.643501 -0.006193 0.651595 0.757239 0.044861 0.642830 0.764973 0.039820 0.613755 0.789271 0.018890 0.614613 0.788829 0.000001 0.716471 0.696412 0.040984 0.715549 0.697333 0.041429 0.642830 0.764973 0.039820 0.651595 0.757239 0.044861 0.040805 0.854198 -0.518345 0.091989 0.955064 -0.281763 0.091680 0.953326 -0.287687 0.040068 0.853736 -0.519163 0.013471 0.953772 -0.300231 0.040805 0.854198 -0.518345 0.040068 0.853736 -0.519163 0.013304 0.954404 -0.298220 0.000981 0.095697 -0.995410 0.000981 0.095697 -0.995410 0.000981 0.095697 -0.995410 0.000981 0.095697 -0.995410 0.124722 0.736248 -0.665119 0.003832 0.850255 -0.526357 0.001921 0.687653 -0.726037 0.139840 0.493699 -0.858316 -0.324706 -0.237281 -0.915567 -0.294434 -0.261007 -0.919339 -0.125100 -0.517445 -0.846523 -0.159646 -0.528392 -0.833856 
						-0.159646 -0.528392 -0.833856 -0.125100 -0.517445 -0.846523 0.000567 -0.604477 -0.796622 0.000372 -0.650764 -0.759280 -0.464066 -0.198165 -0.863350 -0.210566 0.434494 -0.875715 -0.325112 0.633539 -0.702090 -0.679984 -0.295176 -0.671187 0.436181 0.000185 -0.899859 0.139742 -0.604544 -0.784219 0.143938 -0.707224 -0.692182 0.497898 0.000242 -0.867235 -0.311695 -0.481296 -0.819268 -0.464066 -0.198165 -0.863350 -0.679984 -0.295176 -0.671187 -0.395464 -0.674139 -0.623815 0.182076 0.079747 -0.980045 0.710352 0.702512 -0.043334 0.017162 -0.033035 -0.999307 0.110966 -0.103163 -0.988455 0.703926 0.709489 -0.033372 0.710352 0.702512 -0.043334 0.182076 0.079747 -0.980045 0.178846 0.282688 -0.942392 0.240335 0.820987 -0.517900 -0.000111 0.647782 -0.761825 0.028086 0.770005 -0.637420 -0.032207 0.723837 -0.689219 -0.015150 0.682852 -0.730400 -0.032207 0.723837 -0.689219 -0.015150 0.682852 -0.730400 -0.321157 0.187744 -0.928230 -0.340895 0.177242 -0.923242 -0.340895 0.177242 -0.923242 -0.321157 0.187744 -0.928230 -0.350174 0.003021 -0.936680 -0.367163 0.003970 -0.930148 -0.364498 -0.000191 -0.931204 -0.367163 0.003970 -0.930148 -0.350174 0.003021 -0.936680 -0.347517 -0.000663 -0.937674 -0.361897 -0.015915 -0.932082 -0.345178 -0.015750 -0.938405 -0.294434 -0.261007 -0.919339 -0.324706 -0.237281 -0.915567 0.000000 -0.000000 -1.000000 0.000008 -0.060019 -0.998197 0.000000 -0.000000 -1.000000 0.000000 -0.000000 -1.000000 0.003027 -0.578439 -0.815720 0.003022 -0.578341 -0.815790 0.002135 -0.557715 -0.830030 0.002135 -0.557715 -0.830030 0.000390 -0.650881 -0.759180 0.000372 -0.650764 -0.759280 0.000567 -0.604477 -0.796622 0.000397 -0.595612 -0.803272 0.143938 -0.707224 -0.692182 0.139742 -0.604544 -0.784219 0.004220 -0.786012 -0.618197 0.002828 -0.847437 -0.530888 0.001291 -0.002050 -0.999997 0.001292 0.000001 -0.999999 0.001292 -0.000000 -0.999999 
						0.001291 -0.002050 -0.999997 0.000170 0.950328 -0.311251 0.000170 0.950328 -0.311251 0.000683 0.759120 -0.650950 0.000678 0.761785 -0.647830 -0.004308 -0.006235 -0.999971 -0.004337 -0.000044 -0.999991 -0.004337 -0.000049 -0.999991 -0.004308 -0.006235 -0.999971 0.000052 0.588188 -0.808724 0.000052 0.588174 -0.808734 0.000054 0.999897 -0.014383 0.000054 0.999897 -0.014368 0.000998 -0.951384 -0.308005 0.001087 -0.752441 -0.658659 0.001087 -0.750047 -0.661384 0.000998 -0.951384 -0.308005 -0.004337 -0.000049 -0.999991 -0.004337 -0.000044 -0.999991 -0.004360 0.005022 -0.999978 -0.004360 0.005022 -0.999978 -0.002348 0.999970 -0.007388 -0.002348 0.999969 -0.007455 -0.001149 0.844664 -0.535295 -0.001149 0.844648 -0.535321 0.946451 0.246452 -0.208545 0.948616 0.206042 -0.240156 0.891872 0.451833 -0.020281 0.882898 0.469562 -0.001545 0.968973 -0.165461 -0.183616 0.968973 -0.165461 -0.183616 0.967538 -0.163314 -0.192867 0.967884 -0.163820 -0.190694 -0.002918 -0.650860 -0.759192 -0.002918 -0.650860 -0.759192 -0.003716 -0.700813 -0.713335 -0.003717 -0.700885 -0.713265 -0.978152 -0.133560 -0.159311 -0.977780 -0.134273 -0.160988 -0.979311 -0.131295 -0.153984 -0.979311 -0.131295 -0.153984 -0.937065 -0.281665 -0.206333 -0.960426 -0.181615 -0.211180 -0.774312 -0.609111 -0.171539 -0.774312 -0.609111 -0.171539 0.000622 -0.703499 -0.710696 0.000622 -0.703362 -0.710831 0.000792 -0.939207 -0.343350 0.000792 -0.939207 -0.343350 0.751378 -0.628813 -0.200062 0.942311 -0.219638 -0.252605 0.916812 -0.314962 -0.245466 0.751378 -0.628813 -0.200062 -0.924907 0.380191 -0.001142 -0.929764 0.367946 -0.012452 -0.965815 0.181132 -0.185450 -0.965723 0.193030 -0.173548 0.000813 0.728863 -0.684659 0.000813 0.729044 -0.684467 0.000822 0.942365 -0.334586 0.000822 0.942365 -0.334586 -0.764962 0.621416 -0.169337 -0.958864 0.189420 -0.211425 -0.930015 0.304879 -0.205235 
						-0.764962 0.621416 -0.169337 -0.002276 -0.000001 -0.999997 -0.002276 -0.000001 -0.999997 -0.002275 -0.004463 -0.999987 -0.002275 -0.004463 -0.999987 0.965715 -0.000001 -0.259605 0.965715 -0.000000 -0.259605 0.965715 -0.000852 -0.259604 0.965715 -0.000852 -0.259604 0.909136 0.337635 -0.243873 0.940058 0.228980 -0.252703 0.741631 0.641132 -0.197312 0.741631 0.641132 -0.197312 -0.002277 0.005440 -0.999983 -0.002276 -0.000001 -0.999997 -0.002276 -0.000001 -0.999997 -0.002277 0.005440 -0.999983 -0.976914 0.001091 -0.213630 -0.976914 0.000000 -0.213631 -0.976914 0.000001 -0.213631 -0.976914 0.001091 -0.213630 0.965714 0.001038 -0.259607 0.965715 -0.000000 -0.259605 0.965715 -0.000001 -0.259605 0.965714 0.001038 -0.259607 -0.976914 0.000001 -0.213631 -0.976914 0.000000 -0.213631 -0.976914 -0.000894 -0.213632 -0.976914 -0.000894 -0.213632 -0.003206 0.999968 -0.007347 -0.003205 0.999967 -0.007453 0.001078 0.845313 -0.534270 0.001082 0.845002 -0.534762 0.976208 0.162241 -0.143857 0.976318 0.152115 -0.153831 0.950014 0.312024 -0.010734 0.946333 0.323192 -0.000954 -0.935449 0.353461 -0.001084 -0.939838 0.341411 -0.012009 -0.970945 0.168007 -0.170411 -0.970822 0.179141 -0.159416 0.027275 -0.703343 -0.710327 0.027175 -0.702374 -0.711289 0.045401 -0.864072 -0.501317 0.045401 -0.864072 -0.501316 0.932901 -0.316913 -0.171062 0.973458 -0.151184 -0.171823 0.963568 -0.204717 -0.172126 0.932901 -0.316913 -0.171062 -0.953102 -0.232175 -0.194143 -0.964554 -0.178216 -0.194615 -0.921409 -0.338179 -0.191418 -0.921409 -0.338179 -0.191418 0.983342 0.001599 -0.181758 0.983343 0.001600 -0.181752 0.983756 0.001976 -0.179501 0.983756 0.001976 -0.179501 -0.980473 0.002490 -0.196640 -0.980916 -0.001587 -0.194423 -0.980918 -0.001602 -0.194415 -0.980473 0.002490 -0.196640 0.001270 0.000042 -0.999999 0.001270 0.000040 -0.999999 0.002270 0.011798 -0.999928 
						0.002270 0.011798 -0.999928 0.001270 0.000042 -0.999999 0.000044 -0.014366 -0.999897 0.000044 -0.014366 -0.999897 0.001270 0.000040 -0.999999 0.982828 0.001138 -0.184521 0.983343 0.001600 -0.181752 0.983342 0.001599 -0.181758 0.982828 0.001138 -0.184521 -0.980916 -0.001587 -0.194423 -0.981436 -0.006627 -0.191677 -0.981436 -0.006627 -0.191677 -0.980918 -0.001602 -0.194415 0.010011 0.843098 -0.537668 -0.003527 0.716916 -0.697151 -0.003577 0.716388 -0.697693 0.010011 0.843098 -0.537668 0.951218 0.243851 -0.189000 0.964387 0.182668 -0.191288 0.922155 0.340388 -0.183754 0.922155 0.340388 -0.183754 -0.959018 0.217207 -0.181950 -0.970784 0.161135 -0.177805 -0.966633 0.182785 -0.179470 -0.959018 0.217207 -0.181950 -0.003266 -0.651358 -0.758763 -0.003240 -0.648280 -0.761395 -0.001319 -0.405824 -0.913950 -0.001319 -0.405824 -0.913950 0.983554 -0.048475 -0.173989 0.983554 -0.048475 -0.173989 0.982259 -0.107416 -0.153720 0.982681 -0.098953 -0.156675 -0.984687 -0.108228 -0.136665 -0.984377 -0.111635 -0.136163 -0.986347 -0.087145 -0.139731 -0.986347 -0.087145 -0.139731 0.121830 -0.212399 -0.969559 0.348842 0.000306 -0.937182 -0.204805 -0.000464 -0.978803 -0.180697 0.002365 -0.983536 -0.180697 0.002365 -0.983536 -0.204805 -0.000464 -0.978803 -0.347517 -0.000663 -0.937674 -0.350174 0.003021 -0.936680 -0.206189 -0.243936 -0.947619 -0.294434 -0.261007 -0.919339 -0.345178 -0.015750 -0.938405 -0.212406 -0.012712 -0.977099 -0.000111 0.647782 -0.761825 0.001348 0.268776 -0.963202 -0.003875 0.366275 -0.930499 -0.015150 0.682852 -0.730400 -0.003875 0.366275 -0.930499 0.001348 0.268776 -0.963202 0.004493 -0.495803 -0.868423 0.121830 -0.212399 -0.969559 0.003027 -0.578439 -0.815720 0.002949 -0.230339 -0.973106 0.002951 -0.231148 -0.972914 0.003022 -0.578341 -0.815790 0.000191 0.207647 -0.978204 0.000052 0.588174 -0.808734 0.000052 0.588188 -0.808724 
						0.000191 0.208102 -0.978107 0.000768 -0.478861 -0.877890 0.000191 0.207647 -0.978204 0.000191 0.208102 -0.978107 0.000768 -0.478531 -0.878070 0.002949 -0.230339 -0.973106 0.001356 0.477738 -0.878501 0.001357 0.477251 -0.878766 0.002951 -0.231148 -0.972914 -0.971659 0.119555 -0.203924 -0.977462 0.073522 -0.197897 -0.982801 -0.033872 -0.181537 -0.982471 -0.055841 -0.177853 -0.965815 0.181132 -0.185450 -0.974928 0.007713 -0.222388 -0.974237 0.026830 -0.223927 -0.965723 0.193030 -0.173548 -0.974237 0.026830 -0.223927 -0.974928 0.007713 -0.222388 -0.971508 -0.099806 -0.214966 -0.968011 -0.131583 -0.213636 0.974485 -0.068032 -0.213895 0.974971 -0.042370 -0.218259 0.967414 0.087230 -0.237698 0.958506 0.145824 -0.244953 0.978818 -0.107529 -0.174220 0.981567 -0.074169 -0.176142 0.982983 0.011586 -0.183331 0.982520 0.024221 -0.184576 0.982259 -0.107416 -0.153720 0.986105 -0.034454 -0.162508 0.985689 -0.057052 -0.158624 0.982681 -0.098953 -0.156675 0.985689 -0.057052 -0.158624 0.986105 -0.034454 -0.162508 0.982083 0.062815 -0.177670 0.976917 0.109058 -0.183684 0.002870 0.438702 -0.898628 0.214486 0.173009 -0.961282 0.139840 0.493699 -0.858316 0.121830 -0.212399 -0.969559 0.004493 -0.495803 -0.868423 0.004220 -0.786012 -0.618197 0.139742 -0.604544 -0.784219 0.139742 -0.604544 -0.784219 0.436181 0.000185 -0.899859 0.348842 0.000306 -0.937182 0.121830 -0.212399 -0.969559 -0.216632 -0.299538 -0.929165 -0.325080 -0.115583 -0.938597 -0.464066 -0.198165 -0.863350 -0.311695 -0.481296 -0.819268 -0.325080 -0.115583 -0.938597 -0.166468 0.225688 -0.959872 -0.210566 0.434494 -0.875715 -0.464066 -0.198165 -0.863350 0.001087 -0.752441 -0.658659 0.000768 -0.478861 -0.877890 0.000768 -0.478531 -0.878070 0.001087 -0.750047 -0.661384 0.001356 0.477738 -0.878501 0.000678 0.761785 -0.647830 0.000683 0.759120 -0.650950 0.001357 0.477251 -0.878766 
						-0.971659 0.119555 -0.203924 -0.930015 0.304879 -0.205235 -0.958864 0.189420 -0.211425 -0.977462 0.073522 -0.197897 0.959079 -0.118115 -0.257326 0.953486 -0.159569 -0.255737 0.916812 -0.314962 -0.245466 0.942311 -0.219638 -0.252605 -0.937065 -0.281665 -0.206333 -0.968011 -0.131583 -0.213636 -0.971508 -0.099806 -0.214966 -0.960426 -0.181615 -0.211180 0.909136 0.337635 -0.243873 0.958506 0.145824 -0.244953 0.967414 0.087230 -0.237698 0.940058 0.228980 -0.252703 0.978818 -0.107529 -0.174220 0.963568 -0.204717 -0.172126 0.973458 -0.151184 -0.171823 0.981567 -0.074169 -0.176142 -0.953102 -0.232175 -0.194143 -0.972160 -0.127595 -0.196529 -0.976207 -0.088748 -0.197850 -0.964554 -0.178216 -0.194615 0.951218 0.243851 -0.189000 0.976917 0.109058 -0.183684 0.982083 0.062815 -0.177670 0.964387 0.182668 -0.191288 -0.984840 0.055197 -0.164448 -0.980600 0.097513 -0.170044 -0.966633 0.182785 -0.179470 -0.970784 0.161135 -0.177805 -0.000416 0.400522 -0.916287 -0.000411 0.401569 -0.915829 0.000813 0.729044 -0.684467 0.000813 0.728863 -0.684659 0.000095 -0.481464 -0.876466 0.000094 -0.481059 -0.876688 0.000622 -0.703362 -0.710831 0.000622 -0.703499 -0.710696 0.027275 -0.703343 -0.710327 0.018415 -0.493440 -0.869585 0.018462 -0.495236 -0.868562 0.027175 -0.702374 -0.711289 -0.008995 0.378497 -0.925559 -0.008980 0.395736 -0.918321 -0.003577 0.716388 -0.697693 -0.003527 0.716916 -0.697151 -0.206189 -0.243936 -0.947619 -0.212406 -0.012712 -0.977099 0.345593 0.002669 -0.938381 0.214486 0.173009 -0.961282 -0.125100 -0.517445 -0.846523 -0.294434 -0.261007 -0.919339 -0.206189 -0.243936 -0.947619 -0.036858 -0.382542 -0.923203 0.214486 0.173009 -0.961282 -0.036858 -0.382542 -0.923203 -0.206189 -0.243936 -0.947619 0.001720 -0.322146 -0.946688 0.000567 -0.604477 -0.796622 -0.125100 -0.517445 -0.846523 -0.036858 -0.382542 -0.923203 0.002870 0.438702 -0.898628 
						0.001720 -0.322146 -0.946688 -0.036858 -0.382542 -0.923203 0.214486 0.173009 -0.961282 -0.180697 0.002365 -0.983536 -0.350174 0.003021 -0.936680 -0.321157 0.187744 -0.928230 -0.261229 0.178223 -0.948681 -0.261229 0.178223 -0.948681 0.121830 -0.212399 -0.969559 -0.180697 0.002365 -0.983536 -0.321157 0.187744 -0.928230 -0.015150 0.682852 -0.730400 -0.003875 0.366275 -0.930499 -0.261229 0.178223 -0.948681 -0.003875 0.366275 -0.930499 0.121830 -0.212399 -0.969559 -0.261229 0.178223 -0.948681 0.178846 0.282688 -0.942392 0.182076 0.079747 -0.980045 0.132116 0.070271 -0.988740 0.109661 0.190222 -0.975597 0.109661 0.190222 -0.975597 0.132116 0.070271 -0.988740 -0.325080 -0.115583 -0.938597 -0.216632 -0.299538 -0.929165 0.132116 0.070271 -0.988740 0.066266 -0.249628 -0.966072 -0.166468 0.225688 -0.959872 -0.325080 -0.115583 -0.938597 -0.978152 -0.133560 -0.159311 -0.982471 -0.055841 -0.177853 -0.982801 -0.033872 -0.181537 -0.977780 -0.134273 -0.160988 0.000567 -0.604477 -0.796622 0.001720 -0.322146 -0.946688 0.000594 -0.236112 -0.971726 0.000397 -0.595612 -0.803272 0.000594 -0.236112 -0.971726 0.001720 -0.322146 -0.946688 0.002870 0.438702 -0.898628 0.001078 0.465920 -0.884826 0.974485 -0.068032 -0.213895 0.967884 -0.163820 -0.190694 0.967538 -0.163314 -0.192867 0.974971 -0.042370 -0.218259 0.976208 0.162241 -0.143857 0.982520 0.024221 -0.184576 0.982983 0.011586 -0.183331 0.976318 0.152115 -0.153831 -0.216632 -0.299538 -0.929165 -0.008250 -0.482637 -0.875782 -0.008773 0.249340 -0.968376 0.109661 0.190222 -0.975597 0.109661 0.190222 -0.975597 -0.008773 0.249340 -0.968376 -0.006340 0.583155 -0.812336 0.178846 0.282688 -0.942392 0.066266 -0.249628 -0.966072 -0.002180 -0.353011 -0.935617 -0.008023 0.541814 -0.840460 -0.166468 0.225688 -0.959872 -0.000405 -0.032388 -0.999475 -0.000405 -0.032188 -0.999482 -0.001149 0.844648 -0.535321 
						-0.001149 0.844664 -0.535295 0.000095 -0.481464 -0.876466 -0.000405 -0.032188 -0.999482 -0.000405 -0.032388 -0.999475 0.000094 -0.481059 -0.876688 0.963043 0.034739 -0.267099 0.964008 0.013250 -0.265542 0.948616 0.206042 -0.240156 0.946451 0.246452 -0.208545 0.959079 -0.118115 -0.257326 0.964008 0.013250 -0.265542 0.963043 0.034739 -0.267099 0.953486 -0.159569 -0.255737 -0.002931 -0.244894 -0.969545 -0.003717 -0.700885 -0.713265 -0.003716 -0.700813 -0.713335 -0.002929 -0.244366 -0.969679 -0.000416 0.400522 -0.916287 -0.002931 -0.244894 -0.969545 -0.002929 -0.244366 -0.969679 -0.000411 0.401569 -0.915829 0.010149 -0.047474 -0.998821 0.010139 -0.046588 -0.998863 0.018462 -0.495236 -0.868562 0.018415 -0.493440 -0.869585 0.001078 0.845313 -0.534270 0.010139 -0.046588 -0.998863 0.010149 -0.047474 -0.998821 0.001082 0.845002 -0.534762 -0.970945 0.168007 -0.170411 -0.978814 0.009696 -0.204519 -0.978312 0.023859 -0.205760 -0.970822 0.179141 -0.159416 -0.978312 0.023859 -0.205760 -0.978814 0.009696 -0.204519 -0.976207 -0.088748 -0.197850 -0.972160 -0.127595 -0.196529 -0.007840 -0.274455 -0.961568 -0.007779 -0.288100 -0.957569 -0.003240 -0.648280 -0.761395 -0.003266 -0.651358 -0.758763 -0.008995 0.378497 -0.925559 -0.007779 -0.288100 -0.957569 -0.007840 -0.274455 -0.961568 -0.008980 0.395736 -0.918321 -0.987656 -0.054732 -0.146764 -0.988052 -0.033400 -0.150461 -0.984377 -0.111635 -0.136163 -0.984687 -0.108228 -0.136665 -0.984840 0.055197 -0.164448 -0.988052 -0.033400 -0.150461 -0.987656 -0.054732 -0.146764 -0.980600 0.097513 -0.170044 -0.999710 -0.017820 -0.016183 -0.999710 -0.017820 -0.016183 -0.930562 -0.365969 -0.011021 -0.931223 -0.364282 -0.011052 -0.176326 0.983755 -0.033705 -0.176326 0.983755 -0.033705 -0.176326 0.983755 -0.033705 -0.176326 0.983755 -0.033705 -0.000997 0.999473 -0.032451 -0.000997 0.999473 -0.032451 -0.000997 0.999473 -0.032451 
						-0.000997 0.999473 -0.032451 0.152658 0.987792 -0.031018 0.152658 0.987792 -0.031018 0.152658 0.987792 -0.031018 0.152658 0.987792 -0.031018 -0.001819 0.999848 -0.017347 -0.001819 0.999848 -0.017347 -0.001819 0.999848 -0.017347 -0.001819 0.999848 -0.017347 -0.004380 0.999990 -0.000596 -0.004380 0.999990 -0.000596 -0.004380 0.999990 -0.000596 -0.004380 0.999990 -0.000596 -0.000975 1.000000 -0.000350 -0.000975 1.000000 -0.000350 -0.000975 1.000000 -0.000350 -0.000975 1.000000 -0.000350 -0.000610 1.000000 -0.000157 -0.000610 1.000000 -0.000157 -0.000610 1.000000 -0.000157 -0.000610 1.000000 -0.000157 0.005821 0.999983 0.000024 0.005821 0.999983 0.000024 0.005821 0.999983 0.000024 0.005821 0.999983 0.000024 1.000000 0.000000 0.000009 1.000000 -0.000000 0.000007 1.000000 -0.000000 0.000007 1.000000 0.000000 0.000009 0.004639 -0.999989 0.000036 0.004639 -0.999989 0.000036 0.004639 -0.999989 0.000036 0.004639 -0.999989 0.000036 0.000000 -1.000000 0.000000 0.000000 -1.000000 0.000000 0.000000 -1.000000 0.000000 0.000000 -1.000000 0.000000 0.000000 -1.000000 0.000000 0.000000 -1.000000 0.000000 0.000000 -1.000000 0.000000 0.000000 -1.000000 0.000000 0.000000 -1.000000 0.000000 0.000000 -1.000000 0.000000 0.000000 -1.000000 0.000000 0.000000 -1.000000 0.000000 0.000000 -1.000000 0.000013 0.000000 -1.000000 0.000013 0.000000 -1.000000 0.000013 0.000000 -1.000000 0.000013 0.000000 -1.000000 0.000000 0.000000 -1.000000 0.000000 0.000000 -1.000000 0.000000 0.000000 -1.000000 0.000000 0.000000 -1.000000 0.000010 0.000000 -1.000000 0.000010 0.000000 -1.000000 0.000010 0.000000 -1.000000 0.000010 0.000000 -1.000000 -0.000006 0.000000 -1.000000 -0.000006 0.000000 -1.000000 -0.000006 0.000000 -1.000000 -0.000006 -0.931223 -0.364282 -0.011052 -0.930562 -0.365969 -0.011021 -0.821022 -0.570855 -0.006855 
						-0.821022 -0.570855 -0.006855 0.001292 0.000001 -0.999999 0.001294 0.002506 -0.999996 0.001294 0.002506 -0.999996 0.001292 -0.000000 -0.999999 1.000000 -0.000000 0.000007 1.000000 -0.000000 0.000007 1.000000 -0.000000 0.000005 1.000000 -0.000000 0.000005 0.436181 0.000185 -0.899859 0.497898 0.000242 -0.867235 0.124722 0.736248 -0.665119 0.139840 0.493699 -0.858316 0.345593 0.002669 -0.938381 0.139840 0.493699 -0.858316 0.214486 0.173009 -0.961282 -0.204805 -0.000464 -0.978803 0.348842 0.000306 -0.937182 0.345593 0.002669 -0.938381 -0.212406 -0.012712 -0.977099 -0.347517 -0.000663 -0.937674 -0.204805 -0.000464 -0.978803 -0.212406 -0.012712 -0.977099 -0.345178 -0.015750 -0.938405 -0.361897 -0.015915 -0.932082 -0.364498 -0.000191 -0.931204 -0.347517 -0.000663 -0.937674 -0.345178 -0.015750 -0.938405 0.781367 0.624026 0.007571 0.715549 0.697333 0.041429 0.716471 0.696412 0.040984 0.781367 0.624026 0.007571 -0.003452 0.995672 -0.092877 0.013471 0.953772 -0.300231 0.013304 0.954404 -0.298220 -0.003452 0.995672 -0.092877 -0.726277 0.687400 -0.001893 -0.754965 0.655722 -0.007558 -0.859386 0.510654 -0.026251 -0.819587 0.572797 -0.013483 -0.004987 0.999988 -0.000023 -0.003439 0.999988 -0.003621 -0.504836 0.684752 -0.525599 -0.724985 0.688758 -0.002786 -0.724985 0.688758 -0.002786 -0.504836 0.684752 -0.525599 -0.692693 0.027728 -0.720699 -0.999598 0.028080 -0.003880 -0.004987 0.999988 -0.000023 -0.003466 0.999988 0.003588 -0.003439 0.999988 -0.003621 -0.000018 0.999987 0.004991 0.000018 0.999988 -0.004997 0.003439 0.999988 0.003615 0.004987 0.999988 0.000018 0.003465 0.999988 -0.003593 0.706481 0.707732 0.000000 0.030515 0.999534 -0.000426 0.002203 0.999772 0.021216 -0.000068 1.000000 0.000389 -0.001835 0.999998 -0.000481 -0.001711 0.999346 0.036115 -0.021020 0.999562 0.020816 -0.004972 0.787257 -0.616605 
						0.000063 1.000000 0.000754 -0.040725 0.999170 0.000523 -0.023834 0.999696 -0.006374 0.703926 0.709489 -0.033372 -0.004972 0.787257 -0.616605 0.001869 0.999289 -0.037656 0.003048 0.999607 -0.027868 0.000063 1.000000 0.000754 -0.000068 1.000000 0.000389 -0.021020 0.999562 0.020816 -0.040725 0.999170 0.000523 -0.004972 0.787257 -0.616605 -0.023834 0.999696 -0.006374 0.001869 0.999289 -0.037656 0.706481 0.707732 0.000000 0.703926 0.709489 -0.033372 0.030515 0.999534 -0.000426 0.706481 0.707732 0.000000 0.002203 0.999772 0.021216 -0.001711 0.999346 0.036115 -0.001835 0.999998 -0.000481 -0.999327 0.036465 -0.003872 -0.999598 0.028080 -0.003880 -0.692693 0.027728 -0.720699 -0.692201 0.035710 -0.720820 -0.692201 0.035710 -0.720820 -0.692693 0.027728 -0.720699 0.003666 0.027399 -0.999618 0.003674 0.034980 -0.999381 0.003674 0.034980 -0.999381 0.003666 0.027399 -0.999618 0.698133 0.027740 -0.715431 0.697722 0.035684 -0.715479 0.697722 0.035684 -0.715479 0.698133 0.027740 -0.715431 0.999598 0.028099 0.003881 0.999329 0.036410 0.003886 0.999329 0.036410 0.003886 0.999598 0.028099 0.003881 0.692707 0.027785 0.720684 0.692197 0.035688 0.720825 0.692197 0.035688 0.720825 0.692707 0.027785 0.720684 -0.003673 0.027454 0.999616 -0.003676 0.035015 0.999380 -0.003676 0.035015 0.999380 -0.003673 0.027454 0.999616 -0.698130 0.027759 0.715433 -0.697717 0.035776 0.715479 -0.697717 0.035776 0.715479 -0.698130 0.027759 0.715433 -0.999598 0.028080 -0.003880 -0.999327 0.036465 -0.003872 0.030515 0.999534 -0.000426 0.003048 0.999607 -0.027868 -0.411719 0.807716 0.421999 -0.579294 0.815115 -0.002315 -0.579294 0.815115 -0.002315 -0.411719 0.807716 0.421999 -0.697717 0.035776 0.715479 -0.999327 0.036465 -0.003872 -0.999327 0.036465 -0.003872 -0.692201 0.035710 -0.720820 -0.409017 0.807208 -0.425581 
						-0.579294 0.815115 -0.002315 -0.579294 0.815115 -0.002315 -0.409017 0.807208 -0.425581 0.002203 0.999772 0.021216 0.030515 0.999534 -0.000426 -0.692201 0.035710 -0.720820 0.003674 0.034980 -0.999381 0.002080 0.803162 -0.595756 -0.409017 0.807208 -0.425581 -0.409017 0.807208 -0.425581 0.002080 0.803162 -0.595756 -0.001711 0.999346 0.036115 0.002203 0.999772 0.021216 0.003674 0.034980 -0.999381 0.697722 0.035684 -0.715479 0.412333 0.807193 -0.422399 0.002080 0.803162 -0.595756 0.002080 0.803162 -0.595756 0.412333 0.807193 -0.422399 -0.021020 0.999562 0.020816 -0.001711 0.999346 0.036115 0.697722 0.035684 -0.715479 0.999329 0.036410 0.003886 0.580035 0.814588 0.002278 0.412333 0.807193 -0.422399 0.412333 0.807193 -0.422399 0.580035 0.814588 0.002278 -0.040725 0.999170 0.000523 -0.021020 0.999562 0.020816 0.999329 0.036410 0.003886 0.692197 0.035688 0.720825 0.409689 0.806616 0.426059 0.580035 0.814588 0.002278 0.580035 0.814588 0.002278 0.409689 0.806616 0.426059 -0.023834 0.999696 -0.006374 -0.040725 0.999170 0.000523 0.692197 0.035688 0.720825 -0.003676 0.035015 0.999380 -0.001909 0.803083 0.595864 0.409689 0.806616 0.426059 0.409689 0.806616 0.426059 -0.001909 0.803083 0.595864 0.001869 0.999289 -0.037656 -0.023834 0.999696 -0.006374 -0.003676 0.035015 0.999380 -0.697717 0.035776 0.715479 -0.411719 0.807716 0.421999 -0.001909 0.803083 0.595864 -0.001909 0.803083 0.595864 -0.411719 0.807716 0.421999 0.003048 0.999607 -0.027868 0.001869 0.999289 -0.037656 -0.003439 0.999988 -0.003621 0.000018 0.999988 -0.004997 0.002707 0.680899 -0.732372 -0.504836 0.684752 -0.525599 -0.504836 0.684752 -0.525599 0.002707 0.680899 -0.732372 0.003666 0.027399 -0.999618 -0.692693 0.027728 -0.720699 0.000018 0.999988 -0.004997 0.003465 0.999988 -0.003593 0.508821 0.684865 -0.521595 
						0.002707 0.680899 -0.732372 0.002707 0.680899 -0.732372 0.508821 0.684865 -0.521595 0.698133 0.027740 -0.715431 0.003666 0.027399 -0.999618 0.003465 0.999988 -0.003593 0.004987 0.999988 0.000018 0.724966 0.688779 0.002871 0.508821 0.684865 -0.521595 0.508821 0.684865 -0.521595 0.724966 0.688779 0.002871 0.999598 0.028099 0.003881 0.698133 0.027740 -0.715431 0.004987 0.999988 0.000018 0.003439 0.999988 0.003615 0.504792 0.684804 0.525574 0.724966 0.688779 0.002871 0.724966 0.688779 0.002871 0.504792 0.684804 0.525574 0.692707 0.027785 0.720684 0.999598 0.028099 0.003881 0.003439 0.999988 0.003615 -0.000018 0.999987 0.004991 -0.002772 0.680924 0.732349 0.504792 0.684804 0.525574 0.504792 0.684804 0.525574 -0.002772 0.680924 0.732349 -0.003673 0.027454 0.999616 0.692707 0.027785 0.720684 -0.000018 0.999987 0.004991 -0.003466 0.999988 0.003588 -0.508839 0.684797 0.521667 -0.002772 0.680924 0.732349 -0.002772 0.680924 0.732349 -0.508839 0.684797 0.521667 -0.698130 0.027759 0.715433 -0.003673 0.027454 0.999616 -0.999598 0.028080 -0.003880 -0.698130 0.027759 0.715433 -0.508839 0.684797 0.521667 -0.724985 0.688758 -0.002786 -0.724985 0.688758 -0.002786 -0.508839 0.684797 0.521667 -0.003466 0.999988 0.003588 -0.004987 0.999988 -0.000023 -0.004987 0.999988 -0.000023 -0.003439 0.999988 -0.003621 -0.504835 0.684758 -0.525593 -0.724983 0.688761 -0.002853 -0.724983 0.688761 -0.002853 -0.504835 0.684758 -0.525593 -0.692696 0.027737 -0.720696 -0.999598 0.028072 -0.003890 -0.004987 0.999988 -0.000023 -0.003466 0.999987 0.003589 -0.003439 0.999988 -0.003621 -0.000018 0.999988 0.004992 0.000017 0.999988 -0.004999 0.003439 0.999988 0.003615 0.004987 0.999988 0.000016 0.003465 0.999988 -0.003597 -0.000068 1.000000 0.000389 0.000063 1.000000 0.000754 0.040744 0.999169 0.000930 
						0.020868 0.999560 0.021067 -0.050607 0.998714 -0.003199 -0.002812 0.999964 -0.008073 -0.015243 0.998226 0.057560 -0.041697 0.996504 0.072392 -0.031579 0.997950 -0.055667 -0.082923 0.996553 0.002410 -0.014704 0.998551 -0.051756 -0.004972 0.787257 -0.616605 -0.009285 0.997800 -0.065648 0.023816 0.999699 -0.005946 -0.050607 0.998714 -0.003199 -0.041697 0.996504 0.072392 -0.082923 0.996553 0.002410 -0.004972 0.787257 -0.616605 -0.031579 0.997950 -0.055667 -0.014704 0.998551 -0.051756 -0.009285 0.997800 -0.065648 0.000063 1.000000 0.000754 0.023816 0.999699 -0.005946 0.040744 0.999169 0.000930 -0.000068 1.000000 0.000389 0.020868 0.999560 0.021067 -0.015243 0.998226 0.057560 -0.002812 0.999964 -0.008073 -0.999328 0.036450 -0.003873 -0.999598 0.028072 -0.003890 -0.692696 0.027737 -0.720696 -0.692204 0.035706 -0.720818 -0.692204 0.035706 -0.720818 -0.692696 0.027737 -0.720696 0.003666 0.027409 -0.999618 0.003676 0.034985 -0.999381 0.003676 0.034985 -0.999381 0.003666 0.027409 -0.999618 0.698136 0.027734 -0.715428 0.697717 0.035700 -0.715484 0.697717 0.035700 -0.715484 0.698136 0.027734 -0.715428 0.999598 0.028097 0.003874 0.999329 0.036423 0.003877 0.999329 0.036423 0.003877 0.999598 0.028097 0.003874 0.692712 0.027779 0.720679 0.692201 0.035668 0.720823 0.692201 0.035668 0.720823 0.692712 0.027779 0.720679 -0.003681 0.027444 0.999617 -0.003676 0.035007 0.999380 -0.003676 0.035007 0.999380 -0.003681 0.027444 0.999617 -0.698137 0.027748 0.715426 -0.697721 0.035771 0.715476 -0.697721 0.035771 0.715476 -0.698137 0.027748 0.715426 -0.999598 0.028072 -0.003890 -0.999328 0.036450 -0.003873 0.040744 0.999169 0.000930 0.023816 0.999699 -0.005946 -0.411737 0.807705 0.422002 -0.579225 0.815165 -0.002313 -0.579225 0.815165 -0.002313 -0.411737 0.807705 0.422002 -0.697721 0.035771 0.715476 
						-0.999328 0.036450 -0.003873 -0.999328 0.036450 -0.003873 -0.692204 0.035706 -0.720818 -0.408988 0.807215 -0.425597 -0.579225 0.815165 -0.002313 -0.579225 0.815165 -0.002313 -0.408988 0.807215 -0.425597 0.020868 0.999560 0.021067 0.040744 0.999169 0.000930 -0.692204 0.035706 -0.720818 0.003676 0.034985 -0.999381 0.002047 0.803074 -0.595876 -0.408988 0.807215 -0.425597 -0.408988 0.807215 -0.425597 0.002047 0.803074 -0.595876 -0.015243 0.998226 0.057560 0.020868 0.999560 0.021067 0.003676 0.034985 -0.999381 0.697717 0.035700 -0.715484 0.412324 0.807149 -0.422492 0.002047 0.803074 -0.595876 0.002047 0.803074 -0.595876 0.412324 0.807149 -0.422492 -0.041697 0.996504 0.072392 -0.015243 0.998226 0.057560 0.697717 0.035700 -0.715484 0.999329 0.036423 0.003877 0.580049 0.814579 0.002215 0.412324 0.807149 -0.422492 0.412324 0.807149 -0.422492 0.580049 0.814579 0.002215 -0.082923 0.996553 0.002410 -0.041697 0.996504 0.072392 0.999329 0.036423 0.003877 0.692201 0.035668 0.720823 0.409692 0.806581 0.426122 0.580049 0.814579 0.002215 0.580049 0.814579 0.002215 0.409692 0.806581 0.426122 -0.014704 0.998551 -0.051756 -0.082923 0.996553 0.002410 0.692201 0.035668 0.720823 -0.003676 0.035007 0.999380 -0.001935 0.803058 0.595898 0.409692 0.806581 0.426122 0.409692 0.806581 0.426122 -0.001935 0.803058 0.595898 -0.009285 0.997800 -0.065648 -0.014704 0.998551 -0.051756 -0.003676 0.035007 0.999380 -0.697721 0.035771 0.715476 -0.411737 0.807705 0.422002 -0.001935 0.803058 0.595898 -0.001935 0.803058 0.595898 -0.411737 0.807705 0.422002 0.023816 0.999699 -0.005946 -0.009285 0.997800 -0.065648 -0.003439 0.999988 -0.003621 0.000017 0.999988 -0.004999 0.002719 0.680928 -0.732345 -0.504835 0.684758 -0.525593 -0.504835 0.684758 -0.525593 0.002719 0.680928 -0.732345 0.003666 0.027409 -0.999618 
						-0.692696 0.027737 -0.720696 0.000017 0.999988 -0.004999 0.003465 0.999988 -0.003597 0.508764 0.684886 -0.521623 0.002719 0.680928 -0.732345 0.002719 0.680928 -0.732345 0.508764 0.684886 -0.521623 0.698136 0.027734 -0.715428 0.003666 0.027409 -0.999618 0.003465 0.999988 -0.003597 0.004987 0.999988 0.000016 0.724943 0.688803 0.002829 0.508764 0.684886 -0.521623 0.508764 0.684886 -0.521623 0.724943 0.688803 0.002829 0.999598 0.028097 0.003874 0.698136 0.027734 -0.715428 0.004987 0.999988 0.000016 0.003439 0.999988 0.003615 0.504752 0.684764 0.525666 0.724943 0.688803 0.002829 0.724943 0.688803 0.002829 0.504752 0.684764 0.525666 0.692712 0.027779 0.720679 0.999598 0.028097 0.003874 0.003439 0.999988 0.003615 -0.000018 0.999988 0.004992 -0.002682 0.680942 0.732332 0.504752 0.684764 0.525666 0.504752 0.684764 0.525666 -0.002682 0.680942 0.732332 -0.003681 0.027444 0.999617 0.692712 0.027779 0.720679 -0.000018 0.999988 0.004992 -0.003466 0.999987 0.003589 -0.508846 0.684851 0.521590 -0.002682 0.680942 0.732332 -0.002682 0.680942 0.732332 -0.508846 0.684851 0.521590 -0.698137 0.027748 0.715426 -0.003681 0.027444 0.999617 -0.999598 0.028072 -0.003890 -0.698137 0.027748 0.715426 -0.508846 0.684851 0.521590 -0.724983 0.688761 -0.002853 -0.724983 0.688761 -0.002853 -0.508846 0.684851 0.521590 -0.003466 0.999987 0.003589 -0.004987 0.999988 -0.000023 -0.004987 0.999988 -0.000023 -0.003439 0.999988 -0.003621 -0.504834 0.684763 -0.525587 -0.724986 0.688758 -0.002800 -0.724986 0.688758 -0.002800 -0.504834 0.684763 -0.525587 -0.692694 0.027728 -0.720699 -0.999598 0.028080 -0.003881 -0.004987 0.999988 -0.000023 -0.003466 0.999988 0.003588 -0.003439 0.999988 -0.003621 -0.000018 0.999988 0.004991 0.000018 0.999988 -0.004997 0.003438 0.999988 0.003615 0.004987 0.999987 0.000017 
						0.003466 0.999988 -0.003594 0.706522 0.707691 0.000000 0.706288 0.707924 -0.000000 0.025974 0.999662 0.000747 0.013268 0.999670 0.022016 0.000024 1.000000 0.000001 -0.001395 0.999999 0.000003 -0.001505 0.998892 0.047033 -0.022025 0.999430 0.025571 -0.000068 1.000000 0.000389 -0.000025 1.000000 0.000002 -0.041511 0.999138 -0.000091 -0.020839 0.999551 -0.021521 0.706481 0.707732 0.000000 -0.001835 0.999998 -0.000481 -0.001860 0.999305 -0.037232 0.011408 0.999791 -0.016978 -0.000025 1.000000 0.000002 0.000024 1.000000 0.000001 -0.022025 0.999430 0.025571 -0.041511 0.999138 -0.000091 -0.001835 0.999998 -0.000481 -0.000068 1.000000 0.000389 -0.020839 0.999551 -0.021521 -0.001860 0.999305 -0.037232 0.706288 0.707924 -0.000000 0.706481 0.707732 0.000000 0.011408 0.999791 -0.016978 0.025974 0.999662 0.000747 0.706522 0.707691 0.000000 0.013268 0.999670 0.022016 -0.001505 0.998892 0.047033 -0.001395 0.999999 0.000003 -0.999328 0.036455 -0.003872 -0.999598 0.028080 -0.003881 -0.692694 0.027728 -0.720699 -0.692201 0.035706 -0.720821 -0.692201 0.035706 -0.720821 -0.692694 0.027728 -0.720699 0.003666 0.027401 -0.999618 0.003674 0.034983 -0.999381 0.003674 0.034983 -0.999381 0.003666 0.027401 -0.999618 0.698132 0.027741 -0.715431 0.697723 0.035682 -0.715479 0.697723 0.035682 -0.715479 0.698132 0.027741 -0.715431 0.999598 0.028094 0.003881 0.999330 0.036391 0.003886 0.999330 0.036391 0.003886 0.999598 0.028094 0.003881 0.692707 0.027776 0.720684 0.692198 0.035668 0.720826 0.692198 0.035668 0.720826 0.692707 0.027776 0.720684 -0.003672 0.027446 0.999617 -0.003676 0.035009 0.999380 -0.003676 0.035009 0.999380 -0.003672 0.027446 0.999617 -0.698130 0.027757 0.715433 -0.697718 0.035770 0.715479 -0.697718 0.035770 0.715479 -0.698130 0.027757 0.715433 -0.999598 0.028080 -0.003881 
						-0.999328 0.036455 -0.003872 0.025974 0.999662 0.000747 0.011408 0.999791 -0.016978 -0.411743 0.807688 0.422028 -0.579351 0.815075 -0.002315 -0.579351 0.815075 -0.002315 -0.411743 0.807688 0.422028 -0.697718 0.035770 0.715479 -0.999328 0.036455 -0.003872 -0.999328 0.036455 -0.003872 -0.692201 0.035706 -0.720821 -0.409033 0.807193 -0.425594 -0.579351 0.815075 -0.002315 -0.579351 0.815075 -0.002315 -0.409033 0.807193 -0.425594 0.013268 0.999670 0.022016 0.025974 0.999662 0.000747 -0.692201 0.035706 -0.720821 0.003674 0.034983 -0.999381 0.002082 0.803162 -0.595756 -0.409033 0.807193 -0.425594 -0.409033 0.807193 -0.425594 0.002082 0.803162 -0.595756 -0.001505 0.998892 0.047033 0.013268 0.999670 0.022016 0.003674 0.034983 -0.999381 0.697723 0.035682 -0.715479 0.412340 0.807179 -0.422419 0.002082 0.803162 -0.595756 0.002082 0.803162 -0.595756 0.412340 0.807179 -0.422419 -0.022025 0.999430 0.025571 -0.001505 0.998892 0.047033 0.697723 0.035682 -0.715479 0.999330 0.036391 0.003886 0.580046 0.814581 0.002288 0.412340 0.807179 -0.422419 0.412340 0.807179 -0.422419 0.580046 0.814581 0.002288 -0.041511 0.999138 -0.000091 -0.022025 0.999430 0.025571 0.999330 0.036391 0.003886 0.692198 0.035668 0.720826 0.409690 0.806617 0.426055 0.580046 0.814581 0.002288 0.580046 0.814581 0.002288 0.409690 0.806617 0.426055 -0.020839 0.999551 -0.021521 -0.041511 0.999138 -0.000091 0.692198 0.035668 0.720826 -0.003676 0.035009 0.999380 -0.001911 0.803079 0.595870 0.409690 0.806617 0.426055 0.409690 0.806617 0.426055 -0.001911 0.803079 0.595870 -0.001860 0.999305 -0.037232 -0.020839 0.999551 -0.021521 -0.003676 0.035009 0.999380 -0.697718 0.035770 0.715479 -0.411743 0.807688 0.422028 -0.001911 0.803079 0.595870 -0.001911 0.803079 0.595870 -0.411743 0.807688 0.422028 0.011408 0.999791 -0.016978 
						-0.001860 0.999305 -0.037232 -0.003439 0.999988 -0.003621 0.000018 0.999988 -0.004997 0.002710 0.680900 -0.732371 -0.504834 0.684763 -0.525587 -0.504834 0.684763 -0.525587 0.002710 0.680900 -0.732371 0.003666 0.027401 -0.999618 -0.692694 0.027728 -0.720699 0.000018 0.999988 -0.004997 0.003466 0.999988 -0.003594 0.508807 0.684888 -0.521577 0.002710 0.680900 -0.732371 0.002710 0.680900 -0.732371 0.508807 0.684888 -0.521577 0.698132 0.027741 -0.715431 0.003666 0.027401 -0.999618 0.003466 0.999988 -0.003594 0.004987 0.999987 0.000017 0.724944 0.688802 0.002856 0.508807 0.684888 -0.521577 0.508807 0.684888 -0.521577 0.724944 0.688802 0.002856 0.999598 0.028094 0.003881 0.698132 0.027741 -0.715431 0.004987 0.999987 0.000017 0.003438 0.999988 0.003615 0.504789 0.684796 0.525587 0.724944 0.688802 0.002856 0.724944 0.688802 0.002856 0.504789 0.684796 0.525587 0.692707 0.027776 0.720684 0.999598 0.028094 0.003881 0.003438 0.999988 0.003615 -0.000018 0.999988 0.004991 -0.002772 0.680945 0.732330 0.504789 0.684796 0.525587 0.504789 0.684796 0.525587 -0.002772 0.680945 0.732330 -0.003672 0.027446 0.999617 0.692707 0.027776 0.720684 -0.000018 0.999988 0.004991 -0.003466 0.999988 0.003588 -0.508822 0.684815 0.521660 -0.002772 0.680945 0.732330 -0.002772 0.680945 0.732330 -0.508822 0.684815 0.521660 -0.698130 0.027757 0.715433 -0.003672 0.027446 0.999617 -0.999598 0.028080 -0.003881 -0.698130 0.027757 0.715433 -0.508822 0.684815 0.521660 -0.724986 0.688758 -0.002800 -0.724986 0.688758 -0.002800 -0.508822 0.684815 0.521660 -0.003466 0.999988 0.003588 -0.004987 0.999988 -0.000023 -0.004987 0.999988 -0.000024 -0.003439 0.999988 -0.003622 -0.504814 0.684779 -0.525586 -0.724969 0.688776 -0.002846 -0.724969 0.688776 -0.002846 -0.504814 0.684779 -0.525586 -0.692695 0.027745 -0.720697 
						-0.999598 0.028072 -0.003888 -0.004987 0.999988 -0.000024 -0.003465 0.999987 0.003588 -0.003439 0.999988 -0.003622 -0.000018 0.999988 0.004992 0.000017 0.999988 -0.004999 0.003439 0.999988 0.003615 0.004987 0.999988 0.000016 0.003465 0.999988 -0.003596 0.000024 1.000000 0.000001 -0.000025 1.000000 0.000002 0.041829 0.999125 0.000098 0.021870 0.999425 0.025922 -0.067399 0.997726 0.000002 -0.007239 0.999974 0.000003 -0.007383 0.998103 0.061115 -0.050110 0.997940 0.040070 -0.050607 0.998714 -0.003199 -0.086616 0.996242 0.000513 -0.077652 0.996977 0.002537 -0.040882 0.998995 -0.018398 -0.000068 1.000000 0.000389 -0.002812 0.999964 -0.008073 0.001945 0.999277 -0.037979 0.021273 0.999548 -0.021257 -0.086616 0.996242 0.000513 -0.067399 0.997726 0.000002 -0.050110 0.997940 0.040070 -0.077652 0.996977 0.002537 -0.002812 0.999964 -0.008073 -0.050607 0.998714 -0.003199 -0.040882 0.998995 -0.018398 0.001945 0.999277 -0.037979 -0.000025 1.000000 0.000002 0.021273 0.999548 -0.021257 0.041829 0.999125 0.000098 0.000024 1.000000 0.000001 0.021870 0.999425 0.025922 -0.007383 0.998103 0.061115 -0.007239 0.999974 0.000003 -0.999327 0.036468 -0.003873 -0.999598 0.028072 -0.003888 -0.692695 0.027745 -0.720697 -0.692204 0.035715 -0.720818 -0.692204 0.035715 -0.720818 -0.692695 0.027745 -0.720697 0.003666 0.027406 -0.999618 0.003676 0.034981 -0.999381 0.003676 0.034981 -0.999381 0.003666 0.027406 -0.999618 0.698135 0.027730 -0.715428 0.697716 0.035691 -0.715484 0.697716 0.035691 -0.715484 0.698135 0.027730 -0.715428 0.999598 0.028096 0.003874 0.999329 0.036419 0.003877 0.999329 0.036419 0.003877 0.999598 0.028096 0.003874 0.692712 0.027783 0.720679 0.692201 0.035670 0.720823 0.692201 0.035670 0.720823 0.692712 0.027783 0.720679 -0.003681 0.027447 0.999617 -0.003675 0.035012 0.999380 
						-0.003675 0.035012 0.999380 -0.003681 0.027447 0.999617 -0.698138 0.027741 0.715425 -0.697721 0.035784 0.715475 -0.697721 0.035784 0.715475 -0.698138 0.027741 0.715425 -0.999598 0.028072 -0.003888 -0.999327 0.036468 -0.003873 0.041829 0.999125 0.000098 0.021273 0.999548 -0.021257 -0.411698 0.807744 0.421965 -0.579168 0.815205 -0.002312 -0.579168 0.815205 -0.002312 -0.411698 0.807744 0.421965 -0.697721 0.035784 0.715475 -0.999327 0.036468 -0.003873 -0.999327 0.036468 -0.003873 -0.692204 0.035715 -0.720818 -0.408987 0.807215 -0.425598 -0.579168 0.815205 -0.002312 -0.579168 0.815205 -0.002312 -0.408987 0.807215 -0.425598 0.021870 0.999425 0.025922 0.041829 0.999125 0.000098 -0.692204 0.035715 -0.720818 0.003676 0.034981 -0.999381 0.002047 0.803084 -0.595863 -0.408987 0.807215 -0.425598 -0.408987 0.807215 -0.425598 0.002047 0.803084 -0.595863 -0.007383 0.998103 0.061115 0.021870 0.999425 0.025922 0.003676 0.034981 -0.999381 0.697716 0.035691 -0.715484 0.412299 0.807174 -0.422470 0.002047 0.803084 -0.595863 0.002047 0.803084 -0.595863 0.412299 0.807174 -0.422470 -0.050110 0.997940 0.040070 -0.007383 0.998103 0.061115 0.697716 0.035691 -0.715484 0.999329 0.036419 0.003877 0.580030 0.814592 0.002215 0.412299 0.807174 -0.422470 0.412299 0.807174 -0.422470 0.580030 0.814592 0.002215 -0.077652 0.996977 0.002537 -0.050110 0.997940 0.040070 0.999329 0.036419 0.003877 0.692201 0.035670 0.720823 0.409694 0.806579 0.426124 0.580030 0.814592 0.002215 0.580030 0.814592 0.002215 0.409694 0.806579 0.426124 -0.040882 0.998995 -0.018398 -0.077652 0.996977 0.002537 0.692201 0.035670 0.720823 -0.003675 0.035012 0.999380 -0.001932 0.803056 0.595901 0.409694 0.806579 0.426124 0.409694 0.806579 0.426124 -0.001932 0.803056 0.595901 0.001945 0.999277 -0.037979 -0.040882 0.998995 -0.018398 
						-0.003675 0.035012 0.999380 -0.697721 0.035784 0.715475 -0.411698 0.807744 0.421965 -0.001932 0.803056 0.595901 -0.001932 0.803056 0.595901 -0.411698 0.807744 0.421965 0.021273 0.999548 -0.021257 0.001945 0.999277 -0.037979 -0.003439 0.999988 -0.003622 0.000017 0.999988 -0.004999 0.002713 0.680934 -0.732340 -0.504814 0.684779 -0.525586 -0.504814 0.684779 -0.525586 0.002713 0.680934 -0.732340 0.003666 0.027406 -0.999618 -0.692695 0.027745 -0.720697 0.000017 0.999988 -0.004999 0.003465 0.999988 -0.003596 0.508760 0.684892 -0.521619 0.002713 0.680934 -0.732340 0.002713 0.680934 -0.732340 0.508760 0.684892 -0.521619 0.698135 0.027730 -0.715428 0.003666 0.027406 -0.999618 0.003465 0.999988 -0.003596 0.004987 0.999988 0.000016 0.724947 0.688799 0.002828 0.508760 0.684892 -0.521619 0.508760 0.684892 -0.521619 0.724947 0.688799 0.002828 0.999598 0.028096 0.003874 0.698135 0.027730 -0.715428 0.004987 0.999988 0.000016 0.003439 0.999988 0.003615 0.504736 0.684790 0.525646 0.724947 0.688799 0.002828 0.724947 0.688799 0.002828 0.504736 0.684790 0.525646 0.692712 0.027783 0.720679 0.999598 0.028096 0.003874 0.003439 0.999988 0.003615 -0.000018 0.999988 0.004992 -0.002679 0.680954 0.732321 0.504736 0.684790 0.525646 0.504736 0.684790 0.525646 -0.002679 0.680954 0.732321 -0.003681 0.027447 0.999617 0.692712 0.027783 0.720679 -0.000018 0.999988 0.004992 -0.003465 0.999987 0.003588 -0.508867 0.684829 0.521598 -0.002679 0.680954 0.732321 -0.002679 0.680954 0.732321 -0.508867 0.684829 0.521598 -0.698138 0.027741 0.715425 -0.003681 0.027447 0.999617 -0.999598 0.028072 -0.003888 -0.698138 0.027741 0.715425 -0.508867 0.684829 0.521598 -0.724969 0.688776 -0.002846 -0.724969 0.688776 -0.002846 -0.508867 0.684829 0.521598 -0.003465 0.999987 0.003588 -0.004987 0.999988 -0.000024 
						-0.006076 0.620996 -0.783790 -0.004972 0.787257 -0.616605 -0.006340 0.583155 -0.812336 0.178846 0.282688 -0.942392 0.703926 0.709489 -0.033372 -0.311695 -0.481296 -0.819268 -0.006133 -0.717328 -0.696708 -0.008250 -0.482637 -0.875782 -0.216632 -0.299538 -0.929165 -0.395464 -0.674139 -0.623815 -0.005537 -0.876620 -0.481152 -0.006133 -0.717328 -0.696708 -0.311695 -0.481296 -0.819268 0.000000 -1.000000 0.000000 0.000000 -1.000000 0.000000 0.000000 -1.000000 0.000000 0.000000 -1.000000 0.000000 -0.000003 -0.002847 -0.999996 0.000008 -0.001046 -0.999999 0.000056 0.006531 -0.999979 0.000056 0.006531 -0.999979 -0.000037 -0.008228 -0.999966 -0.000037 -0.008228 -0.999966 0.000008 -0.001046 -0.999999 -0.000003 -0.002847 -0.999996 -0.005184 0.998918 -0.046214 -0.005184 0.998918 -0.046214 -0.005184 0.998918 -0.046214 -0.005184 0.998918 -0.046214 -0.210566 0.434494 -0.875715 -0.005317 0.718380 -0.695630 -0.005706 0.842801 -0.538196 -0.325112 0.633539 -0.702090 -0.166468 0.225688 -0.959872 -0.008023 0.541814 -0.840460 -0.005317 0.718380 -0.695630 -0.210566 0.434494 -0.875715 0.001577 -0.515713 -0.856760 -0.002180 -0.353011 -0.935617 0.066266 -0.249628 -0.966072 0.110966 -0.103163 -0.988455 0.000008 -0.060019 -0.998197 0.110966 -0.103163 -0.988455 0.000042 -0.300802 -0.953687 0.001577 -0.515713 -0.856760 -0.031579 0.997950 -0.055667 -0.050607 0.998714 -0.003199 -0.082923 0.996553 0.002410 0.703926 0.709489 -0.033372 0.003048 0.999607 -0.027868 0.030515 0.999534 -0.000426 0.004639 -0.999989 -0.000036 0.004639 -0.999989 -0.000036 0.004639 -0.999989 -0.000036 0.004639 -0.999989 -0.000036 0.182076 0.079747 0.980045 0.110966 -0.103164 0.988455 0.710352 0.702512 0.043334 0.182076 0.079747 -0.980045 0.110966 -0.103163 -0.988455 0.066266 -0.249628 -0.966072 0.132116 0.070271 -0.988740 0.001577 -0.515713 0.856760 0.110966 -0.103164 0.988455 
						0.066266 -0.249627 0.966072 -0.002180 -0.353008 0.935618 0.345593 0.002669 0.938381 0.214485 0.173010 0.961282 0.139840 0.493700 0.858315 0.002870 0.438700 0.898629 0.139840 0.493700 0.858315 0.214485 0.173010 0.961282 0.345593 0.002669 -0.938381 0.348842 0.000306 -0.937182 0.436181 0.000185 -0.899859 0.139840 0.493699 -0.858316 0.002870 0.438702 -0.898628 0.139840 0.493699 -0.858316 0.001921 0.687653 -0.726037 0.001078 0.465920 -0.884826 
					</float_array>
					<technique_common>
						<accessor count="3152" offset="0" source="#meshId0-normals-array" stride="3">
							<param name="X" type="float" />
							<param name="Y" type="float" />
							<param name="Z" type="float" />
						</accessor>
					</technique_common>
				</source>
				<source id="meshId0-tangents" name="meshId0-tangents">
					<float_array id="meshId0-tangents-array" count="9456"> 
						-0.068116 -0.282221 0.956928 -0.039071 0.004016 0.999228 -0.039284 0.004038 0.999220 -0.067737 -0.276303 0.958681 -0.019324 -0.037636 0.999105 -0.026611 -0.031477 0.999150 -0.013542 -0.040615 0.999083 -0.030909 0.024082 0.999232 -0.031060 0.023887 0.999232 -0.019351 0.038957 0.999053 -0.225815 -0.241186 0.943841 -0.179845 -0.279531 0.943143 -0.150238 -0.301241 0.941638 -0.214856 -0.258230 0.941889 -0.225880 -0.277661 0.933747 -0.228941 -0.274356 0.933978 -0.165154 -0.325791 0.930905 -0.159952 -0.336945 0.927838 -0.160813 -0.190219 0.968481 -0.106910 -0.136643 0.984835 -0.106112 -0.235090 0.966164 -0.148288 -0.301466 0.941875 -0.000476 0.059545 0.998226 -0.033049 0.025749 0.999122 -0.017882 0.037816 0.999125 -0.001609 0.053330 0.998576 -0.000481 0.059240 0.998244 -0.003000 0.061709 0.998090 -0.006484 0.057413 0.998330 -0.002798 0.062166 0.998062 -0.010184 0.024880 0.999639 -0.010214 0.024917 0.999637 0.011505 0.046944 0.998831 0.012279 0.046741 0.998832 0.104911 -0.519572 0.847961 0.006806 -0.519801 0.854260 -0.082591 -0.280626 0.956257 0.034237 -0.285826 0.957670 0.154445 -0.298639 0.941786 0.038427 -0.298515 0.953631 -0.097248 -0.513782 0.852391 0.023628 -0.519457 0.854170 -0.213254 -0.091474 0.972705 -0.124820 -0.092580 0.987851 -0.040247 -0.297494 0.953875 -0.129459 -0.296067 0.946353 -0.126987 -0.987340 0.095047 -0.396275 -0.913881 0.088250 -0.126987 -0.987340 0.095047 0.152201 -0.983828 0.094434 0.000241 -1.000000 -0.000000 -0.000321 -0.999454 -0.033035 0.000242 -1.000000 -0.000000 0.000254 -0.998197 -0.060020 0.000249 -1.000000 -0.000000 -0.188608 0.675710 -0.712632 -0.075677 0.869626 -0.487877 -0.224364 0.707821 -0.669813 -0.300420 0.503009 -0.810389 0.013924 0.966714 0.255479 -0.077393 0.848788 0.523038 -0.072980 0.855715 0.512275 0.000529 0.961936 0.273273 -0.071082 0.848649 0.524159 
						-0.098387 0.755580 0.647626 -0.102318 0.792407 0.601350 -0.078661 0.855714 0.511434 -0.483040 0.002791 -0.875594 -0.435423 0.002513 -0.900223 -0.386553 0.002228 -0.922264 -0.435423 0.002513 -0.900223 0.150090 -0.978153 -0.143839 0.252421 -0.953673 -0.163679 -0.194220 -0.771323 0.606085 -0.042912 -0.899044 0.435752 0.019222 -0.995661 0.091044 0.364446 -0.930646 0.032836 0.365572 -0.930378 -0.027436 0.018373 -0.999231 0.034649 -0.095455 0.994367 0.046064 -0.095177 0.993975 0.054366 0.007170 0.700182 0.713929 -0.015378 0.790567 0.612183 0.289120 -0.869379 -0.400738 0.497680 -0.728114 -0.471344 0.169735 -0.953893 -0.247546 0.049731 -0.978946 -0.197966 0.303800 -0.792648 -0.528596 0.466723 -0.678074 -0.567790 0.447390 -0.650816 -0.613417 0.293144 -0.762747 -0.576441 0.612408 -0.630064 0.477467 0.002136 -0.957944 0.286949 -0.143632 -0.983858 0.106741 0.628574 -0.660881 0.410038 -0.064959 0.545936 -0.835305 -0.011129 0.637864 -0.770069 -0.076884 0.759561 -0.645877 0.116769 0.687572 -0.716666 0.006643 0.730531 -0.682847 0.082611 0.689138 -0.719906 0.013677 0.982897 -0.183645 0.018829 0.981224 -0.191948 0.069789 0.729419 -0.680498 0.009567 0.982670 -0.185119 -0.051531 0.998368 -0.024602 -0.050528 0.998478 -0.022110 0.011087 0.980831 -0.194547 -0.087186 0.995614 -0.033922 -0.087870 0.995622 -0.031862 -0.086432 0.995624 -0.035523 -0.085502 0.995613 -0.038001 -0.005114 0.968445 0.249176 -0.008830 0.962683 0.270487 0.070102 0.996633 0.042513 0.071660 0.996421 0.044837 -0.162027 -0.898921 0.407049 -0.003885 -0.743306 0.668941 0.049009 -0.537317 0.841956 -0.094335 -0.692897 0.714839 0.264375 -0.733987 -0.625595 0.646315 -0.739423 -0.188496 0.381180 -0.645792 -0.661555 -0.019747 -0.480973 -0.876513 -0.000404 -0.999454 -0.033033 -0.197684 -0.977014 -0.079777 -0.333988 -0.940878 -0.056570 -0.318568 -0.904002 -0.285122 
						0.026254 -0.856444 -0.515571 0.262293 0.000000 -0.964988 0.561645 0.000000 -0.827378 0.262293 0.000000 -0.964988 -0.065531 0.000000 -0.997851 -0.439890 -0.043782 0.896984 -0.225621 -0.046192 0.973119 0.000316 -0.046214 0.998932 -0.225621 -0.046192 0.973119 -0.003687 -0.999959 -0.008228 -0.000020 -0.999996 -0.002847 0.003647 -0.999993 -0.001046 -0.000020 -0.999966 -0.008228 -0.013833 -0.783776 0.620889 0.330255 -0.765550 0.552146 0.224311 -0.600018 0.767895 0.291361 -0.930089 0.223704 0.437683 -0.470296 0.766326 0.001290 -0.815723 -0.578441 0.009685 -0.829989 -0.557695 0.018118 -0.829882 -0.557645 0.009636 -0.815741 -0.578337 -0.024435 0.758954 0.650686 0.054675 0.802083 0.594704 -0.024497 0.796376 0.604306 -0.103273 0.755202 0.647305 0.172447 0.706679 0.686197 0.282188 0.509972 0.812587 0.204924 0.605756 0.768808 0.096463 0.796531 0.596852 0.000001 0.995289 0.096952 0.000001 0.994775 0.102096 0.000001 0.994233 0.107237 0.000001 0.994775 0.102096 -0.041422 0.999139 0.002102 -0.049213 0.998786 0.002111 -0.057004 0.998374 0.000074 -0.049216 0.998788 0.000063 0.064715 -0.310609 0.948332 0.029068 -0.647567 0.761454 -0.015269 -0.650863 0.759042 0.025023 -0.311157 0.950029 -0.017183 -0.017373 0.999701 -0.002553 -0.017349 0.999846 0.012078 -0.017321 0.999777 -0.002553 -0.017349 0.999846 0.000144 -0.999981 -0.006234 0.001669 -0.999979 -0.006228 0.003166 -0.999995 -0.000036 0.001642 -0.999999 -0.000036 0.013479 -0.808652 0.588132 -0.001016 -0.014368 0.999896 -0.022245 -0.014379 0.999649 -0.000729 -0.808735 0.588172 -0.063680 -0.307432 -0.949437 -0.026164 -0.307916 -0.951054 0.012253 -0.661323 -0.750001 -0.030118 -0.658384 -0.752080 -0.007596 0.000008 -0.999971 0.004579 0.000008 -0.999990 0.016754 0.000008 -0.999860 0.004579 0.000008 -0.999990 0.000046 -1.000000 -0.000049 -0.000048 -0.999987 0.005022 
						-0.000120 -0.999987 0.005022 -0.000026 -1.000000 -0.000044 -0.011483 -0.007414 0.999907 0.000292 -0.535318 0.844650 0.011581 -0.535246 0.844617 -0.000619 -0.007457 0.999972 -0.047234 0.744723 -0.665700 -0.346791 0.654267 -0.672064 -0.310476 0.644222 -0.698987 0.013104 0.732737 -0.680386 0.085066 0.920712 0.380857 0.045746 0.860629 0.507174 0.007783 0.782047 0.623171 0.050552 0.859808 0.508108 -0.000311 -0.759181 -0.650879 -0.005513 -0.713236 -0.700903 -0.000059 -0.713331 -0.700827 0.005129 -0.759182 -0.650859 -0.004122 -0.753725 -0.657177 -0.001169 -0.757286 -0.653083 -0.002367 -0.753484 -0.657462 -0.005908 -0.750003 -0.661408 -0.115372 -0.308001 -0.944365 0.062767 -0.343708 -0.936977 -0.000115 -0.270981 -0.962585 -0.170273 -0.217207 -0.961160 -0.070257 -0.708976 -0.701724 -0.000188 -0.343369 -0.939201 0.063461 -0.342629 -0.937325 0.000064 -0.710837 -0.703357 0.157794 0.465566 0.870833 0.093179 0.401219 0.911231 -0.036829 0.545380 0.837379 -0.061823 0.627454 0.776196 -0.008905 0.000001 -0.999960 0.000022 0.000001 -1.000000 0.008949 0.000001 -0.999960 0.000022 0.000001 -1.000000 0.516573 -0.000001 0.856243 0.532442 -0.000001 0.846466 0.516573 -0.000001 0.856243 0.500523 -0.000001 0.865723 -0.074466 -0.184100 0.980083 0.048702 -0.521976 0.851569 -0.015520 -0.754506 0.656109 -0.169756 -0.458481 0.872341 -0.071703 -0.682865 0.727017 0.000430 -0.334615 0.942355 0.066261 -0.333931 0.940266 0.000142 -0.684478 0.729033 -0.000378 -0.263412 0.964683 -0.064395 -0.335460 0.939851 0.110074 -0.301768 0.947006 0.170479 -0.211289 0.962442 0.000276 -1.000000 0.000000 0.000004 -0.999990 -0.004463 -0.000278 -0.999990 -0.004464 -0.000006 -1.000000 -0.000001 -0.010038 0.999252 0.037342 -0.010318 0.999078 0.041662 -0.011420 0.998887 0.045760 -0.011140 0.999079 0.041441 0.016754 -0.000004 -0.999860 0.003924 -0.000004 -0.999992 
						-0.008905 -0.000004 -0.999960 0.003924 -0.000004 -0.999992 -0.009220 -0.000354 0.999957 -0.000044 -0.000346 1.000000 0.009132 -0.000337 0.999958 -0.000044 -0.000346 1.000000 -0.004040 -0.000601 0.999992 -0.017211 -0.000659 0.999852 -0.004040 -0.000601 0.999992 0.009133 -0.000544 0.999958 0.015891 0.557015 -0.830351 -0.112102 0.408505 -0.905846 -0.177870 0.471611 -0.863681 0.049947 0.640609 -0.766241 0.000339 -0.999985 0.005441 -0.000005 -0.999985 0.005440 -0.000337 -1.000000 -0.000001 0.000007 -1.000000 -0.000001 -0.000124 -0.999990 0.004534 -0.000293 -0.999993 0.003763 0.000940 -0.999990 0.004301 0.001109 -0.999986 0.005071 -0.555790 -0.000205 -0.831323 -0.534998 -0.000190 -0.844853 -0.513878 -0.000175 -0.857863 -0.534998 -0.000190 -0.844853 0.008742 0.999295 -0.036514 0.007639 0.999445 -0.032414 0.007539 0.999578 -0.028044 0.008641 0.999446 -0.032145 -0.000772 -0.999994 -0.003530 0.000239 -0.999995 -0.003088 0.000101 -0.999993 -0.003721 -0.000910 -0.999991 -0.004162 -0.011425 -0.007383 0.999907 -0.000466 -0.534765 0.845001 0.010627 -0.534253 0.845258 -0.000755 -0.007455 0.999972 -0.039828 -0.517967 0.854473 0.064253 -0.191031 0.979479 0.145519 -0.472953 0.868988 0.014293 -0.754832 0.655762 -0.070020 -0.188317 0.979609 0.044035 -0.520289 0.852854 -0.015419 -0.754537 0.656077 -0.158192 -0.466090 0.870480 0.009578 -0.710370 -0.703763 -0.002589 -0.501951 -0.864892 -0.007092 -0.502117 -0.864771 0.004710 -0.711449 -0.702722 0.004320 -0.465129 -0.885232 -0.014048 -0.506671 -0.862025 0.055392 -0.476875 -0.877224 0.091210 -0.432313 -0.897099 0.002911 0.000007 -0.999996 0.004223 0.000007 -0.999991 0.002911 0.000007 -0.999996 0.001600 0.000007 -0.999999 -0.001687 0.000000 -0.999999 -0.001687 0.000000 -0.999999 0.004223 0.000000 -0.999991 -0.061891 -0.478415 -0.875950 -0.001137 -0.490296 -0.871555 -0.012877 -0.465799 -0.884797 
						-0.094795 -0.454250 -0.885817 -0.000656 -0.999924 0.012349 -0.000153 -0.999930 0.011854 -0.000257 -0.999923 0.012423 -0.000759 -0.999916 0.012918 -0.001049 -0.000006 -0.999999 0.000291 -0.000006 -1.000000 0.001632 -0.000006 -0.999999 0.000291 -0.000006 -1.000000 0.000540 -0.999882 0.015352 -0.000130 -0.999928 0.012011 0.004520 -0.999884 0.014564 0.005168 -0.999826 0.017910 0.000116 -1.000000 0.000042 -0.000185 -0.999930 0.011798 -0.000501 -0.999930 0.011799 -0.000200 -1.000000 0.000041 0.004123 -0.999992 0.000037 0.004484 -0.999990 0.000035 0.004825 -0.999885 -0.014366 0.004465 -0.999887 -0.014366 0.004030 -0.999875 -0.015300 0.003895 -0.999886 -0.014582 0.004441 -0.999874 -0.015224 0.004575 -0.999862 -0.015946 0.003907 -0.032449 0.999466 0.004889 -0.032448 0.999461 0.005870 -0.032447 0.999456 0.004889 -0.032448 0.999461 0.012086 -0.033250 0.999374 0.008006 -0.032621 0.999436 0.003927 -0.031992 0.999480 0.008006 -0.032621 0.999436 -0.001404 -0.999883 -0.015245 -0.001182 -0.999898 -0.014204 0.003989 -0.999892 -0.014143 0.003785 -0.999877 -0.015188 0.055425 -0.537345 0.841539 0.038995 -0.537624 0.842283 0.057422 -0.696404 0.715349 0.074886 -0.695014 0.715086 -0.038267 -0.514649 0.856547 0.042213 -0.560794 0.826879 0.012426 -0.500897 0.865418 -0.090235 -0.452624 0.887124 0.002969 -0.033717 0.999427 -0.000034 -0.034255 0.999413 0.002969 -0.033717 0.999427 0.005972 -0.033179 0.999432 0.057711 -0.479001 0.875915 0.048330 -0.507392 0.860359 0.071103 -0.481640 0.873480 0.087416 -0.452565 0.887437 0.041805 -0.758192 -0.650690 0.029140 -0.913577 -0.405620 0.019192 -0.913792 -0.405729 0.031348 -0.761090 -0.647889 0.026832 -0.913407 -0.406162 -0.023601 -0.905424 -0.423851 -0.030558 -0.900414 -0.433959 0.028583 -0.909398 -0.414944 0.043147 -0.910853 -0.410470 0.022705 -0.912347 -0.408788 0.022482 -0.911800 -0.410018 
						0.046185 -0.909944 -0.412152 -0.072684 0.972303 0.222133 -0.091178 0.995650 -0.019146 -0.091209 0.995658 -0.018613 -0.090390 0.995349 0.033320 -0.092273 0.995546 -0.019347 -0.085876 0.995680 -0.035315 -0.089745 0.995432 -0.032557 -0.095357 0.995252 -0.019481 -0.024779 0.969419 0.244156 -0.000362 0.984201 -0.177054 0.032693 0.999355 -0.014883 0.023230 0.999567 0.018054 0.034299 0.761375 -0.647403 0.117756 0.726613 -0.676880 0.035135 0.929980 -0.365927 -0.049374 0.962045 -0.268386 0.092771 0.926623 -0.364366 0.126124 0.972229 0.197136 0.166422 0.856692 0.488245 0.133682 0.954508 -0.266539 -0.179292 -0.955420 -0.234576 -0.016104 -0.973947 0.226205 -0.002199 -0.840494 0.541817 -0.063015 -0.933712 -0.352436 0.003677 -0.815715 -0.578443 0.000277 -0.815795 -0.578340 -0.002214 -0.972917 -0.231143 0.001462 -0.973108 -0.230344 0.000808 -0.978203 0.207648 0.000225 -0.978107 0.208102 -0.000261 -0.808725 0.588186 0.000282 -0.808735 0.588172 0.000357 -0.877890 -0.478862 0.001813 -0.878068 -0.478532 0.003744 -0.978100 0.208101 0.002214 -0.978201 0.207647 0.000039 -0.973110 -0.230341 0.000437 -0.972918 -0.231151 0.002518 -0.878763 0.477252 0.002172 -0.878499 0.477739 -0.090015 -0.984818 0.148426 0.090442 -0.977056 0.192826 0.083246 -0.958756 0.271766 -0.030020 -0.976285 0.214396 -0.070320 -0.871625 0.485103 -0.108326 -0.907279 0.406337 0.079882 -0.887486 0.453859 0.114244 -0.840292 0.529959 -0.083809 -0.964859 -0.249044 0.070148 -0.959439 -0.273051 0.037632 -0.960462 -0.275857 -0.067602 -0.962423 -0.263005 0.096331 0.987492 -0.124821 -0.086774 0.967738 -0.236545 -0.050235 0.986243 -0.157482 0.057772 0.996231 -0.064704 -0.055288 -0.958193 -0.280730 0.066328 -0.971988 -0.225478 0.047994 -0.979552 -0.195385 -0.029679 -0.969609 -0.242852 0.026726 -0.731141 -0.681703 0.054082 -0.655520 -0.753239 0.066425 -0.733383 -0.676563 
						0.069589 -0.802594 -0.592453 -0.083791 -0.982336 0.167319 0.082739 -0.985925 0.145278 0.029279 -0.982229 0.185391 -0.070161 -0.973111 0.219389 -0.132114 0.890922 -0.434515 -0.173526 0.871491 -0.458684 -0.210087 0.710109 -0.672018 -0.147655 0.867538 -0.474949 0.087166 0.995581 -0.034934 0.030474 0.864276 -0.502094 0.097130 0.994148 -0.047286 0.094577 0.994883 -0.035529 -0.015750 0.790530 0.612221 -0.068896 0.972669 0.221737 -0.096465 0.994700 0.035582 -0.095756 0.994332 0.046210 0.112055 0.973534 0.199189 0.159551 0.795385 0.584727 0.212959 0.604721 0.767438 0.199265 0.851460 0.485088 -0.028183 -0.974145 0.224157 0.003604 -0.895448 0.445152 -0.001298 -0.695643 0.718386 -0.053843 -0.839501 0.540684 0.087063 -0.953901 -0.287214 0.151886 -0.876373 -0.457058 0.035588 -0.978039 -0.205360 0.019824 -0.993118 -0.115431 0.097244 -0.991327 -0.088396 0.149967 -0.978162 -0.143908 -0.034970 -0.898573 0.437428 0.021982 -0.972363 0.232438 0.005857 -0.863179 -0.504864 0.049102 -0.953905 -0.296066 0.067961 -0.874056 -0.481048 0.002277 -0.696727 -0.717333 0.000014 -0.658658 -0.752442 0.002323 -0.661379 -0.750048 0.005019 -0.878057 -0.478529 0.002678 -0.877886 -0.478862 -0.000460 -0.878500 0.477743 0.001982 -0.878764 0.477253 0.004759 -0.650942 0.759113 0.002355 -0.647826 0.761785 0.042412 -0.760525 0.647922 0.073461 -0.760382 0.645308 -0.004011 -0.753793 0.657100 -0.090002 -0.730403 0.677061 -0.010630 0.893165 0.449603 0.017084 0.785203 0.619003 0.017094 0.645085 0.763920 -0.029874 0.794193 0.606932 0.079343 -0.747307 -0.659725 0.003249 -0.765473 -0.643459 -0.060892 -0.771453 -0.633366 -0.035368 -0.771411 -0.635354 -0.010740 0.604368 -0.796633 -0.014185 0.766668 -0.641888 0.031602 0.889842 -0.455174 0.042324 0.776954 -0.628132 0.033058 -0.756812 -0.652796 0.059633 -0.756779 -0.650945 -0.000644 -0.752590 -0.658489 
						-0.040045 -0.746738 -0.663912 0.044654 -0.742356 -0.668516 0.005178 -0.750120 -0.661281 -0.063022 -0.756948 -0.650429 -0.033006 -0.755812 -0.653957 0.053606 -0.733948 0.677087 0.009645 -0.747044 0.664705 -0.069079 -0.757203 0.649516 -0.039228 -0.753678 0.656073 0.066833 -0.754062 0.653394 -0.002333 -0.747270 0.664516 -0.016520 -0.743640 0.668376 0.039271 -0.752141 0.657831 0.000816 -0.916289 0.400516 0.000094 -0.684670 0.728853 -0.000556 -0.684478 0.729034 0.000137 -0.915831 0.401563 0.000011 -0.876467 -0.481463 0.000940 -0.710701 -0.703493 -0.000061 -0.710837 -0.703357 -0.001006 -0.876688 -0.481058 0.000048 -0.710586 -0.703611 -0.000760 -0.711561 -0.702624 0.003777 -0.868668 -0.495381 0.004692 -0.869678 -0.493596 0.003108 -0.925582 0.378535 0.000913 -0.697158 0.716917 0.002144 -0.697696 0.716391 0.004214 -0.918335 0.395781 -0.002665 0.968565 0.248748 0.049917 0.998469 0.023841 0.065888 0.996986 0.040969 -0.016033 0.963195 0.268326 -0.074334 0.855718 0.512076 -0.062737 0.922894 0.379910 -0.019646 0.969265 0.245233 -0.006200 0.962483 0.271273 -0.067973 0.984445 -0.162012 -0.122642 0.967234 0.222299 -0.076912 0.922176 0.379046 -0.096879 0.942183 0.320789 -0.082988 0.921811 0.378652 -0.075321 0.855718 0.511931 -0.089311 0.793409 0.602101 -0.090019 0.895098 -0.436688 -0.072862 0.984279 -0.160891 -0.078032 0.922111 0.378975 -0.077005 0.943836 0.321315 -0.038818 0.999201 -0.009535 0.005213 0.983054 -0.183245 0.014544 0.981014 -0.193388 -0.047805 0.998634 -0.021092 0.025909 0.983748 -0.177676 -0.022156 0.999734 -0.006475 0.000408 0.976846 0.213944 0.027104 0.981573 -0.189155 0.030531 0.983841 -0.176421 0.062789 0.928758 -0.365331 0.074798 0.729205 -0.680195 0.077145 0.927841 -0.364910 0.123639 0.980890 -0.150228 0.089982 0.975176 0.202323 0.098771 -0.958154 0.268673 0.107751 -0.978008 0.178580 
						0.068589 -0.995741 0.061603 0.043891 -0.996372 0.072921 0.085716 -0.979670 0.181381 0.093366 -0.953760 -0.285699 0.036740 -0.993297 -0.109594 0.066926 -0.995840 0.061832 0.074618 -0.994952 0.067097 0.068235 -0.995763 0.061652 0.045039 -0.966465 -0.252818 0.050619 -0.992720 -0.109291 0.065743 -0.995909 0.061995 0.096661 -0.991366 -0.088603 0.022331 -0.972342 0.232494 0.040086 -0.966753 -0.252552 -0.025247 -0.684347 -0.728719 -0.003639 -0.756970 -0.653439 -0.074108 -0.828059 -0.555721 -0.073009 -0.762591 -0.642747 -0.103081 0.792344 0.601303 -0.001902 0.803270 0.595612 0.106170 0.966249 0.234715 -0.002527 0.946685 0.322149 -0.141850 0.961880 0.233806 -0.146241 0.875389 -0.460770 -0.129456 0.891234 -0.434676 -0.130498 0.938522 0.319604 -0.029163 0.906517 0.421161 -0.067427 0.879107 0.471830 0.063584 0.895913 0.439655 0.080329 0.920292 0.382897 0.093821 -0.914142 0.394388 0.060708 -0.875100 0.480120 -0.091107 -0.835844 0.541355 -0.064335 -0.886209 0.458797 0.032427 -0.953449 -0.299807 0.086591 -0.979613 0.181271 0.014254 -0.968285 0.249443 0.004459 -0.875820 -0.482618 0.031649 -0.981688 0.187851 0.089215 -0.958548 0.270604 0.072251 -0.809962 0.582015 0.004228 -0.968396 0.249380 -0.001952 -0.999473 -0.032397 -0.000775 -0.535294 0.844666 0.001627 -0.535316 0.844650 0.000210 -0.999482 -0.032196 0.001650 -0.876465 -0.481462 -0.000024 -0.876689 -0.481058 -0.001761 -0.999474 -0.032397 -0.000093 -0.999482 -0.032196 0.115336 0.842959 -0.525469 -0.071050 0.789134 -0.610097 -0.035900 0.824144 -0.565242 0.122818 0.863625 -0.488946 0.097884 0.991109 0.090119 0.135011 0.984609 0.110988 -0.049802 0.997514 0.049852 -0.026294 0.998611 0.045651 -0.003625 -0.969539 -0.244911 -0.001755 -0.969678 -0.244378 0.001522 -0.713335 -0.700822 -0.000050 -0.713261 -0.700899 -0.000064 -0.916290 0.400516 0.000299 -0.915831 0.401563 
						0.001215 -0.969681 -0.244370 0.000845 -0.969548 -0.244900 0.004487 -0.998860 -0.047522 -0.003840 -0.869759 -0.493462 -0.005338 -0.868745 -0.495231 0.003041 -0.998908 -0.046622 -0.001223 -0.534272 0.845312 0.000897 -0.534766 0.844999 -0.002710 -0.998870 -0.047450 -0.004590 -0.998906 -0.046544 -0.066618 -0.873711 0.481862 -0.103153 -0.912093 0.396795 0.074057 -0.887355 0.455101 0.103949 -0.836984 0.537264 -0.071127 -0.971664 -0.225411 0.067359 -0.955517 -0.287139 0.037826 -0.968135 -0.247554 -0.050678 -0.979293 -0.196003 -0.004076 -0.961579 -0.274499 -0.000557 -0.758765 -0.651364 -0.001570 -0.761394 -0.648288 -0.005066 -0.957572 -0.288150 -0.001498 -0.925601 0.378498 0.000056 -0.918358 0.395750 0.004327 -0.961596 -0.274435 0.002630 -0.957598 -0.288095 -0.060299 -0.731919 -0.678718 -0.033214 -0.653109 -0.756535 -0.012070 -0.728712 -0.684713 -0.063625 -0.800790 -0.595555 -0.025461 -0.983743 0.177768 -0.076162 -0.988856 0.127918 0.078632 -0.983591 0.162377 0.066729 -0.972690 0.222307 -0.006697 -0.999974 -0.002847 0.001019 -0.999978 0.006531 0.008735 -0.999941 0.006530 0.001019 -0.999999 -0.001046 0.036936 0.999318 -0.000048 0.042129 0.999112 -0.000054 0.036932 0.999314 -0.002552 0.031738 0.999493 -0.002546 -0.000000 0.999092 -0.042597 -0.000001 0.993072 -0.117511 -0.000001 0.981442 -0.191761 -0.000001 0.993072 -0.117511 0.096277 0.994250 -0.046872 0.033825 0.863945 -0.502449 0.007192 0.669651 -0.742641 0.094964 0.993971 -0.054798 0.087313 0.996005 0.018741 0.083734 0.996001 0.031160 0.086147 0.995683 -0.034559 0.087296 0.995642 -0.032819 0.084282 0.995930 0.031940 0.080326 0.995695 0.046258 0.086827 0.995715 0.031829 0.088336 0.995910 0.018955 0.077204 0.995908 0.046981 0.078172 0.995902 0.045469 0.083374 0.996017 0.031604 0.082874 0.996025 0.032644 0.000560 0.000944 0.999999 0.002145 -0.000488 0.999998 
						0.000555 0.000936 0.999999 0.006556 -0.003978 0.999971 0.005639 -0.002916 0.999980 0.000703 0.000831 0.999999 -0.004179 0.004654 0.999980 -0.005047 0.005716 0.999971 -0.000599 0.002122 0.999998 0.000015 0.001122 0.999999 0.000536 0.000904 0.999999 0.000536 0.000904 0.999999 0.000015 0.001122 0.999999 0.000000 0.001133 0.999999 0.000015 0.001133 0.999999 0.000015 0.001133 0.999999 0.000000 0.001133 0.999999 -0.000069 0.001130 0.999999 -0.000069 0.001129 0.999999 -0.000733 0.000749 0.999999 -0.000066 0.001074 0.999999 -0.000066 0.001074 0.999999 -0.000733 0.000749 0.999999 -0.001089 0.000244 0.999999 -0.001090 0.000244 0.999999 -0.001133 -0.000000 0.999999 -0.001079 0.000241 0.999999 -0.001079 0.000241 0.999999 -0.001133 -0.000000 0.999999 -0.001134 -0.000000 0.999999 -0.001133 -0.000000 0.999999 -0.000575 -0.000977 0.999999 -0.000575 -0.000977 0.999999 -0.000575 -0.000977 0.999999 -0.000575 -0.000977 0.999999 0.000000 0.000000 1.000000 0.000000 0.000000 1.000000 0.000000 0.000000 1.000000 0.000000 0.000000 1.000000 0.000000 0.000000 1.000000 0.000000 0.000000 1.000000 0.000000 0.000000 1.000000 0.000000 0.000000 1.000000 0.000000 0.000000 1.000000 0.000000 0.000000 1.000000 0.000000 0.000000 1.000000 0.000000 0.000000 1.000000 0.000000 0.000000 1.000000 0.000000 0.000000 1.000000 0.000000 0.000000 1.000000 0.000000 0.000000 1.000000 0.000000 0.000000 1.000000 0.000000 0.000000 1.000000 0.000000 0.000000 1.000000 0.000000 0.000000 1.000000 0.005694 -0.014253 -0.999882 0.005694 -0.014253 -0.999882 0.005694 -0.014253 -0.999882 0.005694 -0.014253 -0.999882 0.015344 -0.000017 -0.999882 0.015346 -0.000019 -0.999882 0.015348 -0.000019 -0.999882 0.015346 -0.000017 -0.999882 0.015343 0.000000 -0.999882 0.015343 0.000000 -0.999882 0.000000 0.015328 -0.999883 
						0.000000 0.015335 -0.999883 0.000000 0.015342 -0.999882 0.000000 0.015335 -0.999883 -0.015319 0.000121 -0.999883 -0.015323 0.000121 -0.999883 -0.015326 0.000121 -0.999883 -0.015323 0.000121 -0.999883 0.020025 0.041370 -0.998943 -0.040954 -0.020208 -0.998957 0.012653 0.034452 -0.999326 -0.013181 0.013157 -0.999827 -0.011021 0.010995 -0.999879 -0.010412 0.010394 -0.999892 -0.009107 0.009086 -0.999917 -0.006694 0.006682 -0.999955 -0.033089 -0.014177 -0.999352 -0.015913 -0.008638 -0.999836 -0.004992 -0.013160 -0.999901 -0.005949 -0.012677 -0.999902 -0.004077 -0.013857 -0.999896 -0.005130 -0.013526 -0.999895 -0.005063 -0.013348 -0.999898 -0.005084 -0.013405 -0.999897 -0.005177 -0.013649 -0.999893 0.006354 -0.017677 -0.999824 0.000024 -0.007346 0.999973 0.000024 -0.007452 0.999972 -0.000024 0.007452 0.999972 -0.000024 0.007347 0.999973 -0.010199 -0.003350 0.999942 -0.000903 -0.000308 1.000000 0.000903 0.000308 1.000000 0.010198 0.003350 0.999942 -0.000001 -0.014383 0.999897 -0.000001 -0.014368 0.999897 0.000001 0.014368 0.999897 0.000001 0.014383 0.999897 0.001056 -0.000434 0.999999 0.011578 -0.004582 0.999922 -0.011578 0.004582 0.999922 -0.001056 0.000434 0.999999 0.000017 -0.007387 0.999973 0.000018 -0.007455 0.999972 -0.000018 0.007455 0.999972 -0.000017 0.007388 0.999973 -0.036461 0.027130 0.998967 -0.020464 0.035191 0.999171 -0.017738 0.036639 0.999171 -0.000307 0.045446 0.998967 -0.040416 -0.636267 0.770410 -0.186660 -0.484484 0.854654 -0.062707 0.069817 0.995587 0.010421 0.531325 0.847104 -0.132568 0.147601 0.980122 -0.096803 0.107780 0.989451 -0.058062 0.064646 0.996218 -0.046906 0.052225 0.997533 -0.020055 0.637977 0.769794 -0.064411 -0.000304 -0.997923 0.044475 0.050856 -0.997715 -0.287416 0.440774 -0.850359 -0.079346 0.003331 -0.996842 0.063053 0.070401 -0.995524 0.005846 0.338160 -0.941070 
						-0.650935 0.406265 -0.641274 -0.294022 0.436043 -0.850540 -0.016559 -0.000065 -0.999863 -0.016001 0.003559 -0.999866 -0.015932 -0.003649 -0.999866 -0.015704 0.004991 -0.999864 -0.021911 -0.004996 -0.999748 -0.004880 0.003605 -0.999982 -0.027977 0.000116 -0.999609 -0.061987 -0.003400 -0.998071 0.009238 -0.009221 -0.999915 0.012190 -0.021238 -0.999700 0.012413 0.000044 -0.999923 -0.077293 -0.000391 -0.997008 -0.045884 -0.021763 -0.998710 -0.012945 -0.036129 -0.999263 -0.045231 0.000404 -0.998976 -0.025569 0.616308 -0.787090 0.040914 0.007338 -0.999136 0.099767 0.003544 -0.995004 0.040588 -0.000752 -0.999176 -0.029035 0.075689 -0.996709 -0.096743 0.028024 -0.994915 -0.055177 0.037693 -0.997765 -0.019586 0.616415 -0.787178 -0.071882 -0.000743 -0.997413 -0.131058 -0.005862 -0.991357 -0.071869 -0.022277 -0.997165 -0.014117 -0.000388 -0.999900 0.069757 0.615380 -0.785138 0.059236 0.037471 -0.997541 0.059806 0.007782 -0.998180 -0.008827 0.008811 -0.999922 -0.016360 0.000923 -0.999866 0.014618 0.032504 -0.999365 0.046405 -0.046323 -0.997848 0.021690 0.000527 -0.999765 -0.013075 -0.036129 -0.999262 0.021865 -0.021256 -0.999535 0.015002 0.502899 -0.864215 -0.523442 0.662757 -0.535501 -0.606217 0.518978 -0.602630 0.005950 0.341678 -0.939798 -0.289892 0.900900 -0.323021 -0.225664 0.973637 -0.033252 -0.011798 0.999556 -0.027355 -0.145130 0.973462 -0.176946 0.207308 0.977650 -0.034985 0.278115 0.906927 -0.316443 0.130680 0.977526 -0.165424 -0.011662 0.999558 -0.027356 0.499942 0.691068 -0.521999 -0.022516 0.527479 -0.849270 -0.013694 0.358159 -0.933560 0.590530 0.542689 -0.597297 0.015027 -0.504538 -0.863259 -0.520874 -0.666626 -0.533198 -0.605467 -0.520544 -0.602033 0.005912 -0.340179 -0.940342 -0.289404 -0.901231 -0.322534 -0.226875 -0.973355 -0.033272 -0.015063 -0.999511 -0.027397 -0.145982 -0.973172 -0.177837 0.204718 -0.978194 -0.035029 
						0.276695 -0.907788 -0.315215 0.128815 -0.978072 -0.163652 -0.014903 -0.999514 -0.027398 0.496729 -0.695499 -0.519174 -0.022678 -0.531643 -0.846665 -0.013773 -0.361470 -0.932282 0.588563 -0.546736 -0.595545 -0.129965 0.004387 -0.991509 -0.140665 -0.097178 -0.985276 0.075983 -0.431035 -0.899130 -0.094471 0.028023 -0.995133 -0.155412 -0.107668 -0.981965 -0.021036 -0.483635 -0.875017 0.563293 -0.589659 -0.578794 0.100828 -0.419856 -0.901973 0.013264 0.457899 -0.888905 0.122886 0.090136 -0.988319 -0.132508 0.408877 -0.902918 -0.586032 0.555109 -0.590272 0.108492 0.079914 -0.990880 0.089500 -0.002311 -0.995984 0.055948 -0.021303 -0.998206 -0.111524 0.418644 -0.901277 -0.287017 0.902771 -0.320353 -0.033318 0.452837 -0.890971 -0.149697 0.589287 -0.793934 -0.009049 0.999348 -0.034949 -0.039251 0.450364 -0.891982 0.072681 -0.021317 -0.997128 0.031122 -0.036039 -0.998866 -0.012402 0.595723 -0.803094 -0.008934 0.999349 -0.034949 0.126463 0.590752 -0.796881 0.007959 0.460412 -0.887670 0.274614 0.909137 -0.313139 -0.012347 0.595723 -0.803095 -0.057805 -0.036148 -0.997673 -0.095026 -0.022724 -0.995215 0.015922 0.457166 -0.889239 0.566006 0.584751 -0.581122 0.105044 0.418405 -0.902166 -0.151325 0.104982 -0.982893 -0.020892 0.479942 -0.877052 0.080363 0.429587 -0.899442 -0.086016 -0.022551 -0.996038 -0.122351 -0.005508 -0.992472 -0.136846 0.094663 -0.986059 0.013319 -0.460248 -0.887691 0.123696 -0.090857 -0.988152 -0.130783 -0.410252 -0.902546 -0.583733 -0.559645 -0.588263 0.110710 -0.081617 -0.990496 0.088741 0.003094 -0.996050 0.054872 0.007666 -0.998464 -0.107762 -0.420949 -0.900661 -0.287303 -0.902598 -0.320584 -0.031226 -0.454339 -0.890281 -0.150842 -0.589255 -0.793742 -0.012526 -0.999310 -0.034969 -0.039322 -0.450964 -0.891676 0.067127 0.007954 -0.997713 0.031217 0.037571 -0.998806 -0.015395 -0.595794 -0.802990 -0.012360 -0.999312 -0.034970 
						0.122922 -0.591134 -0.797152 0.004627 -0.461216 -0.887276 0.272847 -0.910203 -0.311583 -0.015329 -0.595795 -0.802990 -0.061011 0.037691 -0.997425 -0.105771 0.028026 -0.993996 0.013055 -0.457800 -0.888960 -0.062491 0.003393 -0.998040 -0.211480 0.492192 -0.844407 -0.065787 0.730888 -0.679319 -0.016965 0.004991 -0.999844 0.017260 0.616751 -0.786969 -0.441233 0.774152 -0.453875 -0.236215 0.971359 -0.025759 -0.015381 0.732295 -0.680814 -0.016946 0.004991 -0.999844 0.032567 0.731904 -0.680629 0.184955 0.504749 -0.843220 0.028308 0.003489 -0.999593 -0.015317 0.732295 -0.680815 0.211916 0.976899 -0.027554 0.427572 0.785340 -0.447687 -0.045051 0.626221 -0.778343 0.051087 0.003407 -0.998688 0.262376 0.453668 -0.851672 -0.065201 0.064473 -0.995787 0.036478 -0.000205 -0.999334 0.268176 0.449619 -0.852012 0.637901 0.429631 -0.639139 -0.013599 0.354607 -0.934917 -0.087310 0.087758 -0.992308 -0.065426 0.000303 -0.997857 0.043125 -0.049548 -0.997840 -0.288272 -0.440127 -0.850404 -0.079371 -0.003336 -0.996840 0.062534 -0.069966 -0.995587 0.005812 -0.336783 -0.941564 -0.651125 -0.405623 -0.641488 -0.293802 -0.436165 -0.850553 -0.063541 -0.003395 -0.997974 -0.210164 -0.492993 -0.844269 -0.066836 -0.730826 -0.679283 -0.020787 -0.004996 -0.999771 0.016045 -0.616145 -0.787469 -0.440564 -0.774848 -0.453336 -0.237395 -0.971071 -0.025799 -0.019165 -0.732239 -0.680778 -0.020838 -0.004996 -0.999770 0.029200 -0.731970 -0.680711 0.183055 -0.506020 -0.842873 0.025064 -0.003506 -0.999680 -0.019133 -0.732240 -0.680778 0.208567 -0.977618 -0.027618 0.426267 -0.786731 -0.446486 -0.048097 -0.627615 -0.777037 -0.013675 -0.357794 -0.933700 -0.090190 -0.090915 -0.991766 0.264952 -0.451959 -0.851783 0.636399 -0.433767 -0.637841 -0.067757 -0.067287 -0.995430 0.032811 0.000181 -0.999462 0.047821 -0.003424 -0.998850 0.259085 -0.456037 -0.851414 -0.061681 -0.000287 -0.998096 
						0.045905 0.052435 -0.997569 -0.284928 0.442527 -0.850286 -0.076136 0.003346 -0.997092 0.065226 0.072763 -0.995214 0.005895 0.340122 -0.940363 -0.649862 0.409394 -0.640372 -0.291220 0.438037 -0.850479 -0.014231 -0.000050 -0.999899 -0.013787 0.003570 -0.999899 -0.013660 -0.003639 -0.999900 -0.013429 0.004995 -0.999897 -0.020595 -0.004996 -0.999775 -0.004609 0.003609 -0.999983 -0.027706 0.000119 -0.999616 -0.059655 -0.003408 -0.998213 -0.014127 -0.000388 -0.999900 0.042776 -0.021941 -0.998844 0.101247 -0.005047 -0.994848 0.042795 -0.000752 -0.999084 -0.115127 -0.002649 -0.993347 -0.053696 -0.074571 -0.995769 0.002681 -0.057520 -0.998341 -0.053096 0.007913 -0.998558 0.017588 0.056252 -0.998262 0.018315 0.052033 -0.998477 0.020283 -0.000730 -0.999794 -0.114927 0.612074 -0.782405 -0.090543 0.008086 -0.995860 -0.090328 0.064561 -0.993817 -0.062108 0.000052 -0.998069 -0.062401 -0.007605 -0.998022 -0.058761 -0.074761 -0.995469 -0.009557 0.616544 -0.787263 0.033642 0.065941 -0.997256 0.072449 0.052700 -0.995979 0.034281 0.056754 -0.997800 -0.075192 -0.000743 -0.997169 -0.134853 0.004585 -0.990855 -0.075536 0.007736 -0.997113 -0.025532 0.616308 -0.787091 0.054827 -0.000383 -0.998496 0.028781 0.008151 -0.999553 0.002768 -0.057518 -0.998341 0.029727 -0.021679 -0.999323 0.015139 0.506557 -0.862073 -0.520363 0.667370 -0.532766 -0.604590 0.522509 -0.601212 0.005999 0.343650 -0.939079 -0.288064 0.902095 -0.321315 -0.219654 0.975009 -0.033321 -0.002183 0.999622 -0.027402 -0.140757 0.974846 -0.172808 0.210177 0.977037 -0.034973 0.275669 0.908469 -0.314151 0.132714 0.976919 -0.167380 0.485711 0.710562 -0.509103 -0.022946 0.540046 -0.841323 -0.013721 0.359605 -0.933004 0.584605 0.554792 -0.591983 0.015167 -0.507945 -0.861256 -0.517034 -0.672325 -0.529769 -0.603953 -0.523829 -0.600703 0.005916 -0.340185 -0.940340 -0.288396 -0.901899 -0.321568 
						-0.224086 -0.974001 -0.033290 -0.010848 -0.999566 -0.027404 -0.143959 -0.973825 -0.175901 0.207155 -0.977682 -0.035005 0.277261 -0.907430 -0.315749 0.130573 -0.977555 -0.165336 -0.010765 -0.999566 -0.027404 0.496261 -0.696146 -0.518754 -0.022663 -0.531300 -0.846880 -0.013736 -0.359852 -0.932908 0.588724 -0.546399 -0.595695 -0.126301 0.004235 -0.991983 -0.140642 -0.097141 -0.985284 0.074161 -0.431839 -0.898897 -0.090512 0.008085 -0.995863 -0.154300 -0.106855 -0.982229 -0.021036 -0.483737 -0.874961 0.562376 -0.591323 -0.577988 0.100611 -0.419952 -0.901952 0.013375 0.460900 -0.887351 0.125304 0.091835 -0.987859 -0.129575 0.410298 -0.902699 -0.583621 0.559843 -0.588186 0.110989 0.081670 -0.990460 0.090359 -0.004604 -0.995899 0.055767 -0.022199 -0.998197 -0.107860 0.420363 -0.900922 -0.281853 0.906084 -0.315548 -0.029222 0.454570 -0.890231 -0.140969 0.590161 -0.794883 0.004555 0.999377 -0.034999 -0.031132 0.453780 -0.890570 0.070169 -0.022480 -0.997282 0.046549 -0.056790 -0.997300 0.002366 0.595873 -0.803075 0.004584 0.999377 -0.034999 0.128236 0.590747 -0.796601 -0.003913 0.465286 -0.885152 0.275531 0.908556 -0.314020 0.002400 0.595873 -0.803075 -0.053580 -0.058294 -0.996861 -0.102678 -0.076331 -0.991782 0.015548 0.457419 -0.889115 0.551700 0.610319 -0.568452 0.091346 0.424756 -0.900687 -0.158652 0.110281 -0.981156 -0.021366 0.493702 -0.869368 0.056738 0.440070 -0.896169 -0.097865 -0.076165 -0.992281 -0.124523 -0.012760 -0.992135 -0.150280 0.104314 -0.983125 0.013425 -0.462808 -0.886357 0.123774 -0.090854 -0.988142 -0.128391 -0.411494 -0.902324 -0.580490 -0.565940 -0.585443 0.112754 -0.083012 -0.990149 0.081261 0.004352 -0.996683 0.058653 0.052545 -0.996895 -0.102309 -0.423555 -0.900075 -0.285430 -0.903818 -0.318814 -0.028768 -0.455475 -0.889784 -0.147786 -0.589587 -0.794070 -0.008497 -0.999352 -0.034971 -0.035986 -0.452477 -0.891050 
						0.074657 0.052724 -0.995814 0.031274 0.065924 -0.997334 -0.010670 -0.595883 -0.803000 -0.008430 -0.999353 -0.034971 0.124893 -0.591041 -0.796915 0.004519 -0.461259 -0.887254 0.274011 -0.909477 -0.312682 -0.010647 -0.595883 -0.803000 -0.064068 0.064938 -0.995831 -0.097808 0.008255 -0.995171 0.014775 -0.457097 -0.889294 -0.055481 0.003422 -0.998454 -0.208309 0.494203 -0.844020 -0.058419 0.731191 -0.679667 -0.007178 0.004995 -0.999962 0.022681 0.619153 -0.784943 -0.439880 0.775641 -0.452644 -0.230318 0.972773 -0.025829 -0.006587 0.732329 -0.680919 0.033888 0.731849 -0.680623 0.179637 0.508053 -0.842386 0.029641 0.003489 -0.999555 0.213769 0.976495 -0.027560 0.425313 0.787765 -0.445573 -0.043217 0.625398 -0.779109 0.044097 0.003437 -0.999021 0.258451 0.456389 -0.851418 -0.066184 0.065554 -0.995652 0.032192 -0.000180 -0.999482 0.261455 0.454307 -0.851614 0.635844 0.435301 -0.637351 -0.013635 0.356381 -0.934241 -0.091307 0.092011 -0.991563 -0.064215 0.000301 -0.997936 0.043287 -0.049661 -0.997828 -0.287246 -0.441027 -0.850285 -0.077179 -0.003343 -0.997012 0.063589 -0.071018 -0.995446 0.005826 -0.337114 -0.941446 -0.650632 -0.407068 -0.641072 -0.291972 -0.437647 -0.850422 -0.059961 -0.003406 -0.998195 -0.208495 -0.494222 -0.843963 -0.063107 -0.730994 -0.679459 -0.015921 -0.004996 -0.999861 0.018427 -0.617354 -0.786470 -0.440041 -0.775431 -0.452848 -0.234739 -0.971716 -0.025814 -0.015155 -0.732282 -0.680833 -0.015942 -0.004996 -0.999861 0.032544 -0.731891 -0.680645 0.184241 -0.505203 -0.843104 0.028302 -0.003492 -0.999593 -0.015141 -0.732282 -0.680833 0.211305 -0.977030 -0.027603 0.426940 -0.786010 -0.447114 -0.045610 -0.626484 -0.778099 -0.013639 -0.356191 -0.934314 -0.089106 -0.089697 -0.991975 0.265816 -0.451271 -0.851878 0.636967 -0.432194 -0.638343 -0.066400 -0.065781 -0.995622 0.034383 0.000192 -0.999409 0.048826 -0.003418 -0.998801 
						0.260519 -0.454960 -0.851553 -0.059097 -0.000277 -0.998252 0.047122 0.053652 -0.997447 -0.282583 0.444186 -0.850203 -0.072777 0.003355 -0.997343 0.067621 0.075219 -0.994872 0.005955 0.341874 -0.939727 -0.648717 0.412732 -0.639389 -0.287944 0.440375 -0.850387 -0.012853 -0.000046 -0.999917 -0.012495 0.003572 -0.999916 -0.012695 -0.003637 -0.999913 -0.012805 0.004991 -0.999906 -0.019693 -0.004996 -0.999794 -0.002476 0.003597 -0.999991 -0.026237 0.000107 -0.999656 -0.060626 -0.003406 -0.998155 -0.004441 0.004434 -0.999980 0.051231 -0.022665 -0.998430 0.111769 -0.003649 -0.993728 0.032512 -0.032437 -0.998945 -0.087235 0.000004 -0.996188 -0.051120 -0.026669 -0.998336 -0.012241 -0.047041 -0.998818 -0.049869 -0.000066 -0.998756 -0.014081 -0.000388 -0.999901 0.042242 0.022391 -0.998856 0.100208 0.004256 -0.994957 0.042279 0.000004 -0.999106 -0.059447 0.059342 -0.996466 -0.046599 0.017497 -0.998760 -0.008830 0.037221 -0.999268 -0.046007 0.000403 -0.998941 -0.070697 0.000001 -0.997498 -0.130025 -0.005310 -0.991497 -0.070568 -0.027067 -0.997140 -0.012829 0.000002 -0.999918 0.022049 0.000528 -0.999757 -0.008844 0.037221 -0.999268 0.022809 0.021999 -0.999498 0.052803 -0.000383 -0.998605 -0.040120 0.040027 -0.998393 -0.118584 0.002337 -0.992941 -0.068526 0.017726 -0.997492 -0.009298 0.009281 -0.999914 0.059634 -0.059535 -0.996443 0.030563 0.000046 -0.999533 -0.012464 -0.047041 -0.998815 0.031539 -0.022422 -0.999251 0.015379 0.512773 -0.858387 -0.514013 0.676702 -0.527129 -0.601815 0.528489 -0.598763 0.006047 0.345003 -0.938582 -0.287417 0.902515 -0.320714 -0.222715 0.974315 -0.033286 -0.009418 0.999581 -0.027365 -0.142972 0.974151 -0.174894 0.208689 0.977356 -0.034980 0.278438 0.906721 -0.316747 0.131672 0.977230 -0.166384 -0.009321 0.999582 -0.027365 0.499912 0.691110 -0.521972 -0.022488 0.526859 -0.849655 -0.013655 0.356738 -0.934105 
						0.590820 0.542086 -0.597557 0.015051 -0.505319 -0.862802 -0.520751 -0.666820 -0.533076 -0.605126 -0.521295 -0.601726 0.005953 -0.341617 -0.939821 -0.288862 -0.901591 -0.322014 -0.224202 -0.973974 -0.033299 -0.010391 -0.999570 -0.027407 -0.144049 -0.973796 -0.175988 0.207045 -0.977705 -0.035015 0.276813 -0.907715 -0.315323 0.130486 -0.977580 -0.165260 -0.010321 -0.999571 -0.027407 0.493699 -0.699690 -0.516425 -0.022724 -0.533101 -0.845746 -0.013709 -0.359051 -0.933217 0.587884 -0.548128 -0.594935 -0.128152 0.002586 -0.991751 -0.142105 -0.098208 -0.984968 0.069959 -0.433708 -0.898334 -0.094527 0.017986 -0.995360 -0.153720 -0.106471 -0.982361 -0.021089 -0.485273 -0.874108 0.560072 -0.595492 -0.575942 0.099248 -0.420591 -0.901805 0.013614 0.467121 -0.884089 0.128554 0.094176 -0.987221 -0.123659 0.413043 -0.902277 -0.577719 0.571191 -0.583079 0.117115 0.086051 -0.989383 0.097426 -0.003277 -0.995237 0.064782 -0.022827 -0.997638 -0.097424 0.425082 -0.899896 -0.284783 0.904215 -0.318269 -0.025588 0.456049 -0.889587 -0.146042 0.589618 -0.794370 -0.008351 0.999354 -0.034951 -0.034802 0.452239 -0.891217 0.078317 -0.022986 -0.996664 0.036617 -0.046940 -0.998226 -0.011617 0.595738 -0.803094 -0.008245 0.999355 -0.034952 0.126789 0.590738 -0.796840 0.007903 0.460476 -0.887637 0.274810 0.909015 -0.313323 -0.011560 0.595739 -0.803095 -0.058004 -0.047034 -0.997208 -0.095249 -0.027558 -0.995072 0.016044 0.457157 -0.889241 0.565697 0.585323 -0.580848 0.105328 0.418313 -0.902175 -0.150224 0.104209 -0.983145 -0.020877 0.479672 -0.877199 0.079577 0.429978 -0.899326 -0.085502 -0.027366 -0.995962 -0.120834 -0.004928 -0.992661 -0.136626 0.094518 -0.986103 0.013314 -0.460260 -0.887684 0.124005 -0.091084 -0.988092 -0.130774 -0.410262 -0.902543 -0.583898 -0.559333 -0.588396 0.110475 -0.081457 -0.990535 0.088729 0.003779 -0.996049 0.054908 0.022641 -0.998235 
						-0.108464 -0.420633 -0.900724 -0.285371 -0.903851 -0.318773 -0.030649 -0.454584 -0.890176 -0.147562 -0.589541 -0.794146 -0.006549 -0.999366 -0.034989 -0.036777 -0.452034 -0.891242 0.068270 0.022902 -0.997404 0.032860 0.037280 -0.998764 -0.009205 -0.595826 -0.803061 -0.006514 -0.999366 -0.034989 0.125258 -0.590952 -0.796923 0.003062 -0.461861 -0.886947 0.274206 -0.909356 -0.312863 -0.060959 0.037056 -0.997452 -0.105379 0.018092 -0.994268 0.014280 -0.457314 -0.889191 -0.057859 0.003410 -0.998319 -0.206560 0.495317 -0.843797 -0.060881 0.731116 -0.679531 -0.014285 0.004991 -0.999886 0.020587 0.618217 -0.785738 -0.439064 0.776549 -0.451879 -0.232537 0.972245 -0.025797 -0.012816 0.732326 -0.680834 -0.014263 0.004991 -0.999886 0.034855 0.731853 -0.680571 0.186202 0.503950 -0.843423 0.030493 0.003481 -0.999529 -0.012764 0.732326 -0.680835 0.213617 0.976529 -0.027551 0.427961 0.784919 -0.448052 -0.043502 0.625524 -0.778991 0.052348 0.003402 -0.998623 0.263722 0.452714 -0.851763 -0.064077 0.063282 -0.995937 0.037974 -0.000213 -0.999279 0.269066 0.448977 -0.852070 0.638411 0.428214 -0.639582 -0.013563 0.353284 -0.935418 -0.086299 0.086684 -0.992491 -0.063728 0.000294 -0.997967 0.044358 -0.050850 -0.997721 -0.286757 -0.441234 -0.850343 -0.077861 -0.003342 -0.996959 0.063752 -0.071252 -0.995419 0.005854 -0.338292 -0.941023 -0.650539 -0.407353 -0.640985 -0.292629 -0.437035 -0.850511 -0.059839 -0.003409 -0.998202 -0.208659 -0.493985 -0.844062 -0.062949 -0.730993 -0.679475 -0.015429 -0.004997 -0.999868 0.018585 -0.617318 -0.786494 -0.439971 -0.775510 -0.452780 -0.234620 -0.971744 -0.025819 -0.014945 -0.732273 -0.680847 -0.015454 -0.004997 -0.999868 0.032023 -0.731891 -0.680669 0.183101 -0.506000 -0.842875 0.027785 -0.003496 -0.999608 0.210756 -0.977149 -0.027603 0.426362 -0.786630 -0.446573 -0.046078 -0.626753 -0.777855 -0.013623 -0.355815 -0.934457 
						-0.089393 -0.090063 -0.991916 0.264873 -0.452021 -0.851774 0.636810 -0.432640 -0.638197 -0.065868 -0.065285 -0.995690 0.034331 0.000189 -0.999411 0.047946 -0.003423 -0.998844 0.260484 -0.455075 -0.851501 -0.059076 -0.000274 -0.998253 0.047817 0.054443 -0.997371 -0.282579 0.444213 -0.850191 -0.073847 0.003354 -0.997264 0.067437 0.075084 -0.994894 0.005964 0.342571 -0.939473 -0.648787 0.412518 -0.639456 -0.288856 0.439748 -0.850402 -0.011150 -0.000035 -0.999938 -0.010842 0.003580 -0.999935 -0.010973 -0.003630 -0.999933 -0.011035 0.004995 -0.999927 -0.017204 -0.004996 -0.999840 -0.000683 0.003595 -0.999993 -0.023112 0.000096 -0.999733 -0.056120 -0.003420 -0.998418 0.044998 -0.026882 -0.998625 0.104676 -0.004473 -0.994496 0.045128 0.000004 -0.998981 -0.095834 -0.006471 -0.995376 -0.051365 -0.042638 -0.997769 -0.006077 -0.061155 -0.998110 -0.049048 -0.000352 -0.998796 -0.012269 0.002584 -0.999921 0.037252 0.019922 -0.999107 0.090375 0.004502 -0.995898 0.039336 0.002902 -0.999222 -0.078000 -0.000391 -0.996953 -0.047377 0.022248 -0.998629 -0.015015 0.038002 -0.999165 -0.046324 0.007935 -0.998895 -0.074029 -0.006953 -0.997232 -0.134443 -0.012995 -0.990836 -0.070732 -0.043562 -0.996544 -0.012649 -0.000852 -0.999920 0.006930 0.008093 -0.999943 -0.015171 0.038003 -0.999162 0.008551 0.018760 -0.999787 0.030347 0.004742 -0.999528 -0.070879 0.000001 -0.997485 -0.129206 0.005319 -0.991603 -0.070858 0.022718 -0.997228 -0.014058 -0.000388 -0.999901 0.064735 -0.000000 -0.997903 0.028917 0.000213 -0.999582 -0.006092 -0.061155 -0.998110 0.030953 -0.026588 -0.999167 0.015254 0.509410 -0.860389 -0.518326 0.670387 -0.530961 -0.603315 0.525264 -0.600090 0.006064 0.345943 -0.938236 -0.287862 0.902225 -0.321132 -0.221010 0.974703 -0.033300 -0.005260 0.999611 -0.027385 -0.141738 0.974539 -0.173735 0.211055 0.976849 -0.034964 0.278937 0.906400 -0.317226 
						0.133377 0.976719 -0.168022 -0.005227 0.999611 -0.027385 0.499520 0.691660 -0.521619 -0.022477 0.526296 -0.850004 -0.013597 0.354789 -0.934847 0.591080 0.541546 -0.597790 0.015306 -0.511547 -0.859119 -0.514970 -0.675341 -0.527941 -0.602331 -0.527309 -0.599285 0.006033 -0.344087 -0.938919 -0.287618 -0.902402 -0.320852 -0.224005 -0.974019 -0.033301 -0.011831 -0.999555 -0.027401 -0.143889 -0.973846 -0.175843 0.207565 -0.977594 -0.035014 0.278466 -0.906661 -0.316896 0.130886 -0.977465 -0.165626 -0.011722 -0.999556 -0.027402 0.500593 -0.690080 -0.522682 -0.022503 -0.526490 -0.849884 -0.013668 -0.357387 -0.933857 0.590971 -0.541763 -0.597701 -0.120436 0.004951 -0.992709 -0.135845 -0.093711 -0.986288 0.080469 -0.429005 -0.899711 -0.084814 0.022992 -0.996131 -0.149835 -0.103659 -0.983262 -0.020870 -0.478790 -0.877681 0.566249 -0.584224 -0.581416 0.105447 -0.417702 -0.902445 0.013473 0.463337 -0.886080 0.127446 0.093348 -0.987443 -0.127229 0.411397 -0.902533 -0.581815 0.563347 -0.586627 0.113530 0.083469 -0.990022 0.093439 -0.004003 -0.995617 0.058729 -0.027163 -0.997904 -0.104772 0.421771 -0.900629 -0.283779 0.904856 -0.317341 -0.028421 0.454898 -0.890090 -0.144260 0.589875 -0.794504 -0.002546 0.999385 -0.034967 -0.033830 0.452659 -0.891042 0.070890 -0.027409 -0.997108 0.040322 -0.060764 -0.997337 -0.005202 0.595871 -0.803064 -0.002535 0.999385 -0.034967 0.129950 0.590603 -0.796430 0.008504 0.460275 -0.887736 0.276670 0.907840 -0.315087 -0.052866 -0.061415 -0.996711 -0.084001 -0.044186 -0.995486 0.018657 0.456127 -0.889719 0.565212 0.586215 -0.580420 0.105626 0.418225 -0.902181 -0.148603 0.103115 -0.983506 -0.020867 0.479183 -0.877467 0.078099 0.430683 -0.899118 -0.079263 -0.043964 -0.995884 -0.112401 -0.011286 -0.993599 -0.136428 0.094439 -0.986138 0.013560 -0.466332 -0.884506 0.128327 -0.094091 -0.987258 -0.124981 -0.413080 -0.902078 
						-0.578683 -0.569392 -0.583882 0.116382 -0.085591 -0.989510 0.088655 0.004368 -0.996053 0.058656 0.020778 -0.998062 -0.099803 -0.424680 -0.899826 -0.285766 -0.903599 -0.319133 -0.026711 -0.456309 -0.889420 -0.148406 -0.589525 -0.794000 -0.011444 -0.999323 -0.034969 -0.036939 -0.452065 -0.891220 0.065723 0.021059 -0.997616 0.034206 0.037889 -0.998696 -0.014753 -0.595852 -0.802959 -0.011295 -0.999325 -0.034970 0.124923 -0.591032 -0.796916 0.008023 -0.459806 -0.887983 0.274065 -0.909439 -0.312743 -0.014683 -0.595852 -0.802960 -0.058611 0.038026 -0.997556 -0.094418 0.023178 -0.995263 0.014988 -0.456972 -0.889355 -0.056286 0.003418 -0.998409 -0.207219 0.494919 -0.843869 -0.059241 0.731148 -0.679642 -0.010268 0.004995 -0.999935 0.022454 0.619071 -0.785014 -0.439012 0.776600 -0.451842 -0.230510 0.972727 -0.025821 -0.008877 0.732312 -0.680912 0.037207 0.731748 -0.680559 0.186593 0.503716 -0.843477 0.032745 0.003478 -0.999458 -0.008857 0.732312 -0.680912 0.216155 0.975970 -0.027549 0.428519 0.784319 -0.448571 -0.041156 0.624498 -0.779941 0.053315 0.003403 -0.998572 0.265164 0.451725 -0.851841 -0.062616 0.061802 -0.996122 0.039547 -0.000217 -0.999218 0.270164 0.448223 -0.852119 0.639091 0.426312 -0.640172 -0.013508 0.351450 -0.936109 -0.084903 0.085273 -0.992734 -0.060182 0.000281 -0.998187 0.046413 -0.052952 -0.997518 -0.283579 -0.443618 -0.850168 -0.073881 -0.003355 -0.997261 0.066837 -0.074437 -0.994983 0.005937 -0.340844 -0.940101 -0.649057 -0.411653 -0.639740 -0.288602 -0.440044 -0.850336 -0.059160 -0.003409 -0.998243 -0.206175 -0.495687 -0.843674 -0.062237 -0.731035 -0.679495 -0.017423 -0.004996 -0.999836 0.019719 -0.617917 -0.785996 -0.438407 -0.777225 -0.451354 -0.233274 -0.972068 -0.025831 -0.015808 -0.732278 -0.680822 -0.017452 -0.004996 -0.999835 0.033313 -0.731873 -0.680626 0.186433 -0.503836 -0.843441 0.029010 -0.003490 -0.999573 
						-0.015781 -0.732279 -0.680822 0.212162 -0.976844 -0.027603 0.428014 -0.784859 -0.448107 -0.044864 -0.626166 -0.778398 -0.013575 -0.353918 -0.935178 -0.086640 -0.087101 -0.992425 0.268837 -0.449159 -0.852046 0.638219 -0.428734 -0.639425 -0.064553 -0.063840 -0.995870 0.037407 0.000207 -0.999300 0.052034 -0.003407 -0.998640 0.263283 -0.453041 -0.851725 -0.014606 0.055239 -0.998366 -0.012741 -0.003478 -0.999913 -0.013037 0.002545 -0.999912 -0.002264 0.049226 -0.998785 -0.043640 0.001755 -0.999046 -0.043407 0.027966 -0.998666 -0.013706 0.290085 0.956903 -0.011387 0.283953 0.958771 -0.034154 0.003511 0.999410 -0.036807 0.003784 0.999315 -0.016799 -0.032717 0.999324 -0.022668 -0.029696 0.999302 -0.023134 -0.027364 0.999358 -0.031383 0.024451 0.999208 -0.042998 0.009526 0.999030 -0.031536 0.024253 0.999208 0.166285 0.207068 0.964091 0.119096 0.259701 0.958317 0.116917 0.246221 0.962136 0.164472 0.200497 0.965790 0.096798 0.114498 0.988696 0.105819 0.219398 0.969880 0.058989 0.145544 0.987592 0.038027 0.054835 0.997771 -0.060357 -0.007196 0.998151 -0.058954 -0.002422 0.998258 -0.045537 0.011504 0.998896 -0.031227 0.024330 0.999216 -0.056941 -0.000173 0.998377 -0.053281 -0.004653 0.998569 -0.053870 -0.006708 0.998525 -0.057739 -0.009457 0.998287 -0.172946 0.516984 0.838342 -0.110826 0.291024 0.950275 0.003052 0.288633 0.957435 -0.084016 0.520619 0.849646 -0.229371 0.295199 0.927495 -0.100152 0.519661 0.848482 0.013611 0.519065 0.854626 -0.115690 0.297713 0.947620 0.061333 0.993531 0.095576 -0.223553 0.970239 0.093056 0.061333 0.993531 0.095576 0.341207 0.935642 0.090287 0.166621 -0.676376 -0.717463 0.275004 -0.506961 -0.816923 0.202200 -0.711309 -0.673168 0.059283 -0.869453 -0.490446 -0.027950 -0.965190 0.260054 -0.014562 -0.960645 0.277397 0.058965 -0.855595 0.514276 0.063304 -0.848430 0.525508 
						0.053929 -0.848096 0.527091 0.059622 -0.855605 0.514185 0.081593 -0.793938 0.602499 0.079371 -0.756865 0.648734 0.128513 -0.979405 0.155726 -0.064389 -0.900018 -0.431070 -0.221335 -0.772777 -0.594833 0.235342 -0.954818 0.181485 0.089686 -0.995030 0.043268 0.008689 -0.791211 0.611482 -0.015155 -0.700960 0.713040 0.089091 -0.994724 0.050872 0.153605 -0.876405 0.456422 0.031860 -0.977758 0.207301 0.051487 -0.932351 0.357870 0.246231 -0.732134 0.635099 0.011945 -0.996812 -0.078892 0.701220 -0.711672 -0.042584 -0.000567 -0.999454 0.033030 -0.012867 -0.994664 0.102367 0.618966 -0.635802 -0.461125 0.619583 -0.653333 -0.435055 -0.123664 -0.986935 -0.103282 0.069788 -0.959067 -0.274446 -0.049949 -0.522371 -0.851254 -0.073015 -0.759797 -0.646047 -0.086900 -0.633376 -0.768949 -0.116264 -0.687608 -0.716713 -0.114260 -0.726881 -0.677192 -0.084166 -0.689091 -0.719771 -0.070453 -0.729397 -0.680453 -0.020174 -0.981286 -0.191495 -0.015760 -0.983006 -0.182896 -0.015171 -0.982976 -0.183107 -0.015935 -0.981085 -0.192921 0.044980 -0.998787 -0.020037 0.045242 -0.998731 -0.022121 0.081320 -0.996186 -0.031626 0.079646 -0.996184 -0.035691 0.080539 -0.996194 -0.033322 0.081969 -0.996193 -0.029674 -0.083601 -0.995271 0.049454 -0.082079 -0.995522 0.046900 -0.003296 -0.961699 0.274088 -0.006940 -0.967396 0.253175 0.000000 -1.000000 0.000000 -0.000001 -0.998197 0.060019 0.000000 -1.000000 0.000000 0.000000 -1.000000 0.000000 -0.001290 0.815721 -0.578444 -0.009679 0.815738 -0.578340 -0.018203 0.829873 -0.557656 -0.009727 0.829981 -0.557707 0.003503 -0.759174 0.650878 0.085412 -0.756485 0.648410 0.003527 -0.796616 0.604475 -0.078614 -0.800804 0.593744 -0.157966 -0.706918 0.689430 -0.084815 -0.796387 0.598811 -0.190932 -0.607463 0.771060 -0.266693 -0.512302 0.816347 0.033965 -0.999421 0.002093 0.043268 -0.999064 0.000055 0.052564 -0.998618 0.000068 
						0.043265 -0.999061 0.002104 -0.064715 0.310609 0.948332 -0.025023 0.311158 0.950029 0.015270 0.650866 0.759039 -0.029068 0.647571 0.761450 -0.000144 0.999981 -0.006234 -0.001642 0.999999 -0.000036 -0.003166 0.999995 -0.000036 -0.001669 0.999979 -0.006228 -0.013479 0.808651 0.588134 0.000729 0.808734 0.588174 0.022245 0.014378 0.999649 0.001016 0.014368 0.999896 0.063680 0.307441 -0.949434 0.030118 0.658385 -0.752078 -0.012253 0.661325 -0.750000 0.026164 0.307925 -0.951051 -0.000044 1.000000 -0.000049 0.000026 1.000000 -0.000044 0.000118 0.999987 0.005022 0.000048 0.999987 0.005022 0.011491 0.007414 0.999906 0.000623 0.007457 0.999972 -0.011580 0.535249 0.844615 -0.000288 0.535321 0.844649 0.212852 -0.962024 -0.170893 0.175575 -0.974136 -0.142241 0.439591 -0.876513 -0.196177 0.458552 -0.862896 -0.212462 -0.091607 -0.930381 0.354965 -0.056783 -0.872027 0.486154 -0.013684 -0.795891 0.605286 -0.052126 -0.872822 0.485248 0.000312 0.759195 -0.650863 -0.005129 0.759195 -0.650843 0.000059 0.713340 -0.700818 0.005513 0.713245 -0.700894 0.004118 0.753724 -0.657178 0.005905 0.750003 -0.661408 0.002359 0.753483 -0.657463 0.001161 0.757284 -0.653084 0.115362 0.308000 -0.944366 0.170268 0.217208 -0.961160 0.000095 0.270965 -0.962589 -0.062788 0.343691 -0.936981 0.070256 0.708971 -0.701730 -0.000064 0.710831 -0.703362 -0.063461 0.342611 -0.937332 0.000188 0.343350 -0.939207 -0.156436 -0.464285 0.871761 0.065998 -0.617915 0.783470 0.037713 -0.543670 0.838452 -0.098846 -0.407018 0.908056 0.074466 0.184100 0.980083 0.169757 0.458480 0.872341 0.015521 0.754506 0.656109 -0.048700 0.521976 0.851569 0.071703 0.682854 0.727027 -0.000141 0.684467 0.729044 -0.066261 0.333902 0.940276 -0.000430 0.334586 0.942365 0.000411 0.263385 0.964691 -0.170475 0.211290 0.962442 -0.110060 0.301766 0.947008 
						0.064433 0.335430 0.939859 -0.000276 1.000000 -0.000000 0.000006 1.000000 -0.000001 0.000277 0.999990 -0.004464 -0.000005 0.999990 -0.004463 0.008119 -0.999511 0.030205 0.009156 -0.999378 0.034060 0.009370 -0.999229 0.038135 0.008334 -0.999378 0.034281 -0.023295 -0.543395 -0.839154 -0.062150 -0.613584 -0.787180 0.166277 -0.460662 -0.871861 0.112730 -0.409077 -0.905510 -0.000339 0.999985 0.005441 -0.000008 1.000000 -0.000001 0.000337 1.000000 -0.000001 0.000005 0.999985 0.005440 0.000125 0.999990 0.004534 -0.001109 0.999986 0.005071 -0.000940 0.999990 0.004301 0.000293 0.999993 0.003763 -0.014584 -0.998196 -0.058241 -0.014140 -0.998516 -0.052599 -0.012695 -0.998804 -0.047223 -0.013139 -0.998515 -0.052868 0.000772 0.999994 -0.003528 0.000910 0.999991 -0.004161 -0.000102 0.999993 -0.003719 -0.000240 0.999995 -0.003086 0.011425 0.007383 0.999907 0.000755 0.007455 0.999972 -0.010626 0.534250 0.845260 0.000466 0.534762 0.845002 0.039834 0.517968 0.854472 -0.014283 0.754833 0.655761 -0.145519 0.472953 0.868988 -0.064253 0.191031 0.979479 -0.070034 -0.188354 -0.979601 -0.158212 -0.466145 -0.870447 -0.015435 -0.754595 -0.656009 0.044023 -0.520345 -0.852821 -0.009579 0.710375 -0.703759 -0.004710 0.711454 -0.702717 0.007093 0.502100 -0.864780 0.002590 0.501934 -0.864902 -0.004314 0.465128 -0.885233 -0.091205 0.432313 -0.897100 -0.055387 0.476874 -0.877225 0.014053 0.506669 -0.862026 -0.061909 -0.478350 0.875984 -0.094812 -0.454201 0.885840 -0.012885 -0.465729 0.884834 -0.001152 -0.490209 0.871604 0.000657 0.999924 0.012351 0.000761 0.999916 0.012920 0.000258 0.999923 0.012424 0.000154 0.999930 0.011854 -0.000050 -0.999923 -0.012415 0.004032 -0.999918 -0.012179 0.003937 -0.999925 -0.011625 -0.000160 -0.999930 -0.011865 -0.000115 1.000000 0.000042 0.000201 1.000000 0.000041 0.000502 0.999930 0.011799 
						0.000186 0.999930 0.011798 -0.004124 0.999992 0.000037 -0.004465 0.999887 -0.014367 -0.004824 0.999885 -0.014367 -0.004484 0.999990 0.000035 -0.004030 0.999875 -0.015300 -0.004575 0.999862 -0.015946 -0.004440 0.999874 -0.015224 -0.003895 0.999886 -0.014581 -0.001435 -0.999880 0.015402 0.003755 -0.999875 0.015344 0.003959 -0.999890 0.014298 -0.001213 -0.999896 0.014359 -0.055436 0.537336 0.841545 -0.074907 0.695007 0.715090 -0.057432 0.696399 0.715353 -0.038995 0.537615 0.842288 0.038256 0.514647 0.856548 0.090230 0.452624 0.887125 -0.012442 0.500892 0.865421 -0.042230 0.560787 0.826882 0.057667 -0.479087 -0.875871 0.087395 -0.452665 -0.887388 0.071074 -0.481729 -0.873433 0.048288 -0.507468 -0.860316 -0.041804 0.758193 -0.650689 -0.031347 0.761091 -0.647888 -0.019192 0.913793 -0.405727 -0.029140 0.913579 -0.405617 -0.026832 0.913407 -0.406162 -0.028590 0.909380 -0.414982 0.030537 0.900379 -0.434033 0.023589 0.905407 -0.423888 0.043117 -0.910790 0.410613 0.046159 -0.909887 0.412280 0.022453 -0.911750 0.410131 0.022673 -0.912290 0.408916 0.066642 -0.972880 0.221501 0.084822 -0.995906 0.031247 0.085572 -0.996179 -0.017433 0.085563 -0.996168 -0.018116 0.086287 -0.996103 -0.018248 0.089338 -0.995835 -0.018221 0.083957 -0.996005 -0.030411 0.080128 -0.996233 -0.033169 -0.011091 -0.967783 0.251540 0.003001 -0.962230 0.272222 -0.078075 -0.995912 0.045433 -0.063106 -0.997650 0.026697 0.016464 -0.761721 -0.647696 0.148953 -0.952511 -0.265585 0.016566 -0.930354 -0.366287 -0.111924 -0.727051 -0.677400 -0.093126 -0.926594 -0.364350 -0.105786 -0.957760 -0.267406 -0.115338 -0.862893 0.492049 -0.101942 -0.974347 0.200638 -0.003677 0.815712 -0.578447 -0.001462 0.973108 -0.230344 0.002214 0.972917 -0.231143 -0.000277 0.815793 -0.578344 -0.000808 0.978203 0.207647 -0.000282 0.808734 0.588174 0.000261 0.808724 0.588188 
						-0.000225 0.978107 0.208102 -0.000321 0.877890 -0.478862 -0.002194 0.978201 0.207646 -0.003744 0.978100 0.208100 -0.001795 0.878068 -0.478532 -0.000039 0.973110 -0.230340 -0.002172 0.878501 0.477735 -0.002518 0.878765 0.477247 -0.000437 0.972918 -0.231151 0.090023 0.984817 0.148428 0.030027 0.976285 0.214397 -0.083243 0.958756 0.271766 -0.090440 0.977056 0.192827 0.070325 0.871632 0.485090 -0.114239 0.840293 0.529960 -0.079875 0.887493 0.453846 0.108334 0.907291 0.406309 0.083818 0.964854 -0.249062 0.067616 0.962412 -0.263043 -0.037627 0.960456 -0.275877 -0.070156 0.959438 -0.273052 -0.103792 -0.981534 -0.160679 -0.063460 -0.993869 -0.090543 0.041025 -0.980379 -0.192808 0.073730 -0.956839 -0.281112 0.055295 0.958192 -0.280732 0.029685 0.969609 -0.242853 -0.047986 0.979552 -0.195386 -0.066320 0.971988 -0.225479 -0.026729 0.731141 -0.681702 -0.069593 0.802593 -0.592453 -0.066428 0.733383 -0.676563 -0.054085 0.655520 -0.753239 0.083784 0.982336 0.167320 0.070155 0.973112 0.219390 -0.029284 0.982228 0.185392 -0.082747 0.985924 0.145279 0.100390 -0.894219 -0.436228 0.008652 -0.984485 -0.175255 0.086030 -0.869613 -0.486181 -0.091751 -0.975063 0.202076 -0.177151 -0.855091 0.487275 -0.184176 -0.608238 0.772092 -0.138235 -0.796145 0.589105 0.008739 -0.791206 0.611487 0.089709 -0.995027 0.043279 0.090809 -0.995306 0.033476 0.063761 -0.973143 0.221196 0.066125 -0.954082 0.292154 -0.000372 -0.992487 0.122348 0.015788 -0.976351 0.215616 0.130150 -0.875722 0.464944 0.074723 -0.992539 0.096345 -0.001064 -0.973495 -0.228706 -0.060123 -0.899859 -0.432017 0.128702 -0.979397 0.155622 -0.000014 0.658660 -0.752441 -0.002678 0.877886 -0.478861 -0.005019 0.878057 -0.478529 -0.002323 0.661381 -0.750047 0.000460 0.878502 0.477739 -0.002355 0.647829 0.761782 -0.004759 0.650945 0.759110 -0.001982 0.878766 0.477249 
						-0.042405 0.760524 0.647924 0.090024 0.730395 0.677067 0.004021 0.753791 0.657102 -0.073455 0.760382 0.645309 0.019084 -0.879798 0.474965 0.039234 -0.775483 0.630149 -0.004041 -0.621999 0.783008 -0.006632 -0.766734 0.641930 -0.079359 0.747302 -0.659729 0.035362 0.771410 -0.635355 0.060892 0.771453 -0.633366 -0.003263 0.765471 -0.643463 -0.005475 -0.575793 -0.817577 -0.050787 -0.758169 -0.650077 -0.036946 -0.880101 -0.473346 0.003926 -0.748252 -0.663403 -0.033052 0.756812 -0.652797 0.040052 0.746736 -0.663913 0.000652 0.752588 -0.658491 -0.059628 0.756779 -0.650945 0.044618 -0.742262 0.668622 -0.033037 -0.755715 0.654066 -0.063041 -0.756848 0.650544 0.005133 -0.750026 0.661388 -0.053610 0.733925 0.677111 0.039225 0.753668 0.656084 0.069074 0.757203 0.649517 -0.009650 0.747033 0.664717 0.066824 -0.754131 -0.653315 0.039255 -0.752224 -0.657737 -0.016561 -0.743733 -0.668271 -0.002356 -0.747353 -0.664424 -0.000816 0.916287 0.400522 -0.000137 0.915829 0.401569 0.000556 0.684466 0.729044 -0.000094 0.684659 0.728864 -0.000011 0.876466 -0.481464 0.001006 0.876688 -0.481058 0.000061 0.710831 -0.703362 -0.000940 0.710696 -0.703499 -0.000049 0.710590 -0.703606 -0.004693 0.869680 -0.493593 -0.003778 0.868670 -0.495377 0.000760 0.711566 -0.702619 -0.003107 0.925581 0.378537 -0.004205 0.918335 0.395783 -0.002128 0.697690 0.716396 -0.000905 0.697153 0.716922 0.011126 -0.968950 0.247006 -0.036014 -0.999134 0.020827 -0.045923 -0.998750 -0.019754 -0.014073 -0.983538 -0.180155 0.059261 -0.855599 0.514235 -0.008570 -0.961222 0.275642 0.004383 -0.968649 0.248395 0.047658 -0.923452 0.380743 0.052089 -0.984813 -0.165622 0.058872 -0.923057 0.380132 0.106939 -0.968245 0.225977 0.077623 -0.943790 0.321301 0.071114 -0.794581 0.602979 0.057557 -0.855574 0.514471 0.064291 -0.922824 0.379819 0.072839 -0.896337 -0.437350 
						0.058525 -0.945035 0.321690 0.059496 -0.923031 0.380096 0.056736 -0.984732 -0.164571 0.036101 -0.999307 -0.009036 0.044030 -0.998836 -0.019681 -0.017217 -0.981148 -0.192490 -0.006730 -0.983120 -0.182840 -0.026764 -0.983767 -0.177445 -0.001378 -0.976871 0.213828 0.021271 -0.999754 -0.006312 -0.027755 -0.981597 -0.188935 -0.076306 -0.729143 -0.680094 -0.064821 -0.928641 -0.365274 -0.031882 -0.983864 -0.176054 -0.078651 -0.927735 -0.364859 -0.091391 -0.975086 0.202126 -0.124883 -0.980787 -0.149867 0.069058 -0.959079 -0.274588 0.037379 -0.996547 -0.074145 0.038359 -0.997099 -0.065739 0.055213 -0.981167 -0.185102 0.064525 -0.980809 -0.183986 0.046944 -0.996808 -0.064571 0.016651 -0.993049 0.116521 0.071906 -0.954077 0.290805 0.044212 -0.996909 -0.064944 0.017713 -0.967753 0.251277 -0.001155 -0.973498 -0.228691 0.074178 -0.992562 0.096537 0.025243 0.684346 -0.728720 0.073011 0.762591 -0.642747 0.074110 0.828059 -0.555721 0.003636 0.756970 -0.653440 0.086030 -0.793639 0.602275 -0.017858 -0.946549 0.322066 -0.129646 -0.963543 0.234045 -0.017697 -0.803150 0.595514 0.120270 -0.964655 0.234468 0.111324 -0.940744 0.320325 0.109838 -0.893333 -0.435766 0.123341 -0.878133 -0.462245 0.022828 -0.917977 0.395976 -0.087892 -0.931169 0.353836 -0.070467 -0.907223 0.414705 0.062180 -0.890538 0.450639 -0.093808 0.914145 0.394385 0.064342 0.886209 0.458795 0.091113 0.835843 0.541354 -0.060696 0.875101 0.480118 0.024177 -0.953120 0.301624 0.004178 -0.875821 0.482619 0.004370 -0.968395 -0.249384 0.068133 -0.980647 -0.183549 -0.007764 -0.981323 -0.192211 0.004048 -0.968397 -0.249382 0.036057 -0.811691 -0.582973 0.015042 -0.958508 -0.284668 -0.127468 -0.962385 0.239932 -0.032977 -0.935085 0.352887 -0.002387 -0.840495 -0.541814 0.003354 -0.973319 -0.229431 0.001965 0.999473 -0.032389 -0.000204 0.999482 -0.032188 -0.001628 0.535319 0.844649 
						0.000782 0.535296 0.844664 -0.001650 0.876465 -0.481463 0.000094 0.999482 -0.032188 0.001762 0.999474 -0.032389 0.000024 0.876688 -0.481059 -0.060301 -0.938671 -0.339501 -0.098529 -0.909839 -0.403094 0.102867 -0.918532 -0.381731 0.171170 -0.930754 -0.323105 -0.075949 -0.982845 0.168067 0.041878 -0.993857 0.102439 0.071253 -0.989178 0.128257 -0.106254 -0.971858 0.210241 0.003626 0.969541 -0.244904 0.000050 0.713270 -0.700890 -0.001522 0.713343 -0.700813 0.001756 0.969680 -0.244371 0.000064 0.916287 0.400522 -0.000845 0.969550 -0.244893 -0.001216 0.969683 -0.244363 -0.000299 0.915829 0.401569 -0.004488 0.998860 -0.047521 -0.003042 0.998908 -0.046621 0.005339 0.868747 -0.495227 0.003841 0.869761 -0.493458 0.001223 0.534269 0.845314 0.004592 0.998906 -0.046543 0.002712 0.998870 -0.047449 -0.000898 0.534763 0.845001 -0.066650 -0.873789 -0.481716 0.103950 -0.837039 -0.537178 0.074044 -0.887432 -0.454952 -0.103198 -0.912180 -0.396582 -0.071142 -0.971622 0.225589 -0.050693 -0.979255 0.196187 0.037803 -0.968091 0.247730 0.067324 -0.955470 0.287307 0.004074 0.961581 -0.274492 0.005059 0.957574 -0.288143 0.001561 0.761395 -0.648287 0.000553 0.758766 -0.651363 0.001504 0.925600 0.378500 -0.002615 0.957600 -0.288089 -0.004318 0.961598 -0.274429 -0.000057 0.918357 0.395752 -0.060319 -0.731813 0.678830 -0.063640 -0.800713 0.595659 -0.012099 -0.728608 0.684825 -0.033247 -0.652973 0.756651 -0.025477 -0.983768 -0.177628 0.066715 -0.972721 -0.222176 0.078616 -0.983615 -0.162237 -0.076179 -0.988874 -0.127770 0.018722 -0.998176 -0.057403 0.017757 -0.999834 0.004080 0.364227 -0.928362 0.074043 0.364204 -0.931281 0.008452 0.002937 -0.033716 -0.999427 0.005940 -0.033178 -0.999432 0.002937 -0.033716 -0.999427 -0.000065 -0.034253 -0.999413 -0.003913 0.032447 0.999466 -0.004892 0.032446 0.999462 -0.005870 0.032445 0.999456 
						-0.004892 0.032446 0.999462 -0.012086 0.033250 0.999374 -0.008008 0.032622 0.999436 -0.003930 0.031993 0.999480 -0.008008 0.032622 0.999436 0.017183 0.017376 0.999701 0.002553 0.017352 0.999846 -0.012078 0.017324 0.999777 0.002553 0.017352 0.999846 0.004040 0.000613 0.999992 -0.009133 0.000556 0.999958 0.004040 0.000613 0.999992 0.017211 0.000671 0.999852 0.009220 0.000359 0.999957 0.000044 0.000350 1.000000 -0.009132 0.000341 0.999958 0.000044 0.000350 1.000000 0.516619 0.000180 -0.856215 0.503834 0.000171 -0.863800 0.490938 0.000162 -0.871195 0.503834 0.000171 -0.863800 0.482501 -0.002788 -0.875891 0.424798 -0.002451 -0.905285 0.365313 -0.002104 -0.930882 0.424798 -0.002451 -0.905285 -0.000001 -0.995865 0.090842 -0.000001 -0.995278 0.097069 -0.000001 -0.994651 0.103293 -0.000001 -0.995278 0.097069 -0.357091 -0.001623 0.934068 -0.430795 -0.001966 0.902448 -0.501728 -0.002297 0.865022 -0.430795 -0.001966 0.902448 -0.498484 0.000000 0.866899 -0.487022 0.000000 0.873390 -0.498484 0.000000 0.866899 -0.509859 0.000000 0.860258 0.008905 0.000000 -0.999960 -0.000022 0.000000 -1.000000 -0.008949 0.000000 -0.999960 -0.000022 0.000000 -1.000000 -0.016754 0.000000 -0.999860 -0.003924 0.000000 -0.999992 0.008905 0.000000 -0.999960 -0.003924 0.000000 -0.999992 0.007596 -0.000013 -0.999971 -0.004579 -0.000013 -0.999990 -0.016754 -0.000013 -0.999860 -0.004579 -0.000013 -0.999990 0.001687 0.000000 -0.999999 -0.004223 0.000000 -0.999991 0.001687 0.000000 -0.999999 0.007596 0.000000 -0.999971 -0.002911 -0.000010 -0.999996 -0.001600 -0.000010 -0.999999 -0.002911 -0.000010 -0.999996 -0.004223 -0.000010 -0.999991 0.004778 -0.000006 0.999989 0.001600 -0.000006 0.999999 0.004778 -0.000006 0.999989 0.007956 -0.000006 0.999968 0.302496 -0.789480 0.534057 0.282952 -0.737924 0.612704 0.416362 -0.606953 0.676942 
						0.451531 -0.656661 0.604082 -0.058918 -0.998263 -0.000077 -0.052578 -0.998614 -0.002571 -0.058914 -0.998260 -0.002578 -0.065252 -0.997869 -0.000084 0.000001 -0.991325 -0.131432 0.000001 -0.992179 -0.124821 0.000000 -0.992989 -0.118205 0.000000 -0.992179 -0.124821 -0.113163 -0.992050 -0.055057 -0.111692 -0.991654 -0.064401 -0.030977 -0.667138 -0.744290 -0.052988 -0.861860 -0.504370 -0.072872 -0.996900 -0.029673 0.050566 -0.869263 -0.491757 -0.004443 -0.984004 -0.178090 -0.103745 -0.994357 0.022179 -0.103375 -0.993885 -0.038804 -0.101849 -0.993982 -0.040337 -0.099632 -0.994423 0.034596 -0.100434 -0.994221 0.037925 -0.104913 -0.994229 0.022423 -0.103272 -0.994024 0.035382 -0.096380 -0.993978 0.052134 -0.092952 -0.994255 0.053067 -0.098628 -0.994367 0.038810 -0.099271 -0.994354 0.037494 -0.094058 -0.994245 0.051284 -0.036785 0.033944 0.998747 -0.070183 0.012757 0.997452 -0.075051 0.018539 0.997007 -0.041808 0.040238 0.998315 0.139553 0.092448 0.985890 0.054565 0.299109 0.952658 -0.034516 0.298507 0.953783 0.051484 0.092931 0.994341 0.166655 0.178751 0.969678 0.162803 0.198583 0.966468 0.105689 0.227627 0.967996 0.126257 0.203508 0.970899 0.040766 0.000180 -0.999169 0.055935 -0.003423 -0.998429 0.265905 -0.455918 -0.849372 -0.060055 -0.067242 -0.995928 -0.082181 -0.090518 -0.992498 0.272191 -0.451547 -0.849716 0.641435 -0.433187 -0.633175 -0.006424 -0.357709 -0.933811 -0.008755 -0.000067 -0.999962 -0.008202 0.003559 -0.999960 -0.008357 -0.003650 -0.999958 -0.008365 0.004991 -0.999952 -0.015781 -0.004996 -0.999863 0.001556 0.003610 -0.999992 -0.022829 0.000131 -0.999739 -0.057471 -0.003388 -0.998342 -0.022928 0.022888 -0.999475 -0.039106 0.000768 -0.999235 -0.038892 0.021286 -0.999017 0.053269 0.000393 -0.998580 0.023941 -0.000437 -0.999713 -0.005545 0.036105 -0.999333 0.024620 0.021332 -0.999469 -0.009577 -0.616622 -0.787201 
						-0.070535 0.000757 -0.997509 -0.131965 -0.004860 -0.991243 -0.070884 -0.008049 -0.997452 0.018014 -0.064803 -0.997736 -0.003140 -0.616622 -0.787253 0.033474 -0.037698 -0.998728 0.072235 -0.028015 -0.996994 0.042543 0.000751 -0.999094 -0.012876 0.000389 -0.999917 0.042512 0.021696 -0.998860 0.099433 0.004574 -0.995034 -0.101160 -0.613846 -0.782918 -0.085218 -0.008384 -0.996327 -0.084652 -0.037363 -0.995710 -0.006993 0.006981 -0.999951 -0.030540 -0.016708 -0.999394 -0.013682 -0.000008 -0.999906 -0.058423 0.058320 -0.996587 -0.043261 0.021292 -0.998837 -0.005569 0.036105 -0.999333 -0.043106 -0.000559 -0.999070 -0.016077 -0.530575 -0.847485 -0.006530 -0.361286 -0.932432 0.593588 -0.545677 -0.591515 0.501917 -0.693864 -0.516364 0.279694 -0.907448 -0.313544 0.130921 -0.977825 -0.163454 -0.013074 -0.999538 -0.027444 0.206160 -0.977946 -0.033471 -0.226460 -0.973395 -0.034903 -0.013201 -0.999536 -0.027445 -0.144530 -0.973217 -0.178771 -0.287765 -0.900674 -0.325543 -0.520777 -0.660554 -0.540796 -0.602923 -0.516125 -0.608357 0.013157 -0.338061 -0.941032 0.021582 -0.499945 -0.865788 -0.016106 0.532383 -0.846351 -0.006507 0.360324 -0.932804 0.592705 0.547408 -0.590800 0.499278 0.697526 -0.513983 0.279344 0.907678 -0.313189 0.131518 0.977636 -0.164104 -0.010753 0.999564 -0.027492 0.207017 0.977764 -0.033496 -0.224817 0.973774 -0.034945 -0.010867 0.999563 -0.027492 -0.143350 0.973595 -0.177659 -0.287033 0.901116 -0.324965 -0.518416 0.664071 -0.538752 -0.601247 0.519812 -0.606875 0.013249 0.341808 -0.939676 0.021727 0.503731 -0.863587 0.098160 -0.003421 -0.995165 0.064961 -0.028007 -0.997495 -0.102220 0.419214 -0.902115 0.117472 0.080676 -0.989794 0.131452 0.090619 -0.987172 -0.124436 0.408903 -0.904054 -0.580396 0.557210 -0.593850 0.020201 0.459313 -0.888045 -0.014195 -0.482030 -0.876040 0.569223 -0.586985 -0.575703 0.109084 -0.419781 -0.901046 
						-0.146995 -0.107260 -0.983304 -0.131581 -0.096315 -0.986615 0.085335 -0.430498 -0.898548 -0.085258 0.021327 -0.996131 -0.121018 0.003272 -0.992645 0.275722 -0.909928 -0.309853 -0.009644 -0.999340 -0.035014 0.130923 -0.590848 -0.796089 0.011876 -0.461629 -0.886994 0.021041 -0.457910 -0.888749 -0.006469 -0.595734 -0.803155 -0.052978 0.035974 -0.997948 -0.097475 0.021330 -0.995009 -0.009735 -0.999339 -0.035014 -0.285728 -0.902013 -0.323623 -0.029051 -0.451763 -0.891665 -0.145091 -0.589211 -0.794845 -0.006505 -0.595734 -0.803155 -0.033862 -0.449750 -0.892513 0.070906 0.022259 -0.997235 0.036287 0.036153 -0.998687 -0.582492 -0.553117 -0.595622 0.020076 -0.456061 -0.889722 0.127712 -0.088175 -0.987884 -0.128129 -0.407659 -0.904100 -0.106207 -0.417897 -0.902265 0.113952 -0.078371 -0.990390 0.091051 0.004233 -0.995837 0.057115 0.021987 -0.998125 -0.014260 0.484707 -0.874560 0.566415 0.592095 -0.573234 0.107003 0.421337 -0.900569 -0.148005 0.108138 -0.983057 -0.133939 0.098130 -0.986119 0.081306 0.432907 -0.897764 -0.084103 -0.008358 -0.996422 -0.120283 -0.004383 -0.992730 0.275448 0.910108 -0.309568 -0.007461 0.999358 -0.035042 0.131140 0.590920 -0.796000 0.009137 0.463403 -0.886101 0.020798 0.458674 -0.888361 -0.004165 0.595854 -0.803082 -0.053490 -0.037503 -0.997864 -0.091861 -0.008539 -0.995735 -0.007528 0.999358 -0.035042 -0.284636 0.902686 -0.322707 -0.026826 0.452125 -0.891551 -0.142674 0.589551 -0.795031 -0.004198 0.595854 -0.803082 -0.031455 0.450196 -0.892375 0.081126 -0.028023 -0.996310 0.038929 -0.037701 -0.998530 0.033364 -0.003504 -0.999437 -0.012156 -0.004996 -0.999914 0.035148 -0.731987 -0.680411 0.189737 -0.505972 -0.841423 -0.041398 -0.627390 -0.777604 -0.013301 -0.732285 -0.680868 0.209612 -0.977438 -0.026022 0.430058 -0.786302 -0.443598 -0.012111 -0.004996 -0.999914 -0.056610 -0.003391 -0.998391 -0.205497 -0.491749 -0.846141 
						-0.062343 -0.730835 -0.679701 -0.013321 -0.732285 -0.680868 0.021328 -0.615734 -0.787665 -0.438273 -0.773598 -0.457671 -0.238081 -0.970856 -0.027483 -0.074534 -0.003325 -0.997213 -0.060240 0.000318 -0.998184 0.049489 -0.047932 -0.997624 -0.283968 -0.438454 -0.852713 -0.290177 -0.433989 -0.852907 0.067951 -0.067372 -0.995411 0.013064 -0.334584 -0.942275 -0.647390 -0.402296 -0.647336 0.041141 -0.000188 -0.999153 0.055505 0.003419 -0.998453 0.266195 0.455683 -0.849408 -0.059252 0.066516 -0.996024 -0.082007 0.090452 -0.992519 0.271599 0.451926 -0.849704 0.641460 0.433035 -0.633253 -0.006401 0.356724 -0.934188 0.035071 0.003493 -0.999379 -0.007852 0.004991 -0.999957 0.036878 0.731923 -0.680388 0.189038 0.506368 -0.841342 -0.039797 0.626652 -0.778282 -0.009285 0.732303 -0.680916 0.211231 0.977089 -0.026059 0.429696 0.786644 -0.443343 -0.007877 0.004991 -0.999956 -0.053580 0.003397 -0.998558 -0.204186 0.492684 -0.845914 -0.059189 0.730956 -0.679853 -0.009337 0.732302 -0.680916 0.023968 0.617017 -0.786585 -0.437510 0.774439 -0.456978 -0.235213 0.971553 -0.027547 0.013157 0.338347 -0.940929 -0.645877 0.406786 -0.646040 -0.286980 0.436383 -0.852767 0.071045 0.070757 -0.994960 0.052282 0.050998 -0.997329 -0.280456 0.441055 -0.852535 -0.071004 0.003332 -0.997470 -0.056276 -0.000304 -0.998415 0.038636 0.000169 -0.999253 0.053441 -0.003432 -0.998565 0.263954 -0.457259 -0.849260 -0.061149 -0.068489 -0.995776 -0.084018 -0.092547 -0.992157 0.269752 -0.453241 -0.849592 0.640460 -0.435827 -0.632350 -0.006459 -0.359301 -0.933199 -0.010566 -0.000076 -0.999944 -0.009949 0.003554 -0.999944 -0.010126 -0.003656 -0.999942 -0.010131 0.004992 -0.999936 -0.015046 -0.004998 -0.999874 -0.000105 0.003616 -0.999993 -0.019549 0.000114 -0.999809 -0.049404 -0.003421 -0.998773 -0.012858 0.000389 -0.999917 -0.072191 0.000757 -0.997391 -0.132987 0.006346 -0.991097 
						-0.072189 0.022523 -0.997137 0.089866 0.001363 -0.995953 0.030658 -0.007983 -0.999498 -0.022101 0.057217 -0.998117 0.031407 0.073727 -0.996784 -0.043308 -0.057009 -0.997434 -0.045894 -0.001403 -0.998945 -0.044029 -0.052358 -0.997657 0.084268 -0.614090 -0.784724 0.065442 -0.064904 -0.995743 0.065670 -0.007500 -0.997813 0.036255 -0.001364 -0.999342 0.032883 0.073785 -0.996732 0.036610 0.005463 -0.999315 -0.014170 -0.616607 -0.787144 -0.056737 -0.057395 -0.996738 -0.097120 -0.052943 -0.993863 -0.056110 -0.066068 -0.996236 0.045448 0.000751 -0.998966 0.045768 -0.007032 -0.998927 0.103045 -0.003276 -0.994671 -0.078777 0.000383 -0.996892 -0.051346 0.022115 -0.998436 -0.022023 0.057218 -0.998119 -0.050437 -0.008204 -0.998694 -0.016197 -0.533896 -0.845395 -0.006562 -0.362792 -0.931847 0.592010 -0.548878 -0.590133 0.498775 -0.698196 -0.513561 0.277836 -0.908614 -0.311815 0.126607 -0.979067 -0.159368 -0.022463 -0.999370 -0.027484 0.200221 -0.979176 -0.033541 -0.229456 -0.972693 -0.034895 -0.022886 -0.999360 -0.027486 -0.146662 -0.972520 -0.180817 -0.285391 -0.902228 -0.323321 -0.506203 -0.682146 -0.527670 -0.596673 -0.529745 -0.602787 0.013218 -0.340660 -0.940094 0.022063 -0.514081 -0.857458 -0.016198 0.534356 -0.845104 -0.006484 0.359330 -0.933188 0.591766 0.549311 -0.589975 0.496371 0.701507 -0.511374 0.278580 0.908165 -0.312457 0.129903 0.978110 -0.162563 -0.014165 0.999522 -0.027493 0.204790 0.978232 -0.033513 -0.226921 0.973287 -0.034927 -0.014354 0.999519 -0.027494 -0.144873 0.973103 -0.179114 -0.287592 0.900749 -0.325488 -0.518097 0.664553 -0.538465 -0.601380 0.519517 -0.606996 0.013222 0.340537 -0.940138 0.021710 0.503434 -0.863761 0.094976 -0.002946 -0.995475 0.061091 -0.007392 -0.998105 -0.101227 0.419674 -0.902013 0.117257 0.080510 -0.989833 0.130345 0.089817 -0.987392 -0.124373 0.408937 -0.904047 -0.579720 0.558542 -0.593258 
						0.020193 0.459268 -0.888068 -0.014296 -0.484855 -0.874478 0.566551 -0.591827 -0.573377 0.106239 -0.421097 -0.900772 -0.148979 -0.108647 -0.982854 -0.134073 -0.098065 -0.986107 0.081488 -0.432218 -0.898080 -0.084925 0.022768 -0.996127 -0.121648 0.005885 -0.992556 0.270105 -0.913371 -0.304627 -0.024069 -0.999095 -0.035064 0.121468 -0.591665 -0.796981 0.007339 -0.463463 -0.886086 0.012400 -0.461429 -0.887091 -0.021975 -0.595697 -0.802908 -0.069198 0.056376 -0.996009 -0.095338 0.022965 -0.995180 -0.024775 -0.999078 -0.035066 -0.287142 -0.901079 -0.324972 -0.017524 -0.456635 -0.889481 -0.147721 -0.589097 -0.794445 -0.022370 -0.595692 -0.802902 -0.033973 -0.449803 -0.892481 0.077986 0.075480 -0.994093 0.031325 0.058016 -0.997824 -0.568562 -0.580002 -0.583383 0.020586 -0.470957 -0.881916 0.136216 -0.094316 -0.986180 -0.113686 -0.414537 -0.902903 -0.081929 -0.429017 -0.899573 0.128597 -0.088887 -0.987705 0.095746 0.010374 -0.995352 0.070222 0.075199 -0.994693 -0.014321 0.485919 -0.873887 0.563772 0.596836 -0.570919 0.105862 0.421930 -0.900427 -0.146489 0.106986 -0.983410 -0.134825 0.098687 -0.985943 0.077045 0.434860 -0.897196 -0.086785 -0.052840 -0.994825 -0.110688 -0.006807 -0.993832 0.273730 0.911175 -0.307949 -0.011236 0.999323 -0.035046 0.128355 0.591170 -0.796268 0.007094 0.464293 -0.885653 0.017758 0.459984 -0.887750 -0.008703 0.595863 -0.803039 -0.053378 -0.066052 -0.996387 -0.099259 -0.052963 -0.993651 -0.011389 0.999321 -0.035046 -0.285799 0.901927 -0.323800 -0.026872 0.452113 -0.891556 -0.144647 0.589408 -0.794780 -0.008776 0.595863 -0.803038 -0.033655 0.449283 -0.892756 0.072155 -0.007652 -0.997364 0.041134 -0.065214 -0.997023 0.027729 -0.003525 -0.999609 -0.020696 -0.004997 -0.999773 0.029271 -0.732089 -0.680580 0.187691 -0.507236 -0.841120 -0.046355 -0.629505 -0.775612 -0.021648 -0.732136 -0.680814 0.204195 -0.978583 -0.026083 
						0.428887 -0.787540 -0.442534 -0.020641 -0.004997 -0.999774 -0.057257 -0.003392 -0.998354 -0.200145 -0.495203 -0.845408 -0.062958 -0.730779 -0.679705 -0.021772 -0.732134 -0.680812 0.019853 -0.615072 -0.788221 -0.435751 -0.776407 -0.455316 -0.239505 -0.970506 -0.027489 -0.066885 -0.003357 -0.997755 -0.055090 0.000291 -0.998481 0.051176 -0.049765 -0.997449 -0.279328 -0.441799 -0.852520 -0.282678 -0.439410 -0.852650 0.072797 -0.072532 -0.994706 0.013132 -0.337443 -0.941254 -0.645049 -0.409234 -0.645322 0.041216 -0.000189 -0.999150 0.054435 0.003423 -0.998511 0.266300 0.455721 -0.849354 -0.058475 0.065634 -0.996129 -0.082172 0.090560 -0.992495 0.270660 0.452692 -0.849596 0.641394 0.433209 -0.633201 -0.006386 0.356025 -0.934455 0.032449 0.003502 -0.999467 -0.011636 0.004992 -0.999920 0.034182 0.731969 -0.680480 0.187957 0.507145 -0.841116 -0.041895 0.627641 -0.777375 -0.013060 0.732249 -0.680912 0.208913 0.977587 -0.026069 0.429344 0.787019 -0.443018 -0.011659 0.004992 -0.999920 -0.056137 0.003388 -0.998417 -0.205166 0.491959 -0.846099 -0.061832 0.730821 -0.679763 -0.013138 0.732248 -0.680912 0.021623 0.615872 -0.787549 -0.438089 0.773796 -0.457513 -0.237776 0.970930 -0.027531 0.013132 0.337177 -0.941350 -0.646266 0.405627 -0.646380 -0.287602 0.435840 -0.852836 0.070276 0.069850 -0.995079 0.051266 0.049830 -0.997441 -0.281492 0.440219 -0.852625 -0.071747 0.003331 -0.997417 -0.057457 -0.000310 -0.998348 0.036490 0.000159 -0.999334 0.050282 -0.003444 -0.998729 0.261982 -0.458612 -0.849141 -0.061924 -0.069229 -0.995677 -0.086162 -0.094726 -0.991768 0.266528 -0.455471 -0.849417 0.639376 -0.438768 -0.631412 -0.006506 -0.360497 -0.932738 -0.011154 -0.000079 -0.999938 -0.010545 0.003551 -0.999938 -0.010565 -0.003657 -0.999938 -0.010408 0.004991 -0.999933 -0.017176 -0.004996 -0.999840 -0.000078 0.003616 -0.999994 -0.023696 0.000136 -0.999719 
						-0.057843 -0.003387 -0.998320 -0.009839 0.009822 -0.999903 -0.047901 0.047790 -0.997708 -0.142609 0.004445 -0.989769 -0.080538 0.023015 -0.996486 0.063102 -0.000000 -0.998007 0.028693 0.000043 -0.999588 -0.005848 0.047024 -0.998877 0.029987 0.026226 -0.999206 -0.012519 0.000389 -0.999922 -0.071090 0.000000 -0.997470 -0.131169 -0.005540 -0.991345 -0.071070 -0.022952 -0.997207 0.047768 -0.047684 -0.997720 0.025209 -0.000434 -0.999682 -0.009227 -0.037247 -0.999263 0.025818 -0.017268 -0.999518 0.041870 0.000003 -0.999123 -0.013920 0.000002 -0.999903 0.041725 0.026474 -0.998778 0.099181 0.004030 -0.995061 -0.043058 -0.000559 -0.999072 -0.076638 0.000383 -0.997059 -0.043791 -0.022418 -0.998789 -0.009269 -0.037247 -0.999263 0.025660 -0.025601 -0.999343 -0.003927 0.003921 -0.999985 0.040859 -0.017431 -0.999013 0.088956 -0.001567 -0.996034 -0.072002 0.071883 -0.994811 -0.053158 0.022692 -0.998328 -0.005869 0.047024 -0.998877 -0.052215 -0.000069 -0.998636 -0.016419 -0.539509 -0.841820 -0.006597 -0.363564 -0.931546 0.589335 -0.554278 -0.587759 0.492427 -0.706800 -0.507888 0.277160 -0.909036 -0.311185 0.128875 -0.978420 -0.161511 -0.015049 -0.999510 -0.027453 0.203365 -0.978530 -0.033506 -0.227609 -0.973127 -0.034901 -0.015208 -0.999507 -0.027454 -0.145358 -0.972947 -0.179569 -0.288001 -0.900519 -0.325764 -0.520447 -0.661056 -0.540499 -0.602951 -0.516064 -0.608382 0.013134 -0.337282 -0.941312 0.021570 -0.499890 -0.865820 -0.016081 0.532007 -0.846587 -0.006526 0.361023 -0.932534 0.592889 0.547041 -0.590956 0.500123 0.696377 -0.514719 0.279291 0.907720 -0.313115 0.130381 0.977971 -0.163011 -0.013889 0.999525 -0.027494 0.205435 0.978097 -0.033508 -0.226211 0.973452 -0.034933 -0.014086 0.999523 -0.027495 -0.144350 0.973272 -0.178619 -0.286795 0.901275 -0.324735 -0.514338 0.670186 -0.535076 -0.599936 0.522684 -0.605705 0.013211 0.340362 -0.940202 
						0.021824 0.506723 -0.861833 0.098338 -0.001812 -0.995151 0.066643 -0.017701 -0.997620 -0.095314 0.422397 -0.901386 0.120095 0.082553 -0.989324 0.130897 0.090237 -0.987281 -0.121670 0.410237 -0.903827 -0.576434 0.564967 -0.590369 0.020297 0.462240 -0.886523 -0.014519 -0.490545 -0.871295 0.560365 -0.602821 -0.567977 0.100707 -0.423615 -0.900227 -0.151411 -0.110412 -0.982285 -0.139661 -0.102068 -0.984925 0.071290 -0.436703 -0.896777 -0.093382 0.023161 -0.995361 -0.127861 0.004063 -0.991784 0.273369 -0.911380 -0.307661 -0.010158 -0.999335 -0.035019 0.127086 -0.591140 -0.796494 0.003589 -0.464968 -0.885320 0.016622 -0.459727 -0.887905 -0.007100 -0.595731 -0.803153 -0.058519 0.046865 -0.997186 -0.103151 0.023269 -0.994394 -0.010250 -0.999334 -0.035019 -0.285864 -0.901924 -0.323750 -0.028983 -0.451814 -0.891641 -0.145317 -0.589191 -0.794819 -0.007127 -0.595731 -0.803153 -0.034016 -0.449707 -0.892528 0.070814 0.027072 -0.997122 0.036340 0.047057 -0.998231 -0.582033 -0.554033 -0.595219 0.020068 -0.456095 -0.889705 0.126981 -0.087645 -0.988025 -0.128113 -0.407689 -0.904089 -0.105284 -0.418345 -0.902166 0.114138 -0.078493 -0.990359 0.090425 0.003666 -0.995897 0.057091 0.026793 -0.998009 -0.014198 0.483360 -0.875307 0.567684 0.589819 -0.574324 0.108329 0.420726 -0.900697 -0.147084 0.107498 -0.983265 -0.132894 0.097402 -0.986333 0.082900 0.432197 -0.897961 -0.083234 -0.023186 -0.996260 -0.119139 -0.005040 -0.992865 0.274512 0.910694 -0.308673 -0.011698 0.999317 -0.035050 0.129513 0.591051 -0.796169 0.010424 0.462880 -0.886360 0.018830 0.459473 -0.887992 -0.009442 0.595830 -0.803055 -0.054420 -0.037278 -0.997822 -0.092653 -0.023364 -0.995424 -0.011887 0.999315 -0.035051 -0.285273 0.902273 -0.323300 -0.024281 0.453218 -0.891069 -0.143797 0.589458 -0.794897 -0.009555 0.595829 -0.803054 -0.032401 0.449838 -0.892522 0.080765 -0.017845 -0.996574 
						0.039217 -0.037130 -0.998541 0.029891 -0.003517 -0.999547 -0.013673 -0.004996 -0.999894 0.031486 -0.732069 -0.680502 0.185661 -0.508488 -0.840815 -0.044472 -0.628694 -0.776380 -0.015342 -0.732260 -0.680853 0.206188 -0.978165 -0.026057 0.427841 -0.788656 -0.441558 -0.013624 -0.004996 -0.999895 -0.057790 -0.003387 -0.998323 -0.206114 -0.491328 -0.846235 -0.063588 -0.730775 -0.679651 -0.015363 -0.732259 -0.680853 0.020161 -0.615179 -0.788130 -0.438498 -0.773346 -0.457882 -0.239359 -0.970542 -0.027482 -0.075049 -0.003323 -0.997174 -0.061003 0.000322 -0.998138 0.048814 -0.047239 -0.997690 -0.284639 -0.437951 -0.852748 -0.290506 -0.433729 -0.852927 0.067491 -0.066905 -0.995474 0.013045 -0.333939 -0.942504 -0.647599 -0.401670 -0.647516 0.040482 -0.000184 -0.999180 0.055085 0.003421 -0.998476 0.265600 0.456111 -0.849364 -0.059847 0.067116 -0.995949 -0.082611 0.091060 -0.992413 0.271108 0.452285 -0.849670 0.641157 0.433870 -0.632988 -0.006423 0.357548 -0.933873 0.032963 0.003500 -0.999450 -0.011576 0.004991 -0.999921 0.034684 0.731957 -0.680467 0.188683 0.506604 -0.841279 -0.041828 0.627540 -0.777460 -0.012921 0.732247 -0.680917 0.209006 0.977567 -0.026073 0.429314 0.787056 -0.442982 -0.011609 0.004991 -0.999920 -0.055204 0.003391 -0.998469 -0.203818 0.492908 -0.845873 -0.060879 0.730859 -0.679808 -0.013008 0.732246 -0.680916 0.022369 0.616280 -0.787210 -0.437398 0.774565 -0.456871 -0.236930 0.971136 -0.027534 0.013133 0.337411 -0.941266 -0.645826 0.406939 -0.645995 -0.285960 0.437107 -0.852740 0.071164 0.070862 -0.994944 0.051214 0.049854 -0.997443 -0.280790 0.440806 -0.852553 -0.070125 0.003336 -0.997533 -0.056658 -0.000306 -0.998394 0.036349 0.000158 -0.999339 0.051319 -0.003440 -0.998676 0.261843 -0.458704 -0.849134 -0.062745 -0.070156 -0.995561 -0.085833 -0.094442 -0.991823 0.267597 -0.454728 -0.849479 0.639518 -0.438367 -0.631546 
						-0.006513 -0.361056 -0.932521 -0.013204 -0.000090 -0.999913 -0.012462 0.003545 -0.999916 -0.012436 -0.003664 -0.999916 -0.012203 0.004991 -0.999913 -0.019044 -0.004998 -0.999806 -0.002518 0.003624 -0.999990 -0.025632 0.000144 -0.999671 -0.058660 -0.003387 -0.998272 -0.013892 0.000002 -0.999904 -0.074095 -0.000000 -0.997251 -0.135829 0.005784 -0.990715 -0.073981 0.027475 -0.996881 0.071284 0.004818 -0.997444 0.027473 0.000202 -0.999623 -0.012249 0.061022 -0.998061 0.029890 0.041601 -0.998687 -0.014902 -0.003958 -0.999881 -0.067815 -0.005382 -0.997683 -0.120158 -0.006833 -0.992731 -0.065757 -0.021064 -0.997613 0.054199 0.000393 -0.998530 0.024854 -0.008000 -0.999659 -0.004073 -0.037970 -0.999271 0.025925 -0.021806 -0.999426 0.045243 0.004448 -0.998966 -0.014032 -0.000945 -0.999901 0.041943 0.042188 -0.998229 0.103628 0.010602 -0.994560 -0.028919 -0.008151 -0.999548 -0.054949 -0.005983 -0.998471 -0.030501 -0.019653 -0.999341 -0.004084 -0.037970 -0.999271 0.042012 0.000003 -0.999117 0.041974 -0.022136 -0.998873 0.098109 -0.004010 -0.995168 -0.088586 0.000004 -0.996068 -0.052127 0.027033 -0.998274 -0.012334 0.061021 -0.998060 -0.050131 -0.000359 -0.998743 -0.016300 -0.536287 -0.843878 -0.006622 -0.364753 -0.931081 0.590863 -0.551192 -0.589125 0.496963 -0.700666 -0.511952 0.277739 -0.908670 -0.311736 0.127779 -0.978731 -0.160492 -0.018998 -0.999442 -0.027471 0.201853 -0.978842 -0.033519 -0.230028 -0.972558 -0.034888 -0.019275 -0.999437 -0.027472 -0.147108 -0.972374 -0.181241 -0.288603 -0.900118 -0.326337 -0.519941 -0.661826 -0.540044 -0.603086 -0.515768 -0.608499 0.013084 -0.335638 -0.941900 0.021566 -0.499580 -0.866000 -0.016341 0.538114 -0.842714 -0.006599 0.363250 -0.931668 0.589966 0.552938 -0.588388 0.493980 0.704741 -0.509239 0.277805 0.908649 -0.311738 0.129917 0.978105 -0.162582 -0.012955 0.999538 -0.027493 0.204825 0.978225 -0.033518 
						-0.227027 0.973262 -0.034932 -0.013108 0.999536 -0.027493 -0.144964 0.973075 -0.179192 -0.288564 0.900100 -0.326421 -0.521626 0.659182 -0.541651 -0.603200 0.515499 -0.608614 0.013164 0.338438 -0.940897 0.021576 0.499263 -0.866182 0.089703 -0.003658 -0.995962 0.056156 -0.022423 -0.998170 -0.106368 0.417270 -0.902536 0.113124 0.077560 -0.990549 0.126410 0.087006 -0.988155 -0.128579 0.406909 -0.904374 -0.582900 0.552221 -0.596054 0.020049 0.454845 -0.890345 -0.014383 -0.486868 -0.873357 0.564872 -0.594833 -0.571921 0.104250 -0.422004 -0.900580 -0.150685 -0.109842 -0.982461 -0.136221 -0.099575 -0.985662 0.078645 -0.433473 -0.897728 -0.087421 0.027740 -0.995785 -0.124002 0.005289 -0.992268 0.272394 -0.911973 -0.306767 -0.016148 -0.999256 -0.035036 0.125366 -0.591369 -0.796597 0.006829 -0.463667 -0.885983 0.015330 -0.460244 -0.887660 -0.014048 -0.595782 -0.803023 -0.062728 0.060534 -0.996193 -0.095948 0.027906 -0.994995 -0.016421 -0.999251 -0.035037 -0.287790 -0.900656 -0.325571 -0.029422 -0.451679 -0.891695 -0.148594 -0.589004 -0.794351 -0.014170 -0.595781 -0.803022 -0.037060 -0.448475 -0.893027 0.059129 0.043015 -0.997323 0.030569 0.061314 -0.997650 -0.581354 -0.555385 -0.594622 0.020068 -0.455920 -0.889795 0.125648 -0.086781 -0.988272 -0.128111 -0.407743 -0.904065 -0.103709 -0.419121 -0.901988 0.114033 -0.078504 -0.990371 0.082527 0.008963 -0.996549 0.051173 0.042634 -0.997779 -0.014459 0.489574 -0.871842 0.561742 0.600429 -0.569149 0.102242 0.423583 -0.900069 -0.151299 0.110403 -0.982303 -0.138747 0.101473 -0.985115 0.073870 0.436259 -0.896784 -0.086737 -0.021893 -0.995991 -0.118259 -0.006685 -0.992960 0.274052 0.910976 -0.308250 -0.008643 0.999349 -0.035043 0.128939 0.591128 -0.796205 0.005340 0.464999 -0.885295 0.018389 0.459730 -0.887869 -0.004754 0.595888 -0.803053 -0.056489 -0.037808 -0.997687 -0.090587 -0.022044 -0.995645 
						-0.008716 0.999348 -0.035043 -0.285853 0.901886 -0.323866 -0.030141 0.450704 -0.892165 -0.144682 0.589408 -0.794774 -0.004778 0.595888 -0.803053 -0.033446 0.449322 -0.892744 0.069646 -0.022692 -0.997314 0.036449 -0.038024 -0.998612 0.028603 -0.003522 -0.999585 -0.017225 -0.004998 -0.999839 0.030159 -0.732065 -0.680567 0.186387 -0.508033 -0.840930 -0.046038 -0.629352 -0.775756 -0.019231 -0.732172 -0.680849 0.204500 -0.978519 -0.026077 0.428056 -0.788418 -0.441776 -0.017177 -0.004998 -0.999840 -0.059940 -0.003382 -0.998196 -0.206711 -0.490987 -0.846287 -0.065847 -0.730631 -0.679590 -0.019293 -0.732171 -0.680848 0.017753 -0.614111 -0.789020 -0.439062 -0.772719 -0.458399 -0.241935 -0.969903 -0.027478 -0.075775 -0.003324 -0.997119 -0.062428 0.000328 -0.998049 0.047388 -0.045779 -0.997827 -0.285952 -0.437059 -0.852767 -0.291278 -0.433221 -0.852922 0.066490 -0.065892 -0.995609 0.013003 -0.332579 -0.942986 -0.648060 -0.400287 -0.647911 0.037064 -0.000169 -0.999313 0.050783 0.003436 -0.998704 0.262475 0.458338 -0.849137 -0.061500 0.068815 -0.995732 -0.085671 0.094238 -0.991857 0.267058 0.455170 -0.849411 0.639590 0.438100 -0.631659 -0.006504 0.360047 -0.932911 0.031019 0.003507 -0.999513 -0.010921 0.004992 -0.999928 0.032662 0.731993 -0.680529 0.185261 0.508789 -0.840721 -0.042996 0.628084 -0.776956 -0.012092 0.732248 -0.680930 0.207652 0.977855 -0.026085 0.427736 0.788721 -0.441543 -0.010938 0.004992 -0.999928 -0.056865 0.003385 -0.998376 -0.206795 0.490924 -0.846303 -0.062615 0.730773 -0.679743 -0.012156 0.732248 -0.680930 0.021411 0.615795 -0.787616 -0.438767 0.773040 -0.458140 -0.238035 0.970866 -0.027534 0.013070 0.334906 -0.942161 -0.647264 0.402657 -0.647237 -0.289904 0.434191 -0.852897 0.068176 0.067645 -0.995377 0.049630 0.048115 -0.997608 -0.283794 0.438585 -0.852704 -0.074317 0.003321 -0.997229 -0.059987 -0.000323 -0.998199 
						-0.013991 -0.783780 -0.620880 0.234077 -0.598566 -0.766112 0.282052 -0.778326 -0.560941 0.301024 -0.927624 -0.221130 0.478252 -0.508192 -0.716251 -0.002277 -0.861842 0.507172 0.002000 -0.696729 0.717332 0.059046 -0.874519 0.481384 0.031000 -0.953397 0.300122 0.004488 -0.680591 0.732650 -0.019920 -0.480967 0.876512 0.107039 -0.693189 0.712763 0.087609 -0.873107 0.479593 0.255105 0.000000 0.966913 0.007956 0.000000 0.999968 0.255105 0.000000 0.966913 0.486393 0.000000 0.873740 0.011005 -0.999936 0.002847 0.005389 -0.999985 0.001046 -0.000227 -0.999979 -0.006531 0.005389 -0.999964 -0.006531 -0.044266 -0.998986 0.008222 -0.020436 -0.999757 0.008227 0.003406 -0.999994 0.001046 -0.020436 -0.999787 0.002846 -0.341223 -0.045208 -0.938895 -0.173196 -0.046413 -0.983793 0.000070 -0.046214 -0.998932 -0.173196 -0.046413 -0.983793 -0.161166 -0.898971 -0.407280 -0.094126 -0.692911 -0.714853 0.048636 -0.537333 -0.841966 -0.003682 -0.743264 -0.668988 -0.003769 -0.973593 -0.228260 -0.042973 -0.839897 -0.541041 -0.001505 -0.695645 -0.718384 0.014379 -0.894326 -0.447186 -0.121353 -0.850527 0.511739 0.002130 -0.935619 0.353006 -0.103227 -0.964720 0.242198 -0.216654 -0.973188 0.077248 0.211122 -0.975697 0.058668 0.159145 -0.979918 0.120138 0.221740 -0.929943 0.293322 0.026089 -0.856448 0.515574 -0.015132 -0.056166 -0.998307 -0.016678 -0.004048 -0.999853 -0.016968 0.001006 -0.999856 -0.011464 -0.035630 -0.999299 0.016912 -0.027916 -0.999467 0.017155 -0.000950 -0.999852 0.373663 0.001700 0.927563 0.440567 0.002012 0.897717 0.505107 0.002313 0.863054 0.440567 0.002012 0.897717 0.076087 -0.994860 0.066817 0.019685 -0.994174 -0.105970 0.701771 -0.711638 0.032996 0.040621 -0.996465 -0.073536 0.005991 -0.994510 0.104468 0.009664 -0.967994 0.250788 0.044067 -0.996914 -0.064963 -0.015434 -0.856672 -0.515631 0.024565 -0.994009 -0.106501 
						0.010115 -0.967982 -0.250814 0.002334 -0.935619 -0.353003 0.058194 0.998010 -0.024270 -0.010154 0.984529 -0.174928 -0.065554 0.869547 -0.489480 -0.116231 0.892688 -0.435428 -0.101879 0.869406 -0.483481 -0.025948 0.984849 -0.171461 -0.102993 -0.993847 -0.040758 -0.111426 -0.992893 -0.041800 -0.114337 -0.991884 -0.055626 -0.049662 -0.862246 -0.504050 0.116539 -0.892655 -0.435414 0.130593 -0.868457 -0.478255 0.191446 -0.712862 -0.674667 0.156220 -0.874042 -0.460051 
					</float_array>
					<technique_common>
						<accessor count="3152" offset="0" source="#meshId0-tangents-array" stride="3">
							<param name="X" type="float" />
							<param name="Y" type="float" />
							<param name="Z" type="float" />
						</accessor>
					</technique_common>
				</source>
				<source id="meshId0-bitangents" name="meshId0-bitangents">
					<float_array id="meshId0-bitangents-array" count="9456"> 
						0.993456 -0.107327 0.039063 0.993990 -0.102180 0.039277 0.993982 -0.102179 0.039491 0.993454 -0.107273 0.039277 0.456321 0.888809 0.042307 0.645062 0.763018 0.041218 0.457648 0.888126 0.042307 0.788223 -0.614141 0.039183 0.792079 -0.609160 0.039183 0.789260 -0.612808 0.039183 0.649253 0.685062 0.330393 0.543999 0.770562 0.332114 0.488759 0.805286 0.335601 0.619569 0.709469 0.335840 0.602587 0.713309 0.357881 0.614503 0.703390 0.357251 0.483923 0.795671 0.364317 0.434521 0.819944 0.372671 0.625262 0.739597 0.249087 0.634589 0.753150 0.173386 0.450703 0.854736 0.257476 0.433169 0.836383 0.335899 0.758567 -0.650418 0.039159 0.788136 -0.614073 0.041895 0.789294 -0.612879 0.037324 0.766007 -0.641850 0.035513 0.697616 -0.715193 0.042778 0.758561 -0.650216 0.042481 0.765982 -0.641498 0.041867 0.698557 -0.714046 0.046434 0.623990 -0.781007 0.025795 0.623989 -0.781006 0.025843 0.697522 -0.716106 0.025622 0.698454 -0.715222 0.024883 0.993644 0.019779 -0.110816 0.999174 -0.030695 -0.026638 0.992358 -0.111429 0.053008 0.995171 -0.078448 -0.058991 0.987910 0.033683 -0.151328 0.999173 -0.001228 -0.040646 0.994453 -0.084642 0.062438 0.998888 -0.022607 -0.041379 0.976991 -0.016449 0.212647 0.992173 -0.008183 0.124599 0.999101 -0.024693 0.034454 0.991493 -0.051616 0.119486 0.991904 -0.126497 0.011183 0.918132 -0.394542 0.037026 0.991904 -0.126497 0.011183 0.988349 0.151410 -0.015531 1.000000 0.000241 -0.000000 0.999853 0.000246 -0.017163 1.000000 0.000242 -0.000000 1.000000 0.000254 0.000007 1.000000 0.000249 -0.000000 -0.974100 -0.036564 0.223140 -0.987278 0.003270 0.158970 -0.974504 -0.161609 0.155645 -0.953799 -0.155018 0.257364 -0.945713 0.095704 -0.310593 -0.984136 0.018967 -0.176401 -0.989456 0.002306 -0.144813 -0.955671 0.080948 -0.283090 -0.984612 0.024409 -0.173044 
						-0.995148 -0.074945 -0.063745 -0.994752 -0.081850 -0.061400 -0.989021 -0.002608 -0.147752 -0.875579 0.005108 0.483048 -0.900207 0.005251 0.435430 -0.922249 0.005378 0.386560 -0.900207 0.005251 0.435430 0.872993 0.062830 0.483669 0.688406 0.058122 0.722993 0.925516 0.060686 0.373814 0.976637 0.054176 0.207953 0.014490 0.091329 0.995715 -0.001677 0.034606 0.999400 0.020294 -0.021502 0.999563 0.015553 0.034936 0.999269 -0.894782 -0.105989 0.433742 -0.861997 -0.109610 0.494921 -0.989560 -0.097801 0.105855 -0.990069 -0.097607 0.101179 0.905128 0.111959 0.410133 0.771959 0.124059 0.623449 0.713308 -0.054404 0.698736 0.884404 -0.048934 0.464150 0.201318 -0.488883 0.848802 0.328774 -0.462969 0.823145 0.354633 -0.500562 0.789729 0.219366 -0.533183 0.817064 0.359784 -0.315664 -0.878016 0.983875 -0.049306 -0.171928 0.972737 -0.160201 -0.167682 0.316695 -0.264033 -0.911039 -0.968514 0.167112 0.184539 -0.999544 0.014534 0.026485 -0.997040 -0.058643 0.049720 -0.992637 0.057397 -0.106668 -0.999863 -0.005493 -0.015604 -0.996061 0.033750 -0.081993 -0.940002 -0.049976 -0.337489 -0.946838 -0.044168 -0.318663 -0.997447 0.040664 -0.058707 -0.940053 -0.054273 -0.336683 -0.928728 -0.056964 -0.366359 -0.935321 -0.055071 -0.349488 -0.946961 -0.052189 -0.317083 -0.927114 -0.093553 -0.362915 -0.933548 -0.093466 -0.346054 -0.932689 -0.093398 -0.348380 -0.926219 -0.093482 -0.365212 -0.945801 0.076227 -0.315673 -0.955631 0.071523 -0.285753 -0.935915 0.080459 -0.342912 -0.929460 0.083020 -0.359460 0.964059 -0.056179 0.259682 0.945668 0.214753 0.244119 0.998782 0.031180 -0.038239 0.995526 -0.061822 0.071453 0.879609 -0.082481 0.468493 0.696508 0.470753 0.541543 0.924481 0.261513 0.277393 0.999790 -0.014355 -0.014647 0.999853 0.000164 -0.017166 0.973965 -0.186549 -0.128809 0.942577 -0.333385 -0.020054 0.947900 -0.303802 -0.095865 
						0.999654 0.023307 0.012189 0.964988 0.000000 0.262293 0.827378 0.000000 0.561645 0.964988 0.000000 0.262293 0.997851 0.000000 -0.065531 0.898037 -0.015679 0.439641 0.974201 -0.005382 0.225616 0.999986 0.005193 -0.000076 0.974201 -0.005382 0.225616 0.999993 -0.003687 0.000006 1.000000 -0.000020 0.000003 0.999993 0.003647 -0.000005 1.000000 -0.000021 0.000037 0.999886 -0.007070 0.013352 0.943870 0.271779 -0.187736 0.974505 0.142129 -0.173607 0.939746 0.234567 -0.248707 0.559395 -0.524830 -0.641585 0.999995 0.002803 -0.001723 0.999951 0.009230 0.003629 0.999834 0.016229 0.008333 0.999949 0.009609 0.003107 -0.999701 -0.018805 -0.015609 -0.998504 0.043683 0.032883 -0.999700 -0.019858 -0.014356 -0.994653 -0.078654 -0.066925 -0.974445 0.020591 0.223680 -0.959355 0.147507 0.240582 -0.978769 0.123437 0.163630 -0.985478 -0.007758 0.169625 0.000009 -0.096952 0.995289 0.000009 -0.102096 0.994775 0.000007 -0.107237 0.994233 0.000007 -0.102096 0.994775 -0.999141 -0.041425 0.001205 -0.998787 -0.049216 0.001188 -0.998373 -0.057004 0.001290 -0.998787 -0.049216 0.001291 0.997904 0.019981 -0.061554 0.999577 0.018315 -0.022583 0.999883 -0.010458 0.011147 0.999687 0.007627 -0.023833 0.999851 0.001521 0.017212 0.999995 0.001775 0.002584 0.999925 0.002028 -0.012044 0.999995 0.001775 0.002584 0.999991 0.000117 0.004309 0.999989 0.001642 0.004318 0.999986 0.003166 0.004337 0.999989 0.001642 0.004337 0.999909 0.010870 -0.007971 1.000000 -0.000068 0.001015 0.999753 -0.000374 0.022242 1.000000 -0.000620 0.000386 0.997970 -0.018666 -0.060891 0.999657 -0.007109 -0.025199 0.999924 0.008919 0.008472 0.999546 -0.019020 -0.023378 0.999971 0.000000 -0.007596 0.999990 -0.000000 0.004579 0.999860 -0.000000 0.016754 0.999990 -0.000000 0.004579 0.999991 0.000046 0.004337 0.999991 -0.000026 0.004360 
						0.999991 -0.000099 0.004360 0.999991 -0.000026 0.004337 0.999931 0.002263 0.011501 0.999999 0.001128 0.000369 0.999932 0.007171 -0.009166 0.999997 0.002343 0.000637 -0.319370 0.620203 0.716485 -0.316587 0.592829 0.740491 -0.328891 0.617110 0.714847 -0.316156 0.648572 0.692387 -0.232077 -0.353421 0.906220 -0.247202 -0.482162 0.840483 -0.252602 -0.601441 0.757932 -0.241951 -0.483060 0.841494 0.999996 -0.002133 0.002010 0.999978 -0.006536 -0.001215 0.999993 -0.002645 0.002607 0.999983 0.001997 0.005551 0.207849 -0.643476 0.736707 0.202354 -0.639752 0.741465 0.202344 -0.644225 0.737585 0.209551 -0.647662 0.732545 0.329530 -0.908741 0.256124 0.629673 -0.714751 0.304371 0.632794 -0.745368 0.209756 0.220414 -0.959085 0.177691 0.997529 -0.049496 -0.049865 1.000000 0.000679 -0.000448 0.997984 0.022533 0.059332 1.000000 0.000482 -0.000396 -0.640775 -0.622721 0.449028 -0.653307 -0.666000 0.360048 -0.397629 -0.776755 0.488408 -0.328980 -0.747034 0.577678 0.999960 0.000000 -0.008905 1.000000 -0.000000 0.000022 0.999960 -0.000000 0.008949 1.000000 -0.000000 0.000022 0.856243 0.000001 -0.516573 -0.846466 -0.000001 0.532442 -0.856243 -0.000001 0.516573 -0.865723 -0.000000 0.500523 0.372829 0.906400 0.198587 0.254967 0.830831 0.494683 0.258767 0.630802 0.731525 0.326683 0.808957 0.488740 0.997426 -0.049682 0.051707 1.000000 -0.000630 -0.000680 0.997802 0.021399 -0.062715 1.000000 -0.000494 -0.000658 0.644023 0.737924 0.201746 0.640796 0.708085 0.296641 0.350633 0.903328 0.247094 0.226967 0.958896 0.170308 0.999997 0.000276 0.002274 0.999997 -0.000006 0.002275 0.999997 -0.000288 0.002274 0.999997 -0.000006 0.002274 -0.259411 -0.038668 0.964992 -0.259400 -0.042912 0.964816 -0.259354 -0.047156 0.964630 -0.259366 -0.042912 0.964825 0.999860 0.000000 0.016754 0.999992 0.000000 0.003924 
						0.999960 -0.000000 -0.008905 0.999992 0.000000 0.003924 0.999957 0.000971 0.009220 1.000000 0.000975 0.000044 0.999958 0.000978 -0.009132 1.000000 0.000975 0.000044 0.999982 0.004377 0.004042 0.999842 0.004369 0.017214 0.999982 0.004377 0.004042 0.999949 0.004385 -0.009130 -0.416184 0.758781 0.501040 -0.661342 0.649709 0.374840 -0.646763 0.605459 0.463807 -0.337331 0.732935 0.590774 0.999997 0.000352 0.002270 0.999997 0.000007 0.002272 0.999997 -0.000337 0.002274 0.999997 0.000007 0.002274 0.213633 0.004403 0.976904 0.213633 0.003614 0.976907 0.213630 0.004403 0.976905 0.213629 0.005191 0.976901 -0.831323 -0.000596 0.555790 -0.844853 -0.000601 0.534998 -0.857863 -0.000606 0.513878 -0.844853 -0.000601 0.534998 -0.259462 0.037532 0.965024 -0.259497 0.033286 0.965170 -0.259496 0.029039 0.965308 -0.259462 0.033286 0.965180 0.213630 -0.003613 0.976908 0.213634 -0.002966 0.976909 0.213634 -0.003613 0.976907 0.213630 -0.004261 0.976905 0.999930 0.003122 0.011448 0.999999 -0.001162 -0.000184 0.999943 0.004767 -0.009558 0.999995 0.003199 0.000779 0.213157 -0.839871 -0.499180 0.316743 -0.926852 -0.201545 0.276223 -0.823988 -0.494717 0.215878 -0.638032 -0.739129 0.346458 0.916298 0.200910 0.235728 0.834988 0.497219 0.238811 0.634386 0.735203 0.302788 0.816210 0.492057 0.999582 0.025999 -0.012638 0.998965 0.037970 -0.025027 0.998944 0.035708 -0.028925 0.999620 0.022447 -0.016025 0.360110 0.826572 -0.432550 0.359862 0.801780 -0.477125 0.261661 0.854801 -0.448162 0.209901 0.888961 -0.407050 0.999996 -0.000000 0.002911 0.999991 -0.000000 0.004223 0.999996 -0.000000 0.002911 0.999999 -0.000000 0.001600 0.999999 0.000000 -0.001687 0.999999 0.000000 -0.001687 0.999991 -0.000000 0.004223 0.296244 -0.846888 0.441611 0.388553 -0.803291 0.451387 0.388341 -0.817739 0.424846 
						0.246277 -0.872865 0.421253 0.181764 -0.012263 -0.983266 0.179512 -0.011689 -0.983686 0.179512 -0.012267 -0.983679 0.181757 -0.012841 -0.983259 0.999999 -0.000000 -0.001049 1.000000 0.000000 0.000291 0.999999 0.000000 0.001632 1.000000 0.000000 0.000291 0.196655 0.015159 0.980355 0.196656 0.011751 0.980402 0.194369 0.015164 0.980811 0.194361 0.018572 0.980754 0.999999 0.000116 -0.001269 0.999997 -0.000212 -0.002263 0.999997 -0.000528 -0.002260 0.999999 -0.000200 -0.001269 0.999991 0.004123 -0.001269 0.999989 0.004483 -0.001269 0.999988 0.004825 0.000022 0.999990 0.004465 0.000017 0.184480 0.015781 -0.982710 0.184483 0.015050 -0.982720 0.181711 0.015778 -0.983225 0.181701 0.016512 -0.983215 0.999992 0.001123 -0.003873 0.999988 0.001155 -0.004854 0.999982 0.001187 -0.005835 0.999987 0.001155 -0.004854 0.988208 -0.152168 -0.017013 0.988250 -0.152304 -0.012888 0.988274 -0.152437 -0.008762 0.988250 -0.152304 -0.012888 0.194425 -0.015227 0.980799 0.194418 -0.014162 0.980816 0.191750 -0.013116 0.981356 0.191754 -0.014180 0.981341 0.998413 0.021377 -0.052108 0.999189 0.012535 -0.038258 0.998344 0.042623 -0.038644 0.997186 0.054730 -0.051235 0.306125 -0.821999 -0.480214 0.384492 -0.754760 -0.531511 0.386603 -0.795772 -0.466138 0.248619 -0.872794 -0.420024 0.984326 0.176333 0.003025 0.984330 0.176230 0.006074 0.984326 0.176333 0.003025 0.984312 0.176435 -0.000024 0.277388 0.850524 0.446840 0.279175 0.833898 0.476105 0.246096 0.857096 0.452573 0.223475 0.877050 0.425255 0.999120 0.029593 0.029708 0.999574 0.026097 0.013032 0.999815 0.017005 0.008996 0.999503 0.021767 0.022790 0.178611 0.404151 -0.897084 0.183802 0.412812 -0.892078 0.185029 0.421562 -0.887722 0.178339 0.413093 -0.893056 0.168908 -0.398288 0.901575 0.163110 -0.400034 0.901869 0.163141 -0.401279 0.901310 
						0.169913 -0.399424 0.900883 -0.989886 -0.097533 0.103018 -0.979303 -0.093137 -0.179695 -0.974544 -0.093087 -0.203958 -0.932812 -0.096335 0.347247 -0.979201 -0.094250 -0.179674 -0.932740 -0.092805 -0.348402 -0.933369 -0.095465 -0.345989 -0.974147 -0.097326 -0.203877 -0.978198 0.026862 -0.205930 -0.976727 0.037627 0.211159 -0.937815 0.035822 0.345283 -0.976905 0.026533 -0.212020 -0.999412 0.026058 -0.022303 -0.992927 0.075753 -0.091418 -0.999375 0.031276 -0.016473 -0.998779 -0.047196 0.014567 -0.995680 0.084911 -0.037570 -0.984505 0.098268 0.145235 -0.986044 0.142331 0.086362 -0.991023 0.129121 -0.034644 0.981561 -0.157665 -0.108068 0.985915 0.022199 0.165765 0.999965 0.002499 0.007935 0.998010 -0.059727 -0.020210 0.999989 0.004750 -0.000342 0.999995 0.001974 -0.002306 0.999993 -0.001472 -0.003383 0.999995 0.002102 -0.002533 1.000000 0.000751 -0.000354 1.000000 0.000180 -0.000233 1.000000 -0.000242 0.000111 1.000000 0.000197 -0.000208 1.000000 0.000682 -0.000503 0.999998 0.001959 0.000193 0.999993 0.003622 -0.000966 0.999997 0.002126 -0.000646 0.999996 0.000718 -0.002861 0.999996 0.001107 -0.002770 0.999996 0.001565 -0.002394 0.999997 0.001260 -0.002229 0.218573 0.125863 0.967669 0.163005 0.205531 0.964980 0.164844 0.282204 0.945086 0.208966 0.203623 0.956489 0.249512 0.455478 0.854566 0.235893 0.373609 0.897090 0.210907 0.460054 0.862478 0.190956 0.542079 0.818344 0.209377 -0.261395 0.942249 0.240898 -0.249330 0.937978 0.233999 -0.259908 0.936852 0.212004 -0.271445 0.938814 -0.202729 0.142241 0.968849 -0.271545 0.205474 0.940236 -0.248167 0.140410 0.958488 -0.214696 0.075693 0.973743 0.197121 0.265152 -0.943842 0.173943 0.233779 -0.956604 0.177317 0.200858 -0.963439 0.188799 0.233148 -0.953938 0.185621 0.673716 -0.715298 0.177244 0.748666 -0.638814 0.154937 0.677417 -0.719097 
						0.150845 0.595530 -0.789044 0.146276 -0.178215 -0.973058 0.196942 -0.126726 -0.972190 0.186158 -0.176867 -0.966469 0.150580 -0.227742 -0.962008 -0.991230 -0.117475 0.060515 -0.984829 -0.153046 0.081789 -0.977681 -0.151240 0.145832 -0.979103 -0.060318 0.194214 -0.934327 0.093868 0.343834 -0.989705 0.096369 0.105815 -0.894602 0.108029 0.433610 -0.932397 0.101030 0.347028 -0.990063 -0.097905 0.100949 -0.990157 -0.093813 0.103867 -0.932204 -0.102818 0.347023 -0.894750 -0.106323 0.433726 -0.986205 0.084376 0.142406 -0.977249 0.043411 0.207605 -0.977052 0.128410 0.169942 -0.979935 0.170866 0.102622 0.985644 0.010263 0.168525 0.977573 0.096890 0.186985 0.999985 0.002917 0.004631 0.998517 -0.040915 0.035908 0.972364 0.018676 0.232723 0.937964 -0.018027 0.346263 0.885086 -0.064576 0.460926 0.945479 -0.018917 0.325133 0.940674 0.062538 0.333500 0.873014 0.062691 0.483649 0.976954 0.061484 0.204403 0.985802 0.059794 0.156906 0.950164 -0.152565 0.271867 0.975018 -0.018513 0.221353 0.997654 0.055550 0.040011 0.999979 -0.002813 0.005906 0.999999 0.000827 -0.000705 0.999997 0.002351 0.001023 0.999987 0.004774 0.001728 0.999996 0.002719 0.000608 0.999999 -0.001052 -0.000972 0.999997 0.001094 -0.002139 0.999988 0.002580 -0.004057 0.999997 0.001010 -0.002233 0.232547 0.638209 0.733901 0.197918 0.645302 0.737844 0.283832 0.629222 0.723546 0.356314 0.611209 0.706728 -0.282940 -0.433940 0.855360 -0.334302 -0.578978 0.743658 -0.398965 -0.696171 0.596802 -0.299952 -0.586341 0.752485 0.340008 -0.601836 0.722626 0.278504 -0.617311 0.735773 0.229050 -0.628410 0.743395 0.248398 -0.622586 0.742081 -0.416349 0.721633 0.553082 -0.340714 0.599828 0.723962 -0.251221 0.447853 0.858088 -0.281914 0.612436 0.738544 0.202041 0.644728 -0.737228 0.181576 0.649450 -0.738407 0.228861 0.640902 -0.732713 
						0.264445 0.632832 -0.727731 0.299328 -0.628497 0.717910 0.263840 -0.636833 0.724453 0.207477 -0.647423 0.733346 0.231978 -0.642238 0.730559 0.303815 -0.633929 -0.711218 0.264312 -0.639189 -0.722202 0.175329 -0.650152 -0.739298 0.209983 -0.648134 -0.732003 0.160075 0.654479 0.738941 0.239953 0.644685 0.725812 0.255629 0.643110 0.721847 0.192051 0.651746 0.733719 1.000000 0.000914 0.000055 1.000000 -0.000527 -0.000624 1.000000 -0.000972 -0.000150 1.000000 0.000291 0.000322 1.000000 0.000056 -0.000079 0.999999 0.001105 0.000220 1.000000 0.000393 -0.000484 1.000000 -0.000836 -0.000567 0.999628 0.019225 -0.019347 0.999630 0.018553 -0.019870 0.999822 0.012426 -0.014165 0.999819 0.013169 -0.013698 0.999955 0.006283 0.007152 0.999993 0.003166 0.001805 0.999991 0.004059 0.000961 0.999951 0.007425 0.006582 -0.978508 0.048764 -0.200359 -0.975905 0.053838 -0.211448 -0.936222 0.075971 -0.343100 -0.955537 0.064265 -0.287784 -0.989356 0.001135 -0.145513 -0.997349 -0.043916 -0.058015 -0.978315 0.031948 -0.204646 -0.955651 0.074172 -0.285008 -0.974359 -0.030592 0.222908 -0.970796 -0.070382 -0.229352 -0.996356 -0.057035 -0.063411 -0.995295 -0.092266 -0.029589 -0.995869 -0.062658 -0.065722 -0.989281 0.000281 -0.146024 -0.996004 -0.071488 -0.053536 -0.995936 -0.079640 0.042060 -0.974006 -0.035532 0.223719 -0.996269 -0.058071 -0.063838 -0.997029 -0.073453 -0.023184 -0.982772 -0.039902 -0.180461 -0.965263 -0.042923 -0.257732 -0.946914 -0.048608 -0.317791 -0.935464 -0.052164 -0.349551 -0.964929 -0.021835 -0.261602 -0.983289 -0.022961 -0.180596 -0.992551 -0.025669 0.119096 -0.946638 -0.035590 -0.320329 -0.964794 -0.017122 -0.262450 -0.998019 0.057009 -0.026597 -0.997084 0.044327 -0.062123 -0.997012 0.070370 -0.031852 -0.957326 0.078050 -0.278273 -0.988464 0.062594 0.137918 0.978907 0.045030 -0.199284 0.988111 0.085538 -0.127745 
						0.988858 0.059678 -0.136373 0.982304 0.029738 -0.184915 0.990266 0.063734 -0.123736 0.971779 0.024862 0.234581 0.944973 -0.001143 0.327147 0.988972 0.058004 -0.136270 0.980449 0.060912 -0.187107 0.988883 0.059321 -0.136351 0.996785 0.060264 -0.052801 0.992534 0.062162 -0.104936 0.989052 0.056812 -0.136196 0.940734 0.061922 0.333445 0.985794 0.060138 0.156824 0.996996 0.055461 -0.054057 0.206351 -0.716821 0.666024 0.209602 -0.639506 0.739662 0.169149 -0.559616 0.811306 0.171523 -0.644466 0.745147 -0.994673 -0.082458 -0.061861 -0.999998 -0.001764 -0.000814 -0.994348 0.103028 0.025642 -0.999995 -0.002946 0.000814 -0.989888 -0.137978 -0.032921 -0.989248 -0.128901 0.069080 -0.991581 -0.115085 0.059350 -0.991447 -0.124090 -0.040425 -0.222549 -0.416653 0.881404 -0.211862 -0.474738 0.854248 -0.244592 -0.413121 0.877215 -0.238219 -0.355282 0.903895 0.195499 -0.371507 -0.907614 0.207659 -0.459410 -0.863609 0.159512 -0.548845 -0.820564 0.174690 -0.462651 -0.869159 0.975715 -0.034818 0.216260 0.990190 0.064599 -0.123896 0.999860 0.015991 0.004940 0.999956 -0.000076 0.009377 0.993465 0.010277 -0.113673 0.979824 0.035679 -0.196653 0.997366 0.062382 -0.036998 0.999952 0.006282 0.007441 0.999998 -0.001964 0.000338 0.999999 0.000557 0.001270 0.999998 0.001843 -0.000759 1.000000 0.000197 0.000408 0.999999 0.001492 0.000710 1.000000 0.000025 -0.000095 0.999998 -0.001773 0.000344 1.000000 -0.000106 0.000398 -0.243404 0.536855 0.807800 -0.314929 0.562611 0.764388 -0.314384 0.527576 0.789193 -0.235804 0.503961 0.830915 -0.265681 -0.061243 0.962114 -0.269510 -0.071298 0.960355 -0.264703 -0.061312 0.962379 -0.264568 -0.050990 0.963018 0.999989 -0.004232 0.001952 0.999994 -0.002417 0.002410 0.999992 -0.001517 0.003716 0.999993 -0.002639 0.002615 1.000000 0.000108 0.000407 1.000000 0.000439 0.000257 
						0.999995 0.000463 0.003136 0.999995 0.000102 0.003047 0.999939 0.004964 -0.009921 0.999823 0.005747 -0.017910 0.999815 0.004506 -0.018681 0.999944 0.003510 -0.009983 0.999999 -0.001564 0.000459 0.999999 -0.000433 -0.001336 0.999945 -0.002226 -0.010263 0.999938 -0.004113 -0.010339 0.229849 0.456508 0.859517 0.216486 0.368773 0.903958 0.193451 0.460468 0.866340 0.176402 0.547141 0.818241 0.194547 -0.235157 0.952288 0.224424 -0.265907 0.937511 0.213513 -0.234180 0.948458 0.198380 -0.202215 0.959038 0.999961 -0.006073 0.006423 0.999995 -0.002552 0.002117 0.999994 -0.003297 0.001452 0.999957 -0.007094 0.005993 0.999958 0.002019 0.008895 0.999960 0.003606 0.008228 0.999960 0.002008 0.008730 0.999966 0.000276 0.008210 0.144565 -0.679190 0.719585 0.171139 -0.749490 0.639513 0.175664 -0.675659 0.715980 0.140376 -0.598013 0.789098 0.171588 0.170886 0.970235 0.180624 0.112486 0.977099 0.135469 0.171913 0.975753 0.138928 0.229691 0.963297 0.999978 -0.006697 -0.000016 1.000000 0.001019 -0.000063 0.999962 0.008734 -0.000113 1.000000 0.001019 -0.000007 -0.999317 0.036936 0.001291 -0.999111 0.042129 0.001291 -0.999317 0.036936 0.001201 -0.999495 0.031742 0.001214 0.000007 0.042597 0.999092 0.000007 0.117511 0.993072 0.000005 0.191761 0.981442 0.000005 0.117511 0.993072 -0.894694 0.107080 0.433655 -0.989596 0.099295 0.104115 -0.992166 0.097407 0.078224 -0.862021 0.109640 0.494873 -0.974901 0.089300 -0.203947 -0.973587 0.088435 -0.210494 -0.934422 0.092782 0.343871 -0.933107 0.093261 0.347295 -0.933878 0.090129 -0.346046 -0.935093 0.091345 -0.342427 -0.973316 0.091599 -0.210393 -0.974808 0.090346 -0.203927 -0.929016 0.088963 -0.359186 -0.935276 0.089052 -0.342533 -0.933960 0.089161 -0.346077 -0.927509 0.089071 -0.363033 0.510051 0.860144 -0.001098 0.687400 0.726279 -0.001120 
						0.510051 0.860144 -0.001089 0.655733 0.754992 -0.001295 0.643507 0.765439 -0.001397 0.645611 0.763666 -0.001088 0.643518 0.765431 -0.000873 0.655746 0.754981 -0.001006 0.687402 0.726276 -0.001130 0.013107 0.999914 -0.001122 0.510051 0.860144 -0.001051 0.510051 0.860144 -0.001051 0.013107 0.999914 -0.001122 0.000000 0.999999 -0.001133 0.013107 0.999914 -0.001133 0.013107 0.999914 -0.001133 0.000000 0.999999 -0.001133 -0.061317 0.998118 -0.001132 -0.061317 0.998118 -0.001131 -0.699098 0.715025 -0.001048 -0.061317 0.998118 -0.001076 -0.061317 0.998118 -0.001076 -0.699098 0.715025 -0.001048 -0.975868 0.218361 -0.001116 -0.975868 0.218361 -0.001117 -0.999999 -0.000174 -0.001133 -0.975868 0.218361 -0.001106 -0.975868 0.218361 -0.001106 -0.999999 -0.000174 -0.001133 -0.999999 -0.000179 -0.001134 -0.999999 -0.000179 -0.001133 -0.507341 -0.861744 -0.001134 -0.507341 -0.861744 -0.001134 -0.507341 -0.861744 -0.001134 -0.507341 -0.861744 -0.001134 -1.000000 -0.000194 0.000000 -1.000000 -0.000194 0.000000 -1.000000 -0.000194 0.000000 -1.000000 -0.000194 0.000000 -0.430765 0.902464 0.000000 -0.430765 0.902464 0.000000 -0.430765 0.902464 0.000000 -0.430765 0.902464 0.000000 -1.000000 0.000023 0.000000 -1.000000 0.000023 0.000000 -1.000000 0.000023 0.000000 -1.000000 0.000023 0.000000 -0.402721 -0.915323 0.000000 -0.402721 -0.915323 0.000000 -0.402721 -0.915323 0.000000 -0.402721 -0.915323 0.000000 -0.999884 0.015215 0.000000 -0.999884 0.015215 0.000000 -0.999884 0.015215 0.000000 -0.999884 0.015215 0.000000 0.370949 -0.928526 0.015348 0.370949 -0.928526 0.015348 0.370949 -0.928526 0.015348 0.370949 -0.928526 0.015348 0.999882 -0.001103 0.015344 0.999881 -0.001243 0.015346 0.999881 -0.001243 0.015348 0.999882 -0.001103 0.015346 0.999882 0.000000 0.015343 0.999882 0.000000 0.015343 0.000000 0.999883 0.015328 
						0.000000 0.999883 0.015335 0.000000 0.999882 0.015342 0.000000 0.999883 0.015335 -0.999852 0.007865 0.015319 -0.999852 0.007865 0.015323 -0.999852 0.007865 0.015327 -0.999852 0.007865 0.015323 -0.703562 0.710469 0.015320 -0.702654 0.711385 0.014416 -0.710161 0.703874 0.015274 -0.707609 0.706358 0.018624 -0.707838 0.706203 0.015568 -0.707615 0.706445 0.014712 -0.707866 0.706230 0.012864 -0.707700 0.706449 0.009458 -0.709502 0.704574 0.013497 -0.341251 -0.939875 0.013551 -0.354616 -0.934906 0.014075 -0.353412 -0.935363 0.013962 -0.353439 -0.935347 0.014403 -0.354614 -0.934901 0.014466 -0.354615 -0.934903 0.014276 -0.354615 -0.934902 0.014336 -0.354614 -0.934899 0.014598 -0.341563 -0.939748 0.014444 0.999995 0.003206 0.000000 0.999995 0.003205 0.000000 0.999995 0.003205 0.000000 0.999995 0.003206 0.000000 0.312043 -0.950068 -0.000000 0.323193 -0.946333 0.000000 0.323193 -0.946333 0.000000 0.312042 -0.950068 0.000000 1.000000 -0.000054 0.000000 1.000000 -0.000054 0.000000 1.000000 -0.000054 0.000000 1.000000 -0.000054 0.000000 0.380192 0.924908 0.000000 0.367974 0.929836 -0.000000 0.367974 0.929836 0.000000 0.380192 0.924908 0.000000 0.999997 0.002348 -0.000000 0.999997 0.002348 0.000000 0.999997 0.002348 0.000000 0.999997 0.002348 0.000000 0.450816 -0.891690 0.040671 0.469118 -0.882198 0.040679 0.469229 -0.882139 0.040678 0.452288 -0.890944 0.040671 0.998788 -0.047399 0.013250 0.952574 -0.302074 0.036807 0.665256 -0.740694 0.093844 0.970634 -0.208986 0.119140 0.654923 -0.729189 0.198395 0.661156 -0.736129 0.144871 0.665678 -0.741163 0.086893 0.666557 -0.742142 0.070197 0.999404 -0.008836 0.033361 -0.997911 -0.004978 0.064411 -0.687331 -0.723201 -0.067502 -0.813949 -0.580367 -0.025717 -0.996841 -0.003715 0.079334 -0.685876 -0.721560 -0.094468 -0.027736 -0.940670 -0.338188 
						-0.310577 -0.913334 -0.263367 -0.811586 -0.583930 -0.018805 -0.999851 -0.004987 0.016560 -0.999866 -0.003496 0.015989 -0.999867 -0.003408 0.015944 -0.999877 -0.000061 0.015703 -0.999760 0.000091 0.021910 -0.999982 0.003448 0.004892 -0.999596 0.004985 0.027977 -0.998071 0.003656 0.061974 -0.707672 0.706421 -0.013052 -0.999923 0.001944 -0.012234 -0.999457 0.030518 -0.012406 -0.997009 -0.000037 0.077293 -0.998726 -0.020038 0.046321 -0.999915 -0.001242 0.012998 -0.998975 -0.001856 0.045230 -0.999661 -0.019680 0.017065 -0.998878 -0.023554 -0.041077 -0.994177 -0.040575 -0.099829 -0.999176 0.000032 -0.040588 -0.709680 0.700640 0.073879 -0.995305 0.000338 0.096790 -0.998475 -0.000212 0.055209 -0.999796 -0.015991 0.012354 -0.997413 0.000117 0.071882 -0.990538 -0.040305 0.131188 -0.997193 -0.019465 0.072306 -0.999900 -0.000062 0.014117 -0.997552 0.039108 -0.057977 -0.998242 0.004095 -0.059124 -0.997925 -0.023410 -0.059974 -0.707677 0.706426 0.012472 -0.999400 0.030504 0.016381 -0.710123 0.703966 0.012509 -0.706209 0.704961 -0.065568 -0.999763 -0.001824 -0.021691 -0.999913 -0.001237 0.013128 -0.999759 0.001739 -0.021907 -0.033459 -0.863576 -0.503108 -0.496853 -0.747982 -0.440068 -0.390737 -0.854338 -0.342683 -0.027714 -0.939397 -0.341708 -0.660922 -0.432555 -0.613252 -0.974198 -0.225402 0.011474 -0.999924 -0.011693 0.003988 -0.706478 -0.227164 -0.670287 -0.978269 0.207308 -0.003659 -0.660179 0.419774 0.622859 -0.703939 0.208981 0.678820 -0.999925 -0.011558 0.003984 -0.513071 0.721908 0.464334 -0.028871 0.848788 0.527945 -0.024844 0.933238 0.358400 -0.404824 0.839476 0.362489 -0.033387 0.862622 -0.504746 -0.499548 0.744538 -0.442849 -0.391876 0.853383 -0.343761 -0.027745 0.939941 -0.340208 -0.661138 0.431867 -0.613504 -0.973917 0.226612 0.011523 -0.999880 0.014956 0.004084 -0.706290 0.228396 -0.670067 -0.978814 -0.204720 -0.003573 
						-0.660778 -0.417901 0.623483 -0.704287 -0.206409 0.679246 -0.999882 0.014797 0.004080 -0.516186 -0.717636 0.467494 -0.028814 -0.846183 0.532112 -0.024775 -0.931961 0.361711 -0.407685 -0.836845 0.365354 -0.991049 0.030201 0.130038 -0.802886 -0.571095 0.170953 -0.908130 -0.402269 0.116100 -0.995523 0.000402 0.094519 -0.800163 -0.569210 0.189050 -0.030034 -0.874510 0.484077 -0.442593 -0.806859 0.391266 -0.905709 -0.413923 0.091430 -0.034185 -0.888256 -0.458075 -0.805799 -0.572248 -0.152382 -0.902855 -0.425699 -0.060274 -0.421214 -0.831010 -0.363318 -0.807863 -0.573765 -0.134727 -0.995519 0.030430 -0.089529 -0.998431 0.001013 -0.055983 -0.905687 -0.416097 -0.081208 -0.662175 -0.428637 -0.614650 -0.911919 -0.378601 -0.158323 -0.988730 -0.087518 0.121467 -0.999952 -0.008915 0.003990 -0.911683 -0.381539 -0.152522 -0.997353 0.000656 -0.072711 -0.999514 -0.002833 -0.031040 -0.999921 -0.005706 0.011210 -0.999953 -0.008800 0.003986 -0.991969 0.077010 -0.100333 -0.911000 0.369373 0.183417 -0.661643 0.414965 0.624526 -0.999922 -0.005673 0.011165 -0.998326 0.000381 0.057830 -0.995253 -0.018942 0.095462 -0.910896 0.373384 0.175651 -0.439114 0.810427 0.387797 -0.904959 0.416357 0.087728 -0.800422 0.570447 0.184161 -0.030067 0.876545 0.480380 -0.907484 0.404809 0.112261 -0.996072 -0.019147 0.086453 -0.991651 -0.040355 0.122474 -0.803024 0.572250 0.166381 -0.034104 0.887044 -0.460424 -0.805155 0.572866 -0.153461 -0.902803 0.425478 -0.062580 -0.424399 0.827964 -0.366554 -0.807043 0.574255 -0.137524 -0.995222 -0.040612 -0.088793 -0.998209 -0.023449 -0.055038 -0.905839 0.414898 -0.085533 -0.662054 0.429002 -0.614525 -0.911692 0.378039 -0.160949 -0.988556 0.088363 0.122266 -0.999915 0.012390 0.004112 -0.911378 0.382060 -0.153035 -0.997460 -0.023353 -0.067296 -0.999511 0.003042 -0.031124 -0.999880 0.007641 0.013501 -0.999917 0.012224 0.004106 
						-0.992415 -0.074763 -0.097590 -0.911292 -0.367275 0.186162 -0.662376 -0.412614 0.625306 -0.999881 0.007601 0.013448 -0.998135 -0.000432 0.061038 -0.994386 0.000083 0.105814 -0.911210 -0.371525 0.177948 -0.998040 -0.003658 0.062479 -0.836897 -0.537452 -0.103673 -0.997830 -0.046336 0.046779 -0.999856 -0.000067 0.016965 -0.863031 -0.388234 -0.323189 -0.570515 -0.632393 -0.524015 -0.971694 -0.236031 0.010034 -0.999878 -0.009417 0.012460 -0.999856 -0.000067 0.016946 -0.999466 0.025697 -0.020190 -0.840770 0.525515 0.130154 -0.999593 0.003566 -0.028296 -0.999879 -0.009371 0.012417 -0.977281 0.211936 -0.002225 -0.574274 0.618443 0.536412 -0.859693 0.372538 0.349489 -0.998688 0.003644 -0.051074 -0.819915 0.570196 0.051139 -0.685704 0.722087 0.091650 -0.999322 0.004983 -0.036478 -0.818037 0.573395 0.045107 -0.325100 0.902578 0.282245 -0.024896 0.934593 0.354846 -0.683241 0.719628 0.123759 -0.997845 0.004978 0.065426 -0.687446 0.723265 -0.065624 -0.813686 0.580778 -0.024757 -0.996839 0.003715 0.079358 -0.685953 0.721576 -0.093795 -0.027767 0.941163 -0.336811 -0.310150 0.913618 -0.262885 -0.811706 0.583759 -0.018970 -0.997973 0.003662 0.063529 -0.837267 0.536631 -0.104933 -0.997760 0.047064 0.047537 -0.999784 0.000086 0.020787 -0.863092 0.389076 -0.322013 -0.571017 0.631537 -0.524501 -0.971406 0.237209 0.010084 -0.999813 0.012148 0.015080 -0.999783 0.000086 0.020838 -0.999570 -0.023271 -0.017855 -0.841186 -0.524359 0.132111 -0.999680 -0.003555 -0.025051 -0.999813 0.012125 0.015058 -0.978001 -0.208588 -0.002136 -0.575247 -0.616671 0.537408 -0.859529 -0.370281 0.352280 -0.024829 -0.933378 0.358035 -0.682838 -0.719264 0.128031 -0.819088 -0.571613 0.048518 -0.328038 -0.900597 0.285160 -0.685428 -0.721857 0.095450 -0.999449 -0.004984 -0.032811 -0.998850 -0.003634 -0.047809 -0.820962 -0.568365 0.054611 -0.998083 -0.004979 0.061681 
						-0.687241 -0.723085 -0.069632 -0.814835 -0.579002 -0.028290 -0.997092 -0.003704 0.076123 -0.685677 -0.721323 -0.097677 -0.027724 -0.939962 -0.340151 -0.312811 -0.911936 -0.265560 -0.812607 -0.582407 -0.021715 -0.999886 -0.004987 0.014231 -0.999899 -0.003488 0.013774 -0.999901 -0.003416 0.013672 -0.999910 -0.000050 0.013429 -0.999788 0.000085 0.020595 -0.999983 0.003449 0.004622 -0.999604 0.004986 0.027706 -0.998213 0.003649 0.059643 -0.999900 -0.000062 0.014127 -0.998867 0.019943 -0.043215 -0.994027 0.040440 -0.101368 -0.999084 0.000031 -0.042795 -0.992061 -0.050639 0.115113 -0.997686 -0.037634 0.056618 -0.999880 -0.015372 -0.001799 -0.998586 -0.003236 0.053072 -0.999346 -0.030544 -0.019329 -0.999724 -0.013733 -0.019053 -0.996350 -0.082953 -0.020152 -0.993362 -0.074754 0.087434 -0.995608 0.023178 0.090708 -0.995869 -0.015159 0.089529 -0.996786 -0.050708 0.062025 -0.994600 -0.082607 0.062817 -0.997401 -0.037254 0.061673 -0.999942 -0.009808 0.004459 -0.999391 -0.007051 -0.034181 -0.997264 -0.010894 -0.073119 -0.998913 -0.029600 -0.036003 -0.997169 0.000119 0.075192 -0.990028 0.040495 0.134928 -0.996859 0.023297 0.075697 -0.999662 -0.019656 0.017036 -0.998496 -0.000089 -0.054827 -0.999582 -0.002578 -0.028803 -0.999880 -0.015377 -0.001886 -0.999340 0.020227 -0.030166 -0.033388 -0.861435 -0.506769 -0.500075 -0.743870 -0.443376 -0.393246 -0.852183 -0.345170 -0.027702 -0.938678 -0.343681 -0.661719 -0.430057 -0.614149 -0.975571 -0.219396 0.011269 -0.999991 -0.002082 0.003726 -0.707361 -0.221147 -0.671368 -0.977656 0.210176 -0.003760 -0.661210 0.416425 0.624013 -0.703558 0.211802 0.678341 -0.526570 0.702728 0.478432 -0.028544 0.840847 0.540519 -0.024816 0.932682 0.359845 -0.413333 0.831527 0.371105 -0.033335 0.860619 -0.508157 -0.503519 0.739397 -0.446946 -0.394196 0.851370 -0.346089 -0.027732 0.939939 -0.340215 -0.661577 0.430472 -0.614012 
						-0.974563 0.223824 0.011424 -0.999934 0.010743 0.003979 -0.706700 0.225597 -0.670582 -0.978301 -0.207155 -0.003657 -0.660536 -0.418679 0.623218 -0.703954 -0.208843 0.678847 -0.999935 0.010660 0.003977 -0.516630 -0.717008 0.467967 -0.028816 -0.846399 0.531769 -0.024793 -0.932587 0.360093 -0.407437 -0.837065 0.365126 -0.991155 0.040533 0.126369 -0.802948 -0.571020 0.170912 -0.908274 -0.401418 0.117911 -0.995611 0.023178 0.090677 -0.800435 -0.569282 0.187673 -0.030023 -0.874454 0.484178 -0.443750 -0.805641 0.392464 -0.905725 -0.413838 0.091652 -0.034133 -0.886703 -0.461078 -0.805484 -0.571898 -0.155336 -0.903293 -0.424342 -0.063213 -0.424546 -0.827829 -0.366687 -0.807581 -0.573437 -0.137779 -0.995076 0.040493 -0.090471 -0.998226 0.019655 -0.056205 -0.906143 -0.414373 -0.084858 -0.664388 -0.421588 -0.617132 -0.912071 -0.376532 -0.162326 -0.990012 -0.082368 0.114420 -0.999983 0.004681 0.003515 -0.912008 -0.377483 -0.160461 -0.997317 0.019333 -0.070607 -0.998800 -0.017881 -0.045601 -0.999995 0.003059 -0.000676 -0.999983 0.004710 0.003514 -0.991742 0.078049 -0.101769 -0.911029 0.363315 0.195007 -0.661268 0.416235 0.624078 -0.999995 0.003079 -0.000704 -0.998447 -0.012111 0.054374 -0.993840 -0.033922 0.105502 -0.910905 0.373171 0.176054 -0.456967 0.791351 0.406135 -0.906447 0.409964 0.101406 -0.798975 0.569483 0.193203 -0.029745 0.868868 0.494149 -0.909269 0.393481 0.135654 -0.994326 -0.034291 0.100699 -0.988746 -0.081969 0.125152 -0.800592 0.570606 0.182922 -0.034074 0.885710 -0.462986 -0.805116 0.572904 -0.153524 -0.903132 0.424408 -0.065040 -0.428821 0.823675 -0.371043 -0.806733 0.574092 -0.139998 -0.993237 -0.082842 -0.081342 -0.998170 -0.011621 -0.059341 -0.906458 0.412372 -0.091019 -0.662862 0.426428 -0.615446 -0.911759 0.376818 -0.163412 -0.989017 0.086528 0.119822 -0.999957 0.008364 0.003971 -0.911503 0.380412 -0.156362 
						-0.997101 -0.010777 -0.075324 -0.999468 -0.007207 -0.031818 -0.999941 0.004803 0.009723 -0.999958 0.008296 0.003969 -0.992168 -0.075967 -0.099152 -0.911285 -0.367235 0.186274 -0.661891 -0.414214 0.624762 -0.999941 0.004790 0.009704 -0.997902 -0.013453 0.063324 -0.994920 0.023118 0.097975 -0.911176 -0.372403 0.176277 -0.998454 -0.003634 0.055469 -0.837704 -0.535571 -0.106846 -0.998288 -0.040930 0.041772 -0.999974 -0.000019 0.007178 -0.862917 -0.384348 -0.328102 -0.571556 -0.630564 -0.525083 -0.973108 -0.230135 0.009880 -0.999975 -0.002968 0.006481 -0.999422 0.026672 -0.021082 -0.841964 0.522259 0.135433 -0.999555 0.003571 -0.029628 -0.976877 0.213789 -0.002279 -0.575948 0.615351 0.538170 -0.859829 0.373831 0.347772 -0.999021 0.003621 -0.044084 -0.821204 0.567962 0.055167 -0.685644 0.721957 0.093111 -0.999469 0.004984 -0.032193 -0.820253 0.569628 0.052051 -0.329104 0.899857 0.286263 -0.024863 0.933918 0.356621 -0.682753 0.719064 0.129595 -0.997924 0.004978 0.064216 -0.687470 0.723224 -0.065818 -0.814076 0.580180 -0.025914 -0.997011 0.003708 0.077166 -0.685890 0.721440 -0.095284 -0.027751 0.941045 -0.337142 -0.311170 0.912975 -0.263911 -0.812393 0.582733 -0.020972 -0.998195 0.003650 0.059949 -0.837711 0.535590 -0.106690 -0.998003 0.044384 0.044943 -0.999873 0.000061 0.015921 -0.863070 0.387281 -0.324226 -0.571414 0.630821 -0.524929 -0.972052 0.234554 0.010021 -0.999881 0.009263 0.012294 -0.999873 0.000061 0.015942 -0.999467 -0.025668 -0.020187 -0.840897 -0.525125 0.130906 -0.999593 -0.003566 -0.028290 -0.999882 0.009253 0.012284 -0.977413 -0.211326 -0.002201 -0.574737 -0.617591 0.536898 -0.859635 -0.372161 0.350035 -0.024846 -0.933991 0.356431 -0.682984 -0.719413 0.126402 -0.818776 -0.572137 0.047595 -0.326916 -0.901354 0.284056 -0.685564 -0.721993 0.093424 -0.999396 -0.004983 -0.034384 -0.998801 -0.003637 -0.048814 
						-0.820477 -0.569208 0.053100 -0.998240 -0.004979 0.059097 -0.687156 -0.722997 -0.071353 -0.815648 -0.577732 -0.030737 -0.997342 -0.003693 0.072765 -0.685442 -0.721073 -0.101107 -0.027713 -0.939326 -0.341904 -0.315183 -0.910430 -0.267911 -0.813771 -0.580642 -0.025142 -0.999905 -0.004987 0.012853 -0.999916 -0.003484 0.012483 -0.999913 -0.003420 0.012707 -0.999918 -0.000046 0.012805 -0.999806 0.000080 0.019693 -0.999991 0.003457 0.002488 -0.999643 0.004986 0.026238 -0.998155 0.003652 0.060614 -0.707677 0.706508 0.006275 -0.998599 0.012119 -0.051515 -0.993395 0.025727 -0.111826 -0.707177 0.705543 -0.045925 -0.996188 0.000024 0.087235 -0.998450 -0.020680 0.051678 -0.999924 -0.000927 0.012299 -0.998755 -0.001393 0.049869 -0.999901 -0.000062 0.014081 -0.998890 -0.019907 -0.042690 -0.994100 -0.041292 -0.100299 -0.999106 -0.000025 -0.042279 -0.705231 0.703984 0.083997 -0.998849 0.010602 0.046789 -0.999959 -0.002188 0.008755 -0.998940 -0.001856 0.046007 -0.997498 -0.000025 0.070697 -0.990641 -0.041170 0.130133 -0.997264 -0.020156 0.071124 -0.999918 0.000024 0.012829 -0.999755 -0.001824 -0.022050 -0.999959 -0.002188 0.008768 -0.999523 -0.020338 -0.023257 -0.998605 -0.000088 -0.052803 -0.706787 0.705153 0.056673 -0.992604 0.025880 0.118605 -0.997584 0.010215 0.068714 -0.707671 0.706420 0.013137 -0.705174 0.704009 -0.084265 -0.999532 -0.001394 -0.030563 -0.999921 -0.000917 0.012521 -0.999414 0.012564 -0.031826 -0.033277 -0.857750 -0.512989 -0.506601 -0.735391 -0.450062 -0.397483 -0.848487 -0.349396 -0.027693 -0.938181 -0.345034 -0.662001 -0.429175 -0.614462 -0.974877 -0.222455 0.011373 -0.999949 -0.009314 0.003923 -0.706918 -0.224188 -0.670826 -0.977975 0.208688 -0.003707 -0.660042 0.420218 0.622705 -0.703756 0.210360 0.678584 -0.999950 -0.009217 0.003920 -0.513099 0.721868 0.464365 -0.028878 0.849173 0.527325 -0.024861 0.933782 0.356978 
						-0.404402 0.839865 0.362058 -0.033363 0.862165 -0.505528 -0.499676 0.744365 -0.442996 -0.392402 0.852925 -0.344297 -0.027733 0.939419 -0.341647 -0.661374 0.431117 -0.613777 -0.974536 0.223941 0.011430 -0.999939 0.010286 0.003956 -0.706687 0.225722 -0.670554 -0.978325 -0.207045 -0.003656 -0.660729 -0.418060 0.623429 -0.703979 -0.208727 0.678857 -0.999940 0.010217 0.003954 -0.519085 -0.713550 0.470528 -0.028766 -0.845266 0.533571 -0.024810 -0.932896 0.359291 -0.408663 -0.835934 0.366347 -0.991414 0.025856 0.128176 -0.802603 -0.570960 0.172723 -0.908612 -0.399403 0.122069 -0.995457 0.009749 0.094713 -0.800460 -0.569476 0.186977 -0.029985 -0.873603 0.485715 -0.446663 -0.802564 0.395453 -0.905881 -0.413193 0.093012 -0.034037 -0.883442 -0.467303 -0.804885 -0.571638 -0.159342 -0.904100 -0.421691 -0.069132 -0.432545 -0.820040 -0.374752 -0.806629 -0.572918 -0.145311 -0.994904 0.025777 -0.097478 -0.997811 0.011811 -0.065064 -0.907302 -0.409552 -0.095234 -0.663139 -0.425583 -0.615732 -0.912159 -0.374764 -0.165886 -0.989276 -0.085339 0.118532 -0.999958 -0.008218 0.003966 -0.911854 -0.379352 -0.156890 -0.996840 0.011500 -0.078596 -0.999328 -0.003224 -0.036505 -0.999930 -0.005236 0.010580 -0.999959 -0.008112 0.003962 -0.991928 0.077207 -0.100593 -0.910988 0.369362 0.183502 -0.661561 0.415233 0.624435 -0.999931 -0.005202 0.010534 -0.998315 0.001227 0.058011 -0.995210 -0.019480 0.095802 -0.910881 0.373463 0.175562 -0.439512 0.810015 0.388208 -0.904913 0.416510 0.087477 -0.800603 0.570626 0.182815 -0.030063 0.876693 0.480111 -0.907540 0.404458 0.113072 -0.996095 -0.019749 0.086056 -0.991804 -0.041217 0.120935 -0.803035 0.572311 0.166118 -0.034094 0.887038 -0.460436 -0.805080 0.572867 -0.153845 -0.902802 0.425477 -0.062594 -0.424171 0.828175 -0.366341 -0.807048 0.574315 -0.137240 -0.995190 -0.041338 -0.088809 -0.998274 -0.019621 -0.055355 
						-0.905753 0.415227 -0.084839 -0.662888 0.426357 -0.615466 -0.911709 0.377755 -0.161517 -0.989051 0.086405 0.119634 -0.999972 0.006416 0.003902 -0.911483 0.380802 -0.155529 -0.997449 -0.019316 -0.068716 -0.999458 -0.000635 -0.032906 -0.999956 0.003950 0.008531 -0.999972 0.006381 0.003901 -0.992122 -0.076156 -0.099466 -0.911296 -0.366483 0.187693 -0.661815 -0.414479 0.624667 -0.998139 -0.004126 0.060848 -0.994367 0.009552 0.105564 -0.911190 -0.372141 0.176761 -0.998319 -0.003642 0.057847 -0.838133 -0.534544 -0.108609 -0.998141 -0.042743 0.043438 -0.999898 -0.000054 0.014285 -0.862966 -0.385854 -0.326199 -0.572186 -0.629447 -0.525738 -0.972581 -0.232354 0.009936 -0.999914 -0.007539 0.010713 -0.999898 -0.000054 0.014263 -0.999389 0.027373 -0.021748 -0.840509 0.526246 0.128877 -0.999529 0.003573 -0.030481 -0.999915 -0.007501 0.010678 -0.976911 0.213636 -0.002273 -0.573985 0.618976 0.536106 -0.859787 0.373658 0.348059 -0.998623 0.003649 -0.052336 -0.819498 0.570921 0.049714 -0.685822 0.722181 0.090012 -0.999266 0.004982 -0.037975 -0.817759 0.573865 0.044152 -0.324101 0.903251 0.281239 -0.024911 0.935094 0.353523 -0.683381 0.719748 0.122284 -0.997955 0.004978 0.063729 -0.687379 0.723163 -0.067417 -0.814212 0.579968 -0.026367 -0.996958 0.003710 0.077849 -0.685852 0.721439 -0.095567 -0.027754 0.940622 -0.338321 -0.311376 0.912848 -0.264107 -0.812120 0.583139 -0.020226 -0.998202 0.003649 0.059826 -0.837635 0.535752 -0.106477 -0.998013 0.044218 0.044888 -0.999881 0.000059 0.015429 -0.863033 0.387259 -0.324352 -0.571474 0.630724 -0.524981 -0.972080 0.234436 0.010008 -0.999885 0.009060 0.012204 -0.999881 0.000059 0.015454 -0.999483 -0.025335 -0.019780 -0.841173 -0.524390 0.132073 -0.999608 -0.003564 -0.027772 -0.977532 -0.210777 -0.002196 -0.575177 -0.616800 0.537336 -0.859636 -0.371755 0.350462 -0.024858 -0.934134 0.356055 
						-0.682944 -0.719370 0.126864 -0.819109 -0.571575 0.048609 -0.327240 -0.901139 0.284362 -0.685613 -0.722040 0.092698 -0.999398 -0.004984 -0.034331 -0.998844 -0.003634 -0.047934 -0.820516 -0.569146 0.053169 -0.998241 -0.004979 0.059077 -0.687116 -0.722931 -0.072405 -0.815651 -0.577727 -0.030756 -0.997264 -0.003696 0.073835 -0.685469 -0.721079 -0.100883 -0.027701 -0.939073 -0.342601 -0.315036 -0.910527 -0.267756 -0.813449 -0.581133 -0.024203 -0.999925 -0.004987 0.011150 -0.999935 -0.003478 0.010830 -0.999934 -0.003426 0.010985 -0.999939 -0.000038 0.011035 -0.999852 0.000068 0.017204 -0.999994 0.003463 0.000695 -0.999720 0.004986 0.023112 -0.998418 0.003636 0.056108 -0.998748 0.020673 -0.045560 -0.993626 0.041589 -0.104771 -0.998981 -0.000025 -0.045128 -0.993113 -0.067088 0.096052 -0.997422 -0.047940 0.053395 -0.999954 -0.006998 0.006517 -0.998770 -0.007230 0.049050 -0.998643 -0.050642 0.012123 -0.998469 -0.040160 -0.038029 -0.992876 -0.077563 -0.090451 -0.995465 -0.086568 -0.039440 -0.996953 -0.000037 0.078000 -0.998650 0.020238 0.047829 -0.999885 0.001373 0.015078 -0.998923 -0.003183 0.046300 -0.993488 -0.086337 0.074353 -0.987874 -0.076599 0.135046 -0.996236 -0.047103 0.072770 -0.997646 -0.067394 0.012678 -0.999972 -0.002756 -0.006952 -0.999883 0.001367 0.015234 -0.999127 -0.040715 -0.009309 -0.998258 -0.050486 -0.030548 -0.997485 -0.000025 0.070879 -0.990735 0.041489 0.129316 -0.997260 0.019709 0.071309 -0.999901 -0.000062 0.014058 -0.997903 0.000024 -0.064735 -0.999556 -0.007236 -0.028917 -0.999954 -0.006997 0.006532 -0.999282 0.021049 -0.031517 -0.033344 -0.859751 -0.509623 -0.502188 -0.741152 -0.445535 -0.395199 -0.850487 -0.347115 -0.027679 -0.937836 -0.345975 -0.661808 -0.429785 -0.614244 -0.975264 -0.220751 0.011314 -0.999979 -0.005158 0.003809 -0.707165 -0.222495 -0.671129 -0.977467 0.211053 -0.003790 -0.659838 0.420909 0.622455 
						-0.703433 0.212724 0.678182 -0.999980 -0.005125 0.003808 -0.513489 0.721341 0.464753 -0.028912 0.849521 0.526762 -0.024894 0.934524 0.355028 -0.404019 0.840214 0.361676 -0.033269 0.858483 -0.511761 -0.505631 0.736643 -0.449104 -0.396667 0.849219 -0.348542 -0.027716 0.938517 -0.344118 -0.661916 0.429416 -0.614386 -0.974581 0.223744 0.011423 -0.999923 0.011725 0.004006 -0.706713 0.225506 -0.670599 -0.978214 -0.207565 -0.003674 -0.660029 -0.420341 0.622636 -0.703896 -0.209269 0.678777 -0.999924 0.011617 0.004003 -0.512434 -0.722848 0.463575 -0.028951 -0.849399 0.526956 -0.024821 -0.933535 0.357627 -0.404171 -0.840074 0.361832 -0.991839 0.041535 0.120537 -0.803812 -0.571539 0.165017 -0.907752 -0.404381 0.111631 -0.996170 0.019389 0.085265 -0.801322 -0.569818 0.182182 -0.030149 -0.877172 0.479229 -0.438798 -0.810804 0.387368 -0.905191 -0.416047 0.086802 -0.034103 -0.885432 -0.463516 -0.805186 -0.571598 -0.157959 -0.903630 -0.423268 -0.065552 -0.427019 -0.825448 -0.369174 -0.807266 -0.573124 -0.140892 -0.994746 0.041637 -0.093525 -0.998034 0.020301 -0.059289 -0.906508 -0.412932 -0.087923 -0.663569 -0.424217 -0.616211 -0.912100 -0.376126 -0.163103 -0.989538 -0.084329 0.117063 -0.999990 -0.002416 0.003764 -0.911915 -0.378817 -0.157821 -0.997244 0.019969 -0.071449 -0.999159 -0.009828 -0.039797 -0.999984 -0.001451 0.005400 -0.999990 -0.002404 0.003764 -0.991518 0.079067 -0.103148 -0.911004 0.369614 0.182911 -0.660791 0.417795 0.623540 -0.998574 -0.004128 0.053220 -0.995205 -0.046518 0.086042 -0.910853 0.374721 0.173005 -0.440144 0.809369 0.388838 -0.904900 0.416600 0.087179 -0.800915 0.570811 0.180860 -0.030094 0.876959 0.479621 -0.907690 0.403708 0.114535 -0.995593 -0.046728 0.081303 -0.990624 -0.076869 0.112938 -0.803078 0.572310 0.165911 -0.034018 0.883860 -0.466513 -0.804412 0.572368 -0.159110 -0.903615 0.422844 -0.068435 
						-0.431256 0.821292 -0.373493 -0.806227 0.573700 -0.144449 -0.993031 -0.077571 -0.088726 -0.997441 -0.039723 -0.059447 -0.906741 0.411192 -0.093496 -0.662717 0.426891 -0.615280 -0.911826 0.375784 -0.165409 -0.988925 0.086900 0.120318 -0.999928 0.011309 0.004074 -0.911469 0.380879 -0.155420 -0.997000 -0.039575 -0.066518 -0.999413 0.003242 -0.034107 -0.999889 0.007240 0.012999 -0.999929 0.011160 0.004068 -0.992165 -0.075980 -0.099179 -0.911277 -0.368983 0.182829 -0.661868 -0.414294 0.624732 -0.999890 0.007198 0.012942 -0.998279 -0.000286 0.058642 -0.995305 0.019166 0.094868 -0.911189 -0.372487 0.176037 -0.998409 -0.003637 0.056274 -0.837972 -0.534928 -0.107958 -0.998240 -0.041531 0.042333 -0.999947 -0.000034 0.010268 -0.862921 -0.384505 -0.327908 -0.572224 -0.629383 -0.525772 -0.973063 -0.230327 0.009883 -0.999957 -0.004645 0.008041 -0.999304 0.029103 -0.023342 -0.840452 0.526440 0.128460 -0.999458 0.003581 -0.032732 -0.999957 -0.004630 0.008027 -0.976352 0.216174 -0.002345 -0.573566 0.619738 0.535674 -0.859932 0.375327 0.345901 -0.998572 0.003652 -0.053302 -0.819063 0.571676 0.048194 -0.685960 0.722306 0.087933 -0.999205 0.004982 -0.039548 -0.817427 0.574425 0.042988 -0.322753 0.904151 0.279896 -0.024942 0.935785 0.351688 -0.683560 0.719913 0.120300 -0.998175 0.004979 0.060183 -0.687247 0.723009 -0.070356 -0.815363 0.578187 -0.029728 -0.997261 0.003697 0.073868 -0.685562 0.721114 -0.100000 -0.027737 0.939700 -0.340873 -0.314440 0.910917 -0.267128 -0.813599 0.580911 -0.024485 -0.998243 0.003647 0.059147 -0.838287 0.534220 -0.109013 -0.998058 0.043745 0.044352 -0.999848 0.000069 0.017423 -0.863044 0.386361 -0.325393 -0.572667 0.628610 -0.526216 -0.972404 0.233089 0.009983 -0.999871 0.009739 0.012741 -0.999848 0.000069 0.017452 -0.999441 -0.026233 -0.020709 -0.840410 -0.526444 0.128713 -0.999573 -0.003568 -0.028998 
						-0.999872 0.009720 0.012722 -0.977227 -0.212183 -0.002225 -0.573937 -0.619053 0.536068 -0.859671 -0.372707 0.349365 -0.024872 -0.934855 0.354157 -0.683307 -0.719727 0.122821 -0.817786 -0.573804 0.044455 -0.324464 -0.903005 0.281612 -0.685746 -0.722162 0.090745 -0.999288 -0.004983 -0.037407 -0.998639 -0.003648 -0.052021 -0.819591 -0.570743 0.050234 -0.999395 -0.032340 0.012832 -0.996475 -0.082884 0.012985 -0.998634 -0.050644 0.012891 -0.710270 0.702995 0.036258 -0.998581 0.030468 0.043673 -0.999053 0.001835 0.043475 0.995694 -0.083786 0.039661 0.995695 -0.084988 0.036996 0.994171 -0.102199 0.034334 0.994077 -0.102189 0.037001 0.456421 0.889004 0.036778 0.457287 0.888558 0.036778 0.645196 0.763176 0.035832 0.788204 -0.614127 0.039783 0.788325 -0.613972 0.039783 0.792060 -0.609145 0.039784 0.621677 0.736905 -0.265498 0.447448 0.847582 -0.285299 0.497782 0.823777 -0.271303 0.634805 0.727894 -0.259216 0.638313 0.755034 -0.149932 0.445452 0.861558 -0.243496 0.459253 0.874447 -0.156301 0.642407 0.763478 -0.066442 0.756162 -0.653098 0.041016 0.763737 -0.644057 0.043541 0.788182 -0.613938 0.043002 0.788210 -0.614131 0.039587 0.695289 -0.717642 0.039531 0.696528 -0.716732 0.033826 0.764113 -0.644027 0.036897 0.756366 -0.653069 0.037560 0.984086 0.055437 0.168826 0.989574 -0.056188 0.132617 0.995784 -0.088656 0.023552 0.995659 0.009574 0.092588 0.973246 0.056370 0.222744 0.994135 0.017291 0.106755 0.999104 -0.041310 0.009178 0.993196 0.021894 0.114376 0.998117 -0.061145 -0.004894 0.974691 0.222435 0.022345 0.998117 -0.061145 -0.004894 0.939988 -0.339730 -0.031734 -0.978101 -0.021339 -0.207034 -0.961435 -0.141620 -0.235766 -0.979342 -0.145512 -0.140410 -0.988398 0.017701 -0.150852 -0.945402 0.110031 0.306771 -0.955561 0.095063 0.279045 -0.990390 0.014421 0.137546 -0.985143 0.031108 0.168898 
						-0.985700 0.039179 0.163891 -0.990351 0.013853 0.137887 -0.996666 -0.065341 0.048871 -0.996845 -0.060506 0.051370 -0.876429 -0.038685 0.479975 -0.975457 -0.034382 0.217490 -0.919409 -0.037990 0.391463 -0.694431 -0.034552 0.718729 -0.895378 -0.099578 -0.434029 -0.990150 -0.092263 -0.105313 -0.989471 -0.092144 -0.111613 -0.862647 -0.102591 -0.495293 -0.937684 0.016421 0.347100 -0.885228 0.068695 0.460058 -0.731417 0.208789 0.649182 -0.884861 0.097556 0.455527 -0.983212 0.002657 -0.182448 -0.060755 -0.000137 -0.998153 -0.999853 -0.000000 -0.017171 -0.993741 0.001359 -0.111701 -0.348381 0.303942 -0.886707 -0.333943 0.282193 -0.899360 -0.975477 0.140001 -0.169835 -0.981399 -0.016684 -0.191253 -0.969404 0.230455 -0.084536 -0.997331 0.055553 0.047382 -0.995821 0.076988 0.049125 -0.992696 0.057048 0.106302 -0.993335 0.073196 0.089035 -0.995931 0.034827 0.083116 -0.997400 0.041150 0.059159 -0.946811 -0.042774 0.318935 -0.939969 -0.047798 0.337896 -0.939979 -0.048414 0.337781 -0.946892 -0.047167 0.318074 -0.935604 -0.049149 0.349614 -0.929056 -0.050204 0.366517 -0.927647 -0.087253 0.363123 -0.926741 -0.087187 0.365445 -0.933216 -0.087108 0.348598 -0.934084 -0.087172 0.346248 -0.928462 0.095821 0.358855 -0.934941 0.093213 0.342339 -0.955666 0.083731 0.282296 -0.945790 0.088561 0.312472 -1.000000 0.000000 0.000000 -1.000000 0.000000 -0.000008 -1.000000 0.000000 0.000000 -1.000000 0.000000 0.000000 0.999995 0.002803 0.001723 0.999949 0.009644 -0.003132 0.999832 0.016300 -0.008380 0.999950 0.009265 -0.003653 -0.999994 -0.002913 0.001984 -0.996346 -0.065092 0.055302 -0.999994 -0.003153 0.001681 -0.996905 0.062913 -0.047141 -0.976897 0.010106 -0.213470 -0.986549 -0.017165 -0.162563 -0.981594 0.114779 -0.152639 -0.963777 0.139276 -0.227454 -0.999422 -0.033967 -0.001220 -0.999063 -0.043268 -0.001291 -0.998617 -0.052564 -0.001290 
						-0.999063 -0.043267 -0.001201 0.997904 0.019981 0.061554 0.999687 0.007627 0.023833 0.999883 -0.010458 -0.011147 0.999577 0.018315 0.022583 0.999991 0.000117 -0.004309 0.999989 0.001642 -0.004337 0.999986 0.003166 -0.004337 0.999989 0.001642 -0.004318 0.999909 0.010870 0.007971 1.000000 -0.000620 -0.000386 0.999753 -0.000374 -0.022242 1.000000 -0.000068 -0.001015 0.997970 -0.018666 0.060891 0.999546 -0.019020 0.023378 0.999924 0.008919 -0.008472 0.999657 -0.007109 0.025199 0.999991 0.000044 -0.004337 0.999991 -0.000026 -0.004337 0.999991 -0.000096 -0.004360 0.999991 -0.000026 -0.004360 0.999931 0.002263 -0.011508 0.999997 0.002343 -0.000640 0.999932 0.007169 0.009166 0.999999 0.001125 -0.000372 -0.242742 0.117353 -0.962966 -0.263252 0.092767 -0.960257 -0.106416 0.166050 -0.980359 -0.101097 0.186874 -0.977168 -0.229565 -0.327131 -0.916671 -0.240557 -0.460643 -0.854365 -0.252353 -0.582998 -0.772290 -0.245935 -0.459723 -0.853329 0.999996 -0.002136 -0.002013 0.999983 0.001994 -0.005554 0.999993 -0.002647 -0.002609 0.999978 -0.006538 0.001213 0.207849 -0.643476 -0.736707 0.209551 -0.647662 -0.732545 0.202346 -0.644224 -0.737585 0.202356 -0.639752 -0.741465 0.329545 -0.908736 -0.256123 0.220431 -0.959081 -0.177689 0.632804 -0.745360 -0.209754 0.629682 -0.714745 -0.304369 0.997529 -0.049494 0.049866 1.000000 0.000483 0.000397 0.997984 0.022532 -0.059332 1.000000 0.000679 0.000448 -0.641061 -0.623725 -0.447222 -0.328168 -0.754944 -0.567772 -0.397533 -0.777960 -0.486565 -0.652427 -0.662518 -0.367980 0.372829 0.906400 -0.198587 0.326683 0.808957 -0.488740 0.258766 0.630802 -0.731525 0.254966 0.830831 -0.494683 0.997426 -0.049683 -0.051707 1.000000 -0.000496 0.000659 0.997802 0.021397 0.062716 1.000000 -0.000630 0.000680 0.644075 0.737883 -0.201735 0.226977 0.958894 -0.170307 0.350656 0.903319 -0.247092 
						0.640844 0.708046 -0.296631 0.999997 0.000276 -0.002276 0.999997 -0.000006 -0.002276 0.999997 -0.000287 -0.002274 0.999997 -0.000006 -0.002275 -0.259478 -0.031277 -0.965242 -0.259444 -0.035269 -0.965114 -0.259436 -0.039260 -0.964962 -0.259471 -0.035269 -0.965107 -0.415847 0.768586 -0.486155 -0.335302 0.755701 -0.562573 -0.649873 0.613791 -0.448247 -0.661268 0.649311 -0.375659 0.999997 0.000352 -0.002276 0.999997 0.000008 -0.002276 0.999997 -0.000337 -0.002276 0.999997 0.000008 -0.002277 0.213633 0.004403 -0.976904 0.213629 0.005191 -0.976901 0.213629 0.004403 -0.976905 0.213632 0.003614 -0.976907 -0.259199 0.060031 -0.963956 -0.259220 0.054466 -0.964281 -0.259295 0.048900 -0.964560 -0.259276 0.054466 -0.964266 0.213630 -0.003611 -0.976908 0.213629 -0.004259 -0.976905 0.213634 -0.003611 -0.976907 0.213634 -0.002963 -0.976909 0.999930 0.003122 -0.011448 0.999995 0.003199 -0.000779 0.999943 0.004766 0.009559 0.999999 -0.001163 0.000184 0.213144 -0.839873 0.499182 0.215868 -0.638034 0.739130 0.276222 -0.823988 0.494717 0.316742 -0.926852 0.201545 -0.346455 -0.916290 0.200950 -0.302778 -0.816179 0.492116 -0.238806 -0.634318 0.735264 -0.235727 -0.834955 0.497276 0.999582 0.025999 0.012638 0.999620 0.022447 0.016026 0.998944 0.035706 0.028925 0.998965 0.037969 0.025026 0.360107 0.826573 0.432551 0.209908 0.888960 0.407049 0.261665 0.854800 0.448162 0.359859 0.801781 0.477126 -0.296250 0.846922 0.441542 -0.246265 0.872892 0.421205 -0.388381 0.817760 0.424769 -0.388593 0.803324 0.451293 0.181764 -0.012264 0.983266 0.181757 -0.012843 0.983260 0.179512 -0.012269 0.983679 0.179512 -0.011689 0.983686 -0.196656 -0.012163 0.980397 -0.194388 -0.012730 0.980842 -0.194382 -0.012168 0.980851 -0.196656 -0.011602 0.980404 0.999999 0.000115 0.001270 0.999999 -0.000201 0.001270 0.999997 -0.000528 0.002263 
						0.999997 -0.000213 0.002267 0.999991 0.004124 0.001270 0.999990 0.004465 -0.000020 0.999988 0.004824 -0.000025 0.999989 0.004484 0.001270 0.184480 0.015781 0.982710 0.181701 0.016512 0.983215 0.181711 0.015777 0.983225 0.184483 0.015049 0.982720 -0.194424 0.015387 0.980797 -0.191754 0.014339 0.981338 -0.191750 0.013274 0.981354 -0.194418 0.014321 0.980814 0.998412 0.021381 0.052117 0.997184 0.054743 0.051251 0.998343 0.042629 0.038653 0.999189 0.012534 0.038259 0.306138 -0.821995 0.480212 0.248630 -0.872791 0.420022 0.386619 -0.795766 0.466135 0.384507 -0.754754 0.531508 -0.277415 -0.850469 0.446928 -0.223476 -0.877001 0.425357 -0.246106 -0.857045 0.452664 -0.279200 -0.833845 0.476183 0.999121 0.029595 -0.029706 0.999503 0.021768 -0.022788 0.999815 0.017006 -0.008994 0.999574 0.026097 -0.013031 0.178612 0.404151 0.897084 0.178338 0.413132 0.893038 0.185028 0.421639 0.887685 0.183800 0.412851 0.892060 -0.168913 0.398433 0.901510 -0.169918 0.399554 0.900824 -0.163141 0.401394 0.901259 -0.163110 0.400165 0.901811 -0.990311 -0.091599 -0.104372 -0.933335 -0.090394 -0.347440 -0.975055 -0.087328 0.204062 -0.979810 -0.087427 0.179802 -0.979747 -0.088164 0.179789 -0.974717 -0.091176 0.203994 -0.933908 -0.089292 0.346184 -0.933251 -0.086669 0.348613 -0.978449 0.062375 0.196840 -0.955667 0.077392 0.284096 -0.935284 0.088949 0.342537 -0.975142 0.067332 0.211105 -0.999864 -0.012614 -0.010580 -0.988843 -0.143114 -0.041319 -0.999855 -0.016834 -0.002463 -0.993601 0.071487 0.087442 -0.995647 0.085242 0.037700 -0.994388 0.102253 0.027142 -0.993316 0.097951 -0.061062 -0.987302 0.074395 -0.140357 0.999989 0.004750 0.000342 0.999995 0.002102 0.002533 0.999993 -0.001472 0.003383 0.999995 0.001974 0.002306 1.000000 0.000751 0.000354 1.000000 0.000197 0.000208 1.000000 -0.000242 -0.000111 
						1.000000 0.000180 0.000233 1.000000 0.000650 0.000521 0.999998 0.002107 0.000642 0.999993 0.003622 0.000966 0.999998 0.001943 -0.000185 0.999996 0.000718 0.002861 0.999997 0.001260 0.002229 0.999996 0.001565 0.002394 0.999996 0.001107 0.002770 0.218574 0.125863 -0.967669 0.208967 0.203623 -0.956489 0.164844 0.282204 -0.945086 0.163005 0.205532 -0.964980 0.249510 0.455465 -0.854574 0.190959 0.542078 -0.818343 0.210910 0.460040 -0.862485 0.235888 0.373581 -0.897103 0.209374 -0.261415 -0.942244 0.212000 -0.271485 -0.938803 0.234000 -0.259928 -0.936847 0.240900 -0.249330 -0.937978 -0.199014 0.178780 -0.963551 -0.213084 0.102127 -0.971682 -0.249853 0.176774 -0.952011 -0.275373 0.251387 -0.927887 0.197123 0.265152 0.943842 0.188801 0.233148 0.953937 0.177318 0.200858 0.963439 0.173945 0.233779 0.956604 0.185616 0.673717 0.715299 0.150840 0.595531 0.789044 0.154931 0.677418 0.719097 0.177239 0.748667 0.638815 0.146276 -0.178215 0.973058 0.150579 -0.227743 0.962008 0.186158 -0.176867 0.966469 0.196943 -0.126726 0.972190 -0.994944 -0.088961 -0.046607 -0.976689 0.029273 -0.212655 -0.986430 -0.005853 -0.164079 -0.988301 0.064339 -0.138280 -0.984173 0.151653 -0.091674 -0.982884 0.110598 -0.147332 -0.980491 0.026084 -0.194824 -0.990149 -0.092304 -0.105282 -0.895376 -0.099603 -0.434028 -0.932772 -0.096782 -0.347232 -0.990501 -0.088768 -0.105016 -0.974011 0.001848 0.226492 -0.945687 0.040122 0.322595 -0.885660 0.086429 0.456220 -0.941226 0.038293 0.335599 -0.942730 -0.038815 0.331291 -0.986046 -0.037051 0.162296 -0.975729 -0.038318 0.215603 -0.876401 -0.038896 0.480009 0.999999 0.000827 0.000705 0.999996 0.002719 -0.000608 0.999987 0.004774 -0.001728 0.999997 0.002351 -0.001023 0.999999 -0.001052 0.000972 0.999997 0.001010 0.002233 0.999988 0.002580 0.004057 0.999997 0.001094 0.002139 
						0.232552 0.638208 -0.733900 0.356326 0.611206 -0.706724 0.283838 0.629221 -0.723545 0.197922 0.645301 -0.737844 -0.282495 -0.460439 -0.841541 -0.298872 -0.610872 -0.733151 -0.399298 -0.716880 -0.571529 -0.334673 -0.603223 -0.723959 0.340015 -0.601835 -0.722623 0.248403 -0.622586 -0.742080 0.229050 -0.628410 -0.743395 0.278515 -0.617309 -0.735771 -0.416463 0.744624 -0.521626 -0.280513 0.635543 -0.719303 -0.250488 0.466704 -0.848200 -0.340991 0.622645 -0.704300 0.202046 0.644728 0.737227 0.264447 0.632832 0.727731 0.228865 0.640901 0.732712 0.181580 0.649449 0.738407 -0.299342 0.628603 0.717811 -0.231976 0.642350 0.730461 -0.207477 0.647538 0.733245 -0.263836 0.636946 0.724355 0.303826 -0.633948 0.711196 0.209988 -0.648145 0.731993 0.175332 -0.650152 0.739298 0.264321 -0.639199 0.722191 -0.160077 -0.654400 0.739010 -0.192049 -0.651652 0.733803 -0.255628 -0.643001 0.721945 -0.239945 -0.644593 0.725897 1.000000 0.000914 -0.000054 1.000000 0.000291 -0.000322 1.000000 -0.000973 0.000151 1.000000 -0.000528 0.000625 1.000000 0.000055 0.000078 1.000000 -0.000837 0.000566 1.000000 0.000394 0.000485 0.999999 0.001106 -0.000219 0.999628 0.019225 0.019347 0.999819 0.013170 0.013700 0.999822 0.012427 0.014167 0.999630 0.018553 0.019871 0.999955 0.006281 -0.007150 0.999951 0.007416 -0.006583 0.999991 0.004048 -0.000971 0.999993 0.003160 -0.001810 -0.978449 0.040387 0.202501 -0.976518 0.039613 0.211765 -0.937260 0.049920 -0.345038 -0.976626 0.052168 -0.208521 -0.990373 0.014165 0.137699 -0.955634 0.089037 0.280779 -0.978502 0.047063 0.200794 -0.998183 -0.029964 0.052267 -0.975337 -0.014549 -0.220241 -0.997585 -0.040340 0.056543 -0.972651 -0.054744 0.225728 -0.996981 -0.074037 0.023383 -0.997468 -0.056993 0.042536 -0.990473 0.015637 0.136814 -0.997250 -0.045354 0.058607 -0.997340 -0.064200 -0.034527 
						-0.998284 -0.055958 0.017229 -0.997548 -0.040917 0.056781 -0.975078 -0.019241 -0.221027 -0.982876 -0.037140 0.180486 -0.935649 -0.048134 0.349634 -0.946869 -0.045839 0.318335 -0.965253 -0.041378 0.258019 -0.964906 -0.020963 0.261758 -0.992550 -0.024714 -0.119305 -0.983309 -0.022061 0.180602 -0.946619 -0.034915 0.320458 -0.996969 0.045430 0.063152 -0.997889 0.058900 0.027341 -0.964750 -0.015744 0.262696 -0.996895 0.071771 0.032403 -0.988334 0.063984 -0.138206 -0.957164 0.079324 0.278467 -0.981450 -0.015971 -0.191049 -0.982574 -0.023133 -0.184428 -0.990492 -0.029242 -0.134429 -0.992434 -0.033567 -0.118098 -0.991873 -0.042774 -0.119830 -0.990122 -0.037885 -0.134993 -0.945540 0.022250 0.324745 -0.973602 -0.003815 0.228222 -0.990248 -0.035134 -0.134815 -0.997645 -0.033764 -0.059708 -0.986046 -0.036961 0.162317 -0.942773 -0.038241 0.331235 0.206352 -0.716820 -0.666024 0.171521 -0.644466 -0.745147 0.169147 -0.559617 -0.811307 0.209602 -0.639506 -0.739662 -0.996292 -0.068875 0.051553 -0.999839 0.016352 -0.007381 -0.991560 0.125841 -0.031183 -0.999843 0.013980 -0.010860 -0.992741 -0.117009 0.027824 -0.993783 -0.105940 0.034245 -0.993945 -0.097453 -0.050750 -0.992364 -0.108637 -0.058414 -0.223290 -0.390756 -0.893002 -0.235534 -0.325711 -0.915662 -0.242701 -0.387652 -0.889282 -0.213461 -0.452931 -0.865614 0.195492 -0.371507 0.907615 0.174686 -0.462651 0.869160 0.159508 -0.548846 0.820564 0.207651 -0.459411 0.863610 -0.975954 0.042877 0.213718 -0.999957 0.000323 0.009241 -0.999952 -0.006420 0.007406 -0.991631 -0.046343 -0.120499 -0.993939 0.028653 -0.106135 -0.999953 -0.006107 0.007486 -0.999330 -0.032987 -0.015881 -0.983762 0.036736 -0.175677 -0.989627 0.107244 -0.095593 -0.999454 0.031623 -0.009603 -0.999965 -0.002341 0.008036 -0.986041 -0.041412 0.161269 0.999998 -0.001977 -0.000341 1.000000 0.000191 -0.000411 0.999998 0.001842 0.000760 
						0.999999 0.000552 -0.001276 0.999999 0.001492 -0.000711 1.000000 -0.000107 -0.000402 0.999998 -0.001774 -0.000348 1.000000 0.000024 0.000094 -0.262512 0.343061 -0.901885 -0.246942 0.414749 -0.875787 -0.299244 0.337412 -0.892528 -0.273734 0.270107 -0.923099 -0.272763 -0.141645 -0.951597 -0.262554 -0.109872 -0.958642 -0.259753 -0.142549 -0.955096 -0.282088 -0.173289 -0.943609 0.999989 -0.004233 -0.001953 0.999993 -0.002641 -0.002617 0.999992 -0.001519 -0.003717 0.999994 -0.002418 -0.002411 1.000000 0.000108 -0.000407 0.999995 0.000102 -0.003048 0.999995 0.000463 -0.003137 1.000000 0.000439 -0.000257 0.999938 0.004965 0.009924 0.999944 0.003511 0.009986 0.999815 0.004506 0.018683 0.999823 0.005747 0.017912 0.999999 -0.001565 -0.000457 0.999938 -0.004115 0.010342 0.999945 -0.002227 0.010266 0.999999 -0.000434 0.001337 -0.229835 -0.456361 0.859599 -0.176399 -0.547057 0.818298 -0.193453 -0.460320 0.866419 -0.216461 -0.368559 0.904052 -0.194539 0.235334 0.952246 -0.198374 0.202398 0.959001 -0.213522 0.234357 0.948412 -0.224436 0.266078 0.937460 0.999961 -0.006069 -0.006421 0.999957 -0.007086 -0.005992 0.999994 -0.003289 -0.001455 0.999995 -0.002547 -0.002118 0.999958 0.002013 -0.008895 0.999966 0.000263 -0.008203 0.999960 0.002001 -0.008724 0.999960 0.003606 -0.008225 -0.144557 0.679304 0.719479 -0.140371 0.598117 0.789020 -0.175660 0.675773 0.715874 -0.171129 0.749608 0.639377 -0.171584 -0.170746 0.970260 -0.138936 -0.229559 0.963327 -0.135480 -0.171772 0.975776 -0.180612 -0.112337 0.977118 -0.015131 -0.057689 0.998220 -0.016253 0.003792 0.999861 -0.037329 0.064887 0.997194 -0.013371 0.003845 0.999903 -0.984327 -0.176324 0.003055 -0.984314 -0.176426 0.000007 -0.984327 -0.176324 0.003055 -0.984332 -0.176220 0.006104 0.999992 0.001123 0.003879 0.999987 0.001155 0.004857 0.999982 0.001187 0.005835 
						0.999987 0.001155 0.004857 0.988205 -0.152188 0.017014 0.988247 -0.152324 0.012890 0.988271 -0.152457 0.008766 0.988247 -0.152324 0.012890 0.999851 0.001521 -0.017212 0.999995 0.001775 -0.002584 0.999925 0.002028 0.012044 0.999995 0.001775 -0.002584 0.999982 0.004377 -0.004042 0.999949 0.004385 0.009130 0.999982 0.004377 -0.004042 0.999842 0.004369 -0.017214 0.999957 0.000971 -0.009220 1.000000 0.000975 -0.000044 0.999958 0.000978 0.009132 1.000000 0.000975 -0.000044 -0.856215 -0.000603 -0.516619 -0.863800 -0.000606 -0.503834 -0.871194 -0.000608 -0.490938 -0.863800 -0.000606 -0.503834 -0.875876 0.005110 -0.482509 -0.905269 0.005280 -0.424805 -0.930866 0.005427 -0.365319 -0.905270 0.005280 -0.424805 0.000009 -0.090842 -0.995865 0.000007 -0.097069 -0.995278 0.000007 -0.103293 -0.994651 0.000009 -0.097069 -0.995278 -0.934058 -0.004346 -0.357094 -0.902438 -0.004202 -0.430800 -0.865013 -0.004031 -0.501734 -0.902438 -0.004202 -0.430800 0.866899 0.000000 0.498484 -0.873390 0.000000 -0.487022 -0.866899 0.000000 -0.498484 -0.860258 0.000000 -0.509859 0.999960 0.000000 0.008905 1.000000 0.000000 -0.000022 0.999960 0.000000 -0.008949 1.000000 0.000000 -0.000022 0.999860 0.000000 -0.016754 0.999992 0.000000 -0.003924 0.999960 0.000000 0.008905 0.999992 0.000000 -0.003924 0.999971 0.000000 0.007596 0.999990 -0.000000 -0.004579 0.999860 -0.000000 -0.016754 0.999990 -0.000000 -0.004579 0.999999 0.000000 0.001687 0.999991 0.000000 -0.004223 0.999999 0.000000 0.001687 0.999971 0.000000 0.007596 0.999996 -0.000000 -0.002911 0.999999 -0.000000 -0.001600 0.999996 -0.000000 -0.002911 0.999991 -0.000000 -0.004223 -0.999989 -0.000000 0.004778 -0.999999 -0.000000 0.001600 -0.999989 -0.000000 0.004778 -0.999968 -0.000000 0.007956 -0.203272 0.493983 0.845376 -0.232364 0.567040 0.790236 -0.390597 0.552930 0.736004 
						-0.349345 0.492870 0.796892 -0.998262 0.058918 -0.001290 -0.998616 0.052581 -0.001161 -0.998262 0.058918 -0.001144 -0.997868 0.065252 -0.001290 0.000007 0.131432 -0.991325 0.000007 0.124821 -0.992179 0.000005 0.118205 -0.992989 0.000005 0.124821 -0.992179 -0.892715 0.125845 -0.432692 -0.860013 0.128929 -0.493716 -0.991708 0.113433 -0.060400 -0.988755 0.116011 -0.094362 -0.935551 0.078636 -0.344327 -0.988882 0.025366 -0.146522 -0.976717 0.042469 -0.210287 -0.973289 0.106088 0.203601 -0.931463 0.110418 -0.346677 -0.932841 0.109514 -0.343241 -0.972089 0.104698 0.209955 -0.932280 0.107354 0.345442 -0.973164 0.107281 0.203575 -0.971709 0.108422 0.209824 -0.933575 0.108439 0.341581 -0.927572 0.105844 0.358339 -0.925966 0.105989 0.362426 -0.932404 0.106113 0.345489 -0.933812 0.105966 0.341710 0.622987 -0.780666 0.049477 0.695028 -0.716634 0.058069 0.693568 -0.717403 0.065549 0.622670 -0.780367 0.057530 0.990209 -0.009558 -0.139268 0.998419 -0.029215 -0.048013 0.999316 -0.002396 0.036914 0.998668 -0.001350 -0.051582 0.666895 0.703938 -0.244381 0.635235 0.728418 -0.256677 0.500286 0.829107 -0.249590 0.558871 0.794033 -0.239112 -0.999156 -0.004984 -0.040766 -0.998428 -0.003636 -0.055922 -0.821240 -0.568554 0.048084 -0.686141 -0.721866 0.090113 -0.683844 -0.719318 0.122227 -0.819178 -0.572031 0.041574 -0.329755 -0.900877 0.282280 -0.027610 -0.933411 0.357746 -0.999949 -0.004987 0.008755 -0.999960 -0.003495 0.008189 -0.999959 -0.003408 0.008370 -0.999965 -0.000060 0.008365 -0.999875 0.000096 0.015781 -0.999993 0.003444 -0.001543 -0.999727 0.004985 0.022829 -0.998341 0.003666 0.057458 -0.707361 0.706110 0.032397 -0.998769 0.030508 0.039111 -0.999241 0.001376 0.038930 -0.998580 -0.000047 -0.053269 -0.999712 -0.001846 -0.023940 -0.999983 -0.001910 0.005479 -0.999476 -0.020497 -0.025058 -0.999942 0.001991 0.010605 
						-0.997509 0.000010 0.070535 -0.990417 -0.040438 0.132053 -0.997200 -0.023322 0.071055 -0.710045 0.701731 -0.058397 -0.999983 -0.001978 0.005538 -0.999438 0.000606 -0.033521 -0.997383 0.001026 -0.072292 -0.999095 0.000095 -0.042543 -0.999917 -0.000073 0.012876 -0.998875 -0.020111 -0.042949 -0.994210 -0.040471 -0.099537 -0.994858 0.058483 0.082691 -0.996077 -0.023203 0.085392 -0.996409 0.005049 0.084522 -0.707698 0.706446 0.009881 -0.709617 0.704518 0.009906 -0.999441 0.030518 0.013675 -0.705317 0.704070 0.082549 -0.999061 0.001283 0.043298 -0.999983 -0.001911 0.005504 -0.999069 -0.001813 0.043107 -0.032958 -0.846853 0.530805 -0.027585 -0.932032 0.361324 -0.409671 -0.837537 0.361527 -0.518591 -0.719220 0.462370 -0.665303 -0.418645 0.618149 -0.709250 -0.207579 0.673702 -0.999908 0.013170 -0.003306 -0.978511 -0.205909 -0.010804 -0.974014 0.226448 0.004345 -0.999906 0.013297 -0.003303 -0.701229 0.228207 -0.675425 -0.656030 0.433028 -0.618152 -0.491910 0.749930 -0.442300 -0.386128 0.856064 -0.343599 -0.025130 0.940705 -0.338295 -0.029581 0.865291 -0.500396 -0.032884 0.845720 0.532612 -0.027609 0.932404 0.360362 -0.410923 0.836405 0.362725 -0.521137 0.715670 0.465007 -0.665454 0.418147 0.618323 -0.709127 0.208459 0.673561 -0.999935 -0.010849 -0.003376 -0.978330 0.206766 -0.010843 -0.974394 -0.224806 0.004293 -0.999934 -0.010964 -0.003373 -0.701474 -0.226587 -0.675717 -0.656356 -0.432100 -0.618455 -0.494404 -0.746813 -0.444787 -0.388737 -0.853830 -0.346206 -0.025060 -0.939350 -0.342043 -0.029540 -0.863091 -0.504185 -0.994703 0.030326 -0.098219 -0.997883 0.001230 -0.065021 -0.905560 -0.414555 -0.090034 -0.806609 -0.573654 -0.142489 -0.804449 -0.572168 -0.159644 -0.902775 -0.424728 -0.067844 -0.419918 -0.829601 -0.368011 -0.030604 -0.887526 -0.459741 -0.033811 -0.875395 0.482224 -0.443669 -0.808810 0.385985 -0.905983 -0.414968 0.083644 
						-0.801755 -0.569283 0.181953 -0.804428 -0.571236 0.163049 -0.908528 -0.403839 0.107198 -0.996356 0.000386 0.085286 -0.992181 0.030342 0.121062 -0.666959 -0.413227 0.620007 -0.999947 0.009767 -0.003334 -0.991390 -0.076342 -0.106381 -0.912449 -0.367850 0.179228 -0.912284 -0.372469 0.170309 -0.999977 0.005524 0.003956 -0.998594 -0.003621 0.052882 -0.995236 0.000124 0.097500 -0.999946 0.009858 -0.003331 -0.656920 0.430232 -0.619159 -0.910570 0.379934 -0.162827 -0.989416 0.088092 0.115306 -0.999977 0.005546 0.003986 -0.910404 0.382316 -0.158114 -0.997262 -0.019486 -0.071343 -0.999340 -0.000398 -0.036326 -0.416997 0.832339 -0.365136 -0.030623 0.889204 -0.456486 -0.804518 0.573298 -0.155178 -0.901978 0.426912 -0.064667 -0.904821 0.416896 -0.086584 -0.806582 0.574721 -0.138282 -0.995013 -0.040508 -0.091148 -0.998146 -0.019792 -0.057552 -0.033726 0.873918 0.484901 -0.447254 0.805078 0.389632 -0.905928 0.414543 0.086307 -0.801033 0.569870 0.183287 -0.803505 0.571679 0.166024 -0.908594 0.402446 0.111775 -0.996172 -0.023213 0.084277 -0.991904 -0.040492 0.120362 -0.667077 0.412832 0.620144 -0.999965 -0.007585 -0.003412 -0.991362 0.076622 -0.106445 -0.912179 0.366919 0.182481 -0.911988 0.372813 0.171138 -0.999990 -0.004015 0.002207 -0.998567 0.003880 0.053382 -0.995486 -0.023147 0.092037 -0.999965 -0.007652 -0.003410 -0.657399 -0.428809 -0.619637 -0.910916 -0.378389 -0.164480 -0.989768 -0.086533 0.113454 -0.999989 -0.004035 0.002233 -0.910768 -0.380682 -0.159948 -0.996699 0.000776 -0.081179 -0.999240 0.000401 -0.038972 -0.999437 -0.003557 -0.033351 -0.999926 0.000078 0.012156 -0.999378 -0.023900 -0.025914 -0.842105 -0.524506 0.125510 -0.862222 -0.370804 0.345077 -0.999908 0.011584 0.007074 -0.977778 -0.209436 -0.009326 -0.578988 -0.617219 0.532741 -0.999927 0.000078 0.012111 -0.998390 0.003663 0.056597 -0.835986 0.537720 -0.109475 
						-0.998051 0.047498 0.040471 -0.999908 0.011599 0.007088 -0.860608 0.389656 -0.327905 -0.566152 0.633069 -0.527916 -0.971238 0.238091 0.002964 -0.997213 0.003724 0.074521 -0.998171 0.004977 0.060240 -0.687005 0.723385 -0.068836 -0.812689 0.581995 -0.028615 -0.810493 0.585332 -0.022091 -0.685425 0.721834 -0.095646 -0.025178 0.941947 -0.334817 -0.305772 0.915089 -0.262897 -0.999141 0.004983 -0.041142 -0.998452 0.003634 -0.055492 -0.821173 0.568679 0.047734 -0.686232 0.721914 0.089033 -0.683886 0.719307 0.122059 -0.819401 0.571669 0.042137 -0.329676 0.900949 0.282143 -0.027634 0.933787 0.356761 -0.999379 0.003563 -0.035059 -0.999969 -0.000058 0.007852 -0.999316 0.025121 -0.027140 -0.842288 0.524056 0.126157 -0.862323 0.371954 0.343583 -0.999953 -0.008688 0.004292 -0.977429 0.211054 -0.009387 -0.579240 0.616781 0.532975 -0.999969 -0.000058 0.007877 -0.998558 -0.003653 0.053567 -0.836296 -0.536951 -0.110871 -0.998243 -0.045232 0.038277 -0.999953 -0.008726 0.004327 -0.860528 -0.387742 -0.330375 -0.566745 -0.632039 -0.528515 -0.971937 -0.235224 0.002889 -0.025109 -0.940602 -0.338581 -0.308962 -0.913102 -0.266061 -0.811619 -0.583629 -0.025526 -0.685090 -0.721530 -0.100230 -0.686777 -0.723195 -0.072982 -0.813897 -0.580107 -0.032370 -0.997470 -0.003712 0.070991 -0.998403 -0.004978 0.056277 -0.999241 -0.004984 -0.038636 -0.998565 -0.003627 -0.053429 -0.821870 -0.567469 0.050096 -0.686047 -0.721746 0.091770 -0.683623 -0.719057 0.124963 -0.819985 -0.570683 0.044097 -0.331638 -0.899603 0.284131 -0.027594 -0.932799 0.359338 -0.999932 -0.004986 0.010566 -0.999945 -0.003501 0.009937 -0.999943 -0.003402 0.010139 -0.999949 -0.000069 0.010131 -0.999887 0.000092 0.015046 -0.999994 0.003439 0.000117 -0.999797 0.004986 0.019550 -0.998773 0.003639 0.049392 -0.999917 -0.000073 0.012858 -0.997391 0.000008 0.072191 -0.990280 0.040258 0.133135 
						-0.997173 0.019287 0.072627 -0.994667 -0.050690 -0.089819 -0.999526 -0.003058 -0.030635 -0.999640 -0.016486 0.021190 -0.998637 -0.039289 -0.034372 -0.998563 -0.029087 0.045020 -0.995499 -0.082946 0.045852 -0.998922 -0.012391 0.044735 -0.996431 -0.055862 -0.063287 -0.997813 -0.013542 -0.064696 -0.997557 0.023373 -0.065829 -0.998060 -0.050690 -0.036140 -0.998589 -0.039180 -0.035845 -0.995883 -0.082777 -0.036937 -0.999887 0.004823 0.014221 -0.997890 -0.028317 0.058433 -0.995164 -0.009587 0.097758 -0.998381 -0.005567 0.056600 -0.998967 0.000097 -0.045448 -0.998668 0.023518 -0.045922 -0.993842 0.040623 -0.103093 -0.996892 -0.000098 0.078777 -0.998463 0.019753 0.051785 -0.999641 -0.016482 0.021112 -0.998723 -0.002401 0.050458 -0.032882 -0.844764 0.534128 -0.027570 -0.931447 0.362830 -0.411943 -0.835442 0.363785 -0.521610 -0.715015 0.465485 -0.666078 -0.416109 0.619026 -0.710030 -0.201638 0.674684 -0.999741 0.022555 -0.003048 -0.979744 -0.199974 -0.010604 -0.973312 0.229443 0.004452 -0.999731 0.022978 -0.003037 -0.700783 0.231161 -0.674884 -0.657072 0.429779 -0.619311 -0.506902 0.730344 -0.457873 -0.395712 0.847703 -0.353286 -0.025094 0.939767 -0.340894 -0.029238 0.856968 -0.514539 -0.032853 0.844474 0.534588 -0.027611 0.932788 0.359367 -0.412265 0.835156 0.364075 -0.523902 0.711769 0.467879 -0.665771 0.417089 0.618696 -0.709419 0.206228 0.673940 -0.999893 -0.014261 -0.003290 -0.978799 0.204540 -0.010765 -0.973906 -0.226909 0.004366 -0.999890 -0.014450 -0.003285 -0.701154 -0.228692 -0.675340 -0.656107 -0.432865 -0.618184 -0.494733 -0.746384 -0.445140 -0.388519 -0.854009 -0.346007 -0.025066 -0.939812 -0.340772 -0.029534 -0.863265 -0.503887 -0.994645 0.040648 -0.095017 -0.997848 0.023408 -0.061248 -0.905663 -0.414110 -0.091034 -0.806691 -0.573607 -0.142217 -0.804679 -0.572223 -0.158277 -0.902776 -0.424715 -0.067918 -0.420845 -0.828705 -0.368970 
						-0.030591 -0.887550 -0.459695 -0.033752 -0.873835 0.485050 -0.447072 -0.805274 0.389436 -0.906334 -0.413620 0.086466 -0.801439 -0.568948 0.184373 -0.804067 -0.570867 0.166093 -0.908894 -0.401985 0.110993 -0.996169 0.018998 0.085362 -0.991737 0.040328 0.121786 -0.669251 -0.405560 0.622595 -0.999704 0.024183 -0.002831 -0.992593 -0.070749 -0.098759 -0.912510 -0.365522 0.183626 -0.912456 -0.368087 0.178709 -0.999756 0.014738 0.016429 -0.997487 -0.019165 0.068216 -0.995226 0.018759 0.095775 -0.999686 0.024889 -0.002806 -0.656309 0.432184 -0.618447 -0.910869 0.374158 -0.174138 -0.989027 0.089650 0.117425 -0.999748 0.014973 0.016746 -0.910404 0.382345 -0.158044 -0.996082 -0.035805 -0.080861 -0.999393 -0.013407 -0.032153 -0.435808 0.813833 -0.384379 -0.030296 0.881404 -0.471391 -0.803112 0.572334 -0.165666 -0.903916 0.420320 -0.079162 -0.907346 0.405530 -0.110766 -0.804367 0.573202 -0.156311 -0.991946 -0.082306 -0.096276 -0.996660 -0.036392 -0.073112 -0.033713 0.873245 0.486115 -0.450577 0.801570 0.393022 -0.906060 0.414008 0.087475 -0.801302 0.570101 0.181383 -0.803347 0.571596 0.167069 -0.908964 0.400405 0.116015 -0.996119 -0.010136 0.087436 -0.990390 -0.082678 0.110871 -0.667780 0.410473 0.620953 -0.999930 -0.011358 -0.003280 -0.991726 0.074946 -0.104221 -0.912196 0.365869 0.184495 -0.912051 0.371271 0.174129 -0.999960 -0.006740 0.005836 -0.998531 -0.005747 0.053874 -0.994953 -0.009473 0.099894 -0.999928 -0.011511 -0.003275 -0.656890 -0.430404 -0.619070 -0.910907 -0.378426 -0.164447 -0.989481 -0.087733 0.115019 -0.999960 -0.006784 0.005894 -0.910681 -0.381783 -0.157803 -0.997109 0.023324 -0.072316 -0.999111 -0.011958 -0.040438 -0.999610 -0.003538 -0.027716 -0.999786 0.000121 0.020696 -0.999568 -0.019586 -0.021921 -0.842564 -0.523276 0.127548 -0.861970 -0.367192 0.349538 -0.999762 0.017704 0.012750 -0.978923 -0.204021 -0.009184 
						-0.579852 -0.615639 0.533630 -0.999787 0.000120 0.020641 -0.998353 0.003666 0.057245 -0.837318 0.534514 -0.114865 -0.998012 0.047955 0.040883 -0.999759 0.017795 0.012835 -0.860677 0.390662 -0.326524 -0.568091 0.629621 -0.529953 -0.970888 0.239515 0.003006 -0.997755 0.003698 0.066872 -0.998469 0.004979 0.055091 -0.686905 0.723239 -0.071327 -0.814331 0.579435 -0.033463 -0.813174 0.581249 -0.029954 -0.684951 0.721311 -0.102725 -0.025139 0.940927 -0.337676 -0.310675 0.912008 -0.267811 -0.999138 0.004984 -0.041217 -0.998511 0.003631 -0.054423 -0.821164 0.568698 0.047673 -0.686322 0.721972 0.087859 -0.683890 0.719270 0.122251 -0.819737 0.571112 0.043159 -0.329794 0.900865 0.282272 -0.027634 0.934054 0.356061 -0.999467 0.003555 -0.032436 -0.999932 -0.000076 0.011636 -0.999412 0.023208 -0.025239 -0.842555 0.523357 0.127276 -0.862248 0.370359 0.345491 -0.999911 -0.011390 0.006929 -0.977927 0.208737 -0.009332 -0.579495 0.616304 0.533251 -0.999932 -0.000077 0.011658 -0.998417 -0.003662 0.056125 -0.836052 -0.537546 -0.109824 -0.998083 -0.047105 0.040144 -0.999910 -0.011447 0.006983 -0.860586 -0.389463 -0.328193 -0.566289 -0.632827 -0.528060 -0.971313 -0.237786 0.002952 -0.025113 -0.941023 -0.337410 -0.308132 -0.913617 -0.265251 -0.811395 -0.583972 -0.024811 -0.685172 -0.721616 -0.099044 -0.686857 -0.723274 -0.071436 -0.813534 -0.580678 -0.031224 -0.997417 -0.003714 0.071735 -0.998335 -0.004977 0.057458 -0.999322 -0.004984 -0.036490 -0.998729 -0.003616 -0.050270 -0.822501 -0.566370 0.052127 -0.685975 -0.721678 0.092840 -0.683354 -0.718776 0.128019 -0.821039 -0.568899 0.047429 -0.333728 -0.898172 0.286203 -0.027591 -0.932338 0.360535 -0.999925 -0.004986 0.011155 -0.999938 -0.003503 0.010532 -0.999938 -0.003400 0.010577 -0.999946 -0.000070 0.010408 -0.999852 0.000103 0.017175 -0.999994 0.003438 0.000091 -0.999707 0.004985 0.023696 
						-0.998320 0.003668 0.057831 -0.707623 0.706454 0.013902 -0.706302 0.704670 0.067664 -0.989438 0.025602 0.142676 -0.996663 0.011448 0.080817 -0.998007 0.000024 -0.063102 -0.999587 -0.001394 -0.028693 -0.999982 -0.001778 0.005771 -0.999308 -0.021241 -0.030547 -0.999922 -0.000073 0.012519 -0.997470 -0.000025 0.071090 -0.990491 -0.041140 0.131286 -0.997254 -0.019252 0.071516 -0.706118 0.704870 -0.067495 -0.999680 -0.001847 -0.025208 -0.999956 -0.001515 0.009290 -0.999601 0.010964 -0.026009 -0.999123 -0.000025 -0.041870 -0.999903 0.000024 0.013920 -0.998886 -0.020931 -0.042284 -0.994203 -0.041315 -0.099263 -0.999071 -0.001813 0.043059 -0.997059 -0.000098 0.076638 -0.998823 -0.019872 0.044238 -0.999955 -0.001514 0.009332 -0.707459 0.705824 -0.036247 -0.707721 0.706470 0.005549 -0.999100 0.010703 -0.041049 -0.995697 0.025938 -0.088966 -0.704019 0.702856 0.101741 -0.998498 0.012075 0.053441 -0.999982 -0.001779 0.005792 -0.998635 -0.001393 0.052215 -0.032778 -0.841190 0.539745 -0.027569 -0.931146 0.363604 -0.415765 -0.831870 0.367603 -0.527610 -0.706512 0.471665 -0.666363 -0.415185 0.619340 -0.709624 -0.204758 0.674172 -0.999880 0.015144 -0.003252 -0.979096 -0.203116 -0.010709 -0.973746 0.227596 0.004387 -0.999878 0.015303 -0.003248 -0.701058 0.229356 -0.675214 -0.655926 0.433351 -0.618036 -0.492258 0.749488 -0.442663 -0.386085 0.856101 -0.343555 -0.025136 0.940984 -0.337515 -0.029565 0.865324 -0.500340 -0.032875 0.845957 0.532236 -0.027600 0.932134 0.361061 -0.410658 0.836645 0.362471 -0.520326 0.716789 0.464192 -0.665476 0.418057 0.618360 -0.709337 0.206882 0.673826 -0.999897 -0.013985 -0.003290 -0.978664 0.205185 -0.010788 -0.974071 -0.226199 0.004341 -0.999894 -0.014182 -0.003284 -0.701269 -0.227972 -0.675464 -0.656459 -0.431769 -0.618577 -0.498644 -0.741330 -0.449203 -0.390758 -0.852075 -0.348249 -0.025080 -0.939875 -0.340596 
						-0.029456 -0.861338 -0.507178 -0.994814 0.025922 -0.098352 -0.997712 0.010249 -0.066831 -0.906302 -0.411365 -0.096935 -0.806182 -0.573444 -0.145714 -0.804499 -0.572285 -0.158970 -0.903141 -0.423493 -0.070641 -0.425340 -0.824338 -0.373569 -0.030529 -0.886005 -0.462669 -0.033663 -0.870653 0.490744 -0.454806 -0.797077 0.397265 -0.906945 -0.411083 0.091983 -0.800892 -0.568737 0.187379 -0.803024 -0.570294 0.172967 -0.909730 -0.397152 0.121081 -0.995542 0.011150 0.093658 -0.991452 0.025666 0.127923 -0.667927 -0.410014 0.621098 -0.999942 0.010281 -0.003316 -0.991890 -0.074054 -0.103301 -0.912512 -0.363653 0.187291 -0.912368 -0.370257 0.174626 -0.999973 0.005902 0.004462 -0.998285 -0.004253 0.058383 -0.994577 0.010922 0.103425 -0.999941 0.010372 -0.003313 -0.656860 0.430417 -0.619093 -0.910569 0.379902 -0.162907 -0.989383 0.088228 0.115486 -0.999972 0.005918 0.004484 -0.910395 0.382394 -0.157975 -0.997246 -0.020151 -0.071370 -0.999338 0.000207 -0.036371 -0.417637 0.831730 -0.365793 -0.030605 0.889187 -0.456520 -0.804626 0.573391 -0.154275 -0.901977 0.426910 -0.064696 -0.904926 0.416473 -0.087517 -0.806548 0.574715 -0.138505 -0.995038 -0.041349 -0.090499 -0.998126 -0.020521 -0.057648 -0.033731 0.874665 0.483553 -0.445642 0.806748 0.388023 -0.905770 0.415161 0.084987 -0.801195 0.570002 0.182165 -0.803670 0.571814 0.164750 -0.908450 0.403205 0.110198 -0.996312 -0.018970 0.083680 -0.992009 -0.041204 0.119246 -0.667462 0.411538 0.620589 -0.999925 -0.011819 -0.003264 -0.991576 0.075652 -0.105139 -0.912165 0.367574 0.181229 -0.912030 0.371824 0.173053 -0.999954 -0.007161 0.006444 -0.998516 0.000170 0.054452 -0.995480 -0.018750 0.093098 -0.999923 -0.012008 -0.003257 -0.657122 -0.429679 -0.619328 -0.910976 -0.377139 -0.166998 -0.989605 -0.087203 0.114354 -0.999952 -0.007228 0.006535 -0.910724 -0.381164 -0.159048 -0.996668 0.009998 -0.080952 
						-0.999229 -0.003318 -0.039121 -0.999547 -0.003545 -0.029879 -0.999907 0.000086 0.013673 -0.999501 -0.021215 -0.023423 -0.843014 -0.522053 0.129568 -0.862070 -0.368569 0.347839 -0.999879 0.013081 0.008462 -0.978505 -0.206014 -0.009236 -0.580627 -0.614209 0.534434 -0.999907 0.000086 0.013623 -0.998323 0.003668 0.057777 -0.835842 0.538075 -0.108826 -0.997973 0.048412 0.041316 -0.999878 0.013097 0.008476 -0.860644 0.390491 -0.326815 -0.565978 0.633378 -0.527733 -0.970924 0.239368 0.003001 -0.997174 0.003726 0.075037 -0.998125 0.004977 0.061004 -0.687076 0.723409 -0.067868 -0.812463 0.582346 -0.027887 -0.810383 0.585497 -0.021721 -0.685493 0.721856 -0.094991 -0.025183 0.942176 -0.334171 -0.305330 0.915364 -0.262454 -0.999168 0.004983 -0.040483 -0.998476 0.003632 -0.055073 -0.821368 0.568346 0.048358 -0.686203 0.721836 0.089879 -0.683836 0.719208 0.122917 -0.819566 0.571395 0.042654 -0.330265 0.900547 0.282736 -0.027624 0.933472 0.357585 -0.999451 0.003556 -0.032951 -0.999933 -0.000076 0.011576 -0.999395 0.023514 -0.025647 -0.842370 0.523838 0.126519 -0.862229 0.370469 0.345419 -0.999913 -0.011350 0.006769 -0.977908 0.208830 -0.009326 -0.579523 0.616256 0.533274 -0.999933 -0.000076 0.011609 -0.998469 -0.003658 0.055191 -0.836396 -0.536722 -0.111225 -0.998141 -0.046467 0.039429 -0.999912 -0.011414 0.006828 -0.860581 -0.388880 -0.328896 -0.566831 -0.631885 -0.528606 -0.971520 -0.236941 0.002936 -0.025122 -0.940938 -0.337644 -0.309068 -0.913034 -0.266170 -0.811990 -0.583066 -0.026580 -0.685078 -0.721519 -0.100389 -0.686857 -0.723275 -0.071418 -0.813792 -0.580275 -0.032003 -0.997532 -0.003709 0.070112 -0.998381 -0.004978 0.056659 -0.999327 -0.004984 -0.036350 -0.998676 -0.003620 -0.051307 -0.822557 -0.566276 0.052256 -0.685918 -0.721572 0.094078 -0.683413 -0.718797 0.127588 -0.820704 -0.569474 0.046308 -0.333452 -0.898368 0.285911 
						-0.027582 -0.932121 0.361094 -0.999900 -0.004986 0.013204 -0.999916 -0.003510 0.012450 -0.999917 -0.003394 0.012448 -0.999926 -0.000079 0.012203 -0.999819 0.000112 0.019044 -0.999991 0.003430 0.002530 -0.999659 0.004985 0.025633 -0.998272 0.003670 0.058647 -0.999904 0.000024 0.013892 -0.997251 -0.000025 0.074095 -0.989849 0.041427 0.135952 -0.997020 0.019884 0.074539 -0.995176 -0.067227 -0.071447 -0.999596 -0.007236 -0.027474 -0.999898 -0.008118 0.011776 -0.998296 -0.048846 -0.031913 -0.998607 -0.050553 0.015083 -0.993931 -0.086450 0.068027 -0.989713 -0.077393 0.120325 -0.996998 -0.039575 0.066552 -0.998530 -0.000047 -0.054199 -0.999687 -0.003011 -0.024831 -0.999990 0.002098 0.003996 -0.999438 0.020710 -0.026377 -0.995214 -0.086503 -0.045458 -0.997627 -0.067393 0.014064 -0.997863 -0.048340 -0.043971 -0.991580 -0.076967 -0.104138 -0.999578 -0.002577 0.028941 -0.997206 -0.050354 0.055181 -0.998698 -0.040294 0.031274 -0.999990 0.002099 0.004007 -0.999117 -0.000025 -0.042012 -0.998892 0.020357 -0.042426 -0.994296 0.041636 -0.098191 -0.996068 0.000024 0.088586 -0.998401 0.020481 0.052688 -0.999897 -0.008123 0.011860 -0.998716 -0.007230 0.050132 -0.032851 -0.843247 0.536521 -0.027556 -0.930681 0.364793 -0.413587 -0.833917 0.365414 -0.523337 -0.712595 0.467255 -0.666119 -0.415984 0.619066 -0.709821 -0.203262 0.674417 -0.999813 0.019091 -0.003143 -0.979409 -0.201605 -0.010660 -0.973177 0.230014 0.004471 -0.999807 0.019368 -0.003136 -0.700690 0.231776 -0.674769 -0.655668 0.434182 -0.617727 -0.492801 0.748807 -0.443210 -0.385868 0.856280 -0.343352 -0.025163 0.941572 -0.335870 -0.029602 0.865502 -0.500030 -0.032777 0.842085 0.538348 -0.027583 0.931268 0.363289 -0.414837 0.832759 0.366636 -0.526158 0.708568 0.470201 -0.666095 0.416033 0.619058 -0.709416 0.206251 0.673936 -0.999909 -0.013051 -0.003323 -0.978792 0.204575 -0.010767 
						-0.973882 -0.227015 0.004372 -0.999907 -0.013204 -0.003319 -0.701134 -0.228811 -0.675320 -0.655680 -0.434211 -0.617693 -0.491011 -0.751132 -0.441259 -0.385684 -0.856441 -0.343156 -0.025097 -0.940570 -0.338671 -0.029655 -0.865683 -0.499714 -0.995090 0.041669 -0.089778 -0.998195 0.020041 -0.056607 -0.905092 -0.416456 -0.085871 -0.807321 -0.573956 -0.137139 -0.805348 -0.572601 -0.153441 -0.902204 -0.426585 -0.063664 -0.416430 -0.832929 -0.364438 -0.030708 -0.889823 -0.455270 -0.033735 -0.872714 0.487065 -0.449192 -0.803056 0.391571 -0.906566 -0.412694 0.088442 -0.801160 -0.568662 0.186456 -0.803746 -0.570549 0.168718 -0.909145 -0.400630 0.113801 -0.995931 0.019512 0.087978 -0.991400 0.041493 0.124114 -0.668323 -0.408692 0.621543 -0.999863 0.016267 -0.003109 -0.992109 -0.073070 -0.101890 -0.912515 -0.365262 0.184121 -0.912411 -0.369566 0.175859 -0.999899 0.010015 0.010062 -0.998003 -0.011189 0.062162 -0.995146 0.019273 0.096503 -0.999858 0.016539 -0.003099 -0.656025 0.433066 -0.618131 -0.910573 0.380075 -0.162478 -0.988896 0.090168 0.118127 -0.999898 0.010087 0.010160 -0.910295 0.383851 -0.154991 -0.996992 -0.047606 -0.061162 -0.999505 -0.005498 -0.030964 -0.418592 0.830827 -0.366752 -0.030638 0.889276 -0.456345 -0.804846 0.573506 -0.152688 -0.901996 0.426868 -0.064704 -0.905127 0.415702 -0.089092 -0.806574 0.574697 -0.138425 -0.993559 -0.077175 -0.082973 -0.997432 -0.047948 -0.053204 -0.033650 0.871201 0.489772 -0.453105 0.798882 0.395580 -0.906475 0.412320 0.091073 -0.800421 0.569430 0.187284 -0.802692 0.571089 0.171880 -0.909227 0.398884 0.119150 -0.995392 -0.039122 0.087545 -0.989942 -0.077406 0.118420 -0.667648 0.410915 0.620803 -0.999956 -0.008767 -0.003370 -0.991651 0.075296 -0.104687 -0.912208 0.364975 0.186200 -0.912038 0.371590 0.173516 -0.999987 -0.004385 0.002666 -0.998401 0.004086 0.056374 -0.995049 -0.039037 0.091397 
						-0.999955 -0.008839 -0.003368 -0.656867 -0.430489 -0.619036 -0.910822 -0.380020 -0.161207 -0.989476 -0.087752 0.115048 -0.999987 -0.004399 0.002685 -0.910707 -0.381653 -0.157969 -0.997345 0.019736 -0.070098 -0.999334 0.000558 -0.036496 -0.999585 -0.003541 -0.028590 -0.999852 0.000103 0.017225 -0.999541 -0.020240 -0.022522 -0.842866 -0.522475 0.128829 -0.862000 -0.367415 0.349232 -0.999811 0.015931 0.011109 -0.978860 -0.204327 -0.009192 -0.580467 -0.614514 0.534257 -0.999852 0.000103 0.017177 -0.998196 0.003675 0.059928 -0.835724 0.538381 -0.108220 -0.997826 0.050066 0.042855 -0.999810 0.015976 0.011151 -0.860726 0.392161 -0.324593 -0.565537 0.634142 -0.527288 -0.970286 0.241943 0.003075 -0.997119 0.003728 0.075762 -0.998037 0.004976 0.062429 -0.687173 0.723505 -0.065829 -0.812032 0.583011 -0.026512 -0.810136 0.585868 -0.020912 -0.685588 0.721951 -0.093566 -0.025205 0.942657 -0.332811 -0.304343 0.915970 -0.261484 -0.999301 0.004984 -0.037065 -0.998704 0.003618 -0.050770 -0.822404 0.566559 0.051599 -0.686054 0.721679 0.092248 -0.683456 0.718801 0.127328 -0.820927 0.569106 0.046862 -0.333278 0.898497 0.285707 -0.027606 0.932511 0.360085 -0.999513 0.003550 -0.031006 -0.999940 -0.000073 0.010921 -0.999463 0.022095 -0.024202 -0.843161 0.521724 0.129939 -0.862203 0.369557 0.346460 -0.999923 -0.010680 0.006272 -0.978196 0.207476 -0.009299 -0.580682 0.614123 0.534473 -0.999940 -0.000073 0.010938 -0.998376 -0.003664 0.056853 -0.835638 -0.538520 -0.108196 -0.998034 -0.047675 0.040680 -0.999923 -0.010726 0.006316 -0.860579 -0.389624 -0.328020 -0.565761 -0.633750 -0.527517 -0.971250 -0.238045 0.002960 -0.025147 -0.941833 -0.335139 -0.306026 -0.914930 -0.263155 -0.810562 -0.585224 -0.022411 -0.685399 -0.721812 -0.095998 -0.686991 -0.723376 -0.069066 -0.812721 -0.581939 -0.028831 -0.997229 -0.003722 0.074304 -0.998187 -0.004976 0.059988 
						-0.999884 0.007194 0.013451 -0.972205 -0.148142 -0.181302 -0.959378 -0.232678 -0.159545 -0.936696 -0.244134 -0.250998 -0.525132 0.488227 -0.697044 -0.950179 0.159948 0.267536 -0.999979 0.003006 0.005708 -0.998221 -0.047740 0.035712 -0.975761 0.036212 0.215822 -0.918470 0.286937 0.272175 -0.999786 0.014438 -0.014799 -0.994236 -0.070203 0.081033 -0.946135 0.077712 0.314309 -0.966913 0.000000 0.255105 -0.999968 0.000000 0.007956 -0.966913 0.000000 0.255105 -0.873740 0.000000 0.486393 -0.999940 -0.011005 0.000034 -0.999985 -0.005389 -0.000003 -1.000000 0.000228 -0.000055 -0.999985 -0.005389 -0.000091 -0.999020 0.044265 -0.000327 -0.999791 0.020436 -0.000131 -0.999994 -0.003406 -0.000005 -0.999791 0.020435 -0.000055 -0.939968 0.010902 0.341088 -0.984874 0.002904 0.173250 -0.999987 -0.005182 0.000170 -0.984874 0.002904 0.173250 -0.964203 0.055376 0.259319 -0.995546 0.061676 0.071302 -0.998800 -0.030980 -0.037925 -0.945668 -0.214911 0.243977 -0.986040 -0.034380 0.162923 -0.999044 0.031777 0.030022 -0.999985 -0.002773 0.004780 -0.977474 -0.106754 0.182067 -0.992608 0.103164 -0.063925 -0.999995 -0.001224 0.002791 -0.992448 0.083675 -0.089697 -0.969922 0.205581 -0.130341 -0.977460 -0.210742 0.012663 -0.980999 -0.170639 -0.092320 -0.975106 -0.211483 0.066661 -0.999658 -0.023165 0.012104 -0.999387 -0.030683 0.016874 -0.998579 -0.050546 0.016861 -0.996412 -0.082951 0.016826 -0.710181 0.703815 -0.016947 -0.999852 0.002575 -0.016990 -0.999387 0.030503 -0.017176 -0.927553 -0.004316 0.373667 -0.897708 -0.004180 0.440572 -0.863044 -0.004022 0.505112 -0.897708 -0.004180 0.440572 0.980336 0.062403 -0.187208 0.993629 0.031217 -0.108289 0.054018 0.006971 -0.998516 -0.982445 -0.026421 -0.184672 -0.993806 -0.017515 -0.109739 -0.997755 -0.025955 -0.061733 -0.990254 -0.034988 -0.134805 0.999880 -0.012410 -0.009310 0.993521 0.036099 -0.107767 
						0.997751 0.026392 -0.061620 0.999995 0.001414 0.002863 -0.936578 0.062995 0.344750 -0.976675 0.027758 0.212923 -0.988002 0.012183 0.153962 -0.993218 -0.103199 0.053552 -0.984919 -0.019834 0.171875 -0.976383 0.011832 0.215724 -0.932715 0.110732 -0.343192 -0.930534 0.119008 -0.346329 -0.892566 0.127150 -0.432619 -0.988928 0.113112 -0.096058 -0.993182 -0.103475 -0.053687 -0.981525 -0.045211 -0.185918 -0.981501 -0.137701 -0.133018 -0.987722 -0.137731 -0.073728 
					</float_array>
					<technique_common>
						<accessor count="3152" offset="0" source="#meshId0-bitangents-array" stride="3">
							<param name="X" type="float" />
							<param name="Y" type="float" />
							<param name="Z" type="float" />
						</accessor>
					</technique_common>
				</source>
				<source id="meshId0-tex0" name="meshId0-tex0">
					<float_array id="meshId0-tex0-array" count="6304"> 
						0.370976 0.973001 0.364917 0.972776 0.372432 0.776649 0.378049 0.776880 0.372432 0.776649 0.373680 0.743935 0.378049 0.776880 0.364111 0.990604 0.364917 0.972776 0.370976 0.973001 0.435849 0.759607 0.431777 0.763186 0.412270 0.760243 0.407404 0.750612 0.390664 0.746041 0.407404 0.750612 0.412270 0.760243 0.385663 0.773502 0.373680 0.743935 0.390664 0.746041 0.385663 0.773502 0.378049 0.776880 0.377545 0.991067 0.364111 0.990604 0.370976 0.973001 0.377257 0.975434 0.396981 0.991736 0.377545 0.991067 0.377257 0.975434 0.396792 0.984248 0.415377 0.985960 0.419483 0.992146 0.396981 0.991736 0.396792 0.984248 0.385663 0.773502 0.377257 0.975434 0.370976 0.973001 0.378049 0.776880 0.412270 0.760243 0.396792 0.984248 0.377257 0.975434 0.385663 0.773502 0.431777 0.763186 0.415377 0.985960 0.396792 0.984248 0.412270 0.760243 0.435849 0.759607 0.419483 0.992146 0.415377 0.985960 0.431777 0.763186 0.593819 0.752550 0.651286 0.752537 0.593823 0.767700 0.653244 0.752536 0.653248 0.767686 0.023906 0.965026 0.022614 0.967059 0.015943 0.753848 0.016956 0.753455 0.013464 0.987499 0.009851 0.979516 0.011356 0.977927 0.014569 0.985010 0.009851 0.979516 
						0.009126 0.972747 0.010758 0.971901 0.011356 0.977927 0.023906 0.965026 0.016956 0.753455 0.023252 0.750758 0.029066 0.961332 0.593811 0.717474 0.593811 0.716064 0.640637 0.713980 0.641655 0.714873 0.640637 0.713980 0.593811 0.716064 0.593809 0.709625 0.635620 0.710547 0.071572 0.971542 0.071651 0.969812 0.128954 0.964017 0.130250 0.966124 0.533448 0.679035 0.534367 0.677438 0.593811 0.716064 0.593811 0.717474 0.593811 0.716064 0.534367 0.677438 0.538009 0.672622 0.593809 0.709625 0.521293 0.688906 0.522999 0.687818 0.593818 0.747534 0.593819 0.752550 0.148441 0.752469 0.148759 0.753922 0.146638 0.754047 0.143948 0.983415 0.142163 0.980978 0.143948 0.983415 0.137718 0.989055 0.136910 0.985893 0.142163 0.980978 0.137718 0.989055 0.132444 0.990099 0.132238 0.986795 0.136910 0.985893 0.071735 0.995347 0.071725 0.992001 0.132238 0.986795 0.132444 0.990099 0.013464 0.987499 0.014569 0.985010 0.021961 0.987878 0.021729 0.991273 0.641655 0.714873 0.640637 0.713980 0.645709 0.630051 0.647083 0.630050 0.534367 0.677438 0.533448 0.679035 0.529822 0.630077 0.531161 0.630077 0.651286 0.752537 0.651285 0.747520 0.653244 0.752536 0.658154 0.630048 
						0.656698 0.630048 0.538009 0.672622 0.534367 0.677438 0.531161 0.630077 0.537974 0.630527 0.640637 0.713980 0.635620 0.710547 0.639017 0.630052 0.645709 0.630051 0.635620 0.710547 0.593809 0.709625 0.593791 0.630063 0.639017 0.630052 0.515777 0.630081 0.517631 0.630080 0.518229 0.661225 0.522999 0.687818 0.521293 0.688906 0.579807 0.772321 0.581285 0.772321 0.581285 0.870511 0.579807 0.870511 0.002960 0.754676 0.004616 0.754737 0.010758 0.971901 0.009126 0.972747 0.128954 0.964017 0.134142 0.752499 0.135168 0.752868 0.130250 0.966124 0.123887 0.960099 0.128954 0.964017 0.071651 0.969812 0.071651 0.963200 0.127757 0.749911 0.123887 0.960099 0.071651 0.963200 0.070301 0.752153 0.568434 0.772321 0.569546 0.772321 0.569546 0.870511 0.568434 0.870511 0.568434 0.772321 0.568434 0.870511 0.562681 0.870511 0.562681 0.772321 0.562681 0.772321 0.562681 0.870511 0.518699 0.870511 0.518699 0.772321 0.447441 0.870511 0.445237 0.870511 0.445237 0.772321 0.447441 0.772321 0.459109 0.772321 0.459109 0.870511 0.458098 0.870511 0.458098 0.772321 0.459109 0.870511 0.459109 0.772321 0.464511 0.772321 0.464511 0.870511 0.518699 0.870511 0.464511 0.870511 
						0.464511 0.772321 0.518699 0.772321 0.445237 0.766235 0.447441 0.766235 0.447441 0.768811 0.445237 0.768811 0.145811 0.750510 0.148306 0.748489 0.148441 0.752469 0.146638 0.754047 0.004926 0.748659 0.006465 0.749248 0.004616 0.754737 0.002960 0.754676 0.581285 0.768811 0.579807 0.768811 0.579807 0.766235 0.581285 0.766235 0.579807 0.768811 0.581285 0.768811 0.581285 0.772321 0.579807 0.772321 0.458098 0.768811 0.459109 0.768811 0.459109 0.772321 0.458098 0.772321 0.458098 0.766235 0.459109 0.766235 0.459109 0.768811 0.458098 0.768811 0.134142 0.752499 0.130710 0.750080 0.131628 0.750136 0.135168 0.752868 0.459109 0.768811 0.459109 0.766235 0.464511 0.766235 0.464511 0.768811 0.130710 0.750080 0.134142 0.752499 0.127757 0.749911 0.126006 0.745374 0.445237 0.768811 0.447441 0.768811 0.447441 0.772321 0.445237 0.772321 0.569546 0.768811 0.568434 0.768811 0.568434 0.766235 0.569546 0.766235 0.568434 0.772321 0.568434 0.768811 0.569546 0.768811 0.569546 0.772321 0.518699 0.768811 0.464511 0.768811 0.464511 0.766235 0.518699 0.766235 0.070232 0.747291 0.126006 0.745374 0.127757 0.749911 0.070301 0.752153 0.459109 0.772321 0.459109 0.768811 
						0.464511 0.768811 0.464511 0.772321 0.568434 0.766235 0.568434 0.768811 0.562681 0.768811 0.562681 0.766235 0.568434 0.768811 0.568434 0.772321 0.562681 0.772321 0.562681 0.768811 0.019373 0.751061 0.020287 0.750986 0.016956 0.753455 0.015943 0.753848 0.562681 0.766235 0.562681 0.768811 0.518699 0.768811 0.518699 0.766235 0.562681 0.768811 0.562681 0.772321 0.518699 0.772321 0.518699 0.768811 0.016956 0.753455 0.020287 0.750986 0.024923 0.746202 0.023252 0.750758 0.023252 0.750758 0.024923 0.746202 0.070232 0.747291 0.070301 0.752153 0.518699 0.772321 0.464511 0.772321 0.464511 0.768811 0.518699 0.768811 0.445237 0.875393 0.447441 0.875393 0.447441 0.878198 0.445237 0.878198 0.447441 0.875393 0.445237 0.875393 0.445237 0.870511 0.447441 0.870511 0.515776 0.623570 0.517630 0.623570 0.517631 0.630080 0.515777 0.630081 0.458098 0.875393 0.459109 0.875393 0.459109 0.878198 0.458098 0.878198 0.459109 0.870511 0.459109 0.875393 0.458098 0.875393 0.458098 0.870511 0.459109 0.878198 0.459109 0.875393 0.464511 0.875393 0.464511 0.878198 0.459109 0.875393 0.464511 0.870511 0.464511 0.875393 0.529820 0.623567 0.531159 0.623567 0.531161 0.630077 
						0.529822 0.630077 0.518699 0.875393 0.464511 0.875393 0.464511 0.870511 0.518699 0.870511 0.531161 0.630077 0.531159 0.623567 0.537973 0.623565 0.537974 0.630527 0.537974 0.630527 0.537973 0.623565 0.593789 0.623552 0.593791 0.630063 0.518699 0.878198 0.464511 0.878198 0.464511 0.875393 0.518699 0.875393 0.518699 0.878198 0.518699 0.875393 0.562681 0.875393 0.562681 0.878198 0.562681 0.870511 0.562681 0.875393 0.518699 0.875393 0.518699 0.870511 0.568434 0.875393 0.568434 0.878198 0.562681 0.878198 0.562681 0.875393 0.568434 0.870511 0.568434 0.875393 0.562681 0.875393 0.562681 0.870511 0.593791 0.630063 0.593789 0.623552 0.639016 0.623542 0.639017 0.630052 0.568434 0.878198 0.568434 0.875393 0.569546 0.875393 0.569546 0.878198 0.569546 0.875393 0.568434 0.875393 0.568434 0.870511 0.569546 0.870511 0.645708 0.623540 0.645709 0.630051 0.639017 0.630052 0.639016 0.623542 0.645709 0.630051 0.645708 0.623540 0.647081 0.623540 0.647083 0.630050 0.579807 0.875393 0.581285 0.875393 0.581285 0.878198 0.579807 0.878198 0.581285 0.875393 0.579807 0.875393 0.579807 0.870511 0.581285 0.870511 0.656697 0.623538 0.658153 0.623538 0.658154 0.630048 
						0.656698 0.630048 0.133832 0.973928 0.131819 0.978004 0.071666 0.983219 0.071642 0.980032 0.131819 0.978004 0.132238 0.986795 0.071725 0.992001 0.071666 0.983219 0.017783 0.977452 0.019225 0.972875 0.022427 0.975381 0.022382 0.978782 0.146638 0.754047 0.142163 0.980978 0.137879 0.974894 0.142500 0.754247 0.137879 0.974894 0.133832 0.973928 0.139208 0.753723 0.142500 0.754247 0.646519 0.725034 0.645130 0.721276 0.650576 0.630049 0.653407 0.630049 0.579807 0.772321 0.579807 0.870511 0.576447 0.870511 0.576447 0.772321 0.450571 0.772321 0.450571 0.870511 0.447441 0.870511 0.447441 0.772321 0.453953 0.772321 0.453953 0.870511 0.450571 0.870511 0.450571 0.772321 0.576447 0.772321 0.576447 0.870511 0.572784 0.870511 0.572784 0.772321 0.572784 0.768811 0.576447 0.768811 0.576447 0.772321 0.572784 0.772321 0.447441 0.772321 0.447441 0.768811 0.450571 0.768811 0.450571 0.772321 0.450571 0.768811 0.453953 0.768811 0.453953 0.772321 0.450571 0.772321 0.009053 0.750273 0.014433 0.750513 0.012101 0.754674 0.008802 0.755144 0.453953 0.875393 0.450571 0.875393 0.450571 0.870511 0.453953 0.870511 0.579807 0.870511 0.579807 0.875393 0.576447 0.875393 
						0.576447 0.870511 0.576447 0.875393 0.572784 0.875393 0.572784 0.870511 0.576447 0.870511 0.018417 0.968262 0.012101 0.754674 0.015943 0.753848 0.022614 0.967059 0.022427 0.975381 0.022614 0.967059 0.071572 0.971542 0.071642 0.980032 0.130250 0.966124 0.133832 0.973928 0.071642 0.980032 0.071572 0.971542 0.133832 0.973928 0.130250 0.966124 0.135168 0.752868 0.139208 0.753723 0.645130 0.721276 0.641655 0.714873 0.647083 0.630050 0.650576 0.630049 0.529786 0.681991 0.533448 0.679035 0.593811 0.717474 0.593813 0.724911 0.593813 0.724911 0.593811 0.717474 0.641655 0.714873 0.645130 0.721276 0.533448 0.679035 0.529786 0.681991 0.524853 0.630079 0.529822 0.630077 0.458098 0.772321 0.458098 0.870511 0.453953 0.870511 0.453953 0.772321 0.572784 0.772321 0.572784 0.870511 0.569546 0.870511 0.569546 0.772321 0.572784 0.768811 0.572784 0.772321 0.569546 0.772321 0.569546 0.768811 0.139208 0.753723 0.135168 0.752868 0.131628 0.750136 0.137875 0.749594 0.458098 0.768811 0.458098 0.772321 0.453953 0.772321 0.453953 0.768811 0.019373 0.751061 0.015943 0.753848 0.012101 0.754674 0.014433 0.750513 0.453953 0.875393 0.453953 0.870511 0.458098 0.870511 
						0.458098 0.875393 0.529820 0.623567 0.529822 0.630077 0.524853 0.630079 0.524852 0.623568 0.569546 0.875393 0.569546 0.870511 0.572784 0.870511 0.572784 0.875393 0.650576 0.630049 0.647083 0.630050 0.647081 0.623540 0.650574 0.623539 0.572784 0.768811 0.569546 0.768811 0.569546 0.766235 0.572784 0.766235 0.453953 0.766235 0.458098 0.766235 0.458098 0.768811 0.453953 0.768811 0.458098 0.875393 0.458098 0.878198 0.453953 0.878198 0.453953 0.875393 0.572784 0.878198 0.569546 0.878198 0.569546 0.875393 0.572784 0.875393 0.017783 0.977452 0.022382 0.978782 0.021961 0.987878 0.014569 0.985010 0.011356 0.977927 0.015566 0.973435 0.017783 0.977452 0.014569 0.985010 0.019225 0.972875 0.017783 0.977452 0.015566 0.973435 0.015058 0.969650 0.015566 0.973435 0.011356 0.977927 0.010758 0.971901 0.018417 0.968262 0.019225 0.972875 0.015566 0.973435 0.015058 0.969650 0.131819 0.978004 0.134652 0.977547 0.136910 0.985893 0.132238 0.986795 0.134652 0.977547 0.131819 0.978004 0.133832 0.973928 0.136910 0.985893 0.134652 0.977547 0.137879 0.974894 0.142163 0.980978 0.137879 0.974894 0.134652 0.977547 0.133832 0.973928 0.522999 0.687818 0.526932 0.684370 
						0.593814 0.728470 0.593818 0.747534 0.526932 0.684370 0.529786 0.681991 0.593813 0.724911 0.593814 0.728470 0.593818 0.747534 0.593814 0.728470 0.646519 0.725034 0.651285 0.747520 0.593814 0.728470 0.593813 0.724911 0.645130 0.721276 0.646519 0.725034 0.579807 0.768811 0.579807 0.772321 0.576447 0.772321 0.576447 0.768811 0.010758 0.971901 0.004616 0.754737 0.008802 0.755144 0.015058 0.969650 0.008802 0.755144 0.012101 0.754674 0.018417 0.968262 0.015058 0.969650 0.009053 0.750273 0.008802 0.755144 0.004616 0.754737 0.006465 0.749248 0.447441 0.875393 0.447441 0.870511 0.450571 0.870511 0.450571 0.875393 0.529786 0.681991 0.526932 0.684370 0.520745 0.630080 0.524853 0.630079 0.526932 0.684370 0.522999 0.687818 0.517631 0.630080 0.520745 0.630080 0.450571 0.768811 0.447441 0.768811 0.447441 0.766235 0.450571 0.766235 0.453953 0.766235 0.453953 0.768811 0.450571 0.768811 0.450571 0.766235 0.143094 0.750110 0.145811 0.750510 0.146638 0.754047 0.142500 0.754247 0.139208 0.753723 0.137875 0.749594 0.143094 0.750110 0.142500 0.754247 0.576447 0.768811 0.576447 0.766235 0.579807 0.766235 0.579807 0.768811 0.572784 0.768811 0.572784 0.766235 
						0.576447 0.766235 0.576447 0.768811 0.450571 0.875393 0.453953 0.875393 0.453953 0.878198 0.450571 0.878198 0.447441 0.878198 0.447441 0.875393 0.450571 0.875393 0.450571 0.878198 0.517631 0.630080 0.517630 0.623570 0.520743 0.623569 0.520745 0.630080 0.520743 0.623569 0.524852 0.623568 0.524853 0.630079 0.520745 0.630080 0.576447 0.875393 0.579807 0.875393 0.579807 0.878198 0.576447 0.878198 0.572784 0.878198 0.572784 0.875393 0.576447 0.875393 0.576447 0.878198 0.653406 0.623538 0.656697 0.623538 0.656698 0.630048 0.653407 0.630049 0.650576 0.630049 0.650574 0.623539 0.653406 0.623538 0.653407 0.630049 0.593809 0.709625 0.538009 0.672622 0.537974 0.630527 0.593791 0.630063 0.070301 0.752153 0.071651 0.963200 0.029066 0.961332 0.023252 0.750758 0.071651 0.963200 0.071651 0.969812 0.023906 0.965026 0.029066 0.961332 0.071572 0.971542 0.022614 0.967059 0.023906 0.965026 0.071651 0.969812 0.071666 0.983219 0.022382 0.978782 0.022427 0.975381 0.071642 0.980032 0.071725 0.992001 0.021961 0.987878 0.022382 0.978782 0.071666 0.983219 0.021729 0.991273 0.021961 0.987878 0.071725 0.992001 0.071735 0.995347 0.797796 0.991170 0.797805 0.998929 
						0.699098 0.991282 0.772823 0.998909 0.760626 0.998974 0.748455 0.998987 0.736286 0.999001 0.724088 0.998964 0.699107 0.999041 0.797790 0.986104 0.797796 0.991170 0.699098 0.991282 0.699093 0.986216 0.797729 0.932238 0.797790 0.986104 0.699093 0.986216 0.699032 0.932350 0.797679 0.888297 0.698982 0.888409 0.797670 0.879738 0.797679 0.888297 0.698982 0.888409 0.698972 0.879850 0.797660 0.871409 0.698963 0.871521 0.797653 0.864859 0.797660 0.871409 0.698963 0.871521 0.698955 0.864971 0.797331 0.653852 0.698799 0.653963 0.792784 0.651414 0.797331 0.653852 0.698799 0.653963 0.703340 0.651516 0.691410 0.881607 0.691410 0.882578 0.590798 0.882578 0.590798 0.881607 0.691410 0.879341 0.691410 0.881607 0.590798 0.881607 0.590798 0.879341 0.691410 0.780266 0.691410 0.879341 0.590798 0.879341 0.590798 0.780266 0.691410 0.778028 0.691410 0.780266 0.590798 0.780266 0.590798 0.778028 0.691410 0.777073 0.691410 0.778028 0.590798 0.778028 0.590798 0.777073 0.801967 0.633596 0.806410 0.631316 0.898977 0.629896 0.903487 0.632039 0.803439 0.753930 0.801967 0.633596 0.903487 0.632039 0.905710 0.752363 0.803638 0.769113 0.905977 0.767546 0.804301 0.825980 
						0.803638 0.769113 0.905977 0.767546 0.907059 0.824414 0.804412 0.841163 0.804301 0.825980 0.907059 0.824414 0.907414 0.839599 0.804412 0.841163 0.907414 0.839599 0.804231 0.936229 0.830811 0.935910 0.843992 0.935560 0.857197 0.935444 0.870484 0.935189 0.883752 0.935195 0.910652 0.934771 0.802088 0.997169 0.824172 0.996946 0.807165 0.999702 0.909069 0.998373 0.844195 0.996731 0.858068 0.996576 0.871936 0.996373 0.891949 0.996059 0.914095 0.995721 0.690649 0.994937 0.690649 0.995969 0.590798 0.995969 0.590798 0.994937 0.690649 0.992436 0.690649 0.994937 0.590798 0.994937 0.590798 0.992436 0.690649 0.892923 0.690649 0.992436 0.590798 0.992436 0.590798 0.892923 0.690649 0.890316 0.690649 0.892923 0.590798 0.892923 0.590798 0.890316 0.690649 0.889356 0.690649 0.890316 0.590798 0.890316 0.590798 0.889356 0.418154 0.992868 0.414588 0.994716 0.313831 0.990914 0.310419 0.988803 0.419483 0.992146 0.418154 0.992868 0.396981 0.991736 0.310419 0.988803 0.377545 0.991067 0.364111 0.990604 0.350762 0.990075 0.331480 0.989315 0.309143 0.987971 0.817109 0.943360 0.817124 0.943090 0.822699 0.945355 0.822493 0.945580 0.817124 0.943090 0.817137 0.942837 
						0.822896 0.945144 0.822699 0.945355 0.817109 0.943360 0.822493 0.945580 0.811478 0.945715 0.824351 0.951622 0.809058 0.951821 0.822086 0.957737 0.816344 0.960076 0.810812 0.957862 0.830811 0.935910 0.825397 0.942462 0.817381 0.938867 0.830453 0.966426 0.824885 0.960777 0.828544 0.951568 0.830785 0.951474 0.801278 0.966760 0.807558 0.960965 0.816183 0.964585 0.816163 0.966622 0.804231 0.936229 0.808923 0.942697 0.804849 0.951890 0.801278 0.966760 0.816163 0.966622 0.816183 0.964585 0.824885 0.960777 0.830453 0.966426 0.801278 0.966760 0.804849 0.951890 0.807558 0.960965 0.830811 0.935910 0.817381 0.938867 0.804231 0.936229 0.830811 0.935910 0.830785 0.951474 0.828544 0.951568 0.825397 0.942462 0.817333 0.939446 0.824984 0.942929 0.822896 0.945144 0.817137 0.942837 0.824984 0.942929 0.828025 0.951575 0.824842 0.951615 0.822896 0.945144 0.828025 0.951575 0.824480 0.960325 0.822477 0.958163 0.824842 0.951615 0.824480 0.960325 0.816207 0.964003 0.816326 0.960601 0.822477 0.958163 0.816207 0.964003 0.808039 0.960501 0.810376 0.958297 0.816326 0.960601 0.808039 0.960501 0.805370 0.951881 0.808565 0.951830 0.810376 0.958297 0.805370 0.951881 
						0.809282 0.943144 0.811110 0.945292 0.808565 0.951830 0.809282 0.943144 0.817333 0.939446 0.817137 0.942837 0.811110 0.945292 0.817381 0.938867 0.817355 0.939172 0.809109 0.942931 0.808923 0.942697 0.817355 0.939172 0.817333 0.939446 0.809282 0.943144 0.809109 0.942931 0.817333 0.939446 0.817355 0.939172 0.825184 0.942708 0.824984 0.942929 0.817355 0.939172 0.817381 0.938867 0.825397 0.942462 0.825184 0.942708 0.824984 0.942929 0.825184 0.942708 0.828275 0.951572 0.828025 0.951575 0.825184 0.942708 0.825397 0.942462 0.828544 0.951568 0.828275 0.951572 0.828025 0.951575 0.828275 0.951572 0.824675 0.960540 0.824480 0.960325 0.828275 0.951572 0.828544 0.951568 0.824885 0.960777 0.824675 0.960540 0.824480 0.960325 0.824675 0.960540 0.816195 0.964278 0.816207 0.964003 0.824675 0.960540 0.824885 0.960777 0.816183 0.964585 0.816195 0.964278 0.816207 0.964003 0.816195 0.964278 0.807807 0.960721 0.808039 0.960501 0.816195 0.964278 0.816183 0.964585 0.807558 0.960965 0.807807 0.960721 0.808039 0.960501 0.807807 0.960721 0.805119 0.951886 0.805370 0.951881 0.807807 0.960721 0.807558 0.960965 0.804849 0.951890 0.805119 0.951886 0.805370 0.951881 
						0.805119 0.951886 0.809109 0.942931 0.809282 0.943144 0.805119 0.951886 0.804849 0.951890 0.808923 0.942697 0.809109 0.942931 0.822493 0.945580 0.822699 0.945355 0.824601 0.951619 0.824351 0.951622 0.822699 0.945355 0.822896 0.945144 0.824842 0.951615 0.824601 0.951619 0.824351 0.951622 0.824601 0.951619 0.822286 0.957957 0.822086 0.957737 0.824601 0.951619 0.824842 0.951615 0.822477 0.958163 0.822286 0.957957 0.822086 0.957737 0.822286 0.957957 0.816335 0.960347 0.816344 0.960076 0.822286 0.957957 0.822477 0.958163 0.816326 0.960601 0.816335 0.960347 0.816344 0.960076 0.816335 0.960347 0.810588 0.958087 0.810812 0.957862 0.816335 0.960347 0.816326 0.960601 0.810376 0.958297 0.810588 0.958087 0.810812 0.957862 0.810588 0.958087 0.808807 0.951825 0.809058 0.951821 0.810588 0.958087 0.810376 0.958297 0.808565 0.951830 0.808807 0.951825 0.809058 0.951821 0.808807 0.951825 0.811290 0.945496 0.811478 0.945715 0.808807 0.951825 0.808565 0.951830 0.811110 0.945292 0.811290 0.945496 0.817137 0.942837 0.817124 0.943090 0.811290 0.945496 0.811110 0.945292 0.817124 0.943090 0.817109 0.943360 0.811478 0.945715 0.811290 0.945496 0.816026 0.973128 
						0.816032 0.972857 0.821943 0.975140 0.821732 0.975364 0.816032 0.972857 0.816037 0.972603 0.822144 0.974930 0.821943 0.975140 0.816026 0.973128 0.821732 0.975364 0.810235 0.975474 0.823834 0.981409 0.808103 0.981568 0.821661 0.987483 0.815934 0.989842 0.810260 0.987614 0.830453 0.966426 0.824725 0.972257 0.816132 0.968624 0.816163 0.966622 0.824172 0.996946 0.824536 0.990444 0.828186 0.981404 0.830542 0.981362 0.802088 0.997169 0.807296 0.990711 0.815932 0.994390 0.801278 0.966760 0.807183 0.972461 0.803759 0.981617 0.824172 0.996946 0.815932 0.994390 0.824536 0.990444 0.801278 0.966760 0.803759 0.981617 0.807296 0.990711 0.802088 0.997169 0.816163 0.966622 0.816132 0.968624 0.807183 0.972461 0.801278 0.966760 0.830453 0.966426 0.830542 0.981362 0.828186 0.981404 0.824725 0.972257 0.816109 0.969207 0.824295 0.972722 0.822144 0.974930 0.816037 0.972603 0.824295 0.972722 0.827639 0.981400 0.824341 0.981408 0.822144 0.974930 0.827639 0.981400 0.824123 0.990009 0.822061 0.987902 0.824123 0.990009 0.815932 0.993798 0.815933 0.990370 0.822061 0.987902 0.815932 0.993798 0.807720 0.990248 0.809853 0.988048 0.815933 0.990370 0.807720 0.990248 
						0.804302 0.981612 0.807596 0.981575 0.809853 0.988048 0.804302 0.981612 0.807633 0.972906 0.809818 0.975051 0.807596 0.981575 0.807633 0.972906 0.816109 0.969207 0.816037 0.972603 0.809818 0.975051 0.816132 0.968624 0.816120 0.968932 0.807417 0.972694 0.807183 0.972461 0.816120 0.968932 0.816109 0.969207 0.807633 0.972906 0.807417 0.972694 0.816109 0.969207 0.816120 0.968932 0.824503 0.972502 0.824295 0.972722 0.816120 0.968932 0.816132 0.968624 0.824725 0.972257 0.824503 0.972502 0.824295 0.972722 0.824503 0.972502 0.827902 0.981402 0.827639 0.981400 0.824503 0.972502 0.824725 0.972257 0.828186 0.981404 0.827902 0.981402 0.827639 0.981400 0.827902 0.981402 0.824323 0.990216 0.824123 0.990009 0.827902 0.981402 0.828186 0.981404 0.824536 0.990444 0.824323 0.990216 0.824123 0.990009 0.824323 0.990216 0.815932 0.994077 0.815932 0.993798 0.824323 0.990216 0.824536 0.990444 0.815932 0.994390 0.815932 0.994077 0.815932 0.993798 0.815932 0.994077 0.807514 0.990467 0.807720 0.990248 0.815932 0.994077 0.815932 0.994390 0.807296 0.990711 0.807514 0.990467 0.807720 0.990248 0.807514 0.990467 0.804041 0.981615 0.804302 0.981612 0.807514 0.990467 
						0.807296 0.990711 0.803759 0.981617 0.804041 0.981615 0.804302 0.981612 0.804041 0.981615 0.807417 0.972694 0.807633 0.972906 0.804041 0.981615 0.803759 0.981617 0.807183 0.972461 0.807417 0.972694 0.821732 0.975364 0.821943 0.975140 0.824092 0.981409 0.823834 0.981409 0.821943 0.975140 0.822144 0.974930 0.824341 0.981408 0.824092 0.981409 0.824092 0.981409 0.821865 0.987700 0.821661 0.987483 0.824341 0.981408 0.822061 0.987902 0.821865 0.987700 0.821661 0.987483 0.821865 0.987700 0.815934 0.990115 0.815934 0.989842 0.821865 0.987700 0.822061 0.987902 0.815933 0.990370 0.815934 0.990115 0.815934 0.989842 0.815934 0.990115 0.810052 0.987838 0.810260 0.987614 0.815934 0.990115 0.815933 0.990370 0.809853 0.988048 0.810052 0.987838 0.810260 0.987614 0.810052 0.987838 0.807845 0.981571 0.808103 0.981568 0.810052 0.987838 0.809853 0.988048 0.807596 0.981575 0.807845 0.981571 0.808103 0.981568 0.807845 0.981571 0.810022 0.975255 0.810235 0.975474 0.807845 0.981571 0.807596 0.981575 0.809818 0.975051 0.810022 0.975255 0.816037 0.972603 0.816032 0.972857 0.810022 0.975255 0.809818 0.975051 0.816032 0.972857 0.816026 0.973128 0.810235 0.975474 
						0.810022 0.975255 0.844545 0.942885 0.844547 0.942612 0.850224 0.944921 0.850025 0.945145 0.844547 0.942612 0.844549 0.942357 0.850415 0.944712 0.850224 0.944921 0.844545 0.942885 0.850025 0.945145 0.839034 0.945242 0.852078 0.951203 0.836942 0.951357 0.850073 0.957324 0.844507 0.959660 0.838994 0.957428 0.857197 0.935444 0.852827 0.942057 0.844587 0.938342 0.843992 0.935560 0.857691 0.966065 0.852965 0.960368 0.856206 0.951159 0.857473 0.951083 0.830453 0.966426 0.836090 0.960546 0.844500 0.964185 0.844542 0.966230 0.830811 0.935910 0.836259 0.942227 0.832763 0.951403 0.830785 0.951474 0.844542 0.966230 0.844500 0.964185 0.852965 0.960368 0.857691 0.966065 0.830785 0.951474 0.832763 0.951403 0.836090 0.960546 0.830453 0.966426 0.843992 0.935560 0.844587 0.938342 0.836259 0.942227 0.830811 0.935910 0.857197 0.935444 0.857473 0.951083 0.856206 0.951159 0.852827 0.942057 0.844578 0.938932 0.852428 0.942518 0.850415 0.944712 0.844549 0.942357 0.852428 0.942518 0.855698 0.951165 0.852563 0.951197 0.850415 0.944712 0.855698 0.951165 0.852544 0.959916 0.850473 0.957751 0.852563 0.951197 0.852544 0.959916 0.844504 0.963600 0.844505 0.960186 
						0.850473 0.957751 0.844504 0.963600 0.836506 0.960078 0.838593 0.957864 0.844505 0.960186 0.836506 0.960078 0.833281 0.951399 0.836452 0.951363 0.838593 0.957864 0.833281 0.951399 0.836657 0.942672 0.838645 0.944818 0.836452 0.951363 0.836657 0.942672 0.844578 0.938932 0.844549 0.942357 0.838645 0.944818 0.844587 0.938342 0.844582 0.938654 0.836466 0.942460 0.836259 0.942227 0.844582 0.938654 0.844578 0.938932 0.836657 0.942672 0.836466 0.942460 0.844578 0.938932 0.844582 0.938654 0.852621 0.942299 0.852428 0.942518 0.844582 0.938654 0.844587 0.938342 0.852827 0.942057 0.852621 0.942299 0.852428 0.942518 0.852621 0.942299 0.855943 0.951162 0.855698 0.951165 0.852621 0.942299 0.852827 0.942057 0.856206 0.951159 0.855943 0.951162 0.855698 0.951165 0.855943 0.951162 0.852747 0.960131 0.852544 0.959916 0.855943 0.951162 0.856206 0.951159 0.852965 0.960368 0.852747 0.960131 0.852544 0.959916 0.852747 0.960131 0.844502 0.963876 0.844504 0.963600 0.852747 0.960131 0.852965 0.960368 0.844500 0.964185 0.844502 0.963876 0.844504 0.963600 0.844502 0.963876 0.836305 0.960300 0.836506 0.960078 0.844502 0.963876 0.844500 0.964185 0.836090 0.960546 
						0.836305 0.960300 0.836506 0.960078 0.836305 0.960300 0.833032 0.951401 0.833281 0.951399 0.836305 0.960300 0.836090 0.960546 0.832763 0.951403 0.833032 0.951401 0.833281 0.951399 0.833032 0.951401 0.836466 0.942460 0.836657 0.942672 0.832763 0.951403 0.836259 0.942227 0.836466 0.942460 0.850025 0.945145 0.850224 0.944921 0.852324 0.951200 0.852078 0.951203 0.850224 0.944921 0.850415 0.944712 0.852563 0.951197 0.852324 0.951200 0.852078 0.951203 0.852324 0.951200 0.850278 0.957545 0.850073 0.957324 0.852324 0.951200 0.852563 0.951197 0.850473 0.957751 0.850278 0.957545 0.850073 0.957324 0.850278 0.957545 0.844506 0.959932 0.844507 0.959660 0.850278 0.957545 0.850473 0.957751 0.844505 0.960186 0.844506 0.959932 0.844507 0.959660 0.844506 0.959932 0.838789 0.957653 0.838994 0.957428 0.844506 0.959932 0.844505 0.960186 0.838593 0.957864 0.838789 0.957653 0.838994 0.957428 0.838789 0.957653 0.836693 0.951360 0.836942 0.951357 0.838789 0.957653 0.838593 0.957864 0.836452 0.951363 0.836693 0.951360 0.836942 0.951357 0.836693 0.951360 0.838835 0.945023 0.839034 0.945242 0.836452 0.951363 0.838645 0.944818 0.838835 0.945023 0.844549 0.942357 
						0.844547 0.942612 0.838835 0.945023 0.838645 0.944818 0.844547 0.942612 0.844545 0.942885 0.839034 0.945242 0.838835 0.945023 0.844601 0.972760 0.844601 0.972488 0.850438 0.974796 0.850233 0.975021 0.844601 0.972488 0.844601 0.972234 0.850634 0.974586 0.850438 0.974796 0.844601 0.972760 0.850233 0.975021 0.838980 0.975099 0.852352 0.981094 0.836887 0.981217 0.850319 0.987209 0.844675 0.989535 0.839042 0.987283 0.853128 0.971909 0.844597 0.968240 0.844542 0.966230 0.858068 0.996576 0.853263 0.990250 0.856576 0.981071 0.857881 0.981008 0.824172 0.996946 0.836122 0.990373 0.844715 0.994074 0.844195 0.996731 0.830453 0.966426 0.836082 0.972051 0.832591 0.981273 0.830542 0.981362 0.844195 0.996731 0.844715 0.994074 0.853263 0.990250 0.858068 0.996576 0.830542 0.981362 0.832591 0.981273 0.836122 0.990373 0.824172 0.996946 0.844542 0.966230 0.844597 0.968240 0.836082 0.972051 0.830453 0.966426 0.857691 0.966065 0.857881 0.981008 0.856576 0.981071 0.853128 0.971909 0.844597 0.968825 0.852712 0.972375 0.850634 0.974586 0.844601 0.972234 0.852712 0.972375 0.856053 0.981073 0.852847 0.981091 0.850634 0.974586 0.856053 0.981073 0.852835 0.989800 
						0.850725 0.987636 0.852847 0.981091 0.852835 0.989800 0.844710 0.993486 0.844678 0.990063 0.850725 0.987636 0.844710 0.993486 0.836540 0.989911 0.838639 0.987716 0.844678 0.990063 0.836540 0.989911 0.833129 0.981265 0.836385 0.981224 0.838639 0.987716 0.833129 0.981265 0.836501 0.972503 0.838578 0.974672 0.836385 0.981224 0.836501 0.972503 0.844597 0.968825 0.844601 0.972234 0.838578 0.974672 0.844597 0.968240 0.844597 0.968549 0.836299 0.972288 0.836082 0.972051 0.844597 0.968549 0.844597 0.968825 0.836501 0.972503 0.836299 0.972288 0.844597 0.968825 0.844597 0.968549 0.852914 0.972154 0.852712 0.972375 0.844597 0.968549 0.844597 0.968240 0.853128 0.971909 0.852914 0.972154 0.852712 0.972375 0.852914 0.972154 0.856305 0.981072 0.856053 0.981073 0.852914 0.972154 0.853128 0.971909 0.856576 0.981071 0.856305 0.981072 0.856053 0.981073 0.856305 0.981072 0.853041 0.990014 0.852835 0.989800 0.856576 0.981071 0.853263 0.990250 0.853041 0.990014 0.852835 0.989800 0.853041 0.990014 0.844712 0.993764 0.844710 0.993486 0.853041 0.990014 0.853263 0.990250 0.844715 0.994074 0.844712 0.993764 0.844710 0.993486 0.844712 0.993764 0.836337 0.990130 
						0.836540 0.989911 0.844712 0.993764 0.844715 0.994074 0.836122 0.990373 0.836337 0.990130 0.836540 0.989911 0.836337 0.990130 0.832871 0.981269 0.833129 0.981265 0.836337 0.990130 0.836122 0.990373 0.832591 0.981273 0.832871 0.981269 0.833129 0.981265 0.832871 0.981269 0.836299 0.972288 0.836501 0.972503 0.832871 0.981269 0.832591 0.981273 0.836082 0.972051 0.836299 0.972288 0.850233 0.975021 0.850438 0.974796 0.852604 0.981092 0.852352 0.981094 0.850438 0.974796 0.850634 0.974586 0.852847 0.981091 0.852604 0.981092 0.852604 0.981092 0.850527 0.987430 0.850319 0.987209 0.852604 0.981092 0.852847 0.981091 0.850725 0.987636 0.850527 0.987430 0.850319 0.987209 0.850527 0.987430 0.844677 0.989808 0.844675 0.989535 0.850527 0.987430 0.850725 0.987636 0.844678 0.990063 0.844677 0.989808 0.844675 0.989535 0.844677 0.989808 0.838836 0.987507 0.839042 0.987283 0.844677 0.989808 0.844678 0.990063 0.838639 0.987716 0.838836 0.987507 0.839042 0.987283 0.838836 0.987507 0.836632 0.981221 0.836887 0.981217 0.838836 0.987507 0.838639 0.987716 0.836385 0.981224 0.836632 0.981221 0.836887 0.981217 0.836632 0.981221 0.838774 0.974878 0.838980 0.975099 
						0.836632 0.981221 0.836385 0.981224 0.838578 0.974672 0.838774 0.974878 0.844601 0.972234 0.844601 0.972488 0.838774 0.974878 0.838578 0.974672 0.844601 0.972488 0.844601 0.972760 0.838980 0.975099 0.838774 0.974878 0.802088 0.997169 0.815932 0.994390 0.824172 0.996946 0.804231 0.936229 0.817381 0.938867 0.808923 0.942697 0.358860 0.972547 0.366814 0.776448 0.372432 0.776649 0.364917 0.972776 0.372432 0.776649 0.366814 0.776448 0.373680 0.743935 0.364111 0.990604 0.358860 0.972547 0.364917 0.972776 0.356583 0.744738 0.359481 0.772497 0.333961 0.757253 0.339543 0.748021 0.373680 0.743935 0.366814 0.776448 0.359481 0.772497 0.356583 0.744738 0.350762 0.990075 0.352415 0.974501 0.358860 0.972547 0.364111 0.990604 0.331480 0.989315 0.332300 0.981819 0.352415 0.974501 0.350762 0.990075 0.359481 0.772497 0.366814 0.776448 0.358860 0.972547 0.352415 0.974501 0.333961 0.757253 0.359481 0.772497 0.352415 0.974501 0.332300 0.981819 0.310498 0.754825 0.314287 0.758705 0.313698 0.982123 0.309143 0.987971 0.285474 0.965674 0.290005 0.749785 0.291046 0.750156 0.286816 0.967726 0.296381 0.988474 0.295230 0.985945 0.298432 0.978653 0.299986 0.980257 
						0.299986 0.980257 0.298432 0.978653 0.298966 0.972466 0.300640 0.973300 0.077700 0.642795 0.124850 0.644273 0.123867 0.645175 0.077700 0.644184 0.236848 0.973162 0.176713 0.968034 0.178026 0.965902 0.236729 0.971406 0.019220 0.681867 0.077700 0.642795 0.077700 0.644184 0.020151 0.682560 0.077700 0.612572 0.077700 0.607597 0.133595 0.607597 0.133216 0.609920 0.006908 0.672429 0.077700 0.607597 0.077700 0.612572 0.008634 0.673750 0.155341 0.750448 0.158177 0.751098 0.156009 0.751430 0.162869 0.985604 0.164670 0.983117 0.162869 0.985604 0.164670 0.983117 0.170065 0.988126 0.169281 0.991365 0.169281 0.991365 0.170065 0.988126 0.174840 0.989025 0.174659 0.992394 0.236976 0.997377 0.174659 0.992394 0.174840 0.989025 0.236962 0.993968 0.287973 0.992429 0.287712 0.988970 0.295230 0.985945 0.296381 0.988474 0.135342 0.592651 0.135125 0.607597 0.077700 0.592651 0.077700 0.607597 0.442869 0.890808 0.442869 0.987818 0.441442 0.987818 0.441442 0.890808 0.304284 0.750706 0.300640 0.973300 0.298966 0.972466 0.302600 0.750810 0.178026 0.965902 0.176713 0.968034 0.169915 0.750599 0.170964 0.750240 0.177473 0.747726 0.235795 0.749591 0.236641 0.964884 
						0.183265 0.961967 0.455155 0.890808 0.455155 0.987818 0.454209 0.987818 0.454209 0.890808 0.459786 0.890808 0.505214 0.890808 0.505214 0.987818 0.459786 0.987818 0.578145 0.987818 0.578145 0.890808 0.580204 0.890808 0.580204 0.987818 0.565290 0.890808 0.566269 0.890808 0.566269 0.987818 0.565290 0.987818 0.505214 0.987818 0.505214 0.890808 0.560593 0.890808 0.560593 0.987818 0.580204 0.886059 0.580204 0.888319 0.578145 0.888319 0.578145 0.886059 0.160542 0.747246 0.158177 0.751098 0.157765 0.747951 0.159377 0.744265 0.302088 0.744588 0.304284 0.750706 0.302600 0.750810 0.300541 0.745239 0.441442 0.888319 0.441442 0.886059 0.442869 0.886059 0.442869 0.888319 0.442869 0.888319 0.442869 0.890808 0.441442 0.890808 0.441442 0.888319 0.566269 0.888319 0.566269 0.890808 0.565290 0.890808 0.565290 0.888319 0.566269 0.886059 0.566269 0.888319 0.565290 0.888319 0.565290 0.886059 0.170964 0.750240 0.169915 0.750599 0.173582 0.747907 0.174515 0.747845 0.580204 0.888319 0.580204 0.890808 0.578145 0.890808 0.578145 0.888319 0.454209 0.888319 0.454209 0.886059 0.455155 0.886059 0.455155 0.888319 0.455155 0.890808 0.454209 0.890808 0.454209 0.888319 
						0.455155 0.888319 0.505214 0.888319 0.505214 0.886059 0.560593 0.886059 0.560593 0.888319 0.235786 0.744636 0.235795 0.749591 0.177473 0.747726 0.179241 0.743102 0.287490 0.747418 0.291046 0.750156 0.290005 0.749785 0.286546 0.747343 0.459786 0.886059 0.505214 0.886059 0.505214 0.888319 0.459786 0.888319 0.459786 0.888319 0.505214 0.888319 0.505214 0.890808 0.459786 0.890808 0.283547 0.747203 0.235795 0.749591 0.235786 0.744636 0.281748 0.742599 0.505214 0.890808 0.505214 0.888319 0.560593 0.888319 0.560593 0.890808 0.580204 0.990887 0.580204 0.995424 0.578145 0.995424 0.578145 0.990887 0.578145 0.990887 0.578145 0.987818 0.580204 0.987818 0.580204 0.990887 0.003253 0.739305 0.003253 0.729967 0.005047 0.729967 0.005047 0.739305 0.566269 0.990887 0.566269 0.995424 0.565290 0.995424 0.565290 0.990887 0.565290 0.987818 0.566269 0.987818 0.566269 0.990887 0.565290 0.990887 0.017133 0.739305 0.017133 0.729967 0.018458 0.729967 0.018458 0.739305 0.505214 0.990887 0.505214 0.987818 0.560593 0.987818 0.560593 0.990887 0.022843 0.729967 0.077700 0.729967 0.077700 0.739305 0.022843 0.739305 0.505214 0.995424 0.505214 0.990887 0.560593 0.990887 
						0.560593 0.995424 0.505214 0.995424 0.459786 0.995424 0.459786 0.990887 0.505214 0.990887 0.459786 0.987818 0.505214 0.987818 0.505214 0.990887 0.459786 0.990887 0.077700 0.729967 0.124194 0.729967 0.124194 0.739305 0.077700 0.739305 0.455155 0.995424 0.454209 0.995424 0.454209 0.990887 0.455155 0.990887 0.454209 0.990887 0.454209 0.987818 0.455155 0.987818 0.455155 0.990887 0.128579 0.729967 0.129927 0.729967 0.129927 0.739305 0.128579 0.739305 0.442869 0.990887 0.442869 0.995424 0.441442 0.995424 0.441442 0.990887 0.441442 0.990887 0.441442 0.987818 0.442869 0.987818 0.442869 0.990887 0.141523 0.739305 0.141523 0.729967 0.142977 0.729967 0.142977 0.739305 0.173105 0.975937 0.236919 0.981790 0.236934 0.985029 0.175198 0.980076 0.175198 0.980076 0.236934 0.985029 0.236962 0.993968 0.174840 0.989025 0.291868 0.978269 0.295230 0.985945 0.287712 0.988970 0.287189 0.979694 0.158177 0.751098 0.162380 0.751707 0.168984 0.976924 0.164670 0.983117 0.168984 0.976924 0.162380 0.751707 0.165769 0.751344 0.173105 0.975937 0.442869 0.890808 0.446767 0.890808 0.446767 0.987818 0.442869 0.987818 0.574903 0.890808 0.578145 0.890808 0.578145 0.987818 
						0.574903 0.987818 0.571104 0.890808 0.574903 0.890808 0.574903 0.987818 0.571104 0.987818 0.446767 0.890808 0.450334 0.890808 0.450334 0.987818 0.446767 0.987818 0.450334 0.888319 0.450334 0.890808 0.446767 0.890808 0.446767 0.888319 0.578145 0.890808 0.574903 0.890808 0.574903 0.888319 0.578145 0.888319 0.574903 0.888319 0.574903 0.890808 0.571104 0.890808 0.571104 0.888319 0.297940 0.746353 0.298346 0.751321 0.294975 0.750919 0.292478 0.746737 0.571104 0.990887 0.571104 0.987818 0.574903 0.987818 0.574903 0.990887 0.442869 0.987818 0.446767 0.987818 0.446767 0.990887 0.442869 0.990887 0.446767 0.990887 0.446767 0.987818 0.450334 0.987818 0.450334 0.990887 0.291112 0.968885 0.290343 0.973614 0.286816 0.967726 0.173105 0.975937 0.165769 0.751344 0.169915 0.750599 0.176713 0.968034 0.176713 0.968034 0.236848 0.973162 0.236919 0.981790 0.173105 0.975937 0.015510 0.679044 0.077700 0.635468 0.077700 0.642795 0.019220 0.681867 0.077700 0.635468 0.128137 0.637899 0.124850 0.644273 0.077700 0.642795 0.566269 0.890808 0.571104 0.890808 0.571104 0.987818 0.566269 0.987818 0.450334 0.890808 0.454209 0.890808 0.454209 0.987818 0.450334 0.987818 
						0.450334 0.888319 0.454209 0.888319 0.454209 0.890808 0.450334 0.890808 0.165769 0.751344 0.167605 0.747237 0.173582 0.747907 0.169915 0.750599 0.566269 0.888319 0.571104 0.888319 0.571104 0.890808 0.566269 0.890808 0.287490 0.747418 0.292478 0.746737 0.294975 0.750919 0.291046 0.750156 0.571104 0.990887 0.566269 0.990887 0.566269 0.987818 0.571104 0.987818 0.017133 0.739305 0.012221 0.739305 0.012221 0.729967 0.017133 0.729967 0.454209 0.990887 0.450334 0.990887 0.450334 0.987818 0.454209 0.987818 0.133918 0.729967 0.133918 0.739305 0.129927 0.739305 0.129927 0.729967 0.450334 0.888319 0.450334 0.886059 0.454209 0.886059 0.454209 0.888319 0.571104 0.886059 0.571104 0.888319 0.566269 0.888319 0.566269 0.886059 0.566269 0.990887 0.571104 0.990887 0.571104 0.995424 0.566269 0.995424 0.450334 0.995424 0.450334 0.990887 0.454209 0.990887 0.454209 0.995424 0.291868 0.978269 0.287189 0.979694 0.287104 0.976222 0.290343 0.973614 0.298432 0.978653 0.295230 0.985945 0.291868 0.978269 0.294082 0.974126 0.290343 0.973614 0.294082 0.974126 0.291868 0.978269 0.294554 0.970245 0.298966 0.972466 0.298432 0.978653 0.294082 0.974126 0.291112 0.968885 
						0.294554 0.970245 0.294082 0.974126 0.290343 0.973614 0.175198 0.980076 0.174840 0.989025 0.170065 0.988126 0.172296 0.979614 0.172296 0.979614 0.173105 0.975937 0.175198 0.980076 0.170065 0.988126 0.164670 0.983117 0.168984 0.976924 0.172296 0.979614 0.168984 0.976924 0.173105 0.975937 0.172296 0.979614 0.008634 0.673750 0.077700 0.612572 0.077700 0.631956 0.012618 0.676768 0.012618 0.676768 0.077700 0.631956 0.077700 0.635468 0.015510 0.679044 0.077700 0.631956 0.129428 0.634175 0.128137 0.637899 0.077700 0.635468 0.442869 0.888319 0.446767 0.888319 0.446767 0.890808 0.442869 0.890808 0.298966 0.972466 0.294554 0.970245 0.298346 0.751321 0.302600 0.750810 0.298346 0.751321 0.294554 0.970245 0.291112 0.968885 0.294975 0.750919 0.297940 0.746353 0.300541 0.745239 0.302600 0.750810 0.298346 0.751321 0.578145 0.990887 0.574903 0.990887 0.574903 0.987818 0.578145 0.987818 0.015510 0.679044 0.012221 0.729967 0.008140 0.729967 0.012618 0.676768 0.012618 0.676768 0.008140 0.729967 0.005047 0.729967 0.008634 0.673750 0.129428 0.634175 0.138258 0.729967 0.133918 0.729967 0.128137 0.637899 0.574903 0.888319 0.574903 0.886059 0.578145 0.886059 
						0.578145 0.888319 0.571104 0.886059 0.574903 0.886059 0.574903 0.888319 0.571104 0.888319 0.162756 0.747455 0.162380 0.751707 0.158177 0.751098 0.160542 0.747246 0.165769 0.751344 0.162380 0.751707 0.162756 0.747455 0.167605 0.747237 0.446767 0.888319 0.442869 0.888319 0.442869 0.886059 0.446767 0.886059 0.450334 0.888319 0.446767 0.888319 0.446767 0.886059 0.450334 0.886059 0.574903 0.990887 0.574903 0.995424 0.571104 0.995424 0.571104 0.990887 0.578145 0.995424 0.574903 0.995424 0.574903 0.990887 0.578145 0.990887 0.005047 0.729967 0.008140 0.729967 0.008140 0.739305 0.005047 0.739305 0.008140 0.739305 0.008140 0.729967 0.012221 0.729967 0.012221 0.739305 0.446767 0.990887 0.446767 0.995424 0.442869 0.995424 0.442869 0.990887 0.450334 0.995424 0.446767 0.995424 0.446767 0.990887 0.450334 0.990887 0.138258 0.739305 0.138258 0.729967 0.141523 0.729967 0.141523 0.739305 0.133918 0.729967 0.138258 0.729967 0.138258 0.739305 0.133918 0.739305 0.123867 0.645175 0.121957 0.647777 0.077110 0.650491 0.077700 0.644184 0.128579 0.739305 0.124194 0.739305 0.124194 0.729967 0.128579 0.729967 0.455155 0.990887 0.459786 0.990887 0.459786 0.995424 
						0.455155 0.995424 0.455155 0.987818 0.459786 0.987818 0.459786 0.990887 0.455155 0.990887 0.455155 0.890808 0.459786 0.890808 0.459786 0.987818 0.455155 0.987818 0.455155 0.888319 0.459786 0.888319 0.459786 0.890808 0.455155 0.890808 0.455155 0.886059 0.459786 0.886059 0.459786 0.888319 0.455155 0.888319 0.290005 0.749785 0.283547 0.747203 0.281748 0.742599 0.286546 0.747343 0.280081 0.961928 0.283547 0.747203 0.290005 0.749785 0.285474 0.965674 0.183265 0.961967 0.236641 0.964884 0.236729 0.971406 0.178026 0.965902 0.170964 0.750240 0.177473 0.747726 0.183265 0.961967 0.178026 0.965902 0.174515 0.747845 0.179241 0.743102 0.177473 0.747726 0.170964 0.750240 0.565290 0.888319 0.560593 0.888319 0.560593 0.886059 0.565290 0.886059 0.565290 0.890808 0.560593 0.890808 0.560593 0.888319 0.565290 0.888319 0.565290 0.987818 0.560593 0.987818 0.560593 0.890808 0.565290 0.890808 0.565290 0.990887 0.560593 0.990887 0.560593 0.987818 0.565290 0.987818 0.565290 0.995424 0.560593 0.995424 0.560593 0.990887 0.565290 0.990887 0.022843 0.729967 0.022843 0.739305 0.018458 0.739305 0.018458 0.729967 0.077700 0.644184 0.077110 0.650491 0.022451 0.686520 
						0.020151 0.682560 0.235795 0.749591 0.283547 0.747203 0.280081 0.961928 0.236641 0.964884 0.236729 0.971406 0.236641 0.964884 0.280081 0.961928 0.285474 0.965674 0.236848 0.973162 0.236729 0.971406 0.285474 0.965674 0.286816 0.967726 0.287104 0.976222 0.286816 0.967726 0.290343 0.973614 0.236934 0.985029 0.236919 0.981790 0.287104 0.976222 0.287189 0.979694 0.236962 0.993968 0.236934 0.985029 0.287189 0.979694 0.287712 0.988970 0.287973 0.992429 0.236976 0.997377 0.236962 0.993968 0.287712 0.988970 0.313698 0.982123 0.332300 0.981819 0.331480 0.989315 0.309143 0.987971 0.314287 0.758705 0.333961 0.757253 0.332300 0.981819 0.313698 0.982123 0.310498 0.754825 0.339543 0.748021 0.333961 0.757253 0.314287 0.758705 0.897781 0.942273 0.892418 0.944628 0.892205 0.944409 0.897760 0.942003 0.897760 0.942003 0.892205 0.944409 0.892002 0.944204 0.897741 0.941750 0.897781 0.942273 0.903503 0.944492 0.892418 0.944628 0.906075 0.950527 0.890706 0.950738 0.904481 0.956633 0.898935 0.958986 0.893168 0.956786 0.883752 0.935195 0.897406 0.937781 0.889408 0.941596 0.884968 0.965711 0.884237 0.950765 0.886494 0.950799 0.890415 0.959907 0.914171 0.965290 
						0.899281 0.965532 0.899213 0.963494 0.907785 0.959651 0.910652 0.934771 0.914171 0.965290 0.910311 0.950477 0.906022 0.941388 0.899281 0.965532 0.884968 0.965711 0.890415 0.959907 0.899213 0.963494 0.914171 0.965290 0.907785 0.959651 0.910311 0.950477 0.883752 0.935195 0.910652 0.934771 0.897406 0.937781 0.883752 0.935195 0.889408 0.941596 0.886494 0.950799 0.884237 0.950765 0.897467 0.938360 0.897741 0.941750 0.892002 0.944204 0.889837 0.942051 0.889837 0.942051 0.892002 0.944204 0.890213 0.950746 0.887017 0.950792 0.887017 0.950792 0.890213 0.950746 0.892784 0.957223 0.890812 0.959443 0.890812 0.959443 0.892784 0.957223 0.898964 0.959511 0.899173 0.962912 0.899173 0.962912 0.898964 0.959511 0.904926 0.957056 0.907297 0.959199 0.907297 0.959199 0.904926 0.957056 0.906571 0.950521 0.909786 0.950483 0.909786 0.950483 0.906571 0.950521 0.903864 0.944057 0.905667 0.941847 0.905667 0.941847 0.903864 0.944057 0.897741 0.941750 0.897467 0.938360 0.897406 0.937781 0.906022 0.941388 0.905839 0.941628 0.897438 0.938087 0.897438 0.938087 0.905839 0.941628 0.905667 0.941847 0.897467 0.938360 0.897467 0.938360 0.889837 0.942051 0.889629 0.941836 
						0.897438 0.938087 0.897438 0.938087 0.889629 0.941836 0.889408 0.941596 0.897406 0.937781 0.889837 0.942051 0.887017 0.950792 0.886765 0.950796 0.889629 0.941836 0.889629 0.941836 0.886765 0.950796 0.886494 0.950799 0.889408 0.941596 0.887017 0.950792 0.890812 0.959443 0.890620 0.959664 0.886765 0.950796 0.886765 0.950796 0.890620 0.959664 0.890415 0.959907 0.886494 0.950799 0.890812 0.959443 0.899173 0.962912 0.899192 0.963187 0.890620 0.959664 0.890620 0.959664 0.899192 0.963187 0.899213 0.963494 0.890415 0.959907 0.899173 0.962912 0.907297 0.959199 0.907533 0.959413 0.899192 0.963187 0.899192 0.963187 0.907533 0.959413 0.907785 0.959651 0.899213 0.963494 0.907297 0.959199 0.909786 0.950483 0.910038 0.950481 0.907533 0.959413 0.907533 0.959413 0.910038 0.950481 0.910311 0.950477 0.907785 0.959651 0.909786 0.950483 0.905667 0.941847 0.905839 0.941628 0.910038 0.950481 0.910038 0.950481 0.905839 0.941628 0.906022 0.941388 0.910311 0.950477 0.892418 0.944628 0.890706 0.950738 0.890456 0.950742 0.892205 0.944409 0.892205 0.944409 0.890456 0.950742 0.890213 0.950746 0.892002 0.944204 0.890706 0.950738 0.893168 0.956786 0.892972 0.957012 
						0.890456 0.950742 0.890456 0.950742 0.892972 0.957012 0.892784 0.957223 0.890213 0.950746 0.893168 0.956786 0.898935 0.958986 0.898950 0.959257 0.892972 0.957012 0.892972 0.957012 0.898950 0.959257 0.898964 0.959511 0.892784 0.957223 0.898935 0.958986 0.904481 0.956633 0.904710 0.956851 0.898950 0.959257 0.898950 0.959257 0.904710 0.956851 0.904926 0.957056 0.898964 0.959511 0.904481 0.956633 0.906075 0.950527 0.906327 0.950524 0.904710 0.956851 0.904710 0.956851 0.906327 0.950524 0.906571 0.950521 0.904926 0.957056 0.906075 0.950527 0.903503 0.944492 0.903687 0.944268 0.906327 0.950524 0.906327 0.950524 0.903687 0.944268 0.903864 0.944057 0.906571 0.950521 0.897741 0.941750 0.903864 0.944057 0.903687 0.944268 0.897760 0.942003 0.897760 0.942003 0.903687 0.944268 0.903503 0.944492 0.897781 0.942273 0.899565 0.972037 0.893906 0.974405 0.893690 0.974187 0.899553 0.971766 0.899553 0.971766 0.893690 0.974187 0.893485 0.973983 0.899543 0.971513 0.899565 0.972037 0.905415 0.974251 0.893906 0.974405 0.907695 0.980277 0.891945 0.980518 0.905706 0.986389 0.900028 0.988749 0.894290 0.986524 0.884968 0.965711 0.899281 0.965532 0.899358 0.967534 
						0.890840 0.971385 0.891949 0.996059 0.885237 0.980647 0.887594 0.980628 0.891451 0.989562 0.914095 0.995721 0.900139 0.993296 0.908729 0.989404 0.914171 0.965290 0.912046 0.980211 0.908399 0.971148 0.891949 0.996059 0.891451 0.989562 0.900139 0.993296 0.914171 0.965290 0.914095 0.995721 0.908729 0.989404 0.912046 0.980211 0.899281 0.965532 0.908399 0.971148 0.899358 0.967534 0.884968 0.965711 0.890840 0.971385 0.887594 0.980628 0.885237 0.980647 0.899395 0.968117 0.899543 0.971513 0.893485 0.973983 0.891280 0.971838 0.891280 0.971838 0.893485 0.973983 0.891438 0.980531 0.888141 0.980610 0.888141 0.980610 0.891438 0.980531 0.893896 0.986953 0.891858 0.989116 0.891858 0.989116 0.893896 0.986953 0.900039 0.989277 0.900125 0.992704 0.900125 0.992704 0.900039 0.989277 0.906122 0.986812 0.908294 0.988952 0.908294 0.988952 0.906122 0.986812 0.908203 0.980269 0.911502 0.980219 0.911502 0.980219 0.908203 0.980269 0.905823 0.973815 0.907959 0.971606 0.907959 0.971606 0.905823 0.973815 0.899543 0.971513 0.899395 0.968117 0.899358 0.967534 0.908399 0.971148 0.908170 0.971388 0.899378 0.967842 0.899378 0.967842 0.908170 0.971388 0.907959 0.971606 
						0.899395 0.968117 0.899395 0.968117 0.891280 0.971838 0.891067 0.971624 0.899378 0.967842 0.899378 0.967842 0.891067 0.971624 0.890840 0.971385 0.899358 0.967534 0.891280 0.971838 0.888141 0.980610 0.887878 0.980618 0.891067 0.971624 0.891067 0.971624 0.887878 0.980618 0.887594 0.980628 0.890840 0.971385 0.888141 0.980610 0.891858 0.989116 0.891661 0.989329 0.887878 0.980618 0.887878 0.980618 0.891661 0.989329 0.891451 0.989562 0.887594 0.980628 0.891858 0.989116 0.900125 0.992704 0.900132 0.992983 0.891661 0.989329 0.891661 0.989329 0.900132 0.992983 0.900139 0.993296 0.891451 0.989562 0.900125 0.992704 0.908294 0.988952 0.908505 0.989166 0.900132 0.992983 0.900132 0.992983 0.908505 0.989166 0.908729 0.989404 0.900139 0.993296 0.908294 0.988952 0.911502 0.980219 0.911764 0.980215 0.908505 0.989166 0.908505 0.989166 0.911764 0.980215 0.912046 0.980211 0.908729 0.989404 0.911502 0.980219 0.907959 0.971606 0.908170 0.971388 0.911764 0.980215 0.911764 0.980215 0.908170 0.971388 0.908399 0.971148 0.912046 0.980211 0.893906 0.974405 0.891945 0.980518 0.891687 0.980525 0.893690 0.974187 0.893690 0.974187 0.891687 0.980525 0.891438 0.980531 
						0.893485 0.973983 0.891945 0.980518 0.894290 0.986524 0.894089 0.986746 0.891687 0.980525 0.891687 0.980525 0.894089 0.986746 0.893896 0.986953 0.891438 0.980531 0.894290 0.986524 0.900028 0.988749 0.900034 0.989022 0.894089 0.986746 0.894089 0.986746 0.900034 0.989022 0.900039 0.989277 0.893896 0.986953 0.900028 0.988749 0.905706 0.986389 0.905919 0.986607 0.900034 0.989022 0.900034 0.989022 0.905919 0.986607 0.906122 0.986812 0.900039 0.989277 0.905706 0.986389 0.907695 0.980277 0.907953 0.980273 0.905919 0.986607 0.905919 0.986607 0.907953 0.980273 0.908203 0.980269 0.906122 0.986812 0.907695 0.980277 0.905415 0.974251 0.905624 0.974026 0.907953 0.980273 0.907953 0.980273 0.905624 0.974026 0.905823 0.973815 0.908203 0.980269 0.899543 0.971513 0.905823 0.973815 0.905624 0.974026 0.899553 0.971766 0.899553 0.971766 0.905624 0.974026 0.905415 0.974251 0.899565 0.972037 0.870158 0.942536 0.864734 0.944928 0.864527 0.944710 0.870148 0.942263 0.870148 0.942263 0.864527 0.944710 0.864329 0.944506 0.870139 0.942008 0.870158 0.942536 0.875759 0.944765 0.864734 0.944928 0.878041 0.950811 0.862866 0.951055 0.876188 0.956947 0.870679 0.959314 
						0.865086 0.957112 0.857197 0.935444 0.870484 0.935189 0.869978 0.937991 0.861821 0.941926 0.857691 0.966065 0.857473 0.951083 0.858741 0.951125 0.862260 0.960238 0.884968 0.965711 0.870836 0.965885 0.870820 0.963838 0.879166 0.959985 0.883752 0.935195 0.884237 0.950765 0.882244 0.950745 0.878459 0.941666 0.870836 0.965885 0.857691 0.966065 0.862260 0.960238 0.870820 0.963838 0.884237 0.950765 0.884968 0.965711 0.879166 0.959985 0.882244 0.950745 0.870484 0.935189 0.883752 0.935195 0.878459 0.941666 0.869978 0.937991 0.857197 0.935444 0.861821 0.941926 0.858741 0.951125 0.857473 0.951083 0.870007 0.938582 0.870139 0.942008 0.864329 0.944506 0.862237 0.942374 0.862237 0.942374 0.864329 0.944506 0.862382 0.951064 0.859248 0.951117 0.859248 0.951117 0.862382 0.951064 0.864695 0.957550 0.862671 0.959774 0.862671 0.959774 0.864695 0.957550 0.870693 0.959840 0.870798 0.963253 0.870798 0.963253 0.870693 0.959840 0.876600 0.957372 0.878738 0.959528 0.878738 0.959528 0.876600 0.957372 0.878533 0.950803 0.881721 0.950754 0.881721 0.950754 0.878533 0.950803 0.876138 0.944330 0.878072 0.942122 0.878072 0.942122 0.876138 0.944330 0.870139 0.942008 
						0.870007 0.938582 0.869978 0.937991 0.878459 0.941666 0.878259 0.941905 0.869993 0.938303 0.869993 0.938303 0.878259 0.941905 0.878072 0.942122 0.870007 0.938582 0.870007 0.938582 0.862237 0.942374 0.862035 0.942162 0.869993 0.938303 0.869993 0.938303 0.862035 0.942162 0.861821 0.941926 0.869978 0.937991 0.862237 0.942374 0.859248 0.951117 0.859004 0.951121 0.862035 0.942162 0.862035 0.942162 0.859004 0.951121 0.858741 0.951125 0.861821 0.941926 0.859248 0.951117 0.862671 0.959774 0.862473 0.959995 0.859004 0.951121 0.859004 0.951121 0.862473 0.959995 0.862260 0.960238 0.858741 0.951125 0.862671 0.959774 0.870798 0.963253 0.870808 0.963529 0.862473 0.959995 0.862473 0.959995 0.870808 0.963529 0.870820 0.963838 0.862260 0.960238 0.870798 0.963253 0.878738 0.959528 0.878946 0.959744 0.870808 0.963529 0.870808 0.963529 0.878946 0.959744 0.879166 0.959985 0.870820 0.963838 0.878738 0.959528 0.881721 0.950754 0.881973 0.950750 0.878946 0.959744 0.878946 0.959744 0.881973 0.950750 0.882244 0.950745 0.879166 0.959985 0.881721 0.950754 0.878072 0.942122 0.878259 0.941905 0.881973 0.950750 0.881973 0.950750 0.878259 0.941905 0.878459 0.941666 
						0.882244 0.950745 0.864734 0.944928 0.862866 0.951055 0.862620 0.951060 0.864527 0.944710 0.864527 0.944710 0.862620 0.951060 0.862382 0.951064 0.864329 0.944506 0.862866 0.951055 0.865086 0.957112 0.864886 0.957339 0.862620 0.951060 0.862620 0.951060 0.864886 0.957339 0.864695 0.957550 0.862382 0.951064 0.865086 0.957112 0.870679 0.959314 0.870686 0.959585 0.864886 0.957339 0.864886 0.957339 0.870686 0.959585 0.870693 0.959840 0.864695 0.957550 0.870679 0.959314 0.876188 0.956947 0.876399 0.957166 0.870686 0.959585 0.870686 0.959585 0.876399 0.957166 0.876600 0.957372 0.870693 0.959840 0.876188 0.956947 0.878041 0.950811 0.878291 0.950807 0.876399 0.957166 0.876399 0.957166 0.878291 0.950807 0.878533 0.950803 0.876600 0.957372 0.878041 0.950811 0.875759 0.944765 0.875953 0.944540 0.878291 0.950807 0.878291 0.950807 0.875953 0.944540 0.876138 0.944330 0.878533 0.950803 0.870139 0.942008 0.876138 0.944330 0.875953 0.944540 0.870148 0.942263 0.870148 0.942263 0.875953 0.944540 0.875759 0.944765 0.870158 0.942536 0.870947 0.972415 0.865372 0.974806 0.865162 0.974587 0.870941 0.972143 0.870941 0.972143 0.865162 0.974587 0.864961 0.974383 
						0.870935 0.971889 0.870947 0.972415 0.876632 0.974622 0.865372 0.974806 0.878879 0.980672 0.863407 0.980946 0.876901 0.986803 0.871274 0.989189 0.865621 0.986995 0.857691 0.966065 0.870836 0.965885 0.870836 0.967896 0.862399 0.971782 0.858068 0.996576 0.857881 0.981008 0.859186 0.981036 0.862730 0.990118 0.891949 0.996059 0.871936 0.996373 0.871350 0.993728 0.879873 0.989811 0.884968 0.965711 0.885237 0.980647 0.883182 0.980613 0.879460 0.971489 0.871936 0.996373 0.858068 0.996576 0.862730 0.990118 0.871350 0.993728 0.885237 0.980647 0.891949 0.996059 0.879873 0.989811 0.883182 0.980613 0.870836 0.965885 0.879460 0.971489 0.870836 0.967896 0.857691 0.966065 0.862399 0.971782 0.859186 0.981036 0.857881 0.981008 0.870852 0.968480 0.870935 0.971889 0.864961 0.974383 0.862827 0.972235 0.862827 0.972235 0.864961 0.974383 0.862912 0.980957 0.859709 0.981024 0.859709 0.981024 0.862912 0.980957 0.865223 0.987433 0.863149 0.989655 0.863149 0.989655 0.865223 0.987433 0.871281 0.989717 0.871340 0.993140 0.871340 0.993140 0.871281 0.989717 0.877312 0.987224 0.879447 0.989361 0.879447 0.989361 0.877312 0.987224 0.879382 0.980665 0.882643 0.980619 
						0.882643 0.980619 0.879382 0.980665 0.877025 0.974184 0.879052 0.971953 0.879052 0.971953 0.877025 0.974184 0.870935 0.971889 0.870852 0.968480 0.870836 0.967896 0.879460 0.971489 0.879248 0.971732 0.870845 0.968204 0.870845 0.968204 0.879248 0.971732 0.879052 0.971953 0.870852 0.968480 0.870852 0.968480 0.862827 0.972235 0.862620 0.972020 0.870845 0.968204 0.870845 0.968204 0.862620 0.972020 0.862399 0.971782 0.870836 0.967896 0.862827 0.972235 0.859709 0.981024 0.859457 0.981030 0.862620 0.972020 0.862620 0.972020 0.859457 0.981030 0.859186 0.981036 0.862399 0.971782 0.859709 0.981024 0.863149 0.989655 0.862947 0.989875 0.859457 0.981030 0.859457 0.981030 0.862947 0.989875 0.862730 0.990118 0.859186 0.981036 0.863149 0.989655 0.871340 0.993140 0.871345 0.993417 0.862947 0.989875 0.862947 0.989875 0.871345 0.993417 0.871350 0.993728 0.862730 0.990118 0.871340 0.993140 0.879447 0.989361 0.879654 0.989574 0.871345 0.993417 0.871345 0.993417 0.879654 0.989574 0.879873 0.989811 0.871350 0.993728 0.879447 0.989361 0.882643 0.980619 0.882903 0.980616 0.879654 0.989574 0.879654 0.989574 0.882903 0.980616 0.883182 0.980613 0.879873 0.989811 
						0.882643 0.980619 0.879052 0.971953 0.879248 0.971732 0.882903 0.980616 0.882903 0.980616 0.879248 0.971732 0.879460 0.971489 0.883182 0.980613 0.865372 0.974806 0.863407 0.980946 0.863156 0.980951 0.865162 0.974587 0.865162 0.974587 0.863156 0.980951 0.862912 0.980957 0.864961 0.974383 0.863407 0.980946 0.865621 0.986995 0.865418 0.987221 0.863156 0.980951 0.863156 0.980951 0.865418 0.987221 0.865223 0.987433 0.862912 0.980957 0.865621 0.986995 0.871274 0.989189 0.871277 0.989462 0.865418 0.987221 0.865418 0.987221 0.871277 0.989462 0.871281 0.989717 0.865223 0.987433 0.871274 0.989189 0.876901 0.986803 0.877111 0.987020 0.871277 0.989462 0.871277 0.989462 0.877111 0.987020 0.877312 0.987224 0.871281 0.989717 0.876901 0.986803 0.878879 0.980672 0.879135 0.980668 0.877111 0.987020 0.877111 0.987020 0.879135 0.980668 0.879382 0.980665 0.877312 0.987224 0.878879 0.980672 0.876632 0.974622 0.876833 0.974396 0.879135 0.980668 0.879135 0.980668 0.876833 0.974396 0.877025 0.974184 0.879382 0.980665 0.870935 0.971889 0.877025 0.974184 0.876833 0.974396 0.870941 0.972143 0.870941 0.972143 0.876833 0.974396 0.876632 0.974622 0.870947 0.972415 
						0.003253 0.729967 0.004728 0.699962 0.005047 0.729967 0.008634 0.673750 0.006908 0.672429 0.019220 0.681867 0.017133 0.729967 0.012221 0.729967 0.015510 0.679044 0.020151 0.682560 0.018458 0.729967 0.017133 0.729967 0.019220 0.681867 0.022451 0.686520 0.022843 0.729967 0.018458 0.729967 0.020151 0.682560 0.077110 0.650491 0.077700 0.729967 0.022843 0.729967 0.022451 0.686520 0.121957 0.647777 0.124194 0.729967 0.077700 0.729967 0.077110 0.650491 0.123867 0.645175 0.128579 0.729967 0.124194 0.729967 0.121957 0.647777 0.124850 0.644273 0.129927 0.729967 0.128579 0.729967 0.123867 0.645175 0.128137 0.637899 0.133918 0.729967 0.129927 0.729967 0.124850 0.644273 0.141523 0.729967 0.138258 0.729967 0.129428 0.634175 0.133216 0.609920 0.135125 0.607597 0.133216 0.609920 0.142977 0.729967 0.141523 0.729967 0.914095 0.995721 0.891949 0.996059 0.900139 0.993296 0.910652 0.934771 0.906022 0.941388 0.897406 0.937781 0.127757 0.749911 0.134142 0.752499 0.128954 0.964017 0.123887 0.960099 0.593818 0.747534 0.651285 0.747520 0.593819 0.752550 0.077700 0.612572 0.133216 0.609920 0.129428 0.634175 0.077700 0.631956 0.656698 0.630048 0.651285 0.747520 
						0.646519 0.725034 0.653407 0.630049 0.022427 0.975381 0.019225 0.972875 0.022614 0.967059 0.018417 0.968262 0.022614 0.967059 0.019225 0.972875 0.287104 0.976222 0.236919 0.981790 0.236848 0.973162 0.286816 0.967726 0.291112 0.968885 0.286816 0.967726 0.291046 0.750156 0.294975 0.750919 
					</float_array>
					<technique_common>
						<accessor count="3152" offset="0" source="#meshId0-tex0-array" stride="2">
							<param name="S" type="float" />
							<param name="T" type="float" />
						</accessor>
					</technique_common>
				</source>
				<vertices id="meshId0-vertices">
					<input semantic="POSITION" source="#meshId0-positions" />
				</vertices>
				<polylist count="1602" material="defaultMaterial">
					<input offset="0" semantic="VERTEX" source="#meshId0-vertices" />
					<input offset="0" semantic="NORMAL" source="#meshId0-normals" />
					<input offset="0" semantic="TANGENT" source="#meshId0-tangents" />
					<input offset="0" semantic="BINORMAL" source="#meshId0-bitangents" />
					<input offset="0" semantic="TEXCOORD" source="#meshId0-tex0" set="0" />
					<vcount>
						3 3 3 3 3 3 3 3 3 3 3 3 3 3 3 3 3 3 3 3 3 3 3 3 3 3 3 3 3 3 3 3 3 3 3 3 3 3 3 3 3 3 3 3 3 3 3 3 3 3 3 3 3 3 3 3 3 3 3 3 3 3 3 3 
						3 3 3 3 3 3 3 3 3 3 3 3 3 3 3 3 3 3 3 3 3 3 3 3 3 3 3 3 3 3 3 3 3 3 3 3 3 3 3 3 3 3 3 3 3 3 3 3 3 3 3 3 3 3 3 3 3 3 3 3 3 3 3 3 
						3 3 3 3 3 3 3 3 3 3 3 3 3 3 3 3 3 3 3 3 3 3 3 3 3 3 3 3 3 3 3 3 3 3 3 3 3 3 3 3 3 3 3 3 3 3 3 3 3 3 3 3 3 3 3 3 3 3 3 3 3 3 3 3 
						3 3 3 3 3 3 3 3 3 3 3 3 3 3 3 3 3 3 3 3 3 3 3 3 3 3 3 3 3 3 3 3 3 3 3 3 3 3 3 3 3 3 3 3 3 3 3 3 3 3 3 3 3 3 3 3 3 3 3 3 3 3 3 3 
						3 3 3 3 3 3 3 3 3 3 3 3 3 3 3 3 3 3 3 3 3 3 3 3 3 3 3 3 3 3 3 3 3 3 3 3 3 3 3 3 3 3 3 3 3 3 3 3 3 3 3 3 3 3 3 3 3 3 3 3 3 3 3 3 
						3 3 3 3 3 3 3 3 3 3 3 3 3 3 3 3 3 3 3 3 3 3 3 3 3 3 3 3 3 3 3 3 3 3 3 3 3 3 3 3 3 3 3 3 3 3 3 3 3 3 3 3 3 3 3 3 3 3 3 3 3 3 3 3 
						3 3 3 3 3 3 3 3 3 3 3 3 3 3 3 3 3 3 3 3 3 3 3 3 3 3 3 3 3 3 3 3 3 3 3 3 3 3 3 3 3 3 3 3 3 3 3 3 3 3 3 3 3 3 3 3 3 3 3 3 3 3 3 3 
						3 3 3 3 3 3 3 3 3 3 3 3 3 3 3 3 3 3 3 3 3 3 3 3 3 3 3 3 3 3 3 3 3 3 3 3 3 3 3 3 3 3 3 3 3 3 3 3 3 3 3 3 3 3 3 3 3 3 3 3 3 3 3 3 
						3 3 3 3 3 3 3 3 3 3 3 3 3 3 3 3 3 3 3 3 3 3 3 3 3 3 3 3 3 3 3 3 3 3 3 3 3 3 3 3 3 3 3 3 3 3 3 3 3 3 3 3 3 3 3 3 3 3 3 3 3 3 3 3 
						3 3 3 3 3 3 3 3 3 3 3 3 3 3 3 3 3 3 3 3 3 3 3 3 3 3 3 3 3 3 3 3 3 3 3 3 3 3 3 3 3 3 3 3 3 3 3 3 3 3 3 3 3 3 3 3 3 3 3 3 3 3 3 3 
						3 3 3 3 3 3 3 3 3 3 3 3 3 3 3 3 3 3 3 3 3 3 3 3 3 3 3 3 3 3 3 3 3 3 3 3 3 3 3 3 3 3 3 3 3 3 3 3 3 3 3 3 3 3 3 3 3 3 3 3 3 3 3 3 
						3 3 3 3 3 3 3 3 3 3 3 3 3 3 3 3 3 3 3 3 3 3 3 3 3 3 3 3 3 3 3 3 3 3 3 3 3 3 3 3 3 3 3 3 3 3 3 3 3 3 3 3 3 3 3 3 3 3 3 3 3 3 3 3 
						3 3 3 3 3 3 3 3 3 3 3 3 3 3 3 3 3 3 3 3 3 3 3 3 3 3 3 3 3 3 3 3 3 3 3 3 3 3 3 3 3 3 3 3 3 3 3 3 3 3 3 3 3 3 3 3 3 3 3 3 3 3 3 3 
						3 3 3 3 3 3 3 3 3 3 3 3 3 3 3 3 3 3 3 3 3 3 3 3 3 3 3 3 3 3 3 3 3 3 3 3 3 3 3 3 3 3 3 3 3 3 3 3 3 3 3 3 3 3 3 3 3 3 3 3 3 3 3 3 
						3 3 3 3 3 3 3 3 3 3 3 3 3 3 3 3 3 3 3 3 3 3 3 3 3 3 3 3 3 3 3 3 3 3 3 3 3 3 3 3 3 3 3 3 3 3 3 3 3 3 3 3 3 3 3 3 3 3 3 3 3 3 3 3 
						3 3 3 3 3 3 3 3 3 3 3 3 3 3 3 3 3 3 3 3 3 3 3 3 3 3 3 3 3 3 3 3 3 3 3 3 3 3 3 3 3 3 3 3 3 3 3 3 3 3 3 3 3 3 3 3 3 3 3 3 3 3 3 3 
						3 3 3 3 3 3 3 3 3 3 3 3 3 3 3 3 3 3 3 3 3 3 3 3 3 3 3 3 3 3 3 3 3 3 3 3 3 3 3 3 3 3 3 3 3 3 3 3 3 3 3 3 3 3 3 3 3 3 3 3 3 3 3 3 
						3 3 3 3 3 3 3 3 3 3 3 3 3 3 3 3 3 3 3 3 3 3 3 3 3 3 3 3 3 3 3 3 3 3 3 3 3 3 3 3 3 3 3 3 3 3 3 3 3 3 3 3 3 3 3 3 3 3 3 3 3 3 3 3 
						3 3 3 3 3 3 3 3 3 3 3 3 3 3 3 3 3 3 3 3 3 3 3 3 3 3 3 3 3 3 3 3 3 3 3 3 3 3 3 3 3 3 3 3 3 3 3 3 3 3 3 3 3 3 3 3 3 3 3 3 3 3 3 3 
						3 3 3 3 3 3 3 3 3 3 3 3 3 3 3 3 3 3 3 3 3 3 3 3 3 3 3 3 3 3 3 3 3 3 3 3 3 3 3 3 3 3 3 3 3 3 3 3 3 3 3 3 3 3 3 3 3 3 3 3 3 3 3 3 
						3 3 3 3 3 3 3 3 3 3 3 3 3 3 3 3 3 3 3 3 3 3 3 3 3 3 3 3 3 3 3 3 3 3 3 3 3 3 3 3 3 3 3 3 3 3 3 3 3 3 3 3 3 3 3 3 3 3 3 3 3 3 3 3 
						3 3 3 3 3 3 3 3 3 3 3 3 3 3 3 3 3 3 3 3 3 3 3 3 3 3 3 3 3 3 3 3 3 3 3 3 3 3 3 3 3 3 3 3 3 3 3 3 3 3 3 3 3 3 3 3 3 3 3 3 3 3 3 3 
						3 3 3 3 3 3 3 3 3 3 3 3 3 3 3 3 3 3 3 3 3 3 3 3 3 3 3 3 3 3 3 3 3 3 3 3 3 3 3 3 3 3 3 3 3 3 3 3 3 3 3 3 3 3 3 3 3 3 3 3 3 3 3 3 
						3 3 3 3 3 3 3 3 3 3 3 3 3 3 3 3 3 3 3 3 3 3 3 3 3 3 3 3 3 3 3 3 3 3 3 3 3 3 3 3 3 3 3 3 3 3 3 3 3 3 3 3 3 3 3 3 3 3 3 3 3 3 3 3 
						3 3 3 3 3 3 3 3 3 3 3 3 3 3 3 3 3 3 3 3 3 3 3 3 3 3 3 3 3 3 3 3 3 3 3 3 3 3 3 3 3 3 3 3 3 3 3 3 3 3 3 3 3 3 3 3 3 3 3 3 3 3 3 3 
						3 3 
					</vcount>
					<p>
						3 0 1 1 2 3 4 5 6 7 8 9 13 10 11 11 12 13 17 14 15 15 16 17 21 18 19 19 20 21 25 22 23 23 24 25 29 26 27 27 28 29 33 30 31 31 32 33 37 34 35 35 36 37 41 38 39 39 40 41 45 42 43 43 44 45 49 46 47 47 48 49 50 51 52 53 54 51 52 51 54 58 55 56 56 57 58 62 59 60 60 61 62 66 63 64 64 65 66 70 67 68 68 69 70 74 71 72 72 73 74 78 75 76 76 77 78 82 79 80 80 81 82 86 83 84 84 85 86 90 87 88 88 89 90 94 91 92 92 93 94 95 96 97 98 99 96 99 97 96 103 100 101 101 102 103 107 104 105 105 106 107 111 108 109 109 110 111 115 112 113 113 114 115 119 116 117 117 118 119 123 120 121 121 122 123 124 125 126 126 125 127 
						125 128 127 132 129 130 130 131 132 136 133 134 134 135 136 140 137 138 138 139 140 141 142 143 142 144 143 144 145 143 149 146 147 147 148 149 153 150 151 151 152 153 157 154 155 155 156 157 161 158 159 159 160 161 165 162 163 163 164 165 169 166 167 167 168 169 173 170 171 171 172 173 177 174 175 175 176 177 181 178 179 179 180 181 185 182 183 183 184 185 189 186 187 187 188 189 193 190 191 191 192 193 197 194 195 195 196 197 201 198 199 199 200 201 205 202 203 203 204 205 209 206 207 207 208 209 213 210 211 211 212 213 217 214 215 215 216 217 221 218 219 219 220 221 225 222 223 223 224 225 229 226 227 227 228 229 233 230 231 231 232 233 237 234 235 235 236 237 241 238 239 239 240 241 245 242 243 243 244 245 249 246 247 247 248 249 253 250 251 251 252 253 
						257 254 255 255 256 257 261 258 259 259 260 261 265 262 263 263 264 265 269 266 267 267 268 269 273 270 271 271 272 273 277 274 275 275 276 277 281 278 279 279 280 281 285 282 283 283 284 285 289 286 287 287 288 289 293 290 291 291 292 293 297 294 295 295 296 297 301 298 299 299 300 301 305 302 303 303 304 305 309 306 307 307 308 309 313 310 311 311 312 313 316 314 186 186 315 316 320 317 318 318 319 320 324 321 322 322 323 324 328 325 326 326 327 328 332 329 330 330 331 332 336 333 334 334 335 336 340 337 338 338 339 340 344 341 342 342 343 344 348 345 346 346 347 348 352 349 350 350 351 352 356 353 354 354 355 356 360 357 358 358 359 360 364 361 362 362 363 364 368 365 366 366 367 368 372 369 370 370 371 372 376 373 374 374 375 376 380 377 378 378 379 380 
						384 381 382 382 383 384 388 385 386 386 387 388 392 389 390 390 391 392 396 393 394 394 395 396 400 397 398 398 399 400 404 401 402 402 403 404 408 405 406 406 407 408 412 409 410 410 411 412 416 413 414 414 415 416 420 417 418 418 419 420 424 421 422 422 423 424 428 425 426 426 427 428 432 429 430 430 431 432 436 433 434 434 435 436 440 437 438 438 439 440 444 441 442 442 443 444 448 445 446 446 447 448 452 449 450 450 451 452 456 453 454 454 455 456 460 457 458 458 459 460 464 461 462 462 463 464 468 465 466 466 467 468 472 469 470 470 471 472 476 473 474 474 475 476 480 477 478 478 479 480 484 481 482 482 483 484 488 485 486 486 487 488 492 489 490 490 491 492 496 493 494 494 495 496 500 497 498 498 499 500 504 501 502 502 503 504 508 505 506 506 507 508 
						512 509 510 510 511 512 516 513 514 514 515 516 520 517 518 518 519 520 524 521 522 522 523 524 528 525 526 526 527 528 532 529 530 530 531 532 536 533 534 534 535 536 540 537 538 538 539 540 544 541 542 542 543 544 548 545 546 546 547 548 549 550 551 555 552 553 553 554 555 559 556 557 557 558 559 563 560 561 561 562 563 564 565 566 570 567 568 568 569 570 571 572 573 577 574 575 575 576 577 581 578 579 579 580 581 585 582 583 583 584 585 589 586 587 587 588 589 593 590 591 591 592 593 597 594 595 595 596 597 601 598 599 599 600 601 605 602 603 603 604 605 609 606 607 607 608 609 613 610 611 611 612 613 617 614 615 615 616 617 621 618 619 619 620 621 625 622 623 623 624 625 629 626 627 627 628 629 633 630 631 631 632 633 637 634 635 635 636 637 641 638 639 
						639 640 641 645 642 643 643 644 645 649 646 647 647 648 649 653 650 651 651 652 653 657 654 655 655 656 657 661 658 659 659 660 661 665 662 663 663 664 665 669 666 667 667 668 669 673 670 671 671 672 673 677 674 675 675 676 677 681 678 679 679 680 681 685 682 683 683 684 685 689 686 687 687 688 689 693 690 691 691 692 693 697 694 695 695 696 697 701 698 699 699 700 701 702 703 704 703 705 704 705 706 704 706 707 704 707 708 704 708 709 704 709 710 704 714 711 712 712 713 714 718 715 716 716 717 718 720 719 715 715 718 720 724 721 722 722 723 724 726 725 721 721 724 726 730 727 728 728 729 730 732 731 727 727 730 732 736 733 734 734 735 736 740 737 738 738 739 740 744 741 742 742 743 744 748 745 746 746 747 748 752 749 750 750 751 752 756 753 754 754 755 756 
						760 757 758 758 759 760 764 761 762 762 763 764 766 765 761 761 764 766 770 767 768 768 769 770 774 771 772 772 773 774 775 776 777 777 776 778 778 776 779 779 776 780 780 776 781 781 776 782 776 783 782 784 785 786 786 785 787 785 788 787 788 789 787 789 790 787 790 791 787 791 792 787 796 793 794 794 795 796 800 797 798 798 799 800 804 801 802 802 803 804 808 805 806 806 807 808 812 809 810 810 811 812 816 813 814 814 815 816 817 818 819 818 820 819 819 820 821 821 820 822 822 820 823 823 820 824 820 825 824 829 826 827 827 828 829 833 830 831 831 832 833 834 835 836 835 837 836 836 837 838 837 839 838 839 840 838 840 841 838 842 843 844 848 845 846 846 847 848 852 849 850 850 851 852 853 854 855 853 855 856 860 857 858 858 859 860 861 862 863 864 865 866 
						870 867 868 868 869 870 874 871 872 872 873 874 878 875 876 876 877 878 882 879 880 880 881 882 886 883 884 884 885 886 890 887 888 888 889 890 894 891 892 892 893 894 898 895 896 896 897 898 902 899 900 900 901 902 906 903 904 904 905 906 910 907 908 908 909 910 914 911 912 912 913 914 918 915 916 916 917 918 922 919 920 920 921 922 926 923 924 924 925 926 930 927 928 928 929 930 934 931 932 932 933 934 938 935 936 936 937 938 942 939 940 940 941 942 946 943 944 944 945 946 950 947 948 948 949 950 954 951 952 952 953 954 958 955 956 956 957 958 962 959 960 960 961 962 966 963 964 964 965 966 970 967 968 968 969 970 974 971 972 972 973 974 978 975 976 976 977 978 982 979 980 980 981 982 986 983 984 984 985 986 990 987 988 988 989 990 994 991 992 992 993 994 
						998 995 996 996 997 998 1002 999 1000 1000 1001 1002 1006 1003 1004 1004 1005 1006 1010 1007 1008 1008 1009 1010 1014 1011 1012 1012 1013 1014 1018 1015 1016 1016 1017 1018 1022 1019 1020 1020 1021 1022 1026 1023 1024 1024 1025 1026 1030 1027 1028 1028 1029 1030 1031 1032 1033 1032 1034 1033 1033 1034 1035 1034 1036 1035 1036 1037 1035 1037 1038 1035 1042 1039 1040 1040 1041 1042 1046 1043 1044 1044 1045 1046 1047 1048 1049 1050 1051 1052 1053 1054 1055 1059 1056 1057 1057 1058 1059 1063 1060 1061 1061 1062 1063 1067 1064 1065 1065 1066 1067 1071 1068 1069 1069 1070 1071 1075 1072 1073 1073 1074 1075 1074 1076 1077 1077 1078 1074 1082 1079 1080 1080 1081 1082 1086 1083 1084 1084 1085 1086 1090 1087 1088 1088 1089 1090 1094 1091 1092 1092 1093 1094 1098 1095 1096 1096 1097 1098 1102 1099 1100 1100 1101 1102 1106 1103 1104 1104 1105 1106 1110 1107 1108 1108 1109 1110 1114 1111 1112 1112 1113 1114 1118 1115 1116 1116 1117 1118 1122 1119 1120 
						1120 1121 1122 1126 1123 1124 1124 1125 1126 1130 1127 1128 1128 1129 1130 1134 1131 1132 1132 1133 1134 1138 1135 1136 1136 1137 1138 1142 1139 1140 1140 1141 1142 1146 1143 1144 1144 1145 1146 1150 1147 1148 1148 1149 1150 1154 1151 1152 1152 1153 1154 1158 1155 1156 1156 1157 1158 1162 1159 1160 1160 1161 1162 1166 1163 1164 1164 1165 1166 1170 1167 1168 1168 1169 1170 1173 1166 1171 1171 1172 1173 1176 1170 1174 1174 1175 1176 1180 1177 1178 1178 1179 1180 1184 1181 1182 1182 1183 1184 1188 1185 1186 1186 1187 1188 1192 1189 1190 1190 1191 1192 1196 1193 1194 1194 1195 1196 1200 1197 1198 1198 1199 1200 1204 1201 1202 1202 1203 1204 1208 1205 1206 1206 1207 1208 1212 1209 1210 1210 1211 1212 1216 1213 1214 1214 1215 1216 1220 1217 1218 1218 1219 1220 1224 1221 1222 1222 1223 1224 1225 1226 1227 1226 1228 1227 1227 1228 1229 1228 1230 1229 1230 1231 1229 1231 1232 1229 1236 1233 1234 1234 1235 1236 1240 1237 1238 1238 1239 1240 1244 1241 1242 
						1242 1243 1244 1248 1245 1246 1246 1247 1248 1252 1249 1250 1250 1251 1252 1256 1253 1254 1254 1255 1256 1260 1257 1258 1258 1259 1260 1264 1261 1262 1262 1263 1264 1268 1265 1266 1266 1267 1268 1272 1269 1270 1270 1271 1272 1276 1273 1274 1274 1275 1276 1280 1277 1278 1278 1279 1280 1284 1281 1282 1282 1283 1284 1288 1285 1286 1286 1287 1288 1292 1289 1290 1290 1291 1292 1296 1293 1294 1294 1295 1296 1300 1297 1298 1298 1299 1300 1304 1301 1302 1302 1303 1304 1308 1305 1306 1306 1307 1308 1312 1309 1310 1310 1311 1312 1316 1313 1314 1314 1315 1316 1320 1317 1318 1318 1319 1320 1324 1321 1322 1322 1323 1324 1328 1325 1326 1326 1327 1328 1332 1329 1330 1330 1331 1332 1336 1333 1334 1334 1335 1336 1340 1337 1338 1338 1339 1340 1344 1341 1342 1342 1343 1344 1348 1345 1346 1346 1347 1348 1352 1349 1350 1350 1351 1352 1356 1353 1354 1354 1355 1356 1359 1352 1357 1357 1358 1359 1363 1360 1361 1361 1362 1363 1367 1364 1365 1365 1366 1367 1371 1368 1369 
						1369 1370 1371 1375 1372 1373 1373 1374 1375 1379 1376 1377 1377 1378 1379 1383 1380 1381 1381 1382 1383 1387 1384 1385 1385 1386 1387 1391 1388 1389 1389 1390 1391 1395 1392 1393 1393 1394 1395 1399 1396 1397 1397 1398 1399 1403 1400 1401 1401 1402 1403 1406 1399 1404 1404 1405 1406 1410 1407 1408 1408 1409 1410 1414 1411 1412 1412 1413 1414 1418 1415 1416 1416 1417 1418 1422 1419 1420 1420 1421 1422 1423 1424 1425 1424 1426 1425 1425 1426 1427 1426 1428 1427 1428 1429 1427 1429 1430 1427 1433 1252 1431 1431 1432 1433 1437 1434 1435 1435 1436 1437 1441 1438 1439 1439 1440 1441 1445 1442 1443 1443 1444 1445 1449 1446 1447 1447 1448 1449 1453 1450 1451 1451 1452 1453 1457 1454 1455 1455 1456 1457 1461 1458 1459 1459 1460 1461 1465 1462 1463 1463 1464 1465 1469 1466 1467 1467 1468 1469 1473 1470 1471 1471 1472 1473 1477 1474 1475 1475 1476 1477 1481 1478 1479 1479 1480 1481 1485 1482 1483 1483 1484 1485 1489 1486 1487 1487 1488 1489 1493 1490 1491 
						1491 1492 1493 1497 1494 1495 1495 1496 1497 1501 1498 1499 1499 1500 1501 1505 1502 1503 1503 1504 1505 1509 1506 1507 1507 1508 1509 1513 1510 1511 1511 1512 1513 1517 1514 1515 1515 1516 1517 1521 1518 1519 1519 1520 1521 1524 1517 1522 1522 1523 1524 1528 1525 1526 1526 1527 1528 1532 1529 1530 1530 1531 1532 1536 1533 1534 1534 1535 1536 1540 1537 1538 1538 1539 1540 1544 1541 1542 1542 1543 1544 1548 1545 1546 1546 1547 1548 1552 1549 1550 1550 1551 1552 1556 1553 1554 1554 1555 1556 1560 1557 1558 1558 1559 1560 1564 1561 1562 1562 1563 1564 1567 1560 1565 1565 1566 1567 1571 1568 1569 1569 1570 1571 1575 1572 1573 1573 1574 1575 1579 1576 1577 1577 1578 1579 1583 1580 1581 1581 1582 1583 1587 1584 1585 1585 1586 1587 1591 1588 1589 1589 1590 1591 1595 1592 1593 1593 1594 1595 1599 1596 1597 1597 1598 1599 1603 1600 1601 1601 1602 1603 1607 1604 1605 1605 1606 1607 1611 1608 1609 1609 1610 1611 1612 1613 1614 1615 1616 1617 1621 1618 1619 
						1619 1620 1621 1622 1623 1624 1625 1626 1627 1631 1628 1629 1629 1630 1631 1635 1632 1633 1633 1634 1635 1639 1636 1637 1637 1638 1639 1643 1640 1641 1641 1642 1643 1647 1644 1645 1645 1646 1647 1651 1648 1649 1649 1650 1651 1655 1652 1653 1653 1654 1655 1659 1656 1657 1657 1658 1659 1663 1660 1661 1661 1662 1663 1667 1664 1665 1665 1666 1667 1671 1668 1669 1669 1670 1671 1675 1672 1673 1673 1674 1675 1679 1676 1677 1677 1678 1679 1683 1680 1681 1681 1682 1683 1687 1684 1685 1685 1686 1687 1688 1689 1690 1691 1690 1692 1690 1689 1692 1696 1693 1694 1694 1695 1696 1700 1697 1698 1698 1699 1700 1704 1701 1702 1702 1703 1704 1708 1705 1706 1706 1707 1708 1709 1710 1711 1710 1682 1711 1682 1712 1711 1716 1713 1714 1714 1715 1716 1720 1717 1718 1718 1719 1720 1724 1721 1722 1722 1723 1724 1728 1725 1726 1726 1727 1728 1732 1729 1730 1730 1731 1732 1736 1733 1734 1734 1735 1736 1740 1737 1738 1738 1739 1740 1744 1741 1742 1742 1743 1744 1748 1745 1746 
						1746 1747 1748 1752 1749 1750 1750 1751 1752 1756 1753 1754 1754 1755 1756 1760 1757 1758 1758 1759 1760 1764 1761 1762 1762 1763 1764 1768 1765 1766 1766 1767 1768 1772 1769 1770 1770 1771 1772 1776 1773 1774 1774 1775 1776 1780 1777 1778 1778 1779 1780 1784 1781 1782 1782 1783 1784 1788 1785 1786 1786 1787 1788 1792 1789 1790 1790 1791 1792 1796 1793 1794 1794 1795 1796 1800 1797 1798 1798 1799 1800 1804 1801 1802 1802 1803 1804 1808 1805 1806 1806 1807 1808 1812 1809 1810 1810 1811 1812 1816 1813 1814 1814 1815 1816 1820 1817 1818 1818 1819 1820 1824 1821 1822 1822 1823 1824 1828 1825 1826 1826 1827 1828 1832 1829 1830 1830 1831 1832 1836 1833 1834 1834 1835 1836 1840 1837 1838 1838 1839 1840 1844 1841 1842 1842 1843 1844 1848 1845 1846 1846 1847 1848 1852 1849 1850 1850 1851 1852 1856 1853 1854 1854 1855 1856 1860 1857 1858 1858 1859 1860 1864 1861 1862 1862 1863 1864 1868 1865 1866 1866 1867 1868 1872 1869 1870 1870 1871 1872 1876 1873 1874 
						1874 1875 1876 1880 1877 1878 1878 1879 1880 1884 1881 1882 1882 1883 1884 1888 1885 1886 1886 1887 1888 1892 1889 1890 1890 1891 1892 1896 1893 1894 1894 1895 1896 1900 1897 1898 1898 1899 1900 1904 1901 1902 1902 1903 1904 1908 1905 1906 1906 1907 1908 1912 1909 1910 1910 1911 1912 1916 1913 1914 1914 1915 1916 1920 1917 1918 1918 1919 1920 1924 1921 1922 1922 1923 1924 1928 1925 1926 1926 1927 1928 1932 1929 1930 1930 1931 1932 1936 1933 1934 1934 1935 1936 1940 1937 1938 1938 1939 1940 1944 1941 1942 1942 1943 1944 1948 1945 1946 1946 1947 1948 1952 1949 1950 1950 1951 1952 1956 1953 1954 1954 1955 1956 1957 1958 1959 1963 1960 1961 1961 1962 1963 1967 1964 1965 1965 1966 1967 1971 1968 1969 1969 1970 1971 1975 1972 1973 1973 1974 1975 1979 1976 1977 1977 1978 1979 1983 1980 1981 1981 1982 1983 1987 1984 1985 1985 1986 1987 1991 1988 1989 1989 1990 1991 1995 1992 1993 1993 1994 1995 1999 1996 1997 1997 1998 1999 2003 2000 2001 2001 2002 2003 
						2007 2004 2005 2005 2006 2007 2011 2008 2009 2009 2010 2011 2015 2012 2013 2013 2014 2015 2019 2016 2017 2017 2018 2019 2023 2020 2021 2021 2022 2023 2027 2024 2025 2025 2026 2027 2031 2028 2029 2029 2030 2031 2035 2032 2033 2033 2034 2035 2039 2036 2037 2037 2038 2039 2040 2041 2042 2046 2043 2044 2044 2045 2046 2050 2047 2048 2048 2049 2050 2054 2051 2052 2052 2053 2054 2055 2056 2057 2061 2058 2059 2059 2060 2061 2062 2063 2064 2068 2065 2066 2066 2067 2068 2072 2069 2070 2070 2071 2072 2076 2073 2074 2074 2075 2076 2080 2077 2078 2078 2079 2080 2084 2081 2082 2082 2083 2084 2088 2085 2086 2086 2087 2088 2092 2089 2090 2090 2091 2092 2096 2093 2094 2094 2095 2096 2100 2097 2098 2098 2099 2100 2104 2101 2102 2102 2103 2104 2108 2105 2106 2106 2107 2108 2112 2109 2110 2110 2111 2112 2116 2113 2114 2114 2115 2116 2120 2117 2118 2118 2119 2120 2124 2121 2122 2122 2123 2124 2128 2125 2126 2126 2127 2128 2132 2129 2130 2130 2131 2132 2136 2133 2134 
						2134 2135 2136 2140 2137 2138 2138 2139 2140 2144 2141 2142 2142 2143 2144 2148 2145 2146 2146 2147 2148 2152 2149 2150 2150 2151 2152 2156 2153 2154 2154 2155 2156 2160 2157 2158 2158 2159 2160 2164 2161 2162 2162 2163 2164 2168 2165 2166 2166 2167 2168 2172 2169 2170 2170 2171 2172 2176 2173 2174 2174 2175 2176 2180 2177 2178 2178 2179 2180 2184 2181 2182 2182 2183 2184 2188 2185 2186 2186 2187 2188 2192 2189 2190 2190 2191 2192 2196 2193 2194 2194 2195 2196 2200 2197 2198 2198 2199 2200 2204 2201 2202 2202 2203 2204 2208 2205 2206 2206 2207 2208 2212 2209 2210 2210 2211 2212 2216 2213 2214 2214 2215 2216 2220 2217 2218 2218 2219 2220 2224 2221 2222 2222 2223 2224 2228 2225 2226 2226 2227 2228 2232 2229 2230 2230 2231 2232 2236 2233 2234 2234 2235 2236 2240 2237 2238 2238 2239 2240 2244 2241 2242 2242 2243 2244 2248 2245 2246 2246 2247 2248 2252 2249 2250 2250 2251 2252 2253 2254 2255 2259 2256 2257 2257 2258 2259 2263 2260 2261 2261 2262 2263 
						2267 2264 2265 2265 2266 2267 2271 2268 2269 2269 2270 2271 2275 2272 2273 2273 2274 2275 2279 2276 2277 2277 2278 2279 2283 2280 2281 2281 2282 2283 2287 2284 2285 2285 2286 2287 2288 2289 2290 2289 2291 2290 2290 2291 2292 2291 2293 2292 2293 2294 2292 2294 2295 2292 2296 2297 2298 2302 2299 2300 2300 2301 2302 2306 2303 2304 2304 2305 2306 2307 2308 2309 2307 2309 2310 2314 2311 2312 2312 2313 2314 2315 2316 2317 2318 2319 2320 2324 2321 2322 2322 2323 2324 2328 2325 2326 2326 2327 2328 2332 2329 2330 2330 2331 2332 2336 2333 2334 2334 2335 2336 2340 2337 2338 2338 2339 2340 2344 2341 2342 2342 2343 2344 2348 2345 2346 2346 2347 2348 2352 2349 2350 2350 2351 2352 2356 2353 2354 2354 2355 2356 2360 2357 2358 2358 2359 2360 2364 2361 2362 2362 2363 2364 2368 2365 2366 2366 2367 2368 2372 2369 2370 2370 2371 2372 2376 2373 2374 2374 2375 2376 2380 2377 2378 2378 2379 2380 2384 2381 2382 2382 2383 2384 2388 2385 2386 2386 2387 2388 2392 2389 2390 
						2390 2391 2392 2396 2393 2394 2394 2395 2396 2400 2397 2398 2398 2399 2400 2404 2401 2402 2402 2403 2404 2408 2405 2406 2406 2407 2408 2412 2409 2410 2410 2411 2412 2416 2413 2414 2414 2415 2416 2420 2417 2418 2418 2419 2420 2424 2421 2422 2422 2423 2424 2428 2425 2426 2426 2427 2428 2432 2429 2430 2430 2431 2432 2436 2433 2434 2434 2435 2436 2440 2437 2438 2438 2439 2440 2444 2441 2442 2442 2443 2444 2448 2445 2446 2446 2447 2448 2452 2449 2450 2450 2451 2452 2456 2453 2454 2454 2455 2456 2460 2457 2458 2458 2459 2460 2464 2461 2462 2462 2463 2464 2468 2465 2466 2466 2467 2468 2472 2469 2470 2470 2471 2472 2476 2473 2474 2474 2475 2476 2480 2477 2478 2478 2479 2480 2484 2481 2482 2482 2483 2484 2485 2486 2487 2486 2488 2487 2487 2488 2489 2488 2490 2489 2490 2491 2489 2491 2492 2489 2496 2493 2494 2494 2495 2496 2500 2497 2498 2498 2499 2500 2501 2502 2503 2504 2505 2506 2507 2508 2509 2513 2510 2511 2511 2512 2513 2516 2514 2303 2303 2515 2516 
						2520 2517 2518 2518 2519 2520 2524 2521 2522 2522 2523 2524 2528 2525 2526 2526 2527 2528 2532 2529 2530 2530 2531 2532 2536 2533 2534 2534 2535 2536 2540 2537 2538 2538 2539 2540 2544 2541 2542 2542 2543 2544 2548 2545 2546 2546 2547 2548 2552 2549 2550 2550 2551 2552 2556 2553 2554 2554 2555 2556 2560 2557 2558 2558 2559 2560 2564 2561 2562 2562 2563 2564 2568 2565 2566 2566 2567 2568 2572 2569 2570 2570 2571 2572 2576 2573 2574 2574 2575 2576 2580 2577 2578 2578 2579 2580 2584 2581 2582 2582 2583 2584 2588 2585 2586 2586 2587 2588 2592 2589 2590 2590 2591 2592 2596 2593 2594 2594 2595 2596 2600 2597 2598 2598 2599 2600 2604 2601 2602 2602 2603 2604 2608 2605 2606 2606 2607 2608 2612 2609 2610 2610 2611 2612 2616 2613 2614 2614 2615 2616 2620 2617 2618 2618 2619 2620 2624 2621 2622 2622 2623 2624 2628 2625 2626 2626 2627 2628 2632 2629 2630 2630 2631 2632 2636 2633 2634 2634 2635 2636 2640 2637 2638 2638 2639 2640 2644 2641 2642 2642 2643 2644 
						2648 2645 2646 2646 2647 2648 2652 2649 2650 2650 2651 2652 2656 2653 2654 2654 2655 2656 2660 2657 2658 2658 2659 2660 2664 2661 2662 2662 2663 2664 2668 2665 2666 2666 2667 2668 2672 2669 2670 2670 2671 2672 2676 2673 2674 2674 2675 2676 2680 2677 2678 2678 2679 2680 2681 2682 2683 2682 2684 2683 2683 2684 2685 2684 2686 2685 2686 2687 2685 2687 2688 2685 2692 2689 2690 2690 2691 2692 2696 2693 2694 2694 2695 2696 2700 2697 2698 2698 2699 2700 2704 2701 2702 2702 2703 2704 2708 2705 2706 2706 2707 2708 2712 2709 2710 2710 2711 2712 2716 2713 2714 2714 2715 2716 2720 2717 2718 2718 2719 2720 2724 2721 2722 2722 2723 2724 2728 2725 2726 2726 2727 2728 2732 2729 2730 2730 2731 2732 2736 2733 2734 2734 2735 2736 2740 2737 2738 2738 2739 2740 2744 2741 2742 2742 2743 2744 2748 2745 2746 2746 2747 2748 2752 2749 2750 2750 2751 2752 2756 2753 2754 2754 2755 2756 2760 2757 2758 2758 2759 2760 2764 2761 2762 2762 2763 2764 2768 2765 2766 2766 2767 2768 
						2772 2769 2770 2770 2771 2772 2776 2773 2774 2774 2775 2776 2780 2777 2778 2778 2779 2780 2784 2781 2782 2782 2783 2784 2788 2785 2786 2786 2787 2788 2792 2789 2790 2790 2791 2792 2796 2793 2794 2794 2795 2796 2800 2797 2798 2798 2799 2800 2804 2801 2802 2802 2803 2804 2808 2805 2806 2806 2807 2808 2812 2809 2810 2810 2811 2812 2816 2813 2814 2814 2815 2816 2820 2817 2818 2818 2819 2820 2824 2821 2822 2822 2823 2824 2828 2825 2826 2826 2827 2828 2832 2829 2830 2830 2831 2832 2836 2833 2834 2834 2835 2836 2840 2837 2838 2838 2839 2840 2844 2841 2842 2842 2843 2844 2848 2845 2846 2846 2847 2848 2852 2849 2850 2850 2851 2852 2856 2853 2854 2854 2855 2856 2860 2857 2858 2858 2859 2860 2864 2861 2862 2862 2863 2864 2868 2865 2866 2866 2867 2868 2872 2869 2870 2870 2871 2872 2876 2873 2874 2874 2875 2876 2880 2877 2878 2878 2879 2880 2881 2882 2883 2882 2884 2883 2883 2884 2885 2884 2886 2885 2886 2887 2885 2887 2888 2885 2892 2889 2890 2890 2891 2892 
						2896 2893 2894 2894 2895 2896 2900 2897 2898 2898 2899 2900 2904 2901 2902 2902 2903 2904 2908 2905 2906 2906 2907 2908 2912 2909 2910 2910 2911 2912 2915 2913 2697 2697 2914 2915 2919 2916 2917 2917 2918 2919 2923 2920 2921 2921 2922 2923 2927 2924 2925 2925 2926 2927 2931 2928 2929 2929 2930 2931 2935 2932 2933 2933 2934 2935 2939 2936 2937 2937 2938 2939 2943 2940 2941 2941 2942 2943 2947 2944 2945 2945 2946 2947 2951 2948 2949 2949 2950 2951 2955 2952 2953 2953 2954 2955 2959 2956 2957 2957 2958 2959 2963 2960 2961 2961 2962 2963 2967 2964 2965 2965 2966 2967 2971 2968 2969 2969 2970 2971 2975 2972 2973 2973 2974 2975 2979 2976 2977 2977 2978 2979 2983 2980 2981 2981 2982 2983 2987 2984 2985 2985 2986 2987 2991 2988 2989 2989 2990 2991 2995 2992 2993 2993 2994 2995 2999 2996 2997 2997 2998 2999 3003 3000 3001 3001 3002 3003 3007 3004 3005 3005 3006 3007 3011 3008 3009 3009 3010 3011 3015 3012 3013 3013 3014 3015 3019 3016 3017 3017 3018 3019 
						3023 3020 3021 3021 3022 3023 3027 3024 3025 3025 3026 3027 3031 3028 3029 3029 3030 3031 3035 3032 3033 3033 3034 3035 3039 3036 3037 3037 3038 3039 3043 3040 3041 3041 3042 3043 3047 3044 3045 3045 3046 3047 3051 3048 3049 3049 3050 3051 3055 3052 3053 3053 3054 3055 3059 3056 3057 3057 3058 3059 3063 3060 3061 3061 3062 3063 3067 3064 3065 3065 3066 3067 3071 3068 3069 3069 3070 3071 3072 3073 3074 3074 3073 3075 3075 3073 3076 3080 3077 3078 3078 3079 3080 3084 3081 3082 3082 3083 3084 3088 3085 3086 3086 3087 3088 3092 3089 3090 3090 3091 3092 3096 3093 3094 3094 3095 3096 3100 3097 3098 3098 3099 3100 3104 3101 3102 3102 3103 3104 3108 3105 3106 3106 3107 3108 3112 3109 3110 3110 3111 3112 1682 3113 3114 3113 3115 3114 3115 3116 3114 3117 3118 3119 3120 3121 3122 3126 3123 3124 3124 3125 3126 3129 3127 3128 3128 124 3129 3133 3130 3131 3131 3132 3133 3137 3134 3135 3135 3136 3137 3138 3139 3140 3141 3142 3143 3147 3144 3145 3145 3146 3147 
						3151 3148 3149 3149 3150 3151 
					</p>
				</polylist>
			</mesh>
		</geometry>
		<geometry id="meshId1" name="meshId1_name" >
			<mesh>
				<source id="meshId1-positions" name="meshId1-positions">
					<float_array id="meshId1-positions-array" count="324"> 
						95.852646 90.230743 5.515660 95.635712 89.906433 5.513883 102.063881 89.900871 5.519961 102.063881 89.900871 5.519961 102.064774 91.163605 5.526114 96.067261 90.675209 5.515660 95.852646 90.230743 5.515660 95.635712 89.906433 5.513883 95.852646 90.230743 5.515660 95.852646 90.230743 -6.437711 95.635971 89.906479 -6.435821 95.852646 92.096466 5.515660 95.636124 92.420578 5.513652 95.635910 92.420609 -6.435820 95.852646 92.096466 -6.437711 95.852646 92.096466 -6.437711 95.635910 92.420609 -6.435820 102.063881 92.426353 -6.442015 109.910629 91.510696 -6.903435 109.908447 91.512711 5.978953 102.062088 89.708893 5.979305 102.059174 89.705132 -6.902689 102.062088 89.708893 5.979305 109.908447 91.512711 5.978953 109.910187 92.066566 5.981299 102.058029 91.164215 5.981160 109.910187 92.066566 5.981299 109.908447 91.512711 5.978953 109.910629 91.510696 -6.903435 109.910187 92.066566 -6.903352 109.907883 92.619644 5.979027 109.910187 92.066566 5.981299 109.910187 92.066566 -6.903352 109.907883 92.619644 -6.901080 109.910187 92.066566 -6.903352 109.910629 91.510696 -6.903435 102.059174 89.705132 -6.902689 102.058029 91.164215 -6.903214 102.058029 91.164215 -6.903214 102.061493 92.620995 -6.901226 109.907883 92.619644 -6.901080 109.910187 92.066566 -6.903352 102.058029 91.164215 5.981160 102.064774 91.163605 5.526114 102.063881 89.900871 5.519961 102.062088 89.708893 5.979305 95.852646 90.230743 5.515660 96.067261 90.675209 5.515660 96.067261 90.675209 -6.437711 95.852646 90.230743 -6.437711 95.852646 92.096466 5.515660 102.064102 92.426338 5.520139 95.636124 92.420578 5.513652 96.141068 91.163605 5.515660 96.141068 91.163605 -6.437711 96.141068 91.163605 5.515660 96.067261 90.675209 5.515660 102.064774 91.163605 5.526114 96.067261 91.652000 5.515660 96.067261 91.652000 -6.437711 96.067261 91.652000 5.515660 95.852646 92.096466 5.515660 96.067261 91.652000 5.515660 102.064774 91.163605 5.526114 
						102.064102 92.426338 5.520139 95.852646 92.096466 5.515660 95.852646 92.096466 -6.437711 102.063881 89.900871 5.519961 95.635712 89.906433 5.513883 95.635971 89.906479 -6.435821 102.064102 89.900887 -6.442191 102.064102 89.900887 -6.442191 102.064774 91.163605 -6.448167 102.058029 91.164215 -6.903214 102.059174 89.705132 -6.902689 102.058029 91.164215 -6.903214 102.064774 91.163605 -6.448167 102.063881 92.426353 -6.442015 102.061493 92.620995 -6.901226 95.852646 90.230743 -6.437711 102.064102 89.900887 -6.442191 95.635971 89.906479 -6.435821 96.067261 91.652000 -6.437711 95.852646 92.096466 -6.437711 102.063881 92.426353 -6.442015 102.064774 91.163605 -6.448167 95.852646 90.230743 -6.437711 96.067261 90.675209 -6.437711 102.064774 91.163605 -6.448167 102.064102 89.900887 -6.442191 96.067261 90.675209 -6.437711 96.141068 91.163605 -6.437711 102.064774 91.163605 -6.448167 96.141068 91.163605 -6.437711 96.067261 91.652000 -6.437711 102.064774 91.163605 -6.448167 102.058029 91.164215 5.981160 109.910187 92.066566 5.981299 109.907883 92.619644 5.979027 102.061569 92.621010 5.979122 102.059174 89.705132 -6.902689 102.062088 89.708893 5.979305 102.063881 89.900871 5.519961 102.064102 89.900887 -6.442191 102.061569 92.621010 5.979122 102.064102 92.426338 5.520139 102.064774 91.163605 5.526114 102.058029 91.164215 5.981160 
					</float_array>
					<technique_common>
						<accessor count="108" offset="0" source="#meshId1-positions-array" stride="3">
							<param name="X" type="float" />
							<param name="Y" type="float" />
							<param name="Z" type="float" />
						</accessor>
					</technique_common>
				</source>
				<source id="meshId1-normals" name="meshId1-normals">
					<float_array id="meshId1-normals-array" count="324"> 
						-0.001107 -0.003824 0.999992 -0.000950 -0.004842 0.999988 -0.001162 -0.003467 0.999993 -0.001162 -0.003467 0.999993 -0.001181 -0.000052 0.999999 -0.001254 -0.002897 0.999995 -0.001107 -0.003824 0.999992 -0.831330 0.555780 -0.000008 -0.872113 0.489304 -0.000003 -0.872116 0.489299 -0.000003 -0.831330 0.555780 -0.000008 -0.872155 -0.489229 0.000003 -0.831397 -0.555679 0.000007 -0.831397 -0.555679 0.000007 -0.872152 -0.489234 0.000003 -0.001112 0.003915 -0.999992 -0.000968 0.005186 -0.999986 -0.001163 0.003469 -0.999993 0.224081 -0.974571 0.000213 0.224081 -0.974570 0.000213 0.224081 -0.974570 0.000213 0.224081 -0.974571 0.000213 0.000374 -0.002091 0.999998 0.000374 -0.002091 0.999998 0.000374 -0.002091 0.999998 0.000374 -0.002091 0.999998 0.999999 -0.001161 0.000085 0.999999 -0.001161 0.000085 0.999999 -0.001161 0.000085 0.999999 -0.001161 0.000085 0.999991 0.004180 0.000000 0.999991 0.004180 0.000000 0.999991 0.004180 0.000000 0.999991 0.004180 0.000000 -0.000019 -0.000218 -1.000000 -0.000019 -0.000218 -1.000000 -0.000019 -0.000218 -1.000000 -0.000019 -0.000218 -1.000000 -0.000121 0.002119 -0.999998 -0.000121 0.002119 -0.999998 -0.000121 0.002119 -0.999998 -0.000121 0.002119 -0.999998 -0.999954 -0.001139 -0.009575 -0.999954 -0.001139 -0.009575 -0.999895 0.014430 -0.001402 -0.999948 0.009301 -0.004095 -0.872113 0.489304 -0.000003 -0.955378 0.295385 0.000000 -0.955378 0.295385 0.000000 -0.872116 0.489299 -0.000003 -0.001136 0.003925 0.999992 -0.001179 0.003367 0.999994 -0.001014 0.005518 0.999984 -1.000000 0.000000 0.000000 -1.000000 0.000000 0.000000 -0.001765 0.000000 0.999998 -0.001254 -0.002897 0.999995 -0.001181 -0.000052 0.999999 -0.955378 -0.295385 0.000000 -0.955378 -0.295385 0.000000 -0.001268 0.002807 0.999995 -0.001136 0.003925 0.999992 -0.001268 0.002807 0.999995 -0.001181 -0.000052 0.999999 
						-0.001179 0.003367 0.999994 -0.872155 -0.489229 0.000003 -0.872152 -0.489234 0.000003 -0.000868 -1.000000 -0.000003 -0.000868 -1.000000 -0.000003 -0.000868 -1.000000 -0.000003 -0.000868 -1.000000 -0.000003 -0.999918 -0.000153 0.012772 -0.999918 -0.000153 0.012772 -0.999918 -0.000153 0.012772 -0.999918 -0.000153 0.012772 -0.999948 0.000924 0.010177 -0.999948 0.000924 0.010177 -0.999943 -0.010523 0.001596 -0.999967 -0.006819 0.004373 -0.001131 -0.003831 -0.999992 -0.001178 -0.003365 -0.999994 -0.000995 -0.005164 -0.999986 -0.001254 0.002897 -0.999995 -0.001112 0.003915 -0.999992 -0.001163 0.003469 -0.999993 -0.001181 0.000052 -0.999999 -0.001131 -0.003831 -0.999992 -0.001268 -0.002807 -0.999995 -0.001181 0.000052 -0.999999 -0.001178 -0.003365 -0.999994 -0.001268 -0.002807 -0.999995 -0.001765 0.000000 -0.999998 -0.001181 0.000052 -0.999999 -0.001765 0.000000 -0.999998 -0.001254 0.002897 -0.999995 -0.001181 0.000052 -0.999999 -0.000126 0.002144 0.999998 -0.000126 0.002144 0.999998 -0.000126 0.002144 0.999998 -0.000126 0.002144 0.999998 -0.999850 0.017301 0.000106 -0.999948 0.009301 -0.004095 -0.999895 0.014430 -0.001402 -0.999850 0.017301 0.000106 -0.999967 -0.006778 -0.004436 -0.999943 -0.010507 -0.001605 -0.999946 0.001027 -0.010361 -0.999946 0.001027 -0.010361 
					</float_array>
					<technique_common>
						<accessor count="108" offset="0" source="#meshId1-normals-array" stride="3">
							<param name="X" type="float" />
							<param name="Y" type="float" />
							<param name="Z" type="float" />
						</accessor>
					</technique_common>
				</source>
				<source id="meshId1-tangents" name="meshId1-tangents">
					<float_array id="meshId1-tangents-array" count="324"> 
						-0.006608 -0.999971 -0.003831 -0.006607 -0.999967 -0.004848 -0.006609 -0.999972 -0.003474 -0.006237 -0.999974 -0.003474 -0.005958 -0.999982 -0.000059 -0.006238 -0.999976 -0.002904 -0.006520 -0.999971 -0.003831 0.555774 0.831321 0.004554 0.489304 0.872113 -0.000143 0.489293 0.872106 -0.004854 0.555780 0.831330 -0.000143 -0.489222 0.872144 -0.005172 -0.555679 0.831397 -0.000153 -0.555672 0.831387 0.004850 -0.489234 0.872152 -0.000154 -0.062897 0.998012 0.003977 -0.062896 0.998006 0.005237 -0.062898 0.998014 0.003535 -0.000174 0.000179 1.000000 0.000029 0.000225 1.000000 0.000231 0.000272 1.000000 0.000029 0.000225 1.000000 -0.005656 -0.999982 -0.002089 -0.007971 -0.999966 -0.002088 -0.010287 -0.999945 -0.002087 -0.007971 -0.999966 -0.002088 -0.001162 -0.999990 0.004233 -0.001162 -0.999980 0.006164 -0.001162 -0.999967 0.008094 -0.001162 -0.999980 0.006164 0.004180 -0.999919 0.012021 0.004180 -0.999941 0.010066 0.004180 -0.999958 0.008110 0.004180 -0.999941 0.010066 -0.061700 0.998095 -0.000217 -0.061795 0.998089 -0.000217 -0.061890 0.998083 -0.000217 -0.061795 0.998089 -0.000217 -0.061475 0.998106 0.002122 -0.061577 0.998100 0.002122 -0.061680 0.998094 0.002122 -0.061577 0.998100 0.002122 0.001246 -0.999937 -0.011170 0.001245 -0.999938 -0.011064 -0.014413 -0.999833 -0.011194 -0.009254 -0.999893 -0.011311 0.489304 0.872113 0.000000 0.295385 0.955378 -0.000003 0.295385 0.955378 -0.000006 0.489299 0.872116 -0.000003 -0.006621 -0.999970 0.003917 -0.006620 -0.999972 0.003359 -0.006623 -0.999963 0.005511 0.000000 1.000000 0.000000 0.000000 1.000000 0.000000 -0.006596 -0.999978 -0.000012 -0.006592 -0.999974 -0.002905 -0.006596 -0.999978 -0.000060 -0.295385 0.955378 0.000000 -0.295385 0.955378 0.000000 -0.006595 -0.999974 0.002799 -0.006657 -0.999970 0.003917 -0.006950 -0.999972 0.002798 -0.007241 -0.999974 -0.000060 
						-0.006951 -0.999970 0.003358 -0.489229 0.872156 0.000000 -0.489234 0.872152 0.000000 -0.000017 -0.000003 1.000000 -0.000019 -0.000003 1.000000 -0.000021 -0.000003 1.000000 -0.000019 -0.000003 1.000000 0.000762 0.997431 0.071636 0.000760 0.997446 0.071422 0.000762 0.997431 0.071636 0.000765 0.997415 0.071850 0.001705 0.997030 0.076998 0.001706 0.997017 0.077161 -0.010369 0.996975 0.077023 -0.006462 0.997020 0.076867 -0.062969 0.998008 -0.003753 -0.062968 0.998010 -0.003284 -0.062970 0.998002 -0.005091 -0.062447 0.998044 0.002969 -0.062916 0.998011 0.003977 -0.062446 0.998042 0.003535 -0.061981 0.998077 0.000125 -0.063025 0.998005 -0.003753 -0.063485 0.997979 -0.002721 -0.063943 0.997954 0.000127 -0.063486 0.997977 -0.003283 -0.062935 0.998014 -0.002722 -0.062931 0.998018 0.000111 -0.062931 0.998018 0.000126 -0.062921 0.998018 0.000111 -0.062918 0.998014 0.002970 -0.062921 0.998018 0.000126 -0.007197 -0.999972 0.002143 -0.004863 -0.999986 0.002144 -0.002528 -0.999995 0.002144 -0.004863 -0.999986 0.002144 0.000111 0.000293 1.000000 -0.004093 0.000183 0.999992 -0.001401 0.000017 0.999999 0.000109 0.000144 1.000000 0.006796 -0.999968 -0.004187 0.010514 -0.999935 -0.004325 -0.000981 -0.999989 -0.004475 -0.000982 -0.999990 -0.004344 
					</float_array>
					<technique_common>
						<accessor count="108" offset="0" source="#meshId1-tangents-array" stride="3">
							<param name="X" type="float" />
							<param name="Y" type="float" />
							<param name="Z" type="float" />
						</accessor>
					</technique_common>
				</source>
				<source id="meshId1-bitangents" name="meshId1-bitangents">
					<float_array id="meshId1-bitangents-array" count="324"> 
						0.999978 -0.006612 0.001082 0.999978 -0.006612 0.000918 0.999977 -0.006613 0.001139 0.999980 -0.006241 0.001141 0.999982 -0.005958 0.001180 0.999980 -0.006241 0.001236 0.999978 -0.006525 0.001082 0.002537 0.003781 -0.999990 -0.000067 -0.000127 -1.000000 -0.002372 -0.004235 -0.999988 -0.000073 -0.000123 -1.000000 0.002528 -0.004513 -0.999987 0.000079 -0.000131 -1.000000 -0.002701 0.004028 -0.999988 0.000073 -0.000136 -1.000000 0.998019 0.062901 -0.000864 0.998020 0.062900 -0.000640 0.998019 0.062902 -0.000942 -0.974570 -0.224081 -0.000129 -0.974570 -0.224081 0.000079 -0.974570 -0.224081 0.000286 -0.974570 -0.224081 0.000079 0.999984 -0.005655 -0.000386 0.999968 -0.007970 -0.000391 0.999947 -0.010286 -0.000396 0.999968 -0.007970 -0.000391 0.000080 -0.004233 -0.999991 0.000078 -0.006164 -0.999981 0.000075 -0.008095 -0.999967 0.000078 -0.006164 -0.999981 0.000050 -0.012021 -0.999928 0.000042 -0.010066 -0.999949 0.000034 -0.008110 -0.999967 0.000042 -0.010066 -0.999949 0.998095 0.061700 -0.000032 0.998089 0.061795 -0.000032 0.998083 0.061890 -0.000032 0.998089 0.061795 -0.000032 0.998109 0.061475 0.000009 0.998102 0.061578 0.000010 0.998096 0.061680 0.000010 0.998102 0.061578 0.000010 -0.009562 -0.011181 0.999892 -0.009562 -0.011075 0.999893 -0.001563 -0.011173 0.999936 -0.004199 -0.011272 0.999928 0.000003 -0.000001 -1.000000 -0.000001 -0.000003 -1.000000 -0.000002 -0.000006 -1.000000 0.000002 -0.000004 -1.000000 0.999977 -0.006616 0.001162 0.999977 -0.006616 0.001201 0.999978 -0.006617 0.001050 0.000000 0.000000 -1.000000 0.000000 0.000000 -1.000000 0.999977 -0.006596 0.001765 0.999977 -0.006596 0.001235 0.999978 -0.006596 0.001180 0.000000 0.000000 -1.000000 0.000000 0.000000 -1.000000 0.999977 -0.006592 0.001286 0.999977 -0.006652 0.001162 0.999975 -0.006946 0.001287 0.999973 -0.007241 0.001180 
						0.999975 -0.006947 0.001202 -0.000003 -0.000001 -1.000000 -0.000003 -0.000001 -1.000000 -1.000000 0.000868 -0.000017 -1.000000 0.000868 -0.000019 -1.000000 0.000868 -0.000021 -1.000000 0.000868 -0.000019 -0.012750 0.071640 -0.997349 -0.012750 0.071426 -0.997364 -0.012750 0.071640 -0.997349 -0.012750 0.071854 -0.997334 -0.010076 0.077011 -0.996979 -0.010075 0.077174 -0.996967 -0.002401 0.077003 -0.997028 -0.004884 0.076836 -0.997032 0.998015 0.062964 -0.001370 0.998015 0.062964 -0.001388 0.998015 0.062964 -0.001319 0.998048 0.062450 -0.001071 0.998018 0.062920 -0.000864 0.998048 0.062450 -0.000944 0.998077 0.061981 -0.001175 0.998011 0.063021 -0.001370 0.997982 0.063481 -0.001444 0.997953 0.063943 -0.001175 0.997982 0.063481 -0.001390 0.998017 0.062931 -0.001442 0.998016 0.062932 -0.001762 0.998017 0.062931 -0.001175 0.998017 0.062921 -0.001762 0.998018 0.062922 -0.001070 0.998018 0.062922 -0.001175 0.999974 -0.007197 0.000141 0.999988 -0.004862 0.000136 0.999997 -0.002528 0.000131 0.999988 -0.004862 0.000136 0.017301 0.999850 -0.000295 0.009302 0.999957 -0.000145 0.014430 0.999896 0.000004 0.017301 0.999850 -0.000146 -0.004408 -0.004217 0.999981 -0.001559 -0.004342 0.999989 -0.010365 -0.004465 0.999936 -0.010365 -0.004334 0.999937 
					</float_array>
					<technique_common>
						<accessor count="108" offset="0" source="#meshId1-bitangents-array" stride="3">
							<param name="X" type="float" />
							<param name="Y" type="float" />
							<param name="Z" type="float" />
						</accessor>
					</technique_common>
				</source>
				<source id="meshId1-tex0" name="meshId1-tex0">
					<float_array id="meshId1-tex0-array" count="216"> 
						0.459129 0.566121 0.461238 0.564569 0.460935 0.611023 0.460935 0.611023 0.452764 0.610975 0.456243 0.567651 0.459129 0.566121 0.330553 0.496115 0.338876 0.496115 0.338876 0.728344 0.330553 0.728344 0.380018 0.496115 0.388336 0.496115 0.388337 0.728344 0.380018 0.728344 0.432184 0.562388 0.436073 0.559888 0.430375 0.641744 0.912198 0.728172 0.996709 0.728172 0.996709 0.792548 0.912198 0.792548 0.462152 0.613845 0.450079 0.670478 0.446496 0.670449 0.452740 0.613756 0.446496 0.670449 0.450079 0.670478 0.449488 0.749236 0.445892 0.749208 0.442919 0.670422 0.446496 0.670449 0.445892 0.749208 0.442314 0.749167 0.419018 0.746378 0.412681 0.745946 0.399006 0.644525 0.415638 0.645662 0.415638 0.645662 0.432239 0.646850 0.425325 0.746784 0.419018 0.746378 0.452740 0.613756 0.452764 0.610975 0.460935 0.611023 0.462152 0.613845 0.338876 0.496115 0.349262 0.496115 0.349262 0.728344 0.338876 0.728344 0.447061 0.566032 0.444594 0.610904 0.444976 0.564452 0.359447 0.496115 0.359447 0.728344 0.453080 0.568161 0.456243 0.567651 0.452764 0.610975 0.369633 0.496115 0.369633 0.728344 0.449925 0.567604 0.447061 0.566032 0.449925 0.567604 0.452764 0.610975 
						0.444594 0.610904 0.380018 0.496115 0.380018 0.728344 0.996709 0.793943 0.996709 0.845583 0.912198 0.845583 0.912198 0.793942 0.401582 0.639718 0.415977 0.640757 0.415638 0.645662 0.399006 0.644525 0.415638 0.645662 0.415977 0.640757 0.430375 0.641744 0.432239 0.646850 0.410920 0.560889 0.401582 0.639718 0.407418 0.557869 0.426925 0.564764 0.432184 0.562388 0.430375 0.641744 0.415977 0.640757 0.410920 0.560889 0.415793 0.563979 0.415977 0.640757 0.401582 0.639718 0.415793 0.563979 0.421293 0.565311 0.415977 0.640757 0.421293 0.565311 0.426925 0.564764 0.415977 0.640757 0.452740 0.613756 0.446496 0.670449 0.442919 0.670422 0.443318 0.613706 0.912198 0.792548 0.996709 0.792548 0.996709 0.793943 0.912198 0.793942 0.443318 0.613706 0.444594 0.610904 0.452764 0.610975 0.452740 0.613756 
					</float_array>
					<technique_common>
						<accessor count="108" offset="0" source="#meshId1-tex0-array" stride="2">
							<param name="S" type="float" />
							<param name="T" type="float" />
						</accessor>
					</technique_common>
				</source>
				<source id="meshId1-tex1" name="meshId1-tex1">
					<float_array id="meshId1-tex1-array" count="216"> 
						0.614692 0.786092 0.607454 0.791446 0.607454 0.632555 0.607454 0.632555 0.635331 0.632536 0.624525 0.780787 0.614692 0.786092 0.666275 0.622733 0.661230 0.622733 0.661230 0.481977 0.666275 0.481977 0.636297 0.622733 0.631255 0.622733 0.631255 0.481977 0.636297 0.481977 0.545249 0.787072 0.538015 0.792423 0.538015 0.633530 0.101672 0.673060 0.101672 0.809876 0.002441 0.809876 0.002441 0.673060 0.002441 0.491976 0.101672 0.491976 0.101672 0.503413 0.002441 0.497924 0.124619 0.388797 0.118399 0.388797 0.118399 0.252311 0.124619 0.252311 0.130821 0.388797 0.124619 0.388797 0.124619 0.252311 0.130821 0.252311 0.101672 0.662160 0.101672 0.673060 0.002441 0.673060 0.002441 0.668685 0.002441 0.668685 0.002441 0.651281 0.101672 0.651281 0.101672 0.662160 0.215458 0.252311 0.215448 0.257130 0.201257 0.257185 0.199065 0.252312 0.661230 0.622733 0.654936 0.622733 0.654936 0.481977 0.661230 0.481977 0.655971 0.786092 0.663206 0.632550 0.663206 0.791435 0.648763 0.622733 0.648763 0.481977 0.635331 0.778962 0.624525 0.780787 0.635331 0.632536 0.642590 0.622733 0.642590 0.481977 0.646137 0.780787 0.655971 0.786092 0.646137 0.780787 0.635331 0.632536 
						0.663206 0.632550 0.636297 0.622733 0.636297 0.481977 0.113208 0.378986 0.032691 0.378986 0.032691 0.252311 0.113208 0.252311 0.201254 0.383862 0.215402 0.383918 0.215410 0.388736 0.199065 0.388740 0.215410 0.388736 0.215402 0.383918 0.229550 0.383853 0.231729 0.388716 0.586531 0.787070 0.593767 0.633523 0.593767 0.792427 0.555084 0.781764 0.545249 0.787072 0.538015 0.633530 0.565890 0.633519 0.586531 0.787070 0.576697 0.781768 0.565890 0.633519 0.593767 0.633523 0.576697 0.781768 0.565890 0.779941 0.565890 0.633519 0.565890 0.779941 0.555084 0.781764 0.565890 0.633519 0.002441 0.497924 0.101672 0.503413 0.101672 0.509526 0.002441 0.514516 0.199065 0.388740 0.199065 0.252312 0.201257 0.257185 0.201254 0.383862 0.231779 0.252341 0.229596 0.257200 0.215448 0.257130 0.215458 0.252311 
					</float_array>
					<technique_common>
						<accessor count="108" offset="0" source="#meshId1-tex1-array" stride="2">
							<param name="S" type="float" />
							<param name="T" type="float" />
						</accessor>
					</technique_common>
				</source>
				<vertices id="meshId1-vertices">
					<input semantic="POSITION" source="#meshId1-positions" />
				</vertices>
				<polylist count="54" material="defaultMaterial">
					<input offset="0" semantic="VERTEX" source="#meshId1-vertices" />
					<input offset="0" semantic="NORMAL" source="#meshId1-normals" />
					<input offset="0" semantic="TANGENT" source="#meshId1-tangents" />
					<input offset="0" semantic="BINORMAL" source="#meshId1-bitangents" />
					<input offset="0" semantic="TEXCOORD" source="#meshId1-tex0" set="0" />
					<input offset="0" semantic="TEXCOORD" source="#meshId1-tex1" set="1" />
					<vcount>
						3 3 3 3 3 3 3 3 3 3 3 3 3 3 3 3 3 3 3 3 3 3 3 3 3 3 3 3 3 3 3 3 3 3 3 3 3 3 3 3 3 3 3 3 3 3 3 3 3 3 3 3 3 3 
					</vcount>
					<p>
						0 1 2 6 3 4 4 5 6 10 7 8 8 9 10 14 11 12 12 13 14 15 16 17 21 18 19 19 20 21 25 22 23 23 24 25 29 26 27 27 28 29 33 30 31 31 32 33 37 34 35 35 36 37 41 38 39 39 40 41 45 42 43 43 44 45 49 46 47 47 48 49 50 51 52 48 47 53 53 54 48 55 56 57 54 53 58 58 59 54 60 55 57 64 61 62 62 63 64 59 58 65 65 66 59 70 67 68 68 69 70 74 71 72 72 73 74 78 75 76 76 77 78 79 80 81 85 82 83 83 84 85 89 86 87 87 88 89 90 91 92 93 94 95 99 96 97 97 98 99 103 100 101 101 102 103 107 104 105 105 106 107 
					</p>
				</polylist>
			</mesh>
		</geometry>
		<geometry id="meshId2" name="meshId2_name" >
			<mesh>
				<source id="meshId2-positions" name="meshId2-positions">
					<float_array id="meshId2-positions-array" count="291"> 
						99.596771 104.500900 -6.461777 98.953156 105.408401 -6.461776 99.589401 105.408401 -6.482388 98.953156 105.408401 -6.461776 98.953156 106.124977 -6.461776 99.589401 106.124977 -6.482388 99.589401 105.408401 -6.482388 98.953156 106.124977 -6.461776 98.953156 105.408401 -6.461776 98.932541 105.408401 -0.457581 98.932541 106.124977 -0.457581 101.864616 105.408401 -6.455064 99.596771 104.500900 -6.461777 99.589401 105.408401 -6.482388 98.953156 105.408401 5.546617 98.953156 106.124977 5.546617 98.932541 106.124977 -0.457581 98.932541 105.408401 -0.457581 98.953156 106.124977 5.546617 98.953156 105.408401 5.546617 99.589401 105.408401 5.567227 99.589401 106.124977 5.567227 98.953156 105.408401 5.546617 99.596771 104.500900 5.546617 99.596771 104.500900 5.546617 101.864616 105.408401 5.539903 99.589401 105.408401 5.567227 103.695953 107.273720 -0.457581 99.589401 107.288551 -0.457581 99.589401 107.273720 5.552394 103.678833 107.273720 5.535264 99.589401 106.124977 -6.482388 98.953156 106.124977 -6.461776 98.964508 107.273720 -6.450424 99.589401 107.273720 -6.467556 98.964508 107.273720 5.535264 98.947372 107.273720 -0.457581 98.964508 107.273720 5.535264 99.589401 106.124977 5.567227 99.589401 107.273720 5.552394 99.589401 107.273720 -6.467556 98.964508 107.273720 -6.450424 98.947372 107.273720 -0.457581 99.589401 107.288551 -0.457581 103.695953 107.273720 -0.457581 103.678833 107.273720 -6.450424 99.589401 107.288551 -0.457581 98.964508 107.273720 5.535264 99.589401 107.288551 -0.457581 98.947372 107.273720 -0.457581 99.596771 104.500900 -6.461777 99.596054 104.498398 -0.457581 98.953156 105.408401 -6.461776 99.596771 104.500900 -6.461777 101.864616 105.408401 -6.455064 101.891937 105.408401 -0.457581 99.596054 104.498398 -0.457581 99.596054 104.498398 -0.457581 99.596771 104.500900 5.546617 98.932541 105.408401 -0.457581 99.596771 104.500900 5.546617 99.596054 104.498398 -0.457581 101.891937 105.408401 -0.457581 101.864616 105.408401 5.539903 
						103.683350 106.143723 -6.461751 99.589401 106.124977 -6.482388 99.589401 107.273720 -6.467556 103.678833 107.273720 -6.450424 99.589401 106.124977 -6.482388 103.683350 106.143723 -6.461751 101.864616 105.408401 -6.455064 99.589401 105.408401 -6.482388 103.703857 106.129700 -0.457581 101.891937 105.408401 -0.457581 101.864616 105.408401 -6.455064 103.683350 106.143723 -6.461751 101.864616 105.408401 5.539903 101.891937 105.408401 -0.457581 103.703857 106.129700 -0.457581 103.683350 106.143723 5.546591 103.683350 106.143723 5.546591 99.589401 106.124977 5.567227 101.864616 105.408401 5.539903 99.589401 106.124977 5.567227 103.683350 106.143723 5.546591 103.678833 107.273720 5.535264 99.589401 107.273720 5.552394 103.703857 106.129700 -0.457581 103.695953 107.273720 -0.457581 103.678833 107.273720 5.535264 103.683350 106.143723 5.546591 98.947372 107.273720 -0.457581 98.964508 107.273720 -6.450424 103.678833 107.273720 -6.450424 103.695953 107.273720 -0.457581 103.703857 106.129700 -0.457581 103.683350 106.143723 -6.461751 
					</float_array>
					<technique_common>
						<accessor count="97" offset="0" source="#meshId2-positions-array" stride="3">
							<param name="X" type="float" />
							<param name="Y" type="float" />
							<param name="Z" type="float" />
						</accessor>
					</technique_common>
				</source>
				<source id="meshId2-normals" name="meshId2-normals">
					<float_array id="meshId2-normals-array" count="291"> 
						0.006482 -0.022653 -0.999722 -0.032379 -0.006379 -0.999455 0.001375 -0.015292 -0.999882 -0.032379 -0.006379 -0.999455 -0.030870 0.007065 -0.999498 0.000292 0.003590 -0.999994 0.001375 -0.015292 -0.999882 -0.999970 0.007006 -0.003257 -0.927726 -0.373253 -0.002403 -0.927872 -0.372892 -0.002405 -0.999975 0.007023 0.000000 0.007829 -0.014585 -0.999863 0.006482 -0.022653 -0.999722 0.001375 -0.015292 -0.999882 -0.927725 -0.373256 0.002403 -0.999970 0.007006 0.003257 -0.999975 0.007023 0.000000 -0.927871 -0.372895 0.002405 -0.030868 0.007065 0.999498 -0.032377 -0.006380 0.999455 0.001375 -0.015292 0.999882 0.000292 0.003590 0.999994 -0.032377 -0.006380 0.999455 0.006482 -0.022653 0.999722 0.006482 -0.022653 0.999722 0.007829 -0.014585 0.999863 0.001375 -0.015292 0.999882 0.001812 0.999998 0.001238 0.000000 0.999999 0.001240 0.000023 0.999999 0.001240 0.001812 0.999998 0.001238 0.000292 0.003590 -0.999994 -0.030870 0.007065 -0.999498 -0.029913 0.011539 -0.999486 -0.000054 0.011496 -0.999934 -0.999930 0.011408 0.003146 -0.999935 0.011408 0.000000 -0.029911 0.011540 0.999486 0.000292 0.003590 0.999994 -0.000054 0.011496 0.999934 0.000023 0.999999 -0.001240 -0.011723 0.999931 -0.001252 -0.011723 0.999931 -0.001252 0.000000 0.999999 -0.001240 0.001812 0.999998 -0.001238 0.001812 0.999998 -0.001238 0.000000 0.999999 -0.001240 -0.011723 0.999931 0.001253 0.000000 0.999999 0.001240 -0.011723 0.999931 0.001253 -0.811848 -0.583867 -0.001564 -0.811848 -0.583867 -0.001564 -0.927726 -0.373253 -0.002403 0.369988 -0.929036 -0.001014 0.371032 -0.928618 -0.001700 0.371038 -0.928616 -0.001704 0.369988 -0.929036 -0.001014 -0.811845 -0.583870 0.001564 -0.811845 -0.583870 0.001564 -0.927871 -0.372895 0.002405 0.369990 -0.929035 0.001014 0.369990 -0.929035 0.001014 0.371039 -0.928616 0.001704 0.371033 -0.928618 0.001701 
						0.004907 0.008760 -0.999950 0.000292 0.003590 -0.999994 -0.000054 0.011496 -0.999934 0.004589 0.011488 -0.999923 0.000292 0.003590 -0.999994 0.004907 0.008760 -0.999950 0.007829 -0.014585 -0.999863 0.001375 -0.015292 -0.999882 0.372349 -0.928089 -0.002567 0.371038 -0.928616 -0.001704 0.371032 -0.928618 -0.001700 0.372349 -0.928089 -0.002567 0.371033 -0.928618 0.001701 0.371039 -0.928616 0.001704 0.372348 -0.928089 0.002567 0.372348 -0.928089 0.002567 0.004907 0.008761 0.999950 0.000292 0.003590 0.999994 0.007829 -0.014585 0.999863 0.000292 0.003590 0.999994 0.004907 0.008761 0.999950 0.004588 0.011488 0.999923 -0.000054 0.011496 0.999934 0.999985 0.005472 -0.000000 0.999985 0.005472 -0.000000 0.999980 0.005468 0.003131 0.999980 0.005468 0.003131 -0.999935 0.011408 0.000000 -0.999930 0.011408 -0.003146 0.999980 0.005477 -0.003131 0.999985 0.005472 -0.000000 0.999985 0.005472 -0.000000 0.999980 0.005477 -0.003131 
					</float_array>
					<technique_common>
						<accessor count="97" offset="0" source="#meshId2-normals-array" stride="3">
							<param name="X" type="float" />
							<param name="Y" type="float" />
							<param name="Z" type="float" />
						</accessor>
					</technique_common>
				</source>
				<source id="meshId2-tangents" name="meshId2-tangents">
					<float_array id="meshId2-tangents-array" count="291"> 
						-0.999977 -0.001915 -0.006440 -0.999475 -0.001033 0.032386 -0.999998 -0.001550 -0.001351 -0.999475 -0.001020 0.032386 -0.999523 -0.001081 0.030863 -0.999999 -0.001046 -0.000296 -0.999998 -0.001608 -0.001351 0.003257 0.000001 -0.999995 0.002708 -0.000292 -0.999996 0.002709 -0.000291 -0.999996 0.000000 0.000024 -1.000000 -0.999969 -0.001295 -0.007811 -0.999978 -0.001231 -0.006455 -0.999998 -0.001194 -0.001357 -0.002708 0.000292 -0.999996 -0.003257 -0.000001 -0.999995 -0.000000 -0.000024 -1.000000 -0.002709 0.000291 -0.999996 -0.999523 -0.000130 -0.030868 -0.999476 -0.000060 -0.032378 -0.999999 -0.000496 0.001368 -1.000000 0.000057 0.000292 -0.999476 0.000020 -0.032378 -0.999979 -0.000860 0.006464 -0.999979 -0.000160 0.006480 -0.999969 -0.000224 0.007826 -0.999999 -0.000122 0.001373 0.002862 0.001233 -0.999995 0.001430 0.001240 -0.999998 -0.000000 0.001240 -0.999999 0.001430 0.001236 -0.999998 -0.999999 -0.001090 -0.000296 -0.999523 -0.001176 0.030862 -0.999552 -0.001198 0.029901 -1.000000 -0.000895 0.000043 -0.003147 0.000000 -0.999995 -0.000000 -0.000033 -1.000000 -0.999553 -0.000152 -0.029911 -1.000000 -0.000044 0.000292 -1.000000 0.000154 -0.000055 0.000000 -0.001240 -0.999999 0.001430 -0.001236 -0.999998 0.002874 -0.001219 -0.999995 0.001430 -0.001240 -0.999998 -0.002862 -0.001233 -0.999995 -0.001430 -0.001236 -0.999998 -0.001430 -0.001240 -0.999998 -0.001430 0.001236 -0.999998 -0.001430 0.001240 -0.999998 -0.002874 0.001219 -0.999995 0.001114 0.001130 -0.999999 0.001777 0.000208 -0.999998 0.002405 0.000461 -0.999997 -0.000126 0.001041 -0.999999 -0.002471 0.000844 -0.999997 -0.004561 0.000013 -0.999990 -0.002217 0.000208 -0.999997 -0.001114 -0.001130 -0.999999 -0.001777 -0.000208 -0.999998 -0.002406 -0.000461 -0.999997 0.000126 -0.001041 -0.999999 0.002217 -0.000208 -0.999997 0.004561 -0.000013 -0.999990 0.002471 -0.000844 -0.999997 
						-0.999971 -0.005758 -0.004958 -0.999994 -0.003496 -0.000305 -0.999999 -0.001252 0.000039 -0.999983 -0.003480 -0.004629 -0.999994 -0.003583 -0.000305 -0.999971 -0.005769 -0.004958 -0.999964 -0.003543 -0.007778 -0.999998 -0.001177 -0.001357 -0.003091 0.001526 -0.999994 -0.003667 0.000370 -0.999993 -0.004559 0.000009 -0.999990 -0.003985 0.001167 -0.999991 0.004559 -0.000010 -0.999990 0.003667 -0.000370 -0.999993 0.003091 -0.001526 -0.999994 0.003986 -0.001167 -0.999991 -0.999977 -0.004730 0.004948 -0.999997 -0.002535 0.000301 -0.999967 -0.002495 0.007793 -0.999989 -0.004747 0.000309 -0.999985 -0.002438 0.004928 -0.999990 -0.000146 0.004590 -0.999997 -0.002494 -0.000025 0.000006 -0.001184 -0.999999 0.000000 -0.000016 -1.000000 0.003138 -0.001167 -0.999994 0.003144 -0.002336 -0.999992 0.000000 0.000033 -1.000000 0.003147 -0.000000 -0.999995 -0.003138 0.001167 -0.999994 -0.000000 0.000016 -1.000000 -0.000006 0.001184 -0.999999 -0.003144 0.002336 -0.999992 
					</float_array>
					<technique_common>
						<accessor count="97" offset="0" source="#meshId2-tangents-array" stride="3">
							<param name="X" type="float" />
							<param name="Y" type="float" />
							<param name="Z" type="float" />
						</accessor>
					</technique_common>
				</source>
				<source id="meshId2-bitangents" name="meshId2-bitangents">
					<float_array id="meshId2-bitangents-array" count="291"> 
						-0.001768 0.999742 -0.022665 -0.001239 0.999979 -0.006343 -0.001529 0.999882 -0.015294 -0.001226 0.999979 -0.006343 -0.000862 0.999974 0.007095 -0.001047 0.999993 0.003589 -0.001587 0.999882 -0.015294 -0.007006 -0.999975 -0.000024 0.373251 -0.927729 0.001282 0.372890 -0.927875 0.001280 -0.007023 -0.999975 -0.000024 -0.001181 0.999893 -0.014594 -0.001084 0.999743 -0.022660 -0.001173 0.999882 -0.015293 0.373254 -0.927728 -0.001282 -0.007006 -0.999975 0.000024 -0.007023 -0.999975 0.000024 0.372893 -0.927874 -0.001280 -0.000088 -0.999975 0.007066 0.000267 -0.999980 -0.006374 0.000475 -0.999883 -0.015293 -0.000056 -0.999994 0.003590 0.000186 -0.999980 -0.006377 0.000714 -0.999743 -0.022658 0.000013 -0.999743 -0.022653 0.000110 -0.999894 -0.014587 0.000101 -0.999883 -0.015292 -0.999994 0.001816 -0.002859 -0.999999 0.000002 -0.001430 -1.000000 0.000023 0.000000 -0.999997 0.001814 -0.001427 -0.001091 0.999993 0.003589 -0.000958 0.999974 0.007098 -0.000853 0.999933 0.011570 -0.000894 0.999933 0.011496 -0.011408 -0.999935 0.000036 -0.011408 -0.999935 0.000033 -0.000193 -0.999933 0.011539 0.000045 -0.999994 0.003590 -0.000155 -0.999934 0.011496 -1.000000 0.000023 -0.000000 -0.999930 -0.011725 -0.001415 -0.999927 -0.011726 -0.002859 -0.999999 -0.000002 -0.001430 -0.999994 0.001816 0.002859 -0.999997 0.001814 0.001427 -0.999999 0.000002 0.001430 -0.999930 -0.011725 0.001415 -0.999999 -0.000002 0.001430 -0.999927 -0.011726 0.002859 0.583868 -0.811848 -0.000267 0.583867 -0.811849 0.000869 0.373253 -0.927729 0.000470 0.929036 0.369988 0.000268 0.928617 0.371035 -0.001981 0.928606 0.371042 -0.004230 0.929034 0.369990 -0.001982 0.583871 -0.811846 0.000267 0.583870 -0.811847 -0.000869 0.372895 -0.927873 -0.000470 0.929036 0.369990 -0.000268 0.929033 0.369991 0.001982 0.928606 0.371043 0.004230 0.928616 0.371036 0.001981 
						-0.005801 0.999945 0.008732 -0.003497 0.999987 0.003589 -0.001251 0.999933 0.011496 -0.003533 0.999928 0.011472 -0.003584 0.999987 0.003589 -0.005812 0.999945 0.008732 -0.003429 0.999887 -0.014612 -0.001156 0.999882 -0.015293 0.928088 0.372354 -0.002301 0.928610 0.371042 -0.003268 0.928609 0.371036 -0.004230 0.928084 0.372356 -0.003264 0.928608 0.371037 0.004230 0.928610 0.371043 0.003268 0.928088 0.372354 0.002301 0.928085 0.372355 0.003264 0.004773 -0.999950 0.008737 0.002536 -0.999990 0.003589 0.002381 -0.999891 -0.014605 0.004748 -0.999982 0.003588 0.002481 -0.999959 0.008748 0.000199 -0.999934 0.011488 0.002494 -0.999931 0.011496 -0.005472 0.999984 -0.001184 -0.005472 0.999985 -0.000016 -0.005464 0.999984 -0.001184 -0.005460 0.999982 -0.002353 -0.011408 -0.999935 -0.000033 -0.011408 -0.999935 -0.000036 -0.005473 0.999984 0.001184 -0.005472 0.999985 0.000016 -0.005472 0.999984 0.001184 -0.005470 0.999982 0.002353 
					</float_array>
					<technique_common>
						<accessor count="97" offset="0" source="#meshId2-bitangents-array" stride="3">
							<param name="X" type="float" />
							<param name="Y" type="float" />
							<param name="Z" type="float" />
						</accessor>
					</technique_common>
				</source>
				<source id="meshId2-tex0" name="meshId2-tex0">
					<float_array id="meshId2-tex0-array" count="194"> 
						0.987939 0.886770 0.997956 0.900927 0.988036 0.900917 0.997956 0.900927 0.997852 0.912239 0.988021 0.912227 0.988036 0.900917 0.995018 0.702086 0.995018 0.706622 0.957029 0.706622 0.957029 0.702086 0.952577 0.900869 0.987939 0.886770 0.988036 0.900917 0.919039 0.706622 0.919039 0.702086 0.957029 0.702086 0.957029 0.706622 0.978844 0.865061 0.978925 0.875068 0.970151 0.875068 0.970148 0.865062 0.978925 0.875068 0.970051 0.887580 0.970051 0.887580 0.938787 0.875076 0.970151 0.875068 0.957029 0.664868 0.957029 0.690803 0.919039 0.690803 0.919039 0.664868 0.988021 0.912227 0.997852 0.912239 0.997831 0.929997 0.988000 0.929986 0.919039 0.694814 0.957029 0.694814 0.978842 0.849354 0.970148 0.865062 0.970146 0.849355 0.995018 0.690803 0.995018 0.694814 0.957029 0.694814 0.957029 0.690803 0.957029 0.664868 0.995018 0.664868 0.957029 0.690803 0.919039 0.694814 0.957029 0.690803 0.957029 0.694814 0.995018 0.713707 0.957029 0.713707 0.995018 0.706622 0.995018 0.629741 0.995018 0.645282 0.957029 0.645282 0.957029 0.629741 0.957029 0.713707 0.919039 0.713707 0.957029 0.706622 0.919039 0.629741 0.957029 0.629741 0.957029 0.645282 0.919039 0.645282 
						0.924256 0.912151 0.988021 0.912227 0.988000 0.929986 0.924234 0.929910 0.988021 0.912227 0.924256 0.912151 0.952577 0.900869 0.988036 0.900917 0.957029 0.657671 0.957029 0.645282 0.995018 0.645282 0.995018 0.657671 0.919039 0.645282 0.957029 0.645282 0.957029 0.657671 0.919039 0.657671 0.913748 0.865071 0.970148 0.865062 0.938787 0.875076 0.970148 0.865062 0.913748 0.865071 0.913745 0.849364 0.970146 0.849355 0.957029 0.657671 0.957029 0.664868 0.919039 0.664868 0.919039 0.657671 0.957029 0.694814 0.995018 0.694814 0.995018 0.664868 0.957029 0.664868 0.957029 0.657671 0.995018 0.657671 
					</float_array>
					<technique_common>
						<accessor count="97" offset="0" source="#meshId2-tex0-array" stride="2">
							<param name="S" type="float" />
							<param name="T" type="float" />
						</accessor>
					</technique_common>
				</source>
				<vertices id="meshId2-vertices">
					<input semantic="POSITION" source="#meshId2-positions" />
				</vertices>
				<polylist count="52" material="defaultMaterial">
					<input offset="0" semantic="VERTEX" source="#meshId2-vertices" />
					<input offset="0" semantic="NORMAL" source="#meshId2-normals" />
					<input offset="0" semantic="TANGENT" source="#meshId2-tangents" />
					<input offset="0" semantic="BINORMAL" source="#meshId2-bitangents" />
					<input offset="0" semantic="TEXCOORD" source="#meshId2-tex0" set="0" />
					<vcount>
						3 3 3 3 3 3 3 3 3 3 3 3 3 3 3 3 3 3 3 3 3 3 3 3 3 3 3 3 3 3 3 3 3 3 3 3 3 3 3 3 3 3 3 3 3 3 3 3 3 3 3 3 
					</vcount>
					<p>
						0 1 2 6 3 4 4 5 6 10 7 8 8 9 10 11 12 13 17 14 15 15 16 17 21 18 19 19 20 21 22 23 20 24 25 26 30 27 28 28 29 30 34 31 32 32 33 34 36 16 15 15 35 36 39 37 18 18 38 39 43 40 41 41 42 43 46 44 45 45 40 46 49 47 29 29 48 49 52 50 51 51 9 52 56 53 54 54 55 56 59 57 58 58 14 59 63 60 61 61 62 63 67 64 65 65 66 67 71 68 69 69 70 71 75 72 73 73 74 75 79 76 77 77 78 79 82 80 81 81 26 82 86 83 84 84 85 86 90 87 88 88 89 90 7 10 91 91 92 7 96 93 94 94 95 96 
					</p>
				</polylist>
			</mesh>
		</geometry>
		<geometry id="meshId3" name="meshId3_name" >
			<mesh>
				<source id="meshId3-positions" name="meshId3-positions">
					<float_array id="meshId3-positions-array" count="312"> 
						104.796066 105.744484 2.855412 103.357803 106.255104 2.842019 103.357803 106.255104 -3.698642 104.796066 105.744484 -3.712036 105.664673 106.305847 2.855412 103.368683 107.225449 2.843941 103.357803 106.255104 2.842019 104.796066 105.744484 2.855412 114.829758 100.233353 2.855412 115.775879 99.246193 2.842672 115.776382 99.246193 -3.699968 114.829758 100.233353 -3.712036 104.796066 105.744484 2.855412 106.540009 105.067841 2.855412 107.359207 105.572678 2.855412 105.664673 106.305847 2.855412 105.664886 106.305756 -3.712036 104.796066 105.744484 -3.712036 103.357803 106.255104 -3.698642 103.368332 107.184219 -3.700684 103.368683 107.225449 2.843941 105.664673 106.305847 2.855412 105.664886 106.305756 -3.712036 103.368332 107.184219 -3.700684 114.829758 100.233353 2.855412 114.147797 99.987564 2.855412 115.189087 98.633820 2.838611 115.775879 99.246193 2.842672 106.540009 105.067841 2.855412 108.233673 104.272507 2.855412 108.997055 104.721931 2.855412 107.359207 105.572678 2.855412 108.233673 104.272507 2.855412 109.868591 103.362450 2.855412 110.570663 103.757553 2.855412 108.997055 104.721931 2.855412 109.868591 103.362450 2.855412 111.436966 102.342010 2.855412 112.072205 102.684418 2.855412 110.570663 103.757553 2.855412 111.436966 102.342010 2.855412 112.932220 101.215347 2.855412 113.494156 101.507835 2.855412 112.072205 102.684418 2.855412 112.932220 101.215347 2.855412 114.147797 99.987564 2.855412 114.829758 100.233353 2.855412 113.494156 101.507835 2.855412 115.189087 98.633820 2.838611 114.147797 99.987564 2.855412 114.147797 99.987564 -3.712036 115.187805 98.632217 -3.697249 105.664886 106.305756 -3.712036 107.359207 105.572678 -3.712036 106.540009 105.067841 -3.712036 104.796066 105.744484 -3.712036 107.359207 105.572678 2.855412 107.359207 105.572678 -3.712036 105.664673 106.305847 2.855412 112.932220 101.215347 2.855412 112.932220 101.215347 -3.712036 114.147797 99.987564 2.855412 114.147797 99.987564 -3.712036 114.829758 100.233353 -3.712036 
						115.776382 99.246193 -3.699968 115.187805 98.632217 -3.697249 114.829758 100.233353 -3.712036 113.494156 101.507835 -3.712036 113.494156 101.507835 2.855412 113.494156 101.507835 -3.712036 114.829758 100.233353 -3.712036 114.147797 99.987564 -3.712036 112.932220 101.215347 -3.712036 112.932220 101.215347 -3.712036 111.436966 102.342010 -3.712036 112.072205 102.684418 -3.712036 113.494156 101.507835 -3.712036 111.436966 102.342010 2.855412 111.436966 102.342010 -3.712036 112.072205 102.684418 -3.712036 112.072205 102.684418 2.855412 111.436966 102.342010 -3.712036 109.868591 103.362450 -3.712036 110.570663 103.757553 -3.712036 112.072205 102.684418 -3.712036 109.868591 103.362450 2.855412 109.868591 103.362450 -3.712036 110.570663 103.757553 -3.712036 110.570663 103.757553 2.855412 109.868591 103.362450 -3.712036 108.233673 104.272507 -3.712036 108.997055 104.721931 -3.712036 110.570663 103.757553 -3.712036 108.233673 104.272507 2.855412 108.233673 104.272507 -3.712036 108.997055 104.721931 -3.712036 108.997055 104.721931 2.855412 108.233673 104.272507 -3.712036 106.540009 105.067841 -3.712036 107.359207 105.572678 -3.712036 108.997055 104.721931 -3.712036 106.540009 105.067841 2.855412 106.540009 105.067841 -3.712036 107.359207 105.572678 -3.712036 
					</float_array>
					<technique_common>
						<accessor count="104" offset="0" source="#meshId3-positions-array" stride="3">
							<param name="X" type="float" />
							<param name="Y" type="float" />
							<param name="Z" type="float" />
						</accessor>
					</technique_common>
				</source>
				<source id="meshId3-normals" name="meshId3-normals">
					<float_array id="meshId3-normals-array" count="312"> 
						-0.349608 -0.936896 0.000000 -0.334566 -0.942372 0.000000 -0.334566 -0.942372 0.000000 -0.349608 -0.936896 0.000000 -0.001977 0.000711 0.999998 -0.005852 0.002105 0.999981 -0.005852 0.002105 0.999981 -0.004280 0.001540 0.999990 0.703872 0.710327 0.000012 0.721855 0.692044 0.000028 0.721855 0.692044 0.000028 0.703875 0.710324 0.000012 -0.004280 0.001540 0.999990 0.000000 0.000000 1.000000 0.000000 0.000000 1.000000 -0.001977 0.000711 0.999998 -0.001919 0.000683 -0.999998 -0.004248 0.001512 -0.999990 -0.005851 0.002083 -0.999981 -0.005851 0.002083 -0.999981 0.364569 0.931172 -0.002938 0.378590 0.925563 -0.001677 0.378590 0.925563 -0.001677 0.364569 0.931172 -0.002938 0.002209 -0.006349 0.999977 0.001342 -0.003857 0.999992 0.003389 -0.009742 0.999947 0.003389 -0.009742 0.999947 0.000000 0.000000 1.000000 -0.000000 0.000000 1.000000 -0.000000 0.000000 1.000000 0.000000 0.000000 1.000000 -0.000000 0.000000 1.000000 -0.000000 0.000000 1.000000 0.000000 0.000000 1.000000 -0.000000 0.000000 1.000000 -0.000000 0.000000 1.000000 0.000000 0.000000 1.000000 0.000000 0.000000 1.000000 0.000000 0.000000 1.000000 0.000000 0.000000 1.000000 0.000000 0.000000 1.000000 0.000000 0.000000 1.000000 0.000000 0.000000 1.000000 0.000000 0.000000 1.000000 0.001342 -0.003857 0.999992 0.002209 -0.006349 0.999977 0.000000 0.000000 1.000000 -0.792992 -0.609231 0.000153 -0.752875 -0.658163 0.000076 -0.752891 -0.658145 0.000076 -0.792992 -0.609231 0.000153 -0.001919 0.000683 -0.999998 0.000000 0.000000 -1.000000 0.000000 0.000000 -1.000000 -0.004248 0.001512 -0.999990 0.429290 0.903167 0.000000 0.429290 0.903167 0.000000 0.378590 0.925563 -0.001677 -0.655735 -0.754991 0.000000 -0.655735 -0.754991 0.000000 -0.752875 -0.658163 0.000076 0.001416 -0.003346 -0.999993 0.002328 -0.005502 -0.999982 
						0.003569 -0.008437 -0.999958 0.003569 -0.008437 -0.999958 0.703875 0.710324 0.000012 0.664349 0.747422 0.000000 0.664349 0.747422 0.000000 0.000000 0.000000 -1.000000 0.002328 -0.005502 -0.999982 0.001416 -0.003346 -0.999993 0.000000 0.000000 -1.000000 0.000000 0.000000 -1.000000 -0.000000 0.000000 -1.000000 -0.000000 0.000000 -1.000000 0.000000 0.000000 -1.000000 -0.573923 -0.818909 0.000000 -0.573923 -0.818909 0.000000 0.609861 0.792508 0.000000 0.609861 0.792508 0.000000 -0.000000 0.000000 -1.000000 0.000000 0.000000 -1.000000 -0.000000 0.000000 -1.000000 -0.000000 0.000000 -1.000000 -0.516169 -0.856487 0.000000 -0.516169 -0.856487 0.000000 0.552335 0.833622 0.000000 0.552335 0.833622 0.000000 0.000000 0.000000 -1.000000 0.000000 0.000000 -1.000000 0.000000 0.000000 -1.000000 -0.000000 0.000000 -1.000000 -0.455982 -0.889989 0.000000 -0.455982 -0.889989 0.000000 0.492047 0.870568 0.000000 0.492047 0.870568 0.000000 0.000000 0.000000 -1.000000 0.000000 0.000000 -1.000000 0.000000 0.000000 -1.000000 0.000000 0.000000 -1.000000 -0.393629 -0.919270 0.000000 -0.393629 -0.919270 0.000000 0.429290 0.903167 0.000000 
					</float_array>
					<technique_common>
						<accessor count="104" offset="0" source="#meshId3-normals-array" stride="3">
							<param name="X" type="float" />
							<param name="Y" type="float" />
							<param name="Z" type="float" />
						</accessor>
					</technique_common>
				</source>
				<source id="meshId3-tangents" name="meshId3-tangents">
					<float_array id="meshId3-tangents-array" count="312"> 
						0.000000 0.000000 1.000000 0.000000 0.000000 1.000000 0.000000 0.000000 1.000000 0.000000 0.000000 1.000000 -0.040999 0.999159 -0.000792 -0.014891 0.999887 -0.002192 0.011235 0.999935 -0.002039 -0.014894 0.999888 -0.001603 0.000007 0.000009 -1.000000 0.000038 0.000001 -1.000000 0.000056 -0.000018 -1.000000 0.000027 -0.000010 -1.000000 0.045668 0.998956 -0.001343 0.066513 0.997786 -0.000000 0.087334 0.996179 -0.000000 0.066514 0.997785 -0.000578 -0.585148 -0.810926 0.000569 -0.312858 -0.949800 -0.000107 -0.011356 -0.999933 -0.002016 -0.312858 -0.949800 -0.000148 0.001020 -0.003555 -0.999993 0.000462 -0.002001 -0.999998 -0.000602 -0.001566 -0.999999 -0.000009 -0.003152 -0.999995 0.838469 0.544947 0.001608 0.940763 0.339064 0.000046 0.838471 0.544941 0.002468 0.691861 0.722015 0.004690 0.143665 0.989627 -0.000000 0.135855 0.990729 0.000000 0.128037 0.991769 0.000000 0.135855 0.990729 -0.000000 0.138855 0.990313 0.000000 0.128958 0.991650 0.000000 0.119049 0.992888 -0.000000 0.128958 0.991650 0.000000 0.257093 0.966387 0.000000 0.619593 0.784923 -0.000000 0.880272 0.474469 -0.000000 0.619593 0.784923 -0.000000 0.880272 0.474469 -0.000000 0.883677 0.468098 -0.000000 0.887035 0.461703 -0.000000 0.883677 0.468098 -0.000000 0.887035 0.461703 -0.000000 0.915954 0.401283 0.000319 0.940763 0.339064 0.000075 0.915954 0.401284 -0.000000 0.000076 0.000152 1.000000 0.000040 0.000070 1.000000 0.000058 0.000049 1.000000 0.000099 0.000122 1.000000 -0.759004 -0.651085 0.001012 -0.851321 -0.524645 -0.000000 -0.759006 -0.651084 -0.000000 -0.648082 -0.761569 0.001601 0.000001 -0.000001 -1.000000 0.000017 -0.000008 -1.000000 -0.000618 -0.001559 -0.999999 0.000001 -0.000001 1.000000 0.000001 -0.000001 1.000000 0.000058 0.000049 1.000000 -0.940763 -0.339065 -0.000197 -0.838527 -0.544859 0.001046 
						-0.692016 -0.721873 0.003620 -0.838528 -0.544856 0.001604 0.000007 0.000010 -1.000000 -0.000001 0.000001 -1.000000 -0.000001 0.000001 -1.000000 -0.915954 -0.401284 0.000000 -0.940762 -0.339066 -0.000324 -0.915954 -0.401284 0.000046 -0.887035 -0.461703 0.000000 -0.883677 -0.468098 0.000000 -0.880272 -0.474469 0.000000 -0.883677 -0.468098 0.000000 -0.887035 -0.461703 0.000000 -0.000001 0.000001 1.000000 -0.000000 0.000000 1.000000 0.000001 -0.000001 -1.000000 -0.000000 0.000000 -1.000000 -0.875914 -0.482468 0.000000 -0.871482 -0.490427 -0.000000 -0.875914 -0.482468 0.000000 -0.880272 -0.474469 0.000000 0.000001 -0.000001 1.000000 -0.000000 0.000000 1.000000 0.000002 -0.000001 -1.000000 0.000002 -0.000001 -1.000000 -0.866658 -0.498903 -0.000000 -0.861751 -0.507331 -0.000000 -0.866658 -0.498903 -0.000000 -0.871482 -0.490427 0.000000 0.000001 -0.000001 1.000000 0.000001 -0.000001 1.000000 0.000001 -0.000001 -1.000000 0.000001 -0.000001 -1.000000 -0.856580 -0.516015 -0.000000 -0.851321 -0.524645 -0.000000 -0.856580 -0.516015 -0.000000 -0.861751 -0.507331 -0.000000 0.000000 0.000000 1.000000 0.000001 -0.000000 1.000000 0.000001 -0.000001 -1.000000 
					</float_array>
					<technique_common>
						<accessor count="104" offset="0" source="#meshId3-tangents-array" stride="3">
							<param name="X" type="float" />
							<param name="Y" type="float" />
							<param name="Z" type="float" />
						</accessor>
					</technique_common>
				</source>
				<source id="meshId3-bitangents" name="meshId3-bitangents">
					<float_array id="meshId3-bitangents-array" count="312"> 
						-0.936896 0.349608 0.000000 -0.942372 0.334566 0.000000 -0.942372 0.334566 0.000000 -0.936896 0.349608 0.000000 -0.999157 -0.041001 -0.001946 -0.999872 -0.014903 -0.005820 -0.999920 0.011223 -0.005875 -0.999880 -0.014901 -0.004256 -0.710327 0.703872 0.000001 -0.692044 0.721855 -0.000025 -0.692044 0.721855 -0.000052 -0.710324 0.703875 -0.000026 -0.998948 0.045662 -0.004346 -0.997786 0.066513 0.000000 -0.996179 0.087334 0.000000 -0.997784 0.066512 -0.002020 -0.810924 0.585148 0.001956 -0.949791 0.312854 0.004508 -0.999918 0.011344 0.005874 -0.949782 0.312851 0.006209 -0.931176 0.364564 -0.002246 -0.925565 0.378588 -0.001185 -0.925564 0.378591 -0.000036 -0.931176 0.364568 -0.001141 -0.544945 0.838447 0.006527 -0.339062 0.940755 0.004084 -0.544936 0.838418 0.010015 -0.722023 0.691809 0.009187 -0.989627 0.143665 0.000000 -0.990729 0.135855 -0.000000 -0.991769 0.128037 -0.000000 -0.990729 0.135855 0.000000 -0.990313 0.138855 -0.000000 -0.991650 0.128958 -0.000000 -0.992888 0.119049 0.000000 -0.991650 0.128958 -0.000000 -0.966387 0.257093 -0.000000 -0.784923 0.619593 0.000000 -0.474469 0.880272 0.000000 -0.784923 0.619593 0.000000 -0.474469 0.880272 0.000000 -0.468098 0.883677 0.000000 -0.461703 0.887035 0.000000 -0.468098 0.883677 0.000000 -0.461703 0.887035 0.000000 -0.401281 0.915946 0.004072 -0.339057 0.940742 0.006722 -0.401284 0.915954 0.000000 -0.609231 0.792992 -0.000074 -0.658163 0.752875 -0.000027 -0.658145 0.752891 0.000002 -0.609231 0.792992 -0.000036 -0.651083 0.759004 0.001768 -0.524645 0.851321 -0.000000 -0.651084 0.759005 -0.000000 -0.761559 0.648082 0.004215 -0.903167 0.429290 -0.000002 -0.903167 0.429290 -0.000019 -0.925564 0.378590 -0.000019 -0.754991 0.655735 0.000001 -0.754991 0.655735 0.000001 -0.658163 0.752875 0.000001 -0.339062 0.940757 -0.003628 -0.544855 0.838509 -0.005882 
						-0.721873 0.691974 -0.008415 -0.544847 0.838487 -0.009019 -0.710324 0.703875 0.000002 -0.747422 0.664349 0.000002 -0.747422 0.664349 0.000002 -0.401284 0.915954 0.000000 -0.339058 0.940746 -0.005966 -0.401281 0.915948 -0.003633 -0.461703 0.887035 0.000000 -0.468098 0.883677 0.000000 -0.474469 0.880272 0.000000 -0.468098 0.883677 0.000000 -0.461703 0.887035 0.000000 -0.818909 0.573923 -0.000002 -0.818909 0.573923 -0.000000 -0.792508 0.609861 -0.000002 -0.792508 0.609861 0.000000 -0.482468 0.875914 0.000000 -0.490427 0.871482 -0.000000 -0.482468 0.875914 0.000000 -0.474469 0.880272 0.000000 -0.856487 0.516169 0.000001 -0.856487 0.516169 -0.000000 -0.833622 0.552335 -0.000002 -0.833622 0.552335 -0.000002 -0.498903 0.866658 -0.000000 -0.507331 0.861751 -0.000000 -0.498903 0.866658 -0.000000 -0.490427 0.871482 0.000000 -0.889989 0.455982 0.000002 -0.889989 0.455982 0.000002 -0.870568 0.492047 -0.000002 -0.870568 0.492047 -0.000002 -0.516015 0.856580 -0.000000 -0.524645 0.851321 -0.000000 -0.516015 0.856580 -0.000000 -0.507331 0.861751 -0.000000 -0.919270 0.393629 0.000000 -0.919270 0.393629 0.000001 -0.903167 0.429290 -0.000002 
					</float_array>
					<technique_common>
						<accessor count="104" offset="0" source="#meshId3-bitangents-array" stride="3">
							<param name="X" type="float" />
							<param name="Y" type="float" />
							<param name="Z" type="float" />
						</accessor>
					</technique_common>
				</source>
				<source id="meshId3-tex0" name="meshId3-tex0">
					<float_array id="meshId3-tex0-array" count="208"> 
						0.272425 0.717686 0.272425 0.725856 0.233584 0.725856 0.233584 0.717686 0.277636 0.712356 0.277636 0.725856 0.272425 0.725856 0.272425 0.717686 0.277636 0.649131 0.277636 0.639846 0.316831 0.639846 0.316831 0.649131 0.272425 0.717686 0.272425 0.706463 0.277636 0.701821 0.277636 0.712356 0.316831 0.712356 0.321479 0.714493 0.321479 0.725856 0.316831 0.725856 0.277636 0.725856 0.277636 0.712356 0.316831 0.712356 0.316831 0.725856 0.277636 0.649131 0.272425 0.649131 0.272425 0.639846 0.277636 0.639846 0.272425 0.706463 0.272425 0.695205 0.277636 0.690728 0.277636 0.701821 0.272425 0.695205 0.272425 0.683938 0.277636 0.679641 0.277636 0.690728 0.272425 0.683938 0.272425 0.670694 0.277636 0.670694 0.277636 0.679641 0.272425 0.670694 0.272425 0.659709 0.277636 0.659709 0.277636 0.670694 0.272425 0.659709 0.272425 0.649131 0.277636 0.649131 0.277636 0.659709 0.272425 0.639846 0.272425 0.649131 0.233584 0.649131 0.233584 0.639846 0.316831 0.712356 0.316831 0.701821 0.321479 0.701821 0.321479 0.714493 0.277636 0.701821 0.316831 0.701821 0.277636 0.712356 0.272425 0.659709 0.233584 0.659709 0.272425 0.649131 0.321479 0.649131 0.316831 0.649131 
						0.316831 0.639846 0.321480 0.639846 0.316831 0.649131 0.316831 0.659709 0.277636 0.659709 0.316831 0.659709 0.316831 0.649131 0.321479 0.649131 0.321479 0.659709 0.321479 0.659709 0.321479 0.670695 0.316831 0.670695 0.316831 0.659709 0.272425 0.670694 0.233584 0.670695 0.316831 0.670695 0.277636 0.670694 0.321479 0.670695 0.321479 0.679641 0.316831 0.679641 0.316831 0.670695 0.272425 0.683938 0.233584 0.683938 0.316831 0.679641 0.277636 0.679641 0.321479 0.679641 0.321479 0.690728 0.316831 0.690728 0.316831 0.679641 0.272425 0.695205 0.233584 0.695205 0.316831 0.690728 0.277636 0.690728 0.321479 0.690728 0.321479 0.701821 0.316831 0.701821 0.316831 0.690728 0.272425 0.706463 0.233584 0.706463 0.316831 0.701821 
					</float_array>
					<technique_common>
						<accessor count="104" offset="0" source="#meshId3-tex0-array" stride="2">
							<param name="S" type="float" />
							<param name="T" type="float" />
						</accessor>
					</technique_common>
				</source>
				<source id="meshId3-tex1" name="meshId3-tex1">
					<float_array id="meshId3-tex1-array" count="208"> 
						0.559133 0.973653 0.537068 0.973653 0.537068 0.900300 0.559133 0.900300 0.559133 0.818392 0.537068 0.818392 0.537068 0.809758 0.559133 0.809758 0.683229 0.818392 0.700687 0.818392 0.700687 0.891825 0.683229 0.891825 0.559133 0.809758 0.580020 0.809758 0.580020 0.818392 0.559133 0.818392 0.559133 0.891825 0.559133 0.900300 0.537068 0.900300 0.537068 0.891825 0.537068 0.818392 0.559133 0.818392 0.559133 0.891825 0.537068 0.891825 0.683229 0.818392 0.683229 0.809758 0.700687 0.809758 0.700687 0.818392 0.580020 0.809758 0.600830 0.809758 0.600830 0.818392 0.580020 0.818392 0.600830 0.809758 0.621810 0.809758 0.621810 0.818392 0.600830 0.818392 0.621810 0.809758 0.642599 0.809758 0.642599 0.818392 0.621810 0.818392 0.642599 0.809758 0.663312 0.809758 0.663312 0.818392 0.642599 0.818392 0.663312 0.809758 0.683229 0.809758 0.683229 0.818392 0.663312 0.818392 0.700687 0.973653 0.683229 0.973653 0.683229 0.900300 0.700687 0.900300 0.559133 0.891825 0.580020 0.891825 0.580020 0.900300 0.559133 0.900300 0.580020 0.818392 0.580020 0.891825 0.559133 0.818392 0.663312 0.973653 0.663312 0.900300 0.683229 0.973653 0.683229 0.900300 0.683229 0.891825 
						0.700687 0.891825 0.700687 0.900300 0.683229 0.891825 0.663312 0.891825 0.663312 0.818392 0.663312 0.891825 0.683229 0.891825 0.683229 0.900300 0.663312 0.900300 0.663312 0.900300 0.642599 0.900300 0.642599 0.891825 0.663312 0.891825 0.642599 0.973653 0.642599 0.900300 0.642599 0.891825 0.642599 0.818392 0.642599 0.900300 0.621810 0.900300 0.621810 0.891825 0.642599 0.891825 0.621810 0.973653 0.621810 0.900300 0.621810 0.891825 0.621810 0.818392 0.621810 0.900300 0.600830 0.900300 0.600830 0.891825 0.621810 0.891825 0.600830 0.973653 0.600830 0.900300 0.600830 0.891825 0.600830 0.818392 0.600830 0.900300 0.580020 0.900300 0.580020 0.891825 0.600830 0.891825 0.580020 0.973653 0.580020 0.900300 0.580020 0.891825 
					</float_array>
					<technique_common>
						<accessor count="104" offset="0" source="#meshId3-tex1-array" stride="2">
							<param name="S" type="float" />
							<param name="T" type="float" />
						</accessor>
					</technique_common>
				</source>
				<vertices id="meshId3-vertices">
					<input semantic="POSITION" source="#meshId3-positions" />
				</vertices>
				<polylist count="64" material="defaultMaterial">
					<input offset="0" semantic="VERTEX" source="#meshId3-vertices" />
					<input offset="0" semantic="NORMAL" source="#meshId3-normals" />
					<input offset="0" semantic="TANGENT" source="#meshId3-tangents" />
					<input offset="0" semantic="BINORMAL" source="#meshId3-bitangents" />
					<input offset="0" semantic="TEXCOORD" source="#meshId3-tex0" set="0" />
					<input offset="0" semantic="TEXCOORD" source="#meshId3-tex1" set="1" />
					<vcount>
						3 3 3 3 3 3 3 3 3 3 3 3 3 3 3 3 3 3 3 3 3 3 3 3 3 3 3 3 3 3 3 3 3 3 3 3 3 3 3 3 3 3 3 3 3 3 3 3 3 3 3 3 3 3 3 3 3 3 3 3 3 3 3 3 
					</vcount>
					<p>
						3 0 1 1 2 3 7 4 5 5 6 7 11 8 9 9 10 11 15 12 13 13 14 15 19 16 17 17 18 19 23 20 21 21 22 23 27 24 25 25 26 27 31 28 29 29 30 31 35 32 33 33 34 35 39 36 37 37 38 39 43 40 41 41 42 43 47 44 45 45 46 47 51 48 49 49 50 51 55 52 53 53 54 55 58 56 57 57 22 58 61 59 60 60 50 61 65 62 63 63 64 65 68 8 66 66 67 68 72 69 70 70 71 72 76 73 74 74 75 76 59 77 78 78 60 59 80 68 67 67 79 80 84 81 82 82 83 84 77 85 86 86 78 77 88 80 79 79 87 88 92 89 90 90 91 92 85 93 94 94 86 85 96 88 87 87 95 96 100 97 98 98 99 100 93 101 102 102 94 93 56 96 95 95 103 56 101 0 3 3 102 101 
					</p>
				</polylist>
			</mesh>
		</geometry>
		<geometry id="meshId4" name="meshId4_name" >
			<mesh>
				<source id="meshId4-positions" name="meshId4-positions">
					<float_array id="meshId4-positions-array" count="579"> 
						118.851013 94.763268 2.984720 115.906189 97.209961 3.063756 115.906189 97.209961 -4.210308 118.851013 94.763268 -4.131272 115.906189 97.209961 3.063756 118.851013 94.763268 2.984720 121.759949 95.098907 2.956975 117.106033 99.065826 3.060479 118.851013 94.763268 -4.131272 115.906189 97.209961 -4.210308 117.106033 99.065826 -4.207037 121.760040 95.099037 -4.103523 114.050659 97.585846 -4.207780 115.906189 97.209961 -4.210308 115.906189 97.209961 3.063756 114.050659 97.585831 3.061245 115.264908 99.446754 -4.208426 117.106033 99.065826 -4.207037 115.906189 97.209961 -4.210308 114.050659 97.585846 -4.207780 92.646576 87.588440 2.871942 91.599342 87.922577 2.897074 89.978699 85.853119 2.930250 91.155243 85.501862 2.903087 91.599274 87.922432 -4.043627 92.646576 87.588409 -4.018458 91.155228 85.501778 -4.049639 89.978699 85.853104 -4.076797 92.646576 87.588409 -4.018458 91.599274 87.922432 -4.043627 91.599342 87.922577 2.897074 92.646576 87.588440 2.871942 118.958664 94.531242 2.984119 118.851013 94.763268 2.984720 118.851013 94.763268 -4.131272 118.958664 94.531242 -4.130672 118.851013 94.763268 2.984720 118.958664 94.531242 2.984119 122.430603 94.743027 2.939254 121.759949 95.098907 2.956975 118.958664 94.531242 -4.130672 118.851013 94.763268 -4.131272 121.760040 95.099037 -4.103523 122.430191 94.742958 -4.085816 114.050659 97.585831 3.061245 115.906189 97.209961 3.063756 117.106033 99.065826 3.060479 115.264908 99.446754 3.061870 115.264908 99.446754 -4.208426 114.050659 97.585846 -4.207780 105.626114 97.633774 -3.994107 105.622131 99.407616 -4.048793 105.622147 99.449730 -4.031674 80.320946 91.122177 -4.046642 89.978699 85.853104 -4.076797 89.978699 85.853119 2.930250 80.320946 91.122177 2.900088 89.978699 85.853104 -4.076797 91.155228 85.501778 -4.049639 91.155243 85.501862 2.903087 89.978699 85.853119 2.930250 115.264908 99.446754 3.061870 117.106033 99.065826 3.060479 117.106033 99.065826 -4.207037 
						115.264908 99.446754 -4.208426 117.106033 99.065826 3.060479 121.759949 95.098907 2.956975 121.760040 95.099037 -4.103523 117.106033 99.065826 -4.207037 88.387375 92.019821 -4.137548 88.371979 94.073654 -4.124339 88.371948 94.073654 2.977744 88.387444 92.019791 2.990996 80.320946 91.122177 -4.046642 80.320946 91.122177 2.900088 80.439575 94.008110 2.892745 80.439178 94.008102 -4.039695 105.626114 97.633621 2.847703 105.626114 97.633774 -3.994107 114.050659 97.585846 -4.207780 114.050659 97.585831 3.061245 105.622147 99.449623 2.885020 115.264908 99.446754 3.061870 115.264908 99.446754 -4.208426 105.622147 99.449730 -4.031674 115.264908 99.446754 3.061870 105.622147 99.449623 2.885020 105.626114 97.633621 2.847703 114.050659 97.585831 3.061245 121.760040 95.099037 -4.103523 121.759949 95.098907 2.956975 122.430603 94.743027 2.939254 122.430191 94.742958 -4.085816 115.192749 85.935654 2.996579 114.119965 85.579063 3.005515 114.119965 85.579048 -4.152085 115.192780 85.935623 -4.143139 114.119965 85.579063 3.005515 91.155243 85.501862 2.903087 91.155228 85.501778 -4.049639 114.119965 85.579048 -4.152085 114.119965 85.579048 -4.152085 112.330811 87.293411 -4.183257 113.300949 87.575790 -4.177556 115.192780 85.935623 -4.143139 112.330811 87.293411 -4.183257 114.119965 85.579048 -4.152085 91.155228 85.501778 -4.049639 92.646576 87.588409 -4.018458 92.646576 87.588409 -4.018458 92.646576 87.588440 2.871942 112.330811 87.293434 3.036727 112.330811 87.293411 -4.183257 112.330811 87.293434 3.036727 113.300949 87.575844 3.031016 113.300949 87.575790 -4.177556 112.330811 87.293411 -4.183257 115.192749 85.935654 2.996579 113.300949 87.575844 3.031016 112.330811 87.293434 3.036727 114.119965 85.579063 3.005515 114.119965 85.579063 3.005515 112.330811 87.293434 3.036727 92.646576 87.588440 2.871942 91.155243 85.501862 2.903087 114.482483 88.416771 -4.164201 114.482422 88.416824 3.017651 118.958664 94.531242 2.984119 
						118.958664 94.531242 -4.130672 122.430603 94.743027 2.939254 118.958664 94.531242 2.984119 114.482422 88.416824 3.017651 116.242172 86.782822 2.983645 116.242203 86.782799 -4.130197 114.482483 88.416771 -4.164201 118.958664 94.531242 -4.130672 122.430191 94.742958 -4.085816 122.430191 94.742958 -4.085816 122.430603 94.743027 2.939254 116.242172 86.782822 2.983645 116.242203 86.782799 -4.130197 114.482422 88.416824 3.017651 113.300949 87.575844 3.031016 115.192749 85.935654 2.996579 116.242172 86.782822 2.983645 114.482483 88.416771 -4.164201 113.300949 87.575790 -4.177556 113.300949 87.575844 3.031016 114.482422 88.416824 3.017651 116.242172 86.782822 2.983645 115.192749 85.935654 2.996579 115.192780 85.935623 -4.143139 116.242203 86.782799 -4.130197 115.192780 85.935623 -4.143139 113.300949 87.575790 -4.177556 114.482483 88.416771 -4.164201 116.242203 86.782799 -4.130197 80.320946 91.122177 2.900088 87.067543 91.379745 3.008382 88.387444 92.019791 2.990996 88.371948 94.073654 2.977744 80.439575 94.008110 2.892745 87.083084 91.139702 3.014158 80.320946 91.122177 2.900088 89.978699 85.853119 2.930250 91.599342 87.922577 2.897074 80.320946 91.122177 2.900088 87.083084 91.139702 3.014158 87.067543 91.379745 3.008382 87.068436 91.379250 -4.154984 80.320946 91.122177 -4.046642 80.439178 94.008102 -4.039695 88.371979 94.073654 -4.124339 88.387375 92.019821 -4.137548 88.387375 92.019821 -4.137548 88.387444 92.019791 2.990996 87.067543 91.379745 3.008382 87.068436 91.379250 -4.154984 87.068436 91.379250 -4.154984 87.067543 91.379745 3.008382 87.083084 91.139702 3.014158 87.084290 91.139961 -4.161126 87.083084 91.139702 3.014158 91.599342 87.922577 2.897074 91.599274 87.922432 -4.043627 87.084290 91.139961 -4.161126 80.320946 91.122177 -4.046642 87.084290 91.139961 -4.161126 91.599274 87.922432 -4.043627 89.978699 85.853104 -4.076797 80.320946 91.122177 -4.046642 87.068436 91.379250 -4.154984 
						87.084290 91.139961 -4.161126 
					</float_array>
					<technique_common>
						<accessor count="193" offset="0" source="#meshId4-positions-array" stride="3">
							<param name="X" type="float" />
							<param name="Y" type="float" />
							<param name="Z" type="float" />
						</accessor>
					</technique_common>
				</source>
				<source id="meshId4-normals" name="meshId4-normals">
					<float_array id="meshId4-normals-array" count="579"> 
						-0.659106 -0.752050 0.000000 -0.504663 -0.863317 -0.000000 -0.504663 -0.863316 -0.000000 -0.659106 -0.752050 0.000000 0.009791 -0.008205 0.999918 0.013862 -0.012081 0.999831 0.013624 -0.012534 0.999829 0.010664 -0.008997 0.999903 0.013861 -0.012081 -0.999831 0.009790 -0.008207 -0.999918 0.010663 -0.008999 -0.999903 0.013624 -0.012531 -0.999829 -0.042579 -0.999093 -0.000010 -0.504663 -0.863316 -0.000000 -0.504663 -0.863317 -0.000000 -0.042578 -0.999093 -0.000010 -0.014193 -0.001993 -0.999897 0.010663 -0.008999 -0.999903 0.009790 -0.008207 -0.999918 -0.018271 -0.002804 -0.999829 -0.005126 -0.000556 0.999987 -0.001519 -0.016508 0.999863 -0.002992 -0.017396 0.999844 -0.002655 -0.000660 0.999996 -0.001541 -0.016589 -0.999861 -0.005127 -0.000537 -0.999987 -0.002654 -0.000643 -0.999996 -0.003016 -0.017482 -0.999843 0.030173 0.999545 -0.000005 0.539818 0.841781 0.000043 0.539816 0.841783 0.000043 0.030173 0.999545 -0.000005 -0.907118 -0.420876 0.000000 -0.659106 -0.752050 0.000000 -0.659106 -0.752050 0.000000 -0.907118 -0.420876 0.000000 0.013862 -0.012081 0.999831 0.013703 -0.005253 0.999892 0.013714 -0.005163 0.999893 0.013624 -0.012534 0.999829 0.013702 -0.005252 -0.999892 0.013861 -0.012081 -0.999831 0.013624 -0.012531 -0.999829 0.013713 -0.005163 -0.999893 -0.019138 -0.002741 0.999813 0.009791 -0.008205 0.999918 0.010664 -0.008997 0.999903 -0.014863 -0.001944 0.999888 -0.014193 -0.001993 -0.999897 -0.018271 -0.002804 -0.999829 -0.020631 -0.003274 -0.999782 -0.020631 -0.003274 -0.999782 -0.020631 -0.003274 -0.999782 -0.478936 -0.877850 0.000002 -0.460683 -0.887565 0.000002 -0.460684 -0.887565 0.000002 -0.478936 -0.877850 0.000002 -0.460683 -0.887565 0.000002 -0.011357 -0.999935 0.000008 -0.011357 -0.999935 0.000008 -0.460684 -0.887565 0.000002 0.034410 0.999408 0.000006 0.554309 0.832311 0.000009 0.554309 0.832311 0.000009 
						0.034410 0.999408 0.000006 0.554309 0.832311 0.000009 0.631006 0.775778 0.000010 0.631006 0.775778 0.000010 0.554309 0.832311 0.000009 0.999972 0.007522 -0.000003 0.999972 0.007522 -0.000003 0.999972 0.007522 -0.000003 0.999972 0.007522 -0.000003 -0.999159 0.040999 0.000029 -0.999159 0.040999 0.000029 -0.999159 0.040999 0.000029 -0.999159 0.040999 0.000029 -0.005681 -0.999984 -0.000012 -0.005681 -0.999984 -0.000012 -0.042579 -0.999093 -0.000010 -0.042578 -0.999093 -0.000010 0.000303 1.000000 0.000007 0.034410 0.999408 0.000006 0.034410 0.999408 0.000006 0.000303 1.000000 0.000007 -0.014863 -0.001944 0.999888 -0.021611 -0.003203 0.999761 -0.021611 -0.003203 0.999761 -0.019138 -0.002741 0.999813 0.631006 0.775778 0.000010 0.631006 0.775778 0.000010 0.468992 0.883202 -0.000006 0.468992 0.883202 -0.000006 0.492263 -0.870446 0.000004 0.018199 -0.999834 0.000007 0.018199 -0.999834 0.000007 0.492263 -0.870447 0.000004 0.018199 -0.999834 0.000007 -0.011357 -0.999935 0.000008 -0.011357 -0.999935 0.000008 0.018199 -0.999834 0.000007 -0.004134 -0.001573 -0.999990 -0.005876 -0.000688 -0.999982 0.012308 -0.006557 -0.999903 0.013504 -0.005498 -0.999894 -0.005876 -0.000688 -0.999982 -0.004134 -0.001573 -0.999990 -0.002654 -0.000643 -0.999996 -0.005127 -0.000537 -0.999987 0.030173 0.999545 -0.000005 0.030173 0.999545 -0.000005 0.000278 1.000000 -0.000004 0.000278 1.000000 -0.000004 0.000278 1.000000 -0.000004 -0.461938 0.886912 -0.000008 -0.461939 0.886912 -0.000008 0.000278 1.000000 -0.000004 0.013508 -0.005504 0.999894 0.012312 -0.006565 0.999903 -0.005876 -0.000708 0.999982 -0.004133 -0.001592 0.999990 -0.004133 -0.001592 0.999990 -0.005876 -0.000708 0.999982 -0.005126 -0.000556 0.999987 -0.002655 -0.000660 0.999996 -0.775348 0.631534 -0.000006 -0.775348 0.631534 -0.000006 -0.806890 0.590701 -0.000006 
						-0.806890 0.590701 -0.000006 0.013714 -0.005163 0.999893 0.013703 -0.005253 0.999892 0.013915 -0.004788 0.999892 0.013903 -0.004795 0.999892 0.013902 -0.004794 -0.999892 0.013914 -0.004787 -0.999892 0.013702 -0.005252 -0.999892 0.013713 -0.005163 -0.999893 0.789499 -0.613752 -0.000017 0.789499 -0.613753 -0.000017 0.772337 -0.635213 -0.000014 0.772337 -0.635213 -0.000014 0.013915 -0.004788 0.999892 0.012312 -0.006565 0.999903 0.013508 -0.005504 0.999894 0.013903 -0.004795 0.999892 -0.775348 0.631534 -0.000006 -0.461939 0.886912 -0.000008 -0.461938 0.886912 -0.000008 -0.775348 0.631534 -0.000006 0.772337 -0.635213 -0.000014 0.492263 -0.870446 0.000004 0.492263 -0.870447 0.000004 0.772337 -0.635213 -0.000014 0.013504 -0.005498 -0.999894 0.012308 -0.006557 -0.999903 0.013914 -0.004787 -0.999892 0.013902 -0.004794 -0.999892 -0.009991 0.001973 0.999948 -0.012033 0.010268 0.999875 -0.011926 0.009990 0.999879 -0.011926 0.009990 0.999879 -0.011926 0.009990 0.999879 -0.005240 -0.017828 0.999827 -0.009991 0.001973 0.999948 -0.002992 -0.017396 0.999844 -0.001519 -0.016508 0.999863 -0.009991 0.001973 0.999948 -0.005240 -0.017828 0.999827 -0.012033 0.010268 0.999875 -0.012010 0.010227 -0.999876 -0.009981 0.001894 -0.999948 -0.011902 0.009914 -0.999880 -0.011902 0.009914 -0.999880 -0.011902 0.009914 -0.999880 0.436601 -0.899656 0.000054 0.436601 -0.899656 0.000054 0.436601 -0.899656 0.000054 0.436601 -0.899656 0.000054 0.997863 0.065339 0.000144 0.997863 0.065339 0.000144 0.997863 0.065339 0.000144 0.997863 0.065339 0.000144 0.580268 0.814425 0.000053 0.539816 0.841783 0.000043 0.539818 0.841781 0.000043 0.580268 0.814425 0.000053 -0.009981 0.001894 -0.999948 -0.005265 -0.017891 -0.999826 -0.001541 -0.016589 -0.999861 -0.003016 -0.017482 -0.999843 -0.009981 0.001894 -0.999948 -0.012010 0.010227 -0.999876 
						-0.005265 -0.017891 -0.999826 
					</float_array>
					<technique_common>
						<accessor count="193" offset="0" source="#meshId4-normals-array" stride="3">
							<param name="X" type="float" />
							<param name="Y" type="float" />
							<param name="Z" type="float" />
						</accessor>
					</technique_common>
				</source>
				<source id="meshId4-tangents" name="meshId4-tangents">
					<float_array id="meshId4-tangents-array" count="579"> 
						-0.751890 0.658965 0.020649 -0.862984 0.504469 -0.027744 -0.860797 0.503190 -0.076346 -0.751768 0.658859 -0.027382 -0.769099 0.639002 0.012775 -0.749447 0.661809 0.018387 -0.729182 0.684070 0.018512 -0.749502 0.661855 0.013949 -0.715733 0.698132 -0.018358 -0.725504 0.688100 -0.012751 -0.715788 0.698179 -0.013916 -0.705887 0.708082 -0.018493 -0.996904 0.042486 -0.066161 -0.862780 0.504350 -0.035239 -0.863316 0.504662 -0.001402 -0.998523 0.042555 -0.033771 -0.955055 0.296146 0.012966 -0.948650 0.316061 -0.012961 -0.955109 0.296019 -0.011781 -0.961014 0.275990 0.016788 0.952657 -0.304012 0.004715 0.930713 -0.365722 -0.004624 0.904868 -0.425667 -0.004698 0.930808 -0.365503 0.002230 0.931103 -0.364728 0.004616 0.956983 -0.290106 -0.004750 0.931198 -0.364507 -0.002237 0.899511 -0.436870 0.004925 0.998884 -0.030153 0.036350 0.841765 -0.539808 0.006251 0.841548 -0.539664 -0.023672 0.999525 -0.030172 0.006290 -0.420875 0.907116 0.002347 -0.751999 0.659061 -0.011705 -0.751797 0.658883 -0.025974 -0.420852 0.907066 -0.010703 -0.420776 0.907009 0.016793 -0.579373 0.814971 0.012221 -0.718433 0.695466 0.013445 -0.579285 0.814924 0.018110 -0.563290 0.826172 -0.012059 -0.392516 0.919596 -0.016553 -0.563200 0.826124 -0.018028 -0.712662 0.701379 -0.013395 -0.979908 0.198619 -0.018212 -0.971678 0.236032 0.011452 -0.961861 0.273243 0.012717 -0.971613 0.236162 -0.013984 -0.999154 0.038640 0.014105 -0.998622 0.049267 0.018111 -0.998630 0.048172 0.020450 -0.998299 0.054599 0.020422 -0.998548 0.049843 0.020443 0.856263 -0.467159 0.220400 0.886309 -0.460032 0.053175 0.881613 -0.457595 -0.115611 0.876608 -0.478259 0.053164 0.871350 -0.452267 0.190274 0.999865 -0.011357 0.011892 0.985231 -0.011192 -0.170867 0.887504 -0.460652 0.011656 -0.996486 0.034310 -0.076406 -0.831998 0.554100 0.027437 -0.824610 0.549179 0.135723 
						-0.999074 0.034398 0.025846 -0.831630 0.553856 -0.040447 -0.775576 0.630841 0.022826 -0.772922 0.628682 0.085737 -0.832091 0.554163 0.022979 0.007512 -0.998622 0.051944 0.007519 -0.999545 0.029206 0.007522 -0.999951 0.006452 0.007519 -0.999545 0.029206 -0.040979 -0.998635 -0.032375 -0.040993 -0.999007 0.017443 -0.040905 -0.996900 0.067217 -0.040993 -0.999007 0.017443 -0.999663 0.005679 -0.025339 -0.999765 0.005680 -0.020929 -0.998957 0.042573 -0.016530 -0.998874 0.042569 -0.020943 -0.999812 0.000303 -0.019367 -0.999189 0.034402 0.020924 -0.997535 0.034345 0.061192 -0.999781 0.000303 0.020912 -0.999889 0.001321 -0.014861 -0.999761 0.003499 -0.021600 -0.999751 0.005659 -0.021593 -0.999811 0.003492 -0.019128 -0.736008 0.598654 0.316078 -0.775715 0.630955 -0.012695 -0.832375 0.442000 -0.334347 -0.883134 0.468955 -0.012491 0.856614 0.484442 0.177561 0.999833 0.018199 0.001772 0.983706 0.017904 -0.178891 0.870445 0.492262 0.001723 0.999758 0.018198 -0.012324 0.999879 -0.011357 -0.010587 0.999896 -0.011357 -0.008851 0.999778 0.018198 -0.010587 0.922375 0.386270 -0.004421 0.963571 0.267387 -0.005846 0.922336 0.386289 0.008820 0.866520 0.499063 0.008958 0.999960 0.006727 -0.005881 0.999965 0.007254 -0.004145 0.999974 0.006729 -0.002658 0.999968 0.006202 -0.005130 0.999469 -0.030171 0.012336 0.999491 -0.030171 0.010354 0.999965 -0.000278 0.008372 0.999946 -0.000278 0.010354 0.999982 -0.000278 -0.005904 0.886901 0.461932 -0.005108 0.886903 0.461934 -0.004432 0.999986 -0.000278 -0.005214 0.868172 0.496181 -0.008997 0.920534 0.390564 -0.008770 0.960126 0.279509 0.005839 0.920573 0.390546 0.004426 0.999924 -0.011590 0.004114 0.999894 -0.013288 0.005866 0.999875 -0.014984 0.005118 0.999908 -0.013285 0.002646 0.630283 0.773813 0.062898 0.631264 0.775016 0.029249 0.590696 0.806882 -0.004427 
						0.590449 0.806546 0.029210 0.578323 0.815799 -0.003719 0.584533 0.811361 -0.003749 0.590701 0.806879 -0.004357 0.584526 0.811364 -0.004237 0.539492 0.841983 0.003464 0.534165 0.845373 0.003386 0.539499 0.841981 0.002971 0.544803 0.838558 0.003142 0.610767 0.785661 -0.098496 0.613510 0.789187 -0.028105 0.634641 0.771641 0.042441 0.634962 0.772032 -0.028116 0.769766 0.638280 -0.007656 0.814693 0.579858 -0.006224 0.769777 0.638276 -0.006886 0.720692 0.693223 -0.006697 0.631487 0.775291 -0.012144 0.886863 0.461913 -0.010555 0.886874 0.461918 -0.009291 0.631497 0.775302 -0.010846 0.633238 0.769934 0.078807 0.870439 0.492259 -0.004027 0.867202 0.490427 -0.086266 0.635208 0.772331 -0.004053 0.776053 0.630629 0.007013 0.829968 0.557773 0.006558 0.776042 0.630633 0.007780 0.715774 0.698301 0.006603 0.028311 -0.999597 0.002255 -0.518766 -0.854913 0.002536 -0.527599 -0.849491 0.002194 0.007492 -0.999921 0.010080 -0.334249 -0.942469 0.005429 0.814723 -0.579819 -0.006069 0.815036 -0.579335 0.009287 0.814733 -0.579785 -0.007649 0.814345 -0.580321 -0.008344 0.064849 -0.997892 0.002617 0.064893 -0.997740 -0.017451 0.064782 -0.997838 0.011026 -0.058662 -0.998233 -0.009505 -0.011610 -0.999931 -0.001778 -0.003415 -0.999945 -0.009874 0.106985 -0.994198 -0.011131 0.000753 -0.999951 -0.009924 -0.817352 -0.396634 0.417873 -0.877686 -0.425926 0.219671 -0.899593 -0.436569 0.011851 -0.877686 -0.425926 0.219671 0.063451 -0.969554 0.236515 0.064757 -0.989263 0.131016 0.065316 -0.997576 0.024007 0.064757 -0.989263 0.131016 0.814245 -0.580138 -0.021111 0.841747 -0.539793 -0.009252 0.841779 -0.539817 0.002631 0.814391 -0.580243 -0.009244 0.804400 -0.594018 -0.009154 0.802919 -0.596054 0.006438 0.801369 -0.598107 0.008688 0.802929 -0.596021 0.007999 0.508889 -0.860806 -0.006710 0.508758 -0.860780 -0.014915 
						0.509207 -0.860550 0.012717 
					</float_array>
					<technique_common>
						<accessor count="193" offset="0" source="#meshId4-tangents-array" stride="3">
							<param name="X" type="float" />
							<param name="Y" type="float" />
							<param name="Z" type="float" />
						</accessor>
					</technique_common>
				</source>
				<source id="meshId4-bitangents" name="meshId4-bitangents">
					<float_array id="meshId4-bitangents-array" count="579"> 
						-0.015529 0.013610 -0.999787 0.023952 -0.014001 -0.999615 0.065911 -0.038529 -0.997081 0.020593 -0.018048 -0.999625 -0.639054 -0.769162 -0.000054 -0.661919 -0.749575 0.000120 -0.684185 -0.729309 0.000180 -0.661916 -0.749578 0.000315 0.698236 0.715867 0.001030 0.688149 0.725569 0.000782 0.698237 0.715866 0.001003 0.708193 0.706019 0.000801 0.066101 -0.002807 -0.997809 0.030422 -0.017783 -0.999379 0.001210 -0.000707 -0.999999 0.033740 -0.001428 -0.999430 0.296090 0.955141 -0.006107 0.316147 0.948696 -0.005167 0.296091 0.955147 -0.004941 0.275896 0.961156 -0.007738 0.304005 0.952668 0.002088 0.365748 0.930578 0.015920 0.425683 0.904713 0.017015 0.365500 0.930810 0.001584 -0.364754 -0.930966 0.016008 -0.290099 -0.956994 0.002002 -0.364504 -0.931201 0.001566 -0.436888 -0.899355 0.017042 0.036334 -0.001102 -0.999339 0.005286 -0.003338 -0.999980 -0.019903 0.012815 -0.999720 0.006287 -0.000195 -0.999980 -0.000988 0.002129 -0.999997 0.008803 -0.007715 -0.999931 0.019534 -0.017120 -0.999663 0.004505 -0.009709 -0.999943 -0.907059 -0.420938 0.007489 -0.814948 -0.579478 0.008125 -0.695461 -0.718540 0.005828 -0.815011 -0.579432 0.003842 0.826146 0.563394 0.008362 0.919641 0.392679 0.008005 0.826208 0.563349 0.004197 0.701373 0.712769 0.005939 -0.198532 -0.980073 -0.006487 -0.236107 -0.971711 -0.005662 -0.273331 -0.961903 -0.005740 -0.236108 -0.971712 -0.005399 0.038608 0.999251 -0.002540 0.049207 0.998782 -0.003701 0.048095 0.998834 -0.004263 0.054521 0.998503 -0.004395 0.049765 0.998752 -0.004297 -0.193477 0.105559 0.975410 -0.047195 0.024499 0.998585 0.102613 -0.053258 0.993294 -0.046669 0.025464 0.998586 -0.168879 0.087658 0.981731 -0.011891 0.000143 0.999929 0.170856 -0.001933 0.985294 -0.010345 0.005372 0.999932 -0.076361 0.002623 0.997077 0.022831 -0.015216 0.999624 0.112959 -0.075240 0.990747 
						0.025830 -0.000895 0.999666 -0.033670 0.022413 0.999182 0.017702 -0.014411 0.999739 0.066507 -0.054108 0.996318 0.019120 -0.012745 0.999736 0.000388 -0.051943 -0.998650 0.000217 -0.029205 -0.999573 0.000046 -0.006452 -0.999979 0.000217 -0.029205 -0.999573 -0.001298 -0.032349 0.999476 0.000744 0.017427 0.999848 0.002785 0.067159 0.997738 0.000744 0.017427 0.999848 0.025339 -0.000132 -0.999679 0.020929 -0.000107 -0.999781 0.016515 -0.000694 -0.999863 0.020925 -0.000882 -0.999781 -0.019367 -0.000001 0.999812 0.020911 -0.000726 0.999781 0.061156 -0.002112 0.998126 0.020912 -0.000013 0.999781 -0.001292 -0.999997 -0.001963 -0.003429 -0.999989 -0.003278 -0.005588 -0.999979 -0.003324 -0.003439 -0.999990 -0.002808 0.245200 -0.199454 0.948733 -0.009855 0.008003 0.999919 -0.295293 0.156811 0.942450 -0.011029 0.005863 0.999922 -0.154559 -0.087403 0.984110 -0.001772 -0.000025 0.999999 0.178861 0.003263 0.983869 -0.001502 -0.000844 0.999999 0.012322 0.000232 0.999924 0.010587 -0.000113 0.999944 0.008850 -0.000093 0.999961 0.010586 0.000200 0.999944 0.386273 -0.922384 -0.000146 0.267387 -0.963589 -0.000908 0.386193 -0.922355 0.010803 0.498960 -0.866549 0.011504 0.006731 -0.999977 0.000648 0.007260 -0.999972 0.001543 0.006731 -0.999977 0.000625 0.006205 -0.999981 0.000506 0.012330 -0.000377 -0.999924 0.010349 -0.000317 -0.999946 0.008372 -0.000007 -0.999965 0.010354 -0.000007 -0.999946 -0.005904 -0.000003 -0.999983 -0.004526 -0.002367 -0.999987 -0.003927 -0.002055 -0.999990 -0.005214 -0.000003 -0.999986 -0.496079 0.868201 0.011480 -0.390469 0.920552 0.010852 -0.279508 0.960143 -0.000963 -0.390549 0.920582 -0.000148 0.011583 0.999932 0.001640 0.013283 0.999911 0.000786 0.014981 0.999888 0.000633 0.013284 0.999911 0.000695 0.039727 0.048764 -0.998020 0.018477 0.022674 -0.999572 -0.002611 -0.003576 -0.999990 
						0.017259 0.023566 -0.999573 -0.815693 0.578312 0.014174 -0.811254 0.584521 0.014189 -0.806771 0.590697 0.014056 -0.811256 0.584522 0.014083 0.841876 -0.539482 0.014291 0.845266 -0.534154 0.014320 0.841875 -0.539482 0.014370 0.838452 -0.544788 0.014312 0.060466 0.077752 0.995138 0.017263 0.022178 0.999605 -0.026948 -0.032788 0.999099 0.017871 0.021706 0.999605 -0.638174 0.769789 0.012568 -0.579761 0.814691 0.012488 -0.638170 0.769788 0.012858 -0.693116 0.720707 0.013093 -0.007664 -0.009420 -0.999926 -0.009357 -0.004883 -0.999944 -0.008237 -0.004299 -0.999957 -0.006844 -0.008413 -0.999941 -0.050048 -0.060875 0.996890 0.003503 0.001986 0.999992 0.075088 0.042470 0.996272 0.002586 0.003121 0.999992 0.630524 -0.776065 0.012783 0.557676 -0.829968 0.012307 0.630528 -0.776066 0.012490 0.698194 -0.715788 0.013139 0.999549 0.028332 0.009931 0.854832 -0.518671 0.015614 0.849410 -0.527509 0.015402 0.999901 0.007612 0.011850 0.942409 -0.334144 0.014579 0.579827 0.814550 0.017563 0.579324 0.815087 0.004180 0.579828 0.814584 0.015908 0.580379 0.814220 0.014325 0.997845 0.064872 0.009842 0.997878 0.064791 0.006385 0.997827 0.064907 0.011342 -0.998206 0.058541 0.012589 -0.999883 0.011591 0.010002 -0.999923 0.003297 0.011935 -0.994189 -0.107105 0.010772 -0.999929 -0.000871 0.011893 -0.375920 -0.182488 -0.908505 -0.197605 -0.095956 -0.975574 -0.010638 -0.005223 -0.999930 -0.197605 -0.095956 -0.975574 0.015593 -0.236001 -0.971628 0.008703 -0.130727 -0.991380 0.001712 -0.023946 -0.999712 0.008703 -0.130727 -0.991380 -0.017163 0.012294 -0.999777 -0.007765 0.005031 -0.999957 0.002238 -0.001384 -0.999997 -0.007497 0.005407 -0.999957 -0.594005 -0.804449 0.004405 -0.596065 -0.802745 0.017504 -0.598168 -0.801244 0.014216 -0.596067 -0.802779 0.015834 -0.860774 -0.508930 0.007628 -0.860826 -0.508874 0.005135 
						-0.860628 -0.509051 0.013642 
					</float_array>
					<technique_common>
						<accessor count="193" offset="0" source="#meshId4-bitangents-array" stride="3">
							<param name="X" type="float" />
							<param name="Y" type="float" />
							<param name="Z" type="float" />
						</accessor>
					</technique_common>
				</source>
				<source id="meshId4-tex0" name="meshId4-tex0">
					<float_array id="meshId4-tex0-array" count="386"> 
						0.756389 0.462820 0.785621 0.462820 0.785771 0.526209 0.755531 0.528041 0.785879 0.607286 0.754963 0.607286 0.755128 0.589056 0.785355 0.591430 0.755531 0.528041 0.785771 0.526209 0.785060 0.542041 0.755841 0.545890 0.801157 0.525125 0.785771 0.526209 0.785621 0.462820 0.799814 0.462820 0.795202 0.540409 0.785060 0.542041 0.785771 0.526209 0.801157 0.525125 0.537524 0.607286 0.526012 0.607286 0.521332 0.588765 0.528334 0.590085 0.528894 0.521076 0.538103 0.521189 0.528951 0.538389 0.522313 0.539832 0.538103 0.521189 0.528894 0.521076 0.530794 0.462820 0.538579 0.462820 0.754416 0.462820 0.756389 0.462820 0.755531 0.528041 0.752916 0.528091 0.754963 0.607286 0.750995 0.607286 0.753965 0.587426 0.755128 0.589056 0.752916 0.528091 0.755531 0.528041 0.755841 0.545890 0.754671 0.547515 0.803233 0.607286 0.785879 0.607286 0.785355 0.591430 0.796054 0.592457 0.795202 0.540409 0.801157 0.525125 0.862360 0.522101 0.862360 0.537060 0.862360 0.537444 0.476850 0.550409 0.522313 0.539832 0.521332 0.588765 0.476453 0.579614 0.522313 0.539832 0.528951 0.538389 0.528334 0.590085 0.521332 0.588765 0.796054 0.592457 0.785355 0.591430 0.785060 0.542041 
						0.795202 0.540409 0.785355 0.591430 0.755128 0.589056 0.755841 0.545890 0.785060 0.542041 0.482661 0.516229 0.470536 0.515330 0.470535 0.462820 0.483165 0.462820 0.476850 0.550409 0.476453 0.579614 0.470536 0.580435 0.470535 0.550045 0.862360 0.462820 0.862360 0.522101 0.801157 0.525125 0.799814 0.462820 0.862360 0.592536 0.796054 0.592457 0.795202 0.540409 0.862360 0.537444 0.796054 0.592457 0.862360 0.592536 0.862360 0.607286 0.803233 0.607286 0.755841 0.545890 0.755128 0.589056 0.753965 0.587426 0.754671 0.547515 0.694078 0.591496 0.687929 0.592985 0.688792 0.539138 0.694370 0.540682 0.687929 0.592985 0.528334 0.590085 0.528951 0.538389 0.688792 0.539138 0.688792 0.539138 0.677917 0.524642 0.686819 0.524555 0.694370 0.540682 0.677917 0.524642 0.688792 0.539138 0.528951 0.538389 0.538103 0.521189 0.538103 0.521189 0.538579 0.462820 0.679336 0.462820 0.677917 0.524642 0.679336 0.462820 0.686969 0.462820 0.686819 0.524555 0.677917 0.524642 0.694078 0.591496 0.686953 0.607286 0.676099 0.607286 0.687929 0.592985 0.687929 0.592985 0.676099 0.607286 0.537524 0.607286 0.528334 0.590085 0.699013 0.524296 0.697985 0.462820 0.754416 0.462820 
						0.752916 0.528091 0.753965 0.587426 0.750995 0.607286 0.700830 0.607286 0.701333 0.590687 0.701125 0.541594 0.699013 0.524296 0.752916 0.528091 0.754671 0.547515 0.754671 0.547515 0.753965 0.587426 0.701333 0.590687 0.701125 0.541594 0.700830 0.607286 0.686953 0.607286 0.694078 0.591496 0.701333 0.590687 0.699013 0.524296 0.686819 0.524555 0.686969 0.462820 0.697985 0.462820 0.701333 0.590687 0.694078 0.591496 0.694370 0.540682 0.701125 0.541594 0.694370 0.540682 0.686819 0.524555 0.699013 0.524296 0.701125 0.541594 0.476453 0.579614 0.486553 0.607286 0.482039 0.607286 0.470535 0.607286 0.470536 0.580435 0.488635 0.607286 0.476453 0.579614 0.521332 0.588765 0.526012 0.607286 0.476453 0.579614 0.488635 0.607286 0.486553 0.607286 0.488917 0.521412 0.476850 0.550409 0.470535 0.550045 0.470536 0.515330 0.482661 0.516229 0.482661 0.516229 0.483165 0.462820 0.492209 0.462820 0.488917 0.521412 0.488917 0.521412 0.492209 0.462820 0.493713 0.462820 0.490726 0.521940 0.493713 0.462820 0.530794 0.462820 0.528894 0.521076 0.490726 0.521940 0.476850 0.550409 0.490726 0.521940 0.528894 0.521076 0.522313 0.539832 0.476850 0.550409 0.488917 0.521412 
						0.490726 0.521940 
					</float_array>
					<technique_common>
						<accessor count="193" offset="0" source="#meshId4-tex0-array" stride="2">
							<param name="S" type="float" />
							<param name="T" type="float" />
						</accessor>
					</technique_common>
				</source>
				<source id="meshId4-tex1" name="meshId4-tex1">
					<float_array id="meshId4-tex1-array" count="386"> 
						0.906519 0.202468 0.832881 0.263571 0.816408 0.304957 0.874468 0.255988 0.832881 0.263571 0.906519 0.202468 0.983210 0.209148 0.866656 0.310344 0.874468 0.255988 0.816408 0.304957 0.842285 0.341646 0.934410 0.261253 0.778990 0.312849 0.816408 0.304957 0.832881 0.263571 0.784624 0.273840 0.804599 0.349717 0.842285 0.341646 0.816408 0.304957 0.778990 0.312849 0.290856 0.063433 0.266628 0.070834 0.237907 0.029864 0.264605 0.022194 0.362557 0.144250 0.381468 0.137798 0.359700 0.104023 0.338831 0.110780 0.381468 0.137798 0.362557 0.144250 0.266628 0.070834 0.290856 0.063433 0.908967 0.196808 0.906519 0.202468 0.874468 0.255988 0.876427 0.251486 0.906519 0.202468 0.908967 0.196808 1.000000 0.200235 0.983210 0.209148 0.876427 0.251486 0.874468 0.255988 0.934410 0.261253 0.947809 0.253989 0.784624 0.273840 0.832881 0.263571 0.866656 0.310344 0.817865 0.320823 0.804599 0.349717 0.778990 0.312849 0.610390 0.315090 0.609369 0.350291 0.609262 0.351080 0.157235 0.204546 0.338831 0.110780 0.237907 0.029864 0.011859 0.145771 0.338831 0.110780 0.359700 0.104023 0.264605 0.022194 0.237907 0.029864 0.817865 0.320823 0.866656 0.310344 0.842285 0.341646 
						0.804599 0.349717 0.866656 0.310344 0.983210 0.209148 0.934410 0.261253 0.842285 0.341646 0.297619 0.217444 0.292134 0.254079 0.171864 0.204167 0.180029 0.158735 0.157235 0.204546 0.011859 0.145771 0.000000 0.207783 0.149878 0.255196 0.571043 0.280001 0.610390 0.315090 0.778990 0.312849 0.784624 0.273840 0.568549 0.324801 0.817865 0.320823 0.804599 0.349717 0.609262 0.351080 0.817865 0.320823 0.568549 0.324801 0.571043 0.280001 0.784624 0.273840 0.934410 0.261253 0.983210 0.209148 1.000000 0.200235 0.947809 0.253989 0.806141 0.006512 0.780413 0.000000 0.776107 0.092087 0.796530 0.097421 0.780413 0.000000 0.264605 0.022194 0.359700 0.104023 0.776107 0.092087 0.776107 0.092087 0.742764 0.123029 0.761193 0.127321 0.796530 0.097421 0.742764 0.123029 0.776107 0.092087 0.359700 0.104023 0.381468 0.137798 0.381468 0.137798 0.290856 0.063433 0.738363 0.037393 0.742764 0.123029 0.738363 0.037393 0.761649 0.042604 0.761193 0.127321 0.742764 0.123029 0.806141 0.006512 0.761649 0.042604 0.738363 0.037393 0.780413 0.000000 0.780413 0.000000 0.738363 0.037393 0.290856 0.063433 0.264605 0.022194 0.784014 0.141289 0.790529 0.059873 0.908967 0.196808 
						0.876427 0.251486 1.000000 0.200235 0.908967 0.196808 0.790529 0.059873 0.831952 0.023574 0.816973 0.111286 0.784014 0.141289 0.876427 0.251486 0.947809 0.253989 0.947809 0.253989 1.000000 0.200235 0.831952 0.023574 0.816973 0.111286 0.790529 0.059873 0.761649 0.042604 0.806141 0.006512 0.831952 0.023574 0.784014 0.141289 0.761193 0.127321 0.761649 0.042604 0.790529 0.059873 0.831952 0.023574 0.806141 0.006512 0.796530 0.097421 0.816973 0.111286 0.796530 0.097421 0.761193 0.127321 0.784014 0.141289 0.816973 0.111286 0.011859 0.145771 0.153180 0.145595 0.180029 0.158735 0.171864 0.204167 0.000000 0.207783 0.154367 0.140372 0.011859 0.145771 0.237907 0.029864 0.266628 0.070834 0.011859 0.145771 0.154367 0.140372 0.153180 0.145595 0.276035 0.206860 0.157235 0.204546 0.149878 0.255196 0.292134 0.254079 0.297619 0.217444 0.297619 0.217444 0.180029 0.158735 0.153180 0.145595 0.276035 0.206860 0.276035 0.206860 0.153180 0.145595 0.154367 0.140372 0.277003 0.202717 0.154367 0.140372 0.266628 0.070834 0.362557 0.144250 0.277003 0.202717 0.157235 0.204546 0.277003 0.202717 0.362557 0.144250 0.338831 0.110780 0.157235 0.204546 0.276035 0.206860 
						0.277003 0.202717 
					</float_array>
					<technique_common>
						<accessor count="193" offset="0" source="#meshId4-tex1-array" stride="2">
							<param name="S" type="float" />
							<param name="T" type="float" />
						</accessor>
					</technique_common>
				</source>
				<source id="meshId4-tex2" name="meshId4-tex2">
					<float_array id="meshId4-tex2-array" count="386"> 
						0.915262 0.219948 0.845685 0.278248 0.810423 0.266760 0.873781 0.214518 0.845685 0.278248 0.915262 0.219948 0.984203 0.227900 0.874223 0.322412 0.873781 0.214518 0.810423 0.266760 0.836084 0.306434 0.936198 0.221725 0.770772 0.274798 0.810423 0.266760 0.845685 0.278248 0.801510 0.287190 0.796724 0.314573 0.836084 0.306434 0.810423 0.266760 0.770772 0.274798 0.292705 0.049595 0.267763 0.057481 0.229151 0.008273 0.257198 0.000000 0.290393 0.068019 0.312765 0.060825 0.280899 0.016170 0.255788 0.023751 0.312765 0.060825 0.290393 0.068019 0.267763 0.057481 0.292705 0.049595 0.917817 0.214432 0.915262 0.219948 0.873781 0.214518 0.876087 0.209553 0.915262 0.219948 0.917817 0.214432 1.000000 0.219428 0.984203 0.227900 0.876087 0.209553 0.873781 0.214518 0.936198 0.221725 0.950655 0.214114 0.801510 0.287190 0.845685 0.278248 0.874223 0.322412 0.830412 0.331481 0.796724 0.314573 0.770772 0.274798 0.590971 0.276154 0.590816 0.314069 0.590838 0.315007 0.048783 0.136572 0.255788 0.023751 0.229151 0.008273 0.000000 0.133436 0.255788 0.023751 0.280899 0.016170 0.257198 0.000000 0.229151 0.008273 0.830412 0.331481 0.874223 0.322412 0.836084 0.306434 
						0.796724 0.314573 0.874223 0.322412 0.984203 0.227900 0.936198 0.221725 0.836084 0.306434 0.221948 0.155815 0.221567 0.199765 0.190759 0.203551 0.191064 0.154730 0.048783 0.136572 0.000000 0.133436 0.002873 0.201944 0.051272 0.198401 0.600670 0.287919 0.590971 0.276154 0.770772 0.274798 0.801510 0.287190 0.600634 0.331093 0.830412 0.331481 0.796724 0.314573 0.590838 0.315007 0.830412 0.331481 0.600634 0.331093 0.600670 0.287919 0.801510 0.287190 0.936198 0.221725 0.984203 0.227900 1.000000 0.219428 0.950655 0.214114 0.828360 0.010072 0.802896 0.001571 0.772467 0.018038 0.795453 0.025648 0.802896 0.001571 0.257198 0.000000 0.280899 0.016170 0.772467 0.018038 0.772467 0.018038 0.734091 0.054760 0.754856 0.060789 0.795453 0.025648 0.734091 0.054760 0.772467 0.018038 0.280899 0.016170 0.312765 0.060825 0.312765 0.060825 0.292705 0.049595 0.760478 0.042278 0.734091 0.054760 0.760478 0.042278 0.783533 0.049007 0.754856 0.060789 0.734091 0.054760 0.828360 0.010072 0.783533 0.049007 0.760478 0.042278 0.802896 0.001571 0.802896 0.001571 0.760478 0.042278 0.292705 0.049595 0.257198 0.000000 0.780174 0.078756 0.811574 0.069033 0.917817 0.214432 
						0.876087 0.209553 1.000000 0.219428 0.917817 0.214432 0.811574 0.069033 0.853240 0.030242 0.817962 0.043751 0.780174 0.078756 0.876087 0.209553 0.950655 0.214114 0.950655 0.214114 1.000000 0.219428 0.853240 0.030242 0.817962 0.043751 0.811574 0.069033 0.783533 0.049007 0.828360 0.010072 0.853240 0.030242 0.780174 0.078756 0.754856 0.060789 0.783533 0.049007 0.811574 0.069033 0.853240 0.030242 0.828360 0.010072 0.795453 0.025648 0.817962 0.043751 0.795453 0.025648 0.754856 0.060789 0.780174 0.078756 0.817962 0.043751 0.000000 0.133436 0.159592 0.139506 0.191064 0.154730 0.190759 0.203551 0.002873 0.201944 0.159932 0.133795 0.000000 0.133436 0.229151 0.008273 0.267763 0.057481 0.000000 0.133436 0.159932 0.133795 0.159592 0.139506 0.193803 0.142115 0.048783 0.136572 0.051272 0.198401 0.221567 0.199765 0.221948 0.155815 0.221948 0.155815 0.191064 0.154730 0.159592 0.139506 0.193803 0.142115 0.193803 0.142115 0.159592 0.139506 0.159932 0.133795 0.194168 0.136999 0.159932 0.133795 0.267763 0.057481 0.290393 0.068019 0.194168 0.136999 0.048783 0.136572 0.194168 0.136999 0.290393 0.068019 0.255788 0.023751 0.048783 0.136572 0.193803 0.142115 
						0.194168 0.136999 
					</float_array>
					<technique_common>
						<accessor count="193" offset="0" source="#meshId4-tex2-array" stride="2">
							<param name="S" type="float" />
							<param name="T" type="float" />
						</accessor>
					</technique_common>
				</source>
				<source id="meshId4-tex3" name="meshId4-tex3">
					<float_array id="meshId4-tex3-array" count="386"> 
						0.837808 0.457627 0.837808 0.500776 0.758685 0.500777 0.758685 0.457626 0.194094 0.404359 0.221819 0.437561 0.218028 0.470418 0.173082 0.417940 0.109182 0.447783 0.137456 0.413594 0.158918 0.427473 0.113075 0.481501 0.758685 0.522113 0.758685 0.500777 0.837808 0.500776 0.837808 0.522113 0.163322 0.406181 0.158918 0.427473 0.137456 0.413594 0.142136 0.392141 0.304659 0.141150 0.299182 0.129287 0.322603 0.110925 0.326156 0.124260 0.029986 0.132362 0.024440 0.144468 0.002441 0.127226 0.006045 0.113633 0.758685 0.119700 0.758685 0.107309 0.837808 0.107309 0.837808 0.119700 0.837808 0.454744 0.837808 0.457627 0.758685 0.457626 0.758685 0.454744 0.221819 0.437561 0.224444 0.438778 0.222058 0.477966 0.218028 0.470418 0.106498 0.449030 0.109182 0.447783 0.113075 0.481501 0.108958 0.489294 0.189626 0.383344 0.194094 0.404359 0.173082 0.417940 0.168815 0.397095 0.163322 0.406181 0.142136 0.392141 0.142136 0.294779 0.162980 0.294779 0.163719 0.294779 0.751851 0.034948 0.751851 0.158760 0.672977 0.158760 0.672977 0.034948 0.751851 0.158760 0.751851 0.172578 0.672977 0.172578 0.672977 0.158760 0.672977 0.670913 0.672977 0.649755 0.751851 0.649755 
						0.751851 0.670913 0.672977 0.649755 0.672977 0.580935 0.751851 0.580935 0.751851 0.649755 0.758685 0.025593 0.758685 0.002443 0.837808 0.002443 0.837808 0.025593 0.751851 0.034948 0.672977 0.034948 0.672977 0.002443 0.751851 0.002443 0.837808 0.617056 0.758685 0.617056 0.758685 0.522113 0.837808 0.522113 0.672977 0.779432 0.672977 0.670913 0.751851 0.670913 0.751851 0.779432 0.168815 0.397095 0.168815 0.287842 0.189626 0.287842 0.189626 0.383344 0.751851 0.580935 0.672977 0.580935 0.672977 0.572393 0.751851 0.572393 0.672977 0.443746 0.672977 0.431023 0.751851 0.431023 0.751851 0.443746 0.672977 0.431023 0.672977 0.172578 0.751851 0.172578 0.751851 0.431023 0.002441 0.393013 0.024440 0.372280 0.026037 0.383507 0.007043 0.405437 0.024440 0.372280 0.002441 0.393013 0.002441 0.127226 0.024440 0.144468 0.758685 0.119700 0.837808 0.119700 0.837808 0.341598 0.758685 0.341598 0.837808 0.341598 0.837808 0.352987 0.758685 0.352987 0.758685 0.341598 0.321714 0.396184 0.303171 0.374818 0.304659 0.363842 0.326156 0.384055 0.326156 0.384055 0.304659 0.363842 0.304659 0.141150 0.326156 0.124260 0.758685 0.369334 0.837808 0.369334 0.837808 0.454744 
						0.758685 0.454744 0.222058 0.477966 0.224444 0.438778 0.293645 0.388174 0.312120 0.408040 0.016838 0.417598 0.035759 0.397191 0.106498 0.449030 0.108958 0.489294 0.751851 0.572393 0.672977 0.572393 0.672977 0.458924 0.751851 0.458924 0.293645 0.388174 0.303171 0.374818 0.321714 0.396184 0.312120 0.408040 0.758685 0.369334 0.758685 0.352987 0.837808 0.352987 0.837808 0.369334 0.672977 0.458924 0.672977 0.443746 0.751851 0.443746 0.751851 0.458924 0.007043 0.405437 0.026037 0.383507 0.035759 0.397191 0.016838 0.417598 0.257894 0.002443 0.257894 0.077884 0.251801 0.092767 0.230000 0.092767 0.230000 0.002443 0.262916 0.078052 0.257894 0.002443 0.322603 0.110925 0.299182 0.129287 0.257894 0.002443 0.262916 0.078052 0.257894 0.077884 0.070490 0.080150 0.070490 0.002443 0.104194 0.002443 0.104194 0.095192 0.076574 0.095192 0.758685 0.025593 0.837808 0.025593 0.837808 0.042121 0.758685 0.042121 0.758685 0.042121 0.837808 0.042121 0.837808 0.044828 0.758685 0.044828 0.837808 0.044828 0.837808 0.107309 0.758685 0.107309 0.758685 0.044828 0.070490 0.002443 0.066154 0.080150 0.029986 0.132362 0.006045 0.113633 0.070490 0.002443 0.070490 0.080150 
						0.066154 0.080150 
					</float_array>
					<technique_common>
						<accessor count="193" offset="0" source="#meshId4-tex3-array" stride="2">
							<param name="S" type="float" />
							<param name="T" type="float" />
						</accessor>
					</technique_common>
				</source>
				<vertices id="meshId4-vertices">
					<input semantic="POSITION" source="#meshId4-positions" />
				</vertices>
				<polylist count="97" material="defaultMaterial">
					<input offset="0" semantic="VERTEX" source="#meshId4-vertices" />
					<input offset="0" semantic="NORMAL" source="#meshId4-normals" />
					<input offset="0" semantic="TANGENT" source="#meshId4-tangents" />
					<input offset="0" semantic="BINORMAL" source="#meshId4-bitangents" />
					<input offset="0" semantic="TEXCOORD" source="#meshId4-tex0" set="0" />
					<input offset="0" semantic="TEXCOORD" source="#meshId4-tex1" set="1" />
					<input offset="0" semantic="TEXCOORD" source="#meshId4-tex2" set="2" />
					<input offset="0" semantic="TEXCOORD" source="#meshId4-tex3" set="3" />
					<vcount>
						3 3 3 3 3 3 3 3 3 3 3 3 3 3 3 3 3 3 3 3 3 3 3 3 3 3 3 3 3 3 3 3 3 3 3 3 3 3 3 3 3 3 3 3 3 3 3 3 3 3 3 3 3 3 3 3 3 3 3 3 3 3 3 3 
						3 3 3 3 3 3 3 3 3 3 3 3 3 3 3 3 3 3 3 3 3 3 3 3 3 3 3 3 3 3 3 3 3 
					</vcount>
					<p>
						3 0 1 1 2 3 7 4 5 5 6 7 11 8 9 9 10 11 15 12 13 13 14 15 19 16 17 17 18 19 23 20 21 21 22 23 27 24 25 25 26 27 31 28 29 29 30 31 35 32 33 33 34 35 39 36 37 37 38 39 43 40 41 41 42 43 47 44 45 45 46 47 52 48 49 52 49 50 50 51 52 56 53 54 54 55 56 60 57 58 58 59 60 64 61 62 62 63 64 68 65 66 66 67 68 72 69 70 70 71 72 76 73 74 74 75 76 80 77 78 78 79 80 84 81 82 82 83 84 88 85 86 86 87 88 92 89 90 90 91 92 96 93 94 94 95 96 100 97 98 98 99 100 104 101 102 102 103 104 108 105 106 106 107 108 112 109 110 110 111 112 116 113 114 114 115 116 120 117 118 118 119 120 124 121 122 122 123 124 128 125 126 
						126 127 128 132 129 130 130 131 132 136 133 134 134 135 136 140 137 138 138 139 140 144 141 142 142 143 144 148 145 146 146 147 148 152 149 150 150 151 152 156 153 154 154 155 156 161 157 158 161 158 159 159 160 161 165 162 163 163 164 165 166 167 168 173 169 170 173 170 171 171 172 173 177 174 175 175 176 177 181 178 179 179 180 181 185 182 183 183 184 185 189 186 187 187 188 189 190 191 192 
					</p>
				</polylist>
			</mesh>
		</geometry>
		<geometry id="meshId5" name="meshId5_name" >
			<mesh>
				<source id="meshId5-positions" name="meshId5-positions">
					<float_array id="meshId5-positions-array" count="960"> 
						0.809019 -0.081405 -0.587785 0.951057 -0.081405 -0.309017 0.828453 -0.081405 -0.269179 0.704724 -0.081405 -0.512010 0.587790 -0.081405 -0.809018 0.809019 -0.081405 -0.587785 0.704724 -0.081405 -0.512010 0.512011 -0.081405 -0.704721 0.309023 -0.081405 -0.951057 0.587790 -0.081405 -0.809018 0.512011 -0.081405 -0.704721 0.269183 -0.081405 -0.828449 0.000000 -0.081405 -1.000000 0.309023 -0.081405 -0.951057 0.269183 -0.081405 -0.828449 0.000000 -0.081405 -0.871083 -0.309017 -0.081405 -0.951057 0.000000 -0.081405 -1.000000 0.000000 -0.081405 -0.871083 -0.269174 -0.081405 -0.828449 -0.587782 -0.081405 -0.809017 -0.309017 -0.081405 -0.951057 -0.269174 -0.081405 -0.828449 -0.512008 -0.081405 -0.704720 -0.809011 -0.081405 -0.587785 -0.587782 -0.081405 -0.809017 -0.512008 -0.081405 -0.704720 -0.704717 -0.081405 -0.512009 -0.951050 -0.081405 -0.309017 -0.809011 -0.081405 -0.587785 -0.704717 -0.081405 -0.512009 -0.828447 -0.081405 -0.269179 -0.999998 -0.081405 -0.000000 -0.951050 -0.081405 -0.309017 -0.828447 -0.081405 -0.269179 -0.871078 -0.081405 -0.000000 -0.951050 -0.081405 0.309017 -0.999998 -0.081405 -0.000000 -0.871078 -0.081405 -0.000000 -0.828447 -0.081405 0.269179 -0.809011 -0.081405 0.587785 -0.951050 -0.081405 0.309017 -0.828447 -0.081405 0.269179 -0.704717 -0.081405 0.512009 -0.587782 -0.081405 0.809017 -0.809011 -0.081405 0.587785 -0.704717 -0.081405 0.512009 -0.512008 -0.081405 0.704720 -0.309017 -0.081405 0.951056 -0.587782 -0.081405 0.809017 -0.512008 -0.081405 0.704720 -0.269174 -0.081405 0.828449 0.000000 -0.081405 1.000000 -0.309017 -0.081405 0.951056 -0.269174 -0.081405 0.828449 0.000000 -0.081405 0.871082 0.309023 -0.081405 0.951056 0.000000 -0.081405 1.000000 0.000000 -0.081405 0.871082 0.269183 -0.081405 0.828449 0.587790 -0.081405 0.809017 0.309023 -0.081405 0.951056 0.269183 -0.081405 0.828449 0.512013 -0.081405 0.704720 
						0.809019 -0.081405 0.587785 0.587790 -0.081405 0.809017 0.512013 -0.081405 0.704720 0.704724 -0.081405 0.512009 0.951057 -0.081405 0.309017 0.809019 -0.081405 0.587785 0.704724 -0.081405 0.512009 0.828453 -0.081405 0.269179 1.000006 -0.081405 -0.000000 0.951057 -0.081405 0.309017 0.828453 -0.081405 0.269179 0.871085 -0.081405 -0.000000 0.951057 -0.081405 -0.309017 1.000006 -0.081405 -0.000000 0.871085 -0.081405 -0.000000 0.828453 -0.081405 -0.269179 0.942448 0.991062 -0.306220 0.990950 0.991062 -0.000000 1.000006 -0.081405 -0.000000 0.951057 -0.081405 -0.309017 0.801697 0.991062 -0.582464 0.942448 0.991062 -0.306220 0.951057 -0.081405 -0.309017 0.809019 -0.081405 -0.587785 0.582468 0.991062 -0.801694 0.801697 0.991062 -0.582464 0.809019 -0.081405 -0.587785 0.587790 -0.081405 -0.809018 0.306225 0.991062 -0.942447 0.582468 0.991062 -0.801694 0.587790 -0.081405 -0.809018 0.309023 -0.081405 -0.951057 0.000000 0.991062 -0.990947 0.306225 0.991062 -0.942447 0.309023 -0.081405 -0.951057 0.000000 -0.081405 -1.000000 -0.306219 0.991062 -0.942447 0.000000 0.991062 -0.990947 0.000000 -0.081405 -1.000000 -0.309017 -0.081405 -0.951057 -0.582460 0.991062 -0.801693 -0.306219 0.991062 -0.942447 -0.309017 -0.081405 -0.951057 -0.587782 -0.081405 -0.809017 -0.801681 0.991062 -0.582464 -0.582460 0.991062 -0.801693 -0.587782 -0.081405 -0.809017 -0.809011 -0.081405 -0.587785 -0.942442 0.991062 -0.306219 -0.801681 0.991062 -0.582464 -0.809011 -0.081405 -0.587785 -0.951050 -0.081405 -0.309017 -0.990944 0.991062 -0.000000 -0.942442 0.991062 -0.306219 -0.951050 -0.081405 -0.309017 -0.999998 -0.081405 -0.000000 -0.942442 0.991062 0.306219 -0.990944 0.991062 -0.000000 -0.999998 -0.081405 -0.000000 -0.951050 -0.081405 0.309017 -0.801681 0.991062 0.582464 -0.942442 0.991062 0.306219 -0.951050 -0.081405 0.309017 -0.809011 -0.081405 0.587785 
						-0.582460 0.991062 0.801693 -0.801681 0.991062 0.582464 -0.809011 -0.081405 0.587785 -0.587782 -0.081405 0.809017 -0.306219 0.991062 0.942446 -0.582460 0.991062 0.801693 -0.587782 -0.081405 0.809017 -0.309017 -0.081405 0.951056 0.000000 0.991062 0.990947 -0.306219 0.991062 0.942446 -0.309017 -0.081405 0.951056 0.000000 -0.081405 1.000000 0.306225 0.991062 0.942446 0.000000 0.991062 0.990947 0.000000 -0.081405 1.000000 0.309023 -0.081405 0.951056 0.582468 0.991062 0.801692 0.306225 0.991062 0.942446 0.309023 -0.081405 0.951056 0.587790 -0.081405 0.809017 0.801697 0.991062 0.582464 0.582468 0.991062 0.801692 0.587790 -0.081405 0.809017 0.809019 -0.081405 0.587785 0.942448 0.991062 0.306219 0.801697 0.991062 0.582464 0.809019 -0.081405 0.587785 0.951057 -0.081405 0.309017 0.990950 0.991062 -0.000000 0.942448 0.991062 0.306219 0.951057 -0.081405 0.309017 1.000006 -0.081405 -0.000000 0.837061 0.991062 -0.271977 0.880140 0.991062 -0.000000 0.990950 0.991062 -0.000000 0.942448 0.991062 -0.306220 0.880140 0.991062 -0.000000 0.837061 0.991062 -0.271977 0.828453 -0.081405 -0.269179 0.871085 -0.081405 -0.000000 0.837061 0.991062 -0.271977 0.712048 0.991062 -0.517331 0.704724 -0.081405 -0.512010 0.828453 -0.081405 -0.269179 0.712048 0.991062 -0.517331 0.837061 0.991062 -0.271977 0.942448 0.991062 -0.306220 0.801697 0.991062 -0.582464 0.712048 0.991062 -0.517331 0.517334 0.991062 -0.712045 0.512011 -0.081405 -0.704721 0.704724 -0.081405 -0.512010 0.517334 0.991062 -0.712045 0.712048 0.991062 -0.517331 0.801697 0.991062 -0.582464 0.582468 0.991062 -0.801694 0.517334 0.991062 -0.712045 0.271980 0.991062 -0.837059 0.269183 -0.081405 -0.828449 0.512011 -0.081405 -0.704721 0.271980 0.991062 -0.837059 0.517334 0.991062 -0.712045 0.582468 0.991062 -0.801694 0.306225 0.991062 -0.942447 
						0.271980 0.991062 -0.837059 0.000000 0.991062 -0.880136 0.000000 -0.081405 -0.871083 0.269183 -0.081405 -0.828449 0.000000 0.991062 -0.880136 0.271980 0.991062 -0.837059 0.306225 0.991062 -0.942447 0.000000 0.991062 -0.990947 0.000000 0.991062 -0.880136 -0.271972 0.991062 -0.837059 -0.269174 -0.081405 -0.828449 0.000000 -0.081405 -0.871083 -0.271972 0.991062 -0.837059 0.000000 0.991062 -0.880136 0.000000 0.991062 -0.990947 -0.306219 0.991062 -0.942447 -0.271972 0.991062 -0.837059 -0.517330 0.991062 -0.712045 -0.512008 -0.081405 -0.704720 -0.269174 -0.081405 -0.828449 -0.517330 0.991062 -0.712045 -0.271972 0.991062 -0.837059 -0.306219 0.991062 -0.942447 -0.582460 0.991062 -0.801693 -0.517330 0.991062 -0.712045 -0.712042 0.991062 -0.517331 -0.704717 -0.081405 -0.512009 -0.512008 -0.081405 -0.704720 -0.712042 0.991062 -0.517331 -0.517330 0.991062 -0.712045 -0.582460 0.991062 -0.801693 -0.801681 0.991062 -0.582464 -0.712042 0.991062 -0.517331 -0.837057 0.991062 -0.271977 -0.828447 -0.081405 -0.269179 -0.704717 -0.081405 -0.512009 -0.837057 0.991062 -0.271977 -0.712042 0.991062 -0.517331 -0.801681 0.991062 -0.582464 -0.942442 0.991062 -0.306219 -0.837057 0.991062 -0.271977 -0.880132 0.991062 -0.000000 -0.871078 -0.081405 -0.000000 -0.828447 -0.081405 -0.269179 -0.880132 0.991062 -0.000000 -0.837057 0.991062 -0.271977 -0.942442 0.991062 -0.306219 -0.990944 0.991062 -0.000000 -0.880132 0.991062 -0.000000 -0.837057 0.991062 0.271977 -0.828447 -0.081405 0.269179 -0.871078 -0.081405 -0.000000 -0.837057 0.991062 0.271977 -0.880132 0.991062 -0.000000 -0.990944 0.991062 -0.000000 -0.942442 0.991062 0.306219 -0.837057 0.991062 0.271977 -0.712042 0.991062 0.517331 -0.704717 -0.081405 0.512009 -0.828447 -0.081405 0.269179 -0.712042 0.991062 0.517331 -0.837057 0.991062 0.271977 -0.942442 0.991062 0.306219 -0.801681 0.991062 0.582464 
						-0.712042 0.991062 0.517331 -0.517330 0.991062 0.712044 -0.512008 -0.081405 0.704720 -0.704717 -0.081405 0.512009 -0.517330 0.991062 0.712044 -0.712042 0.991062 0.517331 -0.801681 0.991062 0.582464 -0.582460 0.991062 0.801693 -0.517330 0.991062 0.712044 -0.271972 0.991062 0.837058 -0.269174 -0.081405 0.828449 -0.512008 -0.081405 0.704720 -0.271972 0.991062 0.837058 -0.517330 0.991062 0.712044 -0.582460 0.991062 0.801693 -0.306219 0.991062 0.942446 -0.271972 0.991062 0.837058 0.000000 0.991062 0.880135 0.000000 -0.081405 0.871082 -0.269174 -0.081405 0.828449 0.000000 0.991062 0.880135 -0.271972 0.991062 0.837058 -0.306219 0.991062 0.942446 0.000000 0.991062 0.990947 0.000000 0.991062 0.880135 0.271980 0.991062 0.837058 0.269183 -0.081405 0.828449 0.000000 -0.081405 0.871082 0.271980 0.991062 0.837058 0.000000 0.991062 0.880135 0.000000 0.991062 0.990947 0.306225 0.991062 0.942446 0.271980 0.991062 0.837058 0.517334 0.991062 0.712044 0.512013 -0.081405 0.704720 0.269183 -0.081405 0.828449 0.517334 0.991062 0.712044 0.271980 0.991062 0.837058 0.306225 0.991062 0.942446 0.582468 0.991062 0.801692 0.517334 0.991062 0.712044 0.712046 0.991062 0.517331 0.704724 -0.081405 0.512009 0.512013 -0.081405 0.704720 0.712046 0.991062 0.517331 0.517334 0.991062 0.712044 0.582468 0.991062 0.801692 0.801697 0.991062 0.582464 0.712046 0.991062 0.517331 0.837061 0.991062 0.271977 0.828453 -0.081405 0.269179 0.704724 -0.081405 0.512009 0.837061 0.991062 0.271977 0.712046 0.991062 0.517331 0.801697 0.991062 0.582464 0.942448 0.991062 0.306219 0.837061 0.991062 0.271977 0.880140 0.991062 -0.000000 0.871085 -0.081405 -0.000000 0.828453 -0.081405 0.269179 0.880140 0.991062 -0.000000 0.837061 0.991062 0.271977 0.942448 0.991062 0.306219 0.990950 0.991062 -0.000000 
					</float_array>
					<technique_common>
						<accessor count="320" offset="0" source="#meshId5-positions-array" stride="3">
							<param name="X" type="float" />
							<param name="Y" type="float" />
							<param name="Z" type="float" />
						</accessor>
					</technique_common>
				</source>
				<source id="meshId5-normals" name="meshId5-normals">
					<float_array id="meshId5-normals-array" count="960"> 
						0.000000 -1.000000 0.000000 0.000000 -1.000000 0.000000 0.000000 -1.000000 0.000000 0.000000 -1.000000 0.000000 0.000000 -1.000000 -0.000000 0.000000 -1.000000 0.000000 0.000000 -1.000000 0.000000 0.000000 -1.000000 -0.000000 0.000000 -1.000000 -0.000000 0.000000 -1.000000 -0.000000 0.000000 -1.000000 -0.000000 0.000000 -1.000000 -0.000000 0.000000 -1.000000 0.000000 0.000000 -1.000000 -0.000000 0.000000 -1.000000 -0.000000 0.000000 -1.000000 0.000000 0.000000 -1.000000 0.000000 0.000000 -1.000000 0.000000 0.000000 -1.000000 0.000000 0.000000 -1.000000 0.000000 0.000000 -1.000000 0.000000 0.000000 -1.000000 0.000000 0.000000 -1.000000 0.000000 0.000000 -1.000000 0.000000 0.000000 -1.000000 0.000000 0.000000 -1.000000 0.000000 0.000000 -1.000000 0.000000 0.000000 -1.000000 0.000000 0.000000 -1.000000 0.000000 0.000000 -1.000000 0.000000 0.000000 -1.000000 0.000000 0.000000 -1.000000 0.000000 0.000000 -1.000000 -0.000000 0.000000 -1.000000 0.000000 0.000000 -1.000000 0.000000 0.000000 -1.000000 -0.000000 0.000000 -1.000000 -0.000000 0.000000 -1.000000 -0.000000 0.000000 -1.000000 -0.000000 0.000000 -1.000000 -0.000000 0.000000 -1.000000 -0.000000 0.000000 -1.000000 -0.000000 0.000000 -1.000000 -0.000000 0.000000 -1.000000 -0.000000 0.000000 -1.000000 -0.000000 0.000000 -1.000000 -0.000000 0.000000 -1.000000 -0.000000 0.000000 -1.000000 -0.000000 0.000000 -1.000000 0.000000 0.000000 -1.000000 -0.000000 0.000000 -1.000000 -0.000000 0.000000 -1.000000 0.000000 0.000000 -1.000000 0.000000 0.000000 -1.000000 0.000000 0.000000 -1.000000 0.000000 0.000000 -1.000000 0.000000 0.000000 -1.000000 0.000000 0.000000 -1.000000 0.000000 0.000000 -1.000000 0.000000 0.000000 -1.000000 0.000000 0.000000 -1.000000 0.000000 0.000000 -1.000000 0.000000 0.000000 -1.000000 0.000000 0.000000 -1.000000 0.000000 
						0.000000 -1.000000 -0.000000 0.000000 -1.000000 0.000000 0.000000 -1.000000 0.000000 0.000000 -1.000000 -0.000000 0.000000 -1.000000 -0.000000 0.000000 -1.000000 -0.000000 0.000000 -1.000000 -0.000000 0.000000 -1.000000 -0.000000 0.000000 -1.000000 0.000000 0.000000 -1.000000 -0.000000 0.000000 -1.000000 -0.000000 0.000000 -1.000000 0.000000 0.000000 -1.000000 0.000000 0.000000 -1.000000 0.000000 0.000000 -1.000000 0.000000 0.000000 -1.000000 0.000000 0.951022 0.008441 -0.309008 0.999964 0.008442 0.000000 0.999964 0.008442 -0.000000 0.951022 0.008441 -0.309008 0.808991 0.008440 -0.587761 0.951022 0.008441 -0.309008 0.951022 0.008441 -0.309008 0.808991 0.008440 -0.587761 0.587765 0.008441 -0.808988 0.808991 0.008440 -0.587761 0.808991 0.008440 -0.587761 0.587765 0.008441 -0.808988 0.309004 0.008441 -0.951023 0.587765 0.008441 -0.808988 0.587765 0.008441 -0.808988 0.309004 0.008441 -0.951023 0.000000 0.008441 -0.999964 0.309004 0.008441 -0.951023 0.309004 0.008441 -0.951023 -0.000000 0.008441 -0.999964 -0.309008 0.008441 -0.951022 0.000000 0.008441 -0.999964 -0.000000 0.008441 -0.999964 -0.309008 0.008441 -0.951022 -0.587770 0.008442 -0.808984 -0.309008 0.008441 -0.951022 -0.309008 0.008441 -0.951022 -0.587770 0.008442 -0.808984 -0.808990 0.008442 -0.587762 -0.587770 0.008442 -0.808984 -0.587770 0.008442 -0.808984 -0.808990 0.008442 -0.587762 -0.951020 0.008441 -0.309013 -0.808990 0.008442 -0.587762 -0.808990 0.008442 -0.587762 -0.951020 0.008441 -0.309013 -0.999964 0.008441 0.000000 -0.951020 0.008441 -0.309013 -0.951020 0.008441 -0.309013 -0.999964 0.008441 -0.000000 -0.951020 0.008441 0.309013 -0.999964 0.008441 0.000000 -0.999964 0.008441 -0.000000 -0.951020 0.008441 0.309013 -0.808990 0.008442 0.587762 -0.951020 0.008441 0.309013 -0.951020 0.008441 0.309013 -0.808990 0.008442 0.587762 
						-0.587770 0.008442 0.808984 -0.808990 0.008442 0.587762 -0.808990 0.008442 0.587762 -0.587770 0.008442 0.808984 -0.309008 0.008441 0.951022 -0.587770 0.008442 0.808984 -0.587770 0.008442 0.808984 -0.309008 0.008441 0.951022 0.000000 0.008441 0.999964 -0.309008 0.008441 0.951022 -0.309008 0.008441 0.951022 0.000000 0.008441 0.999964 0.309004 0.008441 0.951023 0.000000 0.008441 0.999964 0.000000 0.008441 0.999964 0.309005 0.008441 0.951023 0.587765 0.008441 0.808988 0.309004 0.008441 0.951023 0.309005 0.008441 0.951023 0.587765 0.008441 0.808988 0.808991 0.008440 0.587761 0.587765 0.008441 0.808988 0.587765 0.008441 0.808988 0.808990 0.008440 0.587761 0.951022 0.008441 0.309008 0.808991 0.008440 0.587761 0.808990 0.008440 0.587761 0.951022 0.008441 0.309008 0.999964 0.008442 0.000000 0.951022 0.008441 0.309008 0.951022 0.008441 0.309008 0.999964 0.008442 -0.000000 0.000000 1.000000 -0.000000 0.000000 1.000000 0.000000 0.000000 1.000000 0.000000 0.000000 1.000000 -0.000000 -0.999964 0.008441 -0.000002 -0.951023 0.008440 0.309005 -0.951023 0.008440 0.309005 -0.999964 0.008441 -0.000002 -0.951023 0.008440 0.309005 -0.808987 0.008441 0.587765 -0.808987 0.008441 0.587765 -0.951023 0.008440 0.309005 0.000000 1.000000 0.000000 0.000000 1.000000 -0.000000 0.000000 1.000000 -0.000000 0.000000 1.000000 0.000000 -0.808987 0.008441 0.587765 -0.587765 0.008442 0.808988 -0.587765 0.008442 0.808988 -0.808987 0.008441 0.587765 0.000000 1.000000 -0.000000 0.000000 1.000000 0.000000 0.000000 1.000000 0.000000 0.000000 1.000000 0.000000 -0.587765 0.008442 0.808988 -0.309005 0.008442 0.951023 -0.309005 0.008442 0.951023 -0.587765 0.008442 0.808988 0.000000 1.000000 0.000000 0.000000 1.000000 -0.000000 0.000000 1.000000 0.000000 0.000000 1.000000 0.000000 
						-0.309005 0.008442 0.951023 0.000000 0.008441 0.999964 0.000000 0.008441 0.999964 -0.309005 0.008442 0.951023 0.000000 1.000000 0.000001 0.000000 1.000000 0.000000 0.000000 1.000000 0.000000 0.000000 1.000000 0.000001 0.000000 0.008441 0.999964 0.309007 0.008441 0.951022 0.309007 0.008441 0.951022 0.000000 0.008441 0.999964 0.000000 1.000000 0.000000 0.000000 1.000000 0.000001 0.000000 1.000000 0.000001 0.000000 1.000000 0.000000 0.309007 0.008441 0.951022 0.587763 0.008441 0.808989 0.587763 0.008441 0.808989 0.309007 0.008441 0.951022 0.000000 1.000000 -0.000000 0.000000 1.000000 0.000000 0.000000 1.000000 0.000000 0.000000 1.000000 -0.000000 0.587763 0.008441 0.808989 0.808989 0.008441 0.587763 0.808989 0.008441 0.587763 0.587763 0.008441 0.808989 0.000000 1.000000 -0.000000 0.000000 1.000000 -0.000000 0.000000 1.000000 -0.000000 0.000000 1.000000 -0.000000 0.808989 0.008441 0.587763 0.951023 0.008441 0.309005 0.951023 0.008441 0.309005 0.808989 0.008441 0.587763 0.000000 1.000000 0.000000 0.000000 1.000000 -0.000000 0.000000 1.000000 -0.000000 0.000000 1.000000 0.000000 0.951023 0.008441 0.309005 0.999964 0.008441 0.000000 0.999964 0.008441 0.000000 0.951023 0.008441 0.309005 0.000000 1.000000 0.000000 0.000000 1.000000 0.000000 0.000000 1.000000 0.000000 0.000000 1.000000 0.000000 0.999964 0.008441 0.000000 0.951023 0.008441 -0.309005 0.951023 0.008441 -0.309005 0.999964 0.008441 0.000000 0.000000 1.000000 0.000000 0.000000 1.000000 0.000000 0.000000 1.000000 0.000000 0.000000 1.000000 0.000000 0.951023 0.008441 -0.309005 0.808989 0.008441 -0.587764 0.808989 0.008441 -0.587764 0.951023 0.008441 -0.309005 0.000000 1.000000 -0.000000 0.000000 1.000000 0.000000 0.000000 1.000000 0.000000 0.000000 1.000000 -0.000000 
						0.808989 0.008441 -0.587764 0.587763 0.008441 -0.808989 0.587763 0.008441 -0.808989 0.808989 0.008441 -0.587764 0.000000 1.000000 0.000000 0.000000 1.000000 -0.000000 0.000000 1.000000 -0.000000 0.000000 1.000000 0.000000 0.587763 0.008441 -0.808989 0.309007 0.008441 -0.951023 0.309006 0.008441 -0.951023 0.587763 0.008441 -0.808989 0.000000 1.000000 -0.000000 0.000000 1.000000 0.000000 0.000000 1.000000 0.000000 0.000000 1.000000 -0.000000 0.309007 0.008441 -0.951023 -0.000000 0.008441 -0.999964 -0.000000 0.008441 -0.999964 0.309006 0.008441 -0.951023 0.000000 1.000000 -0.000001 0.000000 1.000000 -0.000000 0.000000 1.000000 -0.000000 0.000000 1.000000 -0.000001 -0.000000 0.008441 -0.999964 -0.309004 0.008441 -0.951023 -0.309004 0.008441 -0.951023 -0.000000 0.008441 -0.999964 0.000000 1.000000 -0.000000 0.000000 1.000000 -0.000001 0.000000 1.000000 -0.000001 0.000000 1.000000 -0.000000 -0.309004 0.008441 -0.951023 -0.587766 0.008441 -0.808987 -0.587766 0.008441 -0.808987 -0.309004 0.008441 -0.951023 0.000000 1.000000 -0.000000 0.000000 1.000000 -0.000000 0.000000 1.000000 -0.000000 0.000000 1.000000 -0.000000 -0.587766 0.008441 -0.808987 -0.808989 0.008441 -0.587764 -0.808989 0.008441 -0.587764 -0.587766 0.008441 -0.808987 0.000000 1.000000 -0.000000 0.000000 1.000000 -0.000000 0.000000 1.000000 -0.000000 0.000000 1.000000 0.000000 -0.808989 0.008441 -0.587764 -0.951022 0.008441 -0.309007 -0.951023 0.008441 -0.309007 -0.808989 0.008441 -0.587764 0.000000 1.000000 0.000000 0.000000 1.000000 -0.000000 0.000000 1.000000 0.000000 0.000000 1.000000 0.000000 -0.951022 0.008441 -0.309007 -0.999964 0.008441 -0.000002 -0.999964 0.008441 -0.000002 -0.951023 0.008441 -0.309007 0.000000 1.000000 0.000000 0.000000 1.000000 0.000000 0.000000 1.000000 0.000000 0.000000 1.000000 0.000000 
					</float_array>
					<technique_common>
						<accessor count="320" offset="0" source="#meshId5-normals-array" stride="3">
							<param name="X" type="float" />
							<param name="Y" type="float" />
							<param name="Z" type="float" />
						</accessor>
					</technique_common>
				</source>
				<source id="meshId5-tangents" name="meshId5-tangents">
					<float_array id="meshId5-tangents-array" count="960"> 
						0.809010 -0.000000 -0.587794 0.891001 -0.000000 -0.454002 0.951052 -0.000000 -0.309032 0.891001 -0.000000 -0.454002 0.587800 0.000000 -0.809007 0.707109 -0.000000 -0.707104 0.809011 -0.000000 -0.587794 0.707109 0.000000 -0.707104 0.309037 0.000000 -0.951050 0.454008 0.000000 -0.890998 0.587800 0.000000 -0.809007 0.454008 0.000000 -0.890998 0.000000 0.000000 -1.000000 0.156445 0.000000 -0.987687 0.309037 0.000000 -0.951050 0.156445 -0.000000 -0.987687 -0.309050 0.000000 -0.951046 -0.156452 0.000000 -0.987686 0.000000 0.000000 -1.000000 -0.156452 0.000000 -0.987686 -0.587771 -0.000000 -0.809027 -0.453998 0.000000 -0.891003 -0.309050 0.000000 -0.951046 -0.453998 -0.000000 -0.891003 -0.809009 -0.000000 -0.587797 -0.707096 -0.000000 -0.707118 -0.587771 -0.000000 -0.809027 -0.707096 -0.000000 -0.707118 -0.951052 0.000000 -0.309030 -0.891000 -0.000000 -0.454003 -0.809009 -0.000000 -0.587797 -0.891000 -0.000000 -0.454003 -1.000000 0.000000 -0.000000 -0.987687 0.000000 -0.156441 -0.951052 0.000000 -0.309030 -0.987687 0.000000 -0.156441 -0.951052 -0.000000 0.309029 -0.987687 -0.000000 0.156441 -1.000000 0.000000 -0.000000 -0.987687 -0.000000 0.156441 -0.809009 -0.000000 0.587796 -0.891001 -0.000000 0.454002 -0.951052 -0.000000 0.309029 -0.891001 -0.000000 0.454002 -0.587750 -0.000000 0.809042 -0.707087 -0.000000 0.707127 -0.809009 -0.000000 0.587796 -0.707087 -0.000000 0.707127 -0.309051 0.000000 0.951045 -0.453989 -0.000000 0.891007 -0.587753 -0.000000 0.809040 -0.453989 0.000000 0.891007 0.000000 0.000000 1.000000 -0.156452 0.000000 0.987686 -0.309051 0.000000 0.951045 -0.156452 0.000000 0.987686 0.309014 0.000000 0.951057 0.156433 0.000000 0.987689 0.000000 0.000000 1.000000 0.156433 0.000000 0.987689 0.587810 0.000000 0.808999 0.454004 0.000000 0.890999 0.309018 0.000000 0.951056 0.454004 0.000000 0.890999 
						0.809007 -0.000000 0.587799 0.707111 0.000000 0.707103 0.587808 0.000000 0.809001 0.707111 -0.000000 0.707103 0.951054 -0.000000 0.309026 0.891001 -0.000000 0.454001 0.809008 -0.000000 0.587797 0.891001 -0.000000 0.454001 1.000000 0.000000 0.000024 0.987686 -0.000000 0.156451 0.951054 -0.000000 0.309026 0.987686 0.000000 0.156451 0.951052 -0.000000 -0.309032 0.987689 0.000000 -0.156432 1.000000 0.000000 0.000021 0.987689 -0.000000 -0.156432 -0.008028 0.999964 0.002609 -0.008442 0.999964 0.001304 -0.008442 0.999964 -0.000000 -0.008431 0.999964 0.001368 -0.006828 0.999964 0.004962 -0.007625 0.999964 0.003849 -0.008028 0.999964 0.002609 -0.007595 0.999964 0.003907 -0.004962 0.999964 0.006829 -0.006062 0.999964 0.006017 -0.006828 0.999964 0.004962 -0.006016 0.999964 0.006063 -0.002607 0.999964 0.008029 -0.003906 0.999964 0.007596 -0.004962 0.999964 0.006829 -0.003848 0.999964 0.007625 -0.000001 0.999964 0.008441 -0.001368 0.999964 0.008431 -0.002607 0.999964 0.008029 -0.001304 0.999964 0.008441 0.002610 0.999964 0.008028 0.001304 0.999964 0.008441 -0.000001 0.999964 0.008441 0.001368 0.999964 0.008431 0.004962 0.999964 0.006830 0.003850 0.999964 0.007625 0.002610 0.999964 0.008028 0.003907 0.999964 0.007596 0.006832 0.999964 0.004960 0.006019 0.999964 0.006062 0.004962 0.999964 0.006830 0.006064 0.999964 0.006016 0.008028 0.999964 0.002609 0.007597 0.999963 0.003906 0.006832 0.999964 0.004960 0.007625 0.999964 0.003848 0.008441 0.999964 0.000000 0.008431 0.999964 0.001368 0.008028 0.999964 0.002609 0.008441 0.999964 0.001304 0.008028 0.999964 -0.002609 0.008441 0.999964 -0.001304 0.008441 0.999964 -0.000000 0.008431 0.999964 -0.001368 0.006832 0.999964 -0.004960 0.007625 0.999964 -0.003848 0.008028 0.999964 -0.002609 0.007597 0.999963 -0.003906 
						0.004960 0.999964 -0.006831 0.006063 0.999964 -0.006017 0.006832 0.999964 -0.004960 0.006018 0.999963 -0.006063 0.002609 0.999964 -0.008028 0.003906 0.999963 -0.007597 0.004960 0.999964 -0.006831 0.003848 0.999964 -0.007626 -0.000000 0.999964 -0.008441 0.001368 0.999964 -0.008431 0.002609 0.999964 -0.008028 0.001304 0.999964 -0.008441 -0.002606 0.999964 -0.008029 -0.001303 0.999964 -0.008441 -0.000000 0.999964 -0.008441 -0.001367 0.999964 -0.008432 -0.004964 0.999964 -0.006827 -0.003849 0.999964 -0.007625 -0.002606 0.999964 -0.008029 -0.003906 0.999964 -0.007595 -0.006828 0.999964 -0.004962 -0.006017 0.999964 -0.006062 -0.004964 0.999964 -0.006827 -0.006062 0.999964 -0.006016 -0.008028 0.999964 -0.002609 -0.007595 0.999964 -0.003907 -0.006828 0.999964 -0.004962 -0.007625 0.999964 -0.003849 -0.008442 0.999964 0.000000 -0.008431 0.999964 -0.001368 -0.008028 0.999964 -0.002609 -0.008442 0.999964 -0.001304 -0.951059 0.000000 0.309008 -0.987691 0.000000 0.156416 -1.000000 0.000000 -0.000028 -0.987691 0.000000 0.156416 0.008441 0.999964 -0.000001 0.008430 0.999964 -0.001368 0.008027 0.999964 -0.002609 0.008441 0.999964 -0.001305 0.008027 0.999964 -0.002609 0.007595 0.999964 -0.003907 0.006829 0.999964 -0.004961 0.007624 0.999964 -0.003849 -0.809020 -0.000000 0.587781 -0.891010 0.000000 0.453983 -0.951060 0.000000 0.309006 -0.891010 -0.000000 0.453983 0.006829 0.999964 -0.004961 0.006018 0.999963 -0.006063 0.004963 0.999964 -0.006829 0.006063 0.999964 -0.006016 -0.587790 0.000000 0.809014 -0.707111 -0.000000 0.707103 -0.809020 -0.000000 0.587781 -0.707111 -0.000000 0.707103 0.004963 0.999964 -0.006829 0.003851 0.999963 -0.007625 0.002611 0.999964 -0.008028 0.003909 0.999964 -0.007595 -0.309045 -0.000000 0.951047 -0.454006 0.000000 0.890999 -0.587790 -0.000000 0.809014 -0.454006 -0.000000 0.890999 
						0.002611 0.999964 -0.008028 0.001306 0.999964 -0.008441 -0.000000 0.999964 -0.008441 0.001370 0.999963 -0.008431 0.000000 -0.000001 1.000000 -0.156450 -0.000000 0.987686 -0.309047 -0.000000 0.951047 -0.156450 -0.000001 0.987686 -0.000000 0.999964 -0.008441 -0.001370 0.999963 -0.008431 -0.002611 0.999964 -0.008027 -0.001306 0.999964 -0.008441 0.309049 -0.000000 0.951046 0.156451 -0.000001 0.987686 0.000000 -0.000001 1.000000 0.156451 -0.000000 0.987686 -0.002611 0.999964 -0.008027 -0.003907 0.999964 -0.007596 -0.004960 0.999964 -0.006831 -0.003849 0.999964 -0.007625 0.587773 0.000000 0.809026 0.453998 -0.000000 0.891003 0.309049 -0.000000 0.951046 0.453998 0.000000 0.891003 -0.004960 0.999964 -0.006831 -0.006062 0.999964 -0.006018 -0.006829 0.999964 -0.004962 -0.006016 0.999964 -0.006063 0.808990 0.000000 0.587822 0.707086 0.000000 0.707128 0.587773 0.000000 0.809026 0.707086 0.000000 0.707128 -0.006829 0.999964 -0.004962 -0.007625 0.999964 -0.003849 -0.008028 0.999964 -0.002609 -0.007596 0.999964 -0.003907 0.951054 -0.000000 0.309025 0.890994 0.000000 0.454014 0.808990 0.000000 0.587822 0.890994 -0.000000 0.454014 -0.008028 0.999964 -0.002609 -0.008441 0.999964 -0.001304 -0.008441 0.999964 0.000000 -0.008431 0.999964 -0.001368 1.000000 -0.000000 0.000000 0.987688 -0.000000 0.156439 0.951054 -0.000000 0.309025 0.987688 -0.000000 0.156439 -0.008441 0.999964 0.000000 -0.008431 0.999964 0.001368 -0.008028 0.999964 0.002609 -0.008441 0.999964 0.001304 0.951054 0.000000 -0.309024 0.987690 0.000000 -0.156424 1.000000 -0.000000 0.000030 0.987690 0.000000 -0.156424 -0.008028 0.999964 0.002609 -0.007596 0.999964 0.003907 -0.006829 0.999964 0.004962 -0.007625 0.999964 0.003849 0.808990 -0.000000 -0.587822 0.890995 0.000000 -0.454014 0.951054 0.000000 -0.309024 0.890995 -0.000000 -0.454014 
						-0.006829 0.999964 0.004962 -0.006017 0.999964 0.006062 -0.004963 0.999964 0.006828 -0.006063 0.999964 0.006016 0.587767 0.000000 -0.809030 0.707083 -0.000000 -0.707131 0.808990 -0.000000 -0.587822 0.707083 0.000000 -0.707131 -0.004963 0.999964 0.006828 -0.003850 0.999964 0.007625 -0.002609 0.999964 0.008028 -0.003907 0.999964 0.007595 0.309049 -0.000000 -0.951046 0.453995 0.000000 -0.891004 0.587767 0.000000 -0.809030 0.453995 -0.000000 -0.891004 -0.002609 0.999964 0.008028 -0.001304 0.999964 0.008441 -0.000000 0.999964 0.008441 -0.001368 0.999964 0.008431 0.000013 -0.000001 -1.000000 0.156457 -0.000000 -0.987685 0.309049 -0.000000 -0.951046 0.156457 -0.000001 -0.987685 -0.000000 0.999964 0.008441 0.001369 0.999964 0.008431 0.002610 0.999964 0.008028 0.001305 0.999964 0.008441 -0.309009 -0.000000 -0.951059 -0.156423 -0.000001 -0.987690 0.000014 -0.000001 -1.000000 -0.156423 -0.000000 -0.987690 0.002610 0.999964 0.008028 0.003907 0.999964 0.007595 0.004961 0.999964 0.006829 0.003850 0.999964 0.007625 -0.587791 -0.000000 -0.809013 -0.453989 -0.000000 -0.891007 -0.309006 -0.000000 -0.951060 -0.453989 -0.000000 -0.891007 0.004961 0.999964 0.006829 0.006061 0.999964 0.006017 0.006827 0.999964 0.004963 0.006016 0.999964 0.006063 -0.809026 -0.000000 -0.587773 -0.707115 -0.000000 -0.707099 -0.587791 -0.000000 -0.809013 -0.707115 0.000000 -0.707099 0.006827 0.999964 0.004963 0.007624 0.999963 0.003850 0.008028 0.999964 0.002609 0.007594 0.999964 0.003907 -0.951056 0.000000 -0.309017 -0.891010 -0.000000 -0.453984 -0.809026 0.000000 -0.587773 -0.891010 0.000000 -0.453984 0.008028 0.999964 0.002609 0.008441 0.999964 0.001304 0.008441 0.999964 -0.000001 0.008431 0.999964 0.001367 -1.000000 0.000000 -0.000025 -0.987686 0.000000 -0.156447 -0.951056 0.000000 -0.309017 -0.987686 0.000000 -0.156447 
					</float_array>
					<technique_common>
						<accessor count="320" offset="0" source="#meshId5-tangents-array" stride="3">
							<param name="X" type="float" />
							<param name="Y" type="float" />
							<param name="Z" type="float" />
						</accessor>
					</technique_common>
				</source>
				<source id="meshId5-bitangents" name="meshId5-bitangents">
					<float_array id="meshId5-bitangents-array" count="960"> 
						0.587794 0.000000 0.809010 0.454002 0.000000 0.891001 0.309032 0.000000 0.951052 0.454002 0.000000 0.891001 0.809007 -0.000000 0.587800 0.707104 0.000000 0.707109 0.587794 0.000000 0.809011 0.707104 -0.000000 0.707109 0.951050 -0.000000 0.309037 0.890998 -0.000000 0.454008 0.809007 -0.000000 0.587800 0.890998 -0.000000 0.454008 1.000000 0.000000 0.000000 0.987687 -0.000000 0.156445 0.951050 -0.000000 0.309037 0.987687 0.000000 0.156445 0.951046 0.000000 -0.309050 0.987686 0.000000 -0.156452 1.000000 0.000000 0.000000 0.987686 0.000000 -0.156452 0.809027 -0.000000 -0.587771 0.891003 0.000000 -0.453998 0.951046 0.000000 -0.309050 0.891003 -0.000000 -0.453998 0.587797 -0.000000 -0.809009 0.707118 -0.000000 -0.707096 0.809027 -0.000000 -0.587771 0.707118 -0.000000 -0.707096 0.309030 0.000000 -0.951052 0.454003 -0.000000 -0.891000 0.587797 -0.000000 -0.809009 0.454003 0.000000 -0.891000 0.000000 0.000000 -1.000000 0.156441 0.000000 -0.987687 0.309030 0.000000 -0.951052 0.156441 0.000000 -0.987687 -0.309029 0.000000 -0.951052 -0.156441 0.000000 -0.987687 0.000000 0.000000 -1.000000 -0.156441 0.000000 -0.987687 -0.587796 0.000000 -0.809009 -0.454002 0.000000 -0.891001 -0.309029 0.000000 -0.951052 -0.454002 0.000000 -0.891001 -0.809042 0.000000 -0.587750 -0.707127 0.000000 -0.707087 -0.587796 0.000000 -0.809009 -0.707127 0.000000 -0.707087 -0.951045 0.000000 -0.309051 -0.891007 0.000000 -0.453989 -0.809040 0.000000 -0.587753 -0.891007 0.000000 -0.453989 -1.000000 0.000000 0.000000 -0.987686 0.000000 -0.156452 -0.951045 0.000000 -0.309051 -0.987686 -0.000000 -0.156452 -0.951057 0.000000 0.309014 -0.987689 0.000000 0.156433 -1.000000 0.000000 0.000000 -0.987689 0.000000 0.156433 -0.808999 0.000000 0.587810 -0.890999 0.000000 0.454004 -0.951056 0.000000 0.309018 -0.890999 0.000000 0.454004 
						-0.587799 -0.000000 0.809007 -0.707103 0.000000 0.707111 -0.809001 0.000000 0.587808 -0.707103 -0.000000 0.707111 -0.309026 -0.000000 0.951054 -0.454001 -0.000000 0.891001 -0.587797 -0.000000 0.809008 -0.454001 -0.000000 0.891001 -0.000024 -0.000000 1.000000 -0.156451 -0.000000 0.987686 -0.309026 -0.000000 0.951054 -0.156451 0.000000 0.987686 0.309032 0.000000 0.951052 0.156432 -0.000000 0.987689 -0.000021 0.000000 1.000000 0.156432 0.000000 0.987689 0.309019 -0.000000 0.951056 0.000011 -0.001304 0.999999 0.000000 0.000000 1.000000 0.309008 0.001305 0.951059 0.587782 -0.000001 0.809020 0.309029 -0.001305 0.951052 0.309019 -0.000000 0.951056 0.587772 0.001303 0.809025 0.809017 0.000000 0.587786 0.587790 -0.001305 0.809013 0.587782 -0.000001 0.809020 0.809009 0.001304 0.587794 0.951057 -0.000001 0.309015 0.809022 -0.001305 0.587776 0.809017 0.000000 0.587786 0.951053 0.001304 0.309025 1.000000 0.000001 0.000000 0.951060 -0.001304 0.309004 0.951057 -0.000001 0.309015 0.999999 0.001304 0.000011 0.951056 -0.000001 -0.309019 0.999999 -0.001304 -0.000011 1.000000 0.000001 0.000000 0.951059 0.001304 -0.309008 0.809013 -0.000000 -0.587791 0.951052 -0.001305 -0.309029 0.951056 -0.000001 -0.309019 0.809019 0.001304 -0.587782 0.587783 -0.000003 -0.809019 0.809006 -0.001306 -0.587799 0.809013 -0.000000 -0.587791 0.587791 0.001303 -0.809012 0.309024 0.000001 -0.951054 0.587774 -0.001305 -0.809024 0.587783 -0.000003 -0.809019 0.309035 0.001304 -0.951050 0.000000 0.000000 -1.000000 0.309014 -0.001304 -0.951057 0.309024 0.000001 -0.951054 0.000011 0.001304 -0.999999 -0.309024 -0.000001 -0.951054 -0.000011 -0.001304 -0.999999 0.000000 -0.000000 -1.000000 -0.309014 0.001304 -0.951057 -0.587783 0.000003 -0.809019 -0.309035 -0.001304 -0.951050 -0.309025 -0.000001 -0.951054 -0.587773 0.001305 -0.809025 
						-0.809013 -0.000003 -0.587791 -0.587792 -0.001304 -0.809011 -0.587783 0.000003 -0.809019 -0.809006 0.001305 -0.587799 -0.951056 0.000000 -0.309019 -0.809019 -0.001306 -0.587782 -0.809013 -0.000003 -0.587791 -0.951052 0.001303 -0.309029 -1.000000 0.000000 0.000000 -0.951059 -0.001304 -0.309008 -0.951056 0.000000 -0.309019 -0.999999 0.001304 -0.000011 -0.951057 0.000003 0.309015 -0.999999 -0.001303 0.000011 -1.000000 0.000000 0.000000 -0.951060 0.001305 0.309005 -0.809016 -0.000003 0.587786 -0.951053 -0.001304 0.309026 -0.951057 0.000003 0.309015 -0.809022 0.001304 0.587776 -0.587782 0.000001 0.809019 -0.809009 -0.001305 0.587794 -0.809016 -0.000003 0.587786 -0.587791 0.001303 0.809012 -0.309019 0.000000 0.951056 -0.587773 -0.001304 0.809025 -0.587782 0.000001 0.809019 -0.309029 0.001305 0.951052 0.000000 0.000000 1.000000 -0.309008 -0.001305 0.951059 -0.309019 0.000000 0.951056 -0.000011 0.001304 0.999999 0.309008 0.000000 0.951059 0.156416 -0.000000 0.987691 -0.000028 0.000000 1.000000 0.156416 0.000000 0.987691 0.000002 -0.000001 -1.000000 -0.309005 0.001304 -0.951059 -0.309016 -0.000001 -0.951057 -0.000009 -0.001305 -0.999999 -0.309016 -0.000001 -0.951057 -0.587777 0.001304 -0.809022 -0.587786 0.000001 -0.809016 -0.309026 -0.001304 -0.951053 0.587781 -0.000000 0.809020 0.453983 0.000000 0.891010 0.309006 0.000000 0.951060 0.453983 -0.000000 0.891010 -0.587786 0.000001 -0.809016 -0.809010 0.001305 -0.587794 -0.809017 0.000001 -0.587785 -0.587795 -0.001303 -0.809009 0.809014 0.000000 0.587790 0.707103 -0.000000 0.707111 0.587781 -0.000000 0.809020 0.707103 -0.000000 0.707111 -0.809017 0.000001 -0.587786 -0.951053 0.001307 -0.309026 -0.951057 0.000003 -0.309016 -0.809023 -0.001302 -0.587776 0.951047 -0.000000 0.309045 0.890999 0.000000 0.454006 0.809014 -0.000000 0.587790 0.890999 -0.000000 0.454006 
						-0.951057 0.000003 -0.309016 -0.999999 0.001306 -0.000011 -1.000000 0.000000 0.000000 -0.951060 -0.001303 -0.309005 1.000000 0.000000 0.000000 0.987686 -0.000000 0.156450 0.951047 -0.000000 0.309047 0.987686 -0.000000 0.156450 -1.000000 0.000000 0.000000 -0.951059 0.001303 0.309007 -0.951056 -0.000003 0.309018 -0.999999 -0.001306 0.000011 0.951046 0.000000 -0.309049 0.987686 0.000000 -0.156451 1.000000 0.000000 0.000000 0.987686 0.000000 -0.156451 -0.951056 -0.000003 0.309018 -0.809024 0.001304 0.587775 -0.809018 0.000003 0.587784 -0.951052 -0.001304 0.309028 0.809026 -0.000000 -0.587773 0.891003 0.000000 -0.453998 0.951046 0.000000 -0.309049 0.891003 -0.000000 -0.453998 -0.809018 0.000003 0.587784 -0.587793 0.001306 0.809011 -0.587784 0.000000 0.809018 -0.809011 -0.001303 0.587792 0.587822 -0.000000 -0.808990 0.707128 -0.000000 -0.707086 0.809026 -0.000000 -0.587773 0.707128 -0.000000 -0.707086 -0.587784 0.000000 0.809018 -0.309026 0.001304 0.951053 -0.309016 0.000000 0.951057 -0.587775 -0.001304 0.809024 0.309025 0.000000 -0.951054 0.454014 -0.000000 -0.890994 0.587822 -0.000000 -0.808990 0.454014 0.000000 -0.890994 -0.309016 0.000000 0.951057 -0.000011 0.001304 0.999999 -0.000000 -0.000000 1.000000 -0.309005 -0.001304 0.951059 0.000000 0.000000 -1.000000 0.156439 0.000000 -0.987688 0.309025 0.000000 -0.951054 0.156439 0.000000 -0.987688 0.000000 0.000000 1.000000 0.309005 0.001304 0.951059 0.309016 -0.000000 0.951057 0.000011 -0.001304 0.999999 -0.309024 0.000000 -0.951054 -0.156424 0.000000 -0.987690 0.000030 0.000000 -1.000000 -0.156424 0.000000 -0.987690 0.309016 -0.000000 0.951057 0.587775 0.001304 0.809023 0.587785 -0.000000 0.809017 0.309026 -0.001304 0.951053 -0.587822 -0.000000 -0.808990 -0.454014 0.000000 -0.890995 -0.309024 0.000000 -0.951054 -0.454014 -0.000000 -0.890995 
						0.587785 -0.000000 0.809017 0.809011 0.001305 0.587792 0.809018 0.000001 0.587784 0.587793 -0.001304 0.809010 -0.809030 0.000000 -0.587767 -0.707131 -0.000000 -0.707083 -0.587822 -0.000000 -0.808990 -0.707131 0.000000 -0.707083 0.809018 0.000001 0.587784 0.951052 0.001305 0.309028 0.951056 0.000000 0.309017 0.809024 -0.001303 0.587775 -0.951046 -0.000000 -0.309049 -0.891004 0.000000 -0.453995 -0.809030 0.000000 -0.587767 -0.891004 -0.000000 -0.453995 0.951056 0.000000 0.309018 0.999999 0.001304 0.000011 1.000000 0.000000 -0.000000 0.951059 -0.001304 0.309007 -1.000000 -0.000000 -0.000013 -0.987685 -0.000000 -0.156457 -0.951046 -0.000000 -0.309049 -0.987685 -0.000000 -0.156457 1.000000 0.000000 -0.000000 0.951060 0.001303 -0.309005 0.951057 -0.000002 -0.309015 0.999999 -0.001305 -0.000011 -0.951059 0.000000 0.309009 -0.987690 0.000000 0.156423 -1.000000 -0.000000 -0.000014 -0.987690 0.000000 0.156423 0.951057 -0.000002 -0.309015 0.809022 0.001303 -0.587777 0.809016 0.000000 -0.587786 0.951053 -0.001305 -0.309026 -0.809013 0.000000 0.587791 -0.891007 0.000000 0.453989 -0.951060 0.000000 0.309006 -0.891007 0.000000 0.453989 0.809016 0.000000 -0.587786 0.587793 0.001305 -0.809010 0.587785 0.000002 -0.809018 0.809009 -0.001303 -0.587795 -0.587773 0.000000 0.809026 -0.707099 0.000000 0.707115 -0.809013 0.000000 0.587791 -0.707099 -0.000000 0.707115 0.587785 0.000002 -0.809017 0.309028 0.001305 -0.951052 0.309018 0.000001 -0.951056 0.587775 -0.001303 -0.809023 -0.309017 -0.000000 0.951056 -0.453984 0.000000 0.891010 -0.587773 -0.000000 0.809026 -0.453984 -0.000000 0.891010 0.309018 0.000001 -0.951056 0.000013 0.001304 -0.999999 0.000002 -0.000001 -1.000000 0.309007 -0.001305 -0.951059 -0.000025 0.000000 1.000000 -0.156447 -0.000000 0.987686 -0.309017 -0.000000 0.951056 -0.156447 0.000000 0.987686 
					</float_array>
					<technique_common>
						<accessor count="320" offset="0" source="#meshId5-bitangents-array" stride="3">
							<param name="X" type="float" />
							<param name="Y" type="float" />
							<param name="Z" type="float" />
						</accessor>
					</technique_common>
				</source>
				<source id="meshId5-tex0" name="meshId5-tex0">
					<float_array id="meshId5-tex0-array" count="640"> 
						0.008534 0.482471 0.008534 0.494142 0.003703 0.494142 0.003703 0.482471 0.008533 0.470800 0.008534 0.482471 0.003703 0.482471 0.003703 0.470800 0.008534 0.459130 0.008533 0.470800 0.003703 0.470800 0.003703 0.459130 0.008534 0.447464 0.008534 0.459130 0.003703 0.459130 0.003703 0.447464 0.008534 0.435804 0.008534 0.447464 0.003703 0.447464 0.003703 0.435804 0.008534 0.424166 0.008534 0.435804 0.003703 0.435804 0.003703 0.424166 0.008534 0.412590 0.008534 0.424166 0.003703 0.424166 0.003703 0.412590 0.008534 0.401137 0.008534 0.412590 0.003703 0.412590 0.003703 0.401137 0.008534 0.389849 0.008534 0.401137 0.003703 0.401137 0.003703 0.389849 0.008534 0.610553 0.008534 0.621780 0.003703 0.621780 0.003703 0.610553 0.008534 0.599078 0.008534 0.610553 0.003703 0.610553 0.003703 0.599078 0.008534 0.587493 0.008534 0.599078 0.003703 0.599078 0.003703 0.587493 0.008534 0.575847 0.008534 0.587493 0.003703 0.587493 0.003703 0.575847 0.008534 0.564180 0.008534 0.575847 0.003703 0.575847 0.003703 0.564180 0.008534 0.552508 0.008534 0.564180 0.003703 0.564180 0.003703 0.552508 0.008534 0.540835 0.008534 0.552508 0.003703 0.552508 0.003703 0.540835 
						0.008534 0.529161 0.008534 0.540835 0.003703 0.540835 0.003703 0.529161 0.008534 0.517487 0.008534 0.529161 0.003703 0.529161 0.003703 0.517487 0.008534 0.505814 0.008534 0.517487 0.003703 0.517487 0.003703 0.505815 0.008534 0.494142 0.008534 0.505814 0.003703 0.505815 0.003703 0.494142 0.051059 0.494142 0.051060 0.505814 0.008534 0.505814 0.008534 0.494142 0.051059 0.482471 0.051059 0.494142 0.008534 0.494142 0.008534 0.482471 0.051059 0.470800 0.051059 0.482471 0.008534 0.482471 0.008533 0.470800 0.051059 0.459130 0.051059 0.470800 0.008533 0.470800 0.008534 0.459130 0.051059 0.447464 0.051059 0.459130 0.008534 0.459130 0.008534 0.447464 0.051059 0.435804 0.051059 0.447464 0.008534 0.447464 0.008534 0.435804 0.051059 0.424166 0.051059 0.435804 0.008534 0.435804 0.008534 0.424166 0.051059 0.412590 0.051059 0.424166 0.008534 0.424166 0.008534 0.412590 0.051059 0.401137 0.051059 0.412590 0.008534 0.412590 0.008534 0.401137 0.051060 0.389849 0.051059 0.401137 0.008534 0.401137 0.008534 0.389849 0.051060 0.610553 0.051060 0.621780 0.008534 0.621780 0.008534 0.610553 0.051059 0.599078 0.051060 0.610553 0.008534 0.610553 0.008534 0.599078 
						0.051059 0.587493 0.051059 0.599078 0.008534 0.599078 0.008534 0.587493 0.051060 0.575847 0.051059 0.587493 0.008534 0.587493 0.008534 0.575847 0.051060 0.564180 0.051060 0.575847 0.008534 0.575847 0.008534 0.564180 0.051059 0.552508 0.051060 0.564180 0.008534 0.564180 0.008534 0.552508 0.051060 0.540835 0.051059 0.552508 0.008534 0.552508 0.008534 0.540835 0.051060 0.529161 0.051060 0.540835 0.008534 0.540835 0.008534 0.529161 0.051060 0.517487 0.051060 0.529161 0.008534 0.529161 0.008534 0.517487 0.051060 0.505814 0.051060 0.517487 0.008534 0.517487 0.008534 0.505814 0.055163 0.494142 0.055163 0.505815 0.051060 0.505814 0.051059 0.494142 0.106754 0.468811 0.106754 0.480392 0.061445 0.480392 0.061445 0.468811 0.106754 0.480392 0.106754 0.491982 0.061445 0.491982 0.061445 0.480392 0.055163 0.482471 0.055163 0.494142 0.051059 0.494142 0.051059 0.482471 0.106754 0.491982 0.106753 0.503581 0.061445 0.503581 0.061445 0.491982 0.055163 0.470800 0.055163 0.482471 0.051059 0.482471 0.051059 0.470800 0.106753 0.503581 0.106754 0.515187 0.061445 0.515187 0.061445 0.503581 0.055163 0.459130 0.055163 0.470800 0.051059 0.470800 0.051059 0.459130 
						0.106754 0.515187 0.106754 0.526802 0.061445 0.526802 0.061445 0.515187 0.055163 0.447464 0.055163 0.459130 0.051059 0.459130 0.051059 0.447464 0.106754 0.526802 0.106754 0.538425 0.061445 0.538425 0.061445 0.526802 0.055163 0.435804 0.055163 0.447464 0.051059 0.447464 0.051059 0.435804 0.106754 0.538425 0.106754 0.550056 0.061445 0.550056 0.061445 0.538425 0.055163 0.424166 0.055163 0.435804 0.051059 0.435804 0.051059 0.424166 0.106754 0.550056 0.106754 0.561695 0.061445 0.561695 0.061445 0.550056 0.055163 0.412590 0.055163 0.424166 0.051059 0.424166 0.051059 0.412590 0.106754 0.561695 0.106753 0.573342 0.061445 0.573342 0.061445 0.561695 0.055163 0.401137 0.055163 0.412590 0.051059 0.412590 0.051059 0.401137 0.106753 0.573342 0.106754 0.584997 0.061445 0.584997 0.061445 0.573342 0.055163 0.389849 0.055163 0.401137 0.051059 0.401137 0.051060 0.389849 0.106754 0.353479 0.106754 0.364971 0.061445 0.364971 0.061445 0.353479 0.055163 0.610553 0.055163 0.621780 0.051060 0.621780 0.051060 0.610553 0.106754 0.364971 0.106754 0.376473 0.061445 0.376473 0.061445 0.364971 0.055163 0.599078 0.055163 0.610553 0.051060 0.610553 0.051059 0.599078 
						0.106754 0.376473 0.106754 0.387984 0.061445 0.387984 0.061445 0.376473 0.055163 0.587493 0.055163 0.599078 0.051059 0.599078 0.051059 0.587493 0.106754 0.387984 0.106754 0.399504 0.061445 0.399504 0.061445 0.387984 0.055163 0.575847 0.055163 0.587493 0.051059 0.587493 0.051060 0.575847 0.106754 0.399504 0.106754 0.411033 0.061445 0.411033 0.061445 0.399504 0.055163 0.564181 0.055163 0.575847 0.051060 0.575847 0.051060 0.564180 0.106754 0.411033 0.106753 0.422571 0.061445 0.422571 0.061445 0.411033 0.055163 0.552508 0.055163 0.564181 0.051060 0.564180 0.051059 0.552508 0.106753 0.422571 0.106754 0.434118 0.061445 0.434118 0.061445 0.422571 0.055163 0.540835 0.055163 0.552508 0.051059 0.552508 0.051060 0.540835 0.106754 0.434118 0.106754 0.445673 0.061445 0.445673 0.061445 0.434118 0.055163 0.529161 0.055163 0.540835 0.051060 0.540835 0.051060 0.529161 0.106754 0.445673 0.106754 0.457238 0.061445 0.457238 0.061445 0.445673 0.055163 0.517487 0.055163 0.529161 0.051060 0.529161 0.051060 0.517487 0.106754 0.457238 0.106754 0.468811 0.061445 0.468811 0.061445 0.457238 0.055163 0.505815 0.055163 0.517487 0.051060 0.517487 0.051060 0.505814 
					</float_array>
					<technique_common>
						<accessor count="320" offset="0" source="#meshId5-tex0-array" stride="2">
							<param name="S" type="float" />
							<param name="T" type="float" />
						</accessor>
					</technique_common>
				</source>
				<source id="meshId5-tex1" name="meshId5-tex1">
					<float_array id="meshId5-tex1-array" count="640"> 
						0.289485 0.211695 0.289485 0.222308 0.284602 0.222308 0.284602 0.211695 0.289485 0.201081 0.289485 0.211695 0.284602 0.211695 0.284602 0.201081 0.289485 0.190469 0.289485 0.201081 0.284602 0.201081 0.284602 0.190469 0.289485 0.179856 0.289485 0.190469 0.284602 0.190469 0.284602 0.179856 0.289485 0.169244 0.289485 0.179856 0.284602 0.179856 0.284602 0.169244 0.289485 0.158632 0.289485 0.169244 0.284602 0.169244 0.284602 0.158632 0.289485 0.148009 0.289485 0.158632 0.284602 0.158632 0.284602 0.148009 0.289485 0.137299 0.289485 0.148009 0.284602 0.148009 0.284602 0.137299 0.289485 0.126382 0.289485 0.137299 0.284602 0.137299 0.284602 0.126382 0.289485 0.328512 0.289485 0.339469 0.284602 0.339469 0.284602 0.328512 0.289485 0.317834 0.289485 0.328512 0.284602 0.328512 0.284602 0.317834 0.289485 0.307210 0.289485 0.317834 0.284602 0.317834 0.284602 0.307210 0.289485 0.296598 0.289485 0.307210 0.284602 0.307210 0.284602 0.296598 0.289485 0.285987 0.289485 0.296598 0.284602 0.296598 0.284602 0.285987 0.289485 0.275374 0.289485 0.285987 0.284602 0.285987 0.284602 0.275374 0.289485 0.264762 0.289485 0.275374 0.284602 0.275374 0.284602 0.264762 
						0.289485 0.254148 0.289485 0.264762 0.284602 0.264762 0.284602 0.254148 0.289485 0.243533 0.289485 0.254148 0.284602 0.254148 0.284602 0.243533 0.289485 0.232919 0.289485 0.243533 0.284602 0.243533 0.284602 0.232919 0.289485 0.222308 0.289485 0.232919 0.284602 0.232919 0.284602 0.222308 0.974722 0.583760 0.974722 0.596793 0.929889 0.596793 0.929889 0.583760 0.974722 0.570728 0.974722 0.583760 0.929889 0.583760 0.929889 0.570728 0.974722 0.557703 0.974722 0.570728 0.929889 0.570728 0.929889 0.557703 0.974722 0.544680 0.974722 0.557703 0.929889 0.557703 0.929889 0.544680 0.974722 0.531657 0.974722 0.544680 0.929889 0.544680 0.929889 0.531657 0.974722 0.518635 0.974722 0.531657 0.929889 0.531657 0.929889 0.518635 0.974722 0.505616 0.974722 0.518635 0.929889 0.518635 0.929889 0.505616 0.974722 0.492598 0.974722 0.505616 0.929889 0.505616 0.929889 0.492598 0.974722 0.479581 0.974722 0.492598 0.929889 0.492598 0.929889 0.479581 0.974722 0.466567 0.974722 0.479581 0.929889 0.479581 0.929889 0.466567 0.974722 0.714035 0.974722 0.727059 0.929889 0.727059 0.929889 0.714035 0.974722 0.701011 0.974722 0.714035 0.929889 0.714035 0.929889 0.701011 
						0.974722 0.687986 0.974722 0.701011 0.929889 0.701011 0.929889 0.687986 0.974722 0.674959 0.974722 0.687986 0.929889 0.687986 0.929889 0.674959 0.974722 0.661932 0.974722 0.674959 0.929889 0.674959 0.929889 0.661932 0.974722 0.648904 0.974722 0.661932 0.929889 0.661932 0.929889 0.648904 0.974722 0.635875 0.974722 0.648904 0.929889 0.648904 0.929889 0.635875 0.974722 0.622848 0.974722 0.635875 0.929889 0.635875 0.929889 0.622848 0.974722 0.609820 0.974722 0.622848 0.929889 0.622848 0.929889 0.609820 0.974722 0.596793 0.974722 0.609820 0.929889 0.609820 0.929889 0.596793 0.243565 0.222308 0.243565 0.232919 0.239398 0.232919 0.239398 0.222308 0.243565 0.232919 0.243565 0.222308 0.284602 0.222308 0.284602 0.232919 0.243565 0.222308 0.243565 0.211695 0.284602 0.211695 0.284602 0.222308 0.243565 0.211695 0.243565 0.222308 0.239398 0.222308 0.239398 0.211695 0.243565 0.211695 0.243565 0.201081 0.284602 0.201081 0.284602 0.211695 0.243565 0.201081 0.243565 0.211695 0.239398 0.211695 0.239398 0.201081 0.243565 0.201081 0.243565 0.190469 0.284602 0.190469 0.284602 0.201081 0.243565 0.190469 0.243565 0.201081 0.239398 0.201081 0.239398 0.190469 
						0.243565 0.190469 0.243565 0.179856 0.284602 0.179856 0.284602 0.190469 0.243565 0.179856 0.243565 0.190469 0.239398 0.190469 0.239398 0.179856 0.243565 0.179856 0.243565 0.169244 0.284602 0.169244 0.284602 0.179856 0.243565 0.169244 0.243565 0.179856 0.239398 0.179856 0.239398 0.169244 0.243565 0.169244 0.243565 0.158632 0.284602 0.158632 0.284602 0.169244 0.243565 0.158632 0.243565 0.169244 0.239398 0.169244 0.239398 0.158632 0.243565 0.158632 0.243565 0.148009 0.284602 0.148009 0.284602 0.158632 0.243565 0.148009 0.243565 0.158632 0.239398 0.158632 0.239398 0.148009 0.243565 0.148009 0.243565 0.137299 0.284602 0.137299 0.284602 0.148009 0.243565 0.137299 0.243565 0.148009 0.239398 0.148009 0.239398 0.137299 0.243565 0.137299 0.243565 0.126382 0.284602 0.126382 0.284602 0.137299 0.243565 0.126382 0.243565 0.137299 0.239398 0.137299 0.239398 0.126382 0.243565 0.339469 0.243565 0.328512 0.284602 0.328512 0.284602 0.339469 0.243565 0.328512 0.243565 0.339469 0.239398 0.339469 0.239398 0.328512 0.243565 0.328512 0.243565 0.317834 0.284602 0.317834 0.284602 0.328512 0.243565 0.317834 0.243565 0.328512 0.239398 0.328512 0.239398 0.317834 
						0.243565 0.317834 0.243565 0.307210 0.284602 0.307210 0.284602 0.317834 0.243565 0.307210 0.243565 0.317834 0.239398 0.317834 0.239398 0.307210 0.243565 0.307210 0.243565 0.296598 0.284602 0.296598 0.284602 0.307210 0.243565 0.296598 0.243565 0.307210 0.239398 0.307210 0.239398 0.296598 0.243565 0.296598 0.243565 0.285987 0.284602 0.285987 0.284602 0.296598 0.243565 0.285987 0.243565 0.296598 0.239398 0.296598 0.239398 0.285987 0.243565 0.285987 0.243565 0.275375 0.284602 0.275374 0.284602 0.285987 0.243565 0.275375 0.243565 0.285987 0.239398 0.285987 0.239398 0.275374 0.243565 0.275375 0.243565 0.264762 0.284602 0.264762 0.284602 0.275374 0.243565 0.264762 0.243565 0.275375 0.239398 0.275374 0.239398 0.264762 0.243565 0.264762 0.243565 0.254148 0.284602 0.254148 0.284602 0.264762 0.243565 0.254148 0.243565 0.264762 0.239398 0.264762 0.239398 0.254148 0.243565 0.254148 0.243565 0.243533 0.284602 0.243533 0.284602 0.254148 0.243565 0.243533 0.243565 0.254148 0.239398 0.254148 0.239398 0.243533 0.243565 0.243533 0.243565 0.232919 0.284602 0.232919 0.284602 0.243533 0.243565 0.232919 0.243565 0.243533 0.239398 0.243533 0.239398 0.232919 
					</float_array>
					<technique_common>
						<accessor count="320" offset="0" source="#meshId5-tex1-array" stride="2">
							<param name="S" type="float" />
							<param name="T" type="float" />
						</accessor>
					</technique_common>
				</source>
				<vertices id="meshId5-vertices">
					<input semantic="POSITION" source="#meshId5-positions" />
				</vertices>
				<polylist count="160" material="defaultMaterial">
					<input offset="0" semantic="VERTEX" source="#meshId5-vertices" />
					<input offset="0" semantic="NORMAL" source="#meshId5-normals" />
					<input offset="0" semantic="TANGENT" source="#meshId5-tangents" />
					<input offset="0" semantic="BINORMAL" source="#meshId5-bitangents" />
					<input offset="0" semantic="TEXCOORD" source="#meshId5-tex0" set="0" />
					<input offset="0" semantic="TEXCOORD" source="#meshId5-tex1" set="1" />
					<vcount>
						3 3 3 3 3 3 3 3 3 3 3 3 3 3 3 3 3 3 3 3 3 3 3 3 3 3 3 3 3 3 3 3 3 3 3 3 3 3 3 3 3 3 3 3 3 3 3 3 3 3 3 3 3 3 3 3 3 3 3 3 3 3 3 3 
						3 3 3 3 3 3 3 3 3 3 3 3 3 3 3 3 3 3 3 3 3 3 3 3 3 3 3 3 3 3 3 3 3 3 3 3 3 3 3 3 3 3 3 3 3 3 3 3 3 3 3 3 3 3 3 3 3 3 3 3 3 3 3 3 
						3 3 3 3 3 3 3 3 3 3 3 3 3 3 3 3 3 3 3 3 3 3 3 3 3 3 3 3 3 3 3 3 
					</vcount>
					<p>
						3 0 1 1 2 3 7 4 5 5 6 7 11 8 9 9 10 11 15 12 13 13 14 15 19 16 17 17 18 19 23 20 21 21 22 23 27 24 25 25 26 27 31 28 29 29 30 31 35 32 33 33 34 35 39 36 37 37 38 39 43 40 41 41 42 43 47 44 45 45 46 47 51 48 49 49 50 51 55 52 53 53 54 55 59 56 57 57 58 59 63 60 61 61 62 63 67 64 65 65 66 67 71 68 69 69 70 71 75 72 73 73 74 75 79 76 77 77 78 79 83 80 81 81 82 83 87 84 85 85 86 87 91 88 89 89 90 91 95 92 93 93 94 95 99 96 97 97 98 99 103 100 101 101 102 103 107 104 105 105 106 107 111 108 109 109 110 111 115 112 113 113 114 115 119 116 117 117 118 119 123 120 121 121 122 123 127 124 125 125 126 127 
						131 128 129 129 130 131 135 132 133 133 134 135 139 136 137 137 138 139 143 140 141 141 142 143 147 144 145 145 146 147 151 148 149 149 150 151 155 152 153 153 154 155 159 156 157 157 158 159 163 160 161 161 162 163 167 164 165 165 166 167 171 168 169 169 170 171 175 172 173 173 174 175 179 176 177 177 178 179 183 180 181 181 182 183 187 184 185 185 186 187 191 188 189 189 190 191 195 192 193 193 194 195 199 196 197 197 198 199 203 200 201 201 202 203 207 204 205 205 206 207 211 208 209 209 210 211 215 212 213 213 214 215 219 216 217 217 218 219 223 220 221 221 222 223 227 224 225 225 226 227 231 228 229 229 230 231 235 232 233 233 234 235 239 236 237 237 238 239 243 240 241 241 242 243 247 244 245 245 246 247 251 248 249 249 250 251 255 252 253 253 254 255 
						259 256 257 257 258 259 263 260 261 261 262 263 267 264 265 265 266 267 271 268 269 269 270 271 275 272 273 273 274 275 279 276 277 277 278 279 283 280 281 281 282 283 287 284 285 285 286 287 291 288 289 289 290 291 295 292 293 293 294 295 299 296 297 297 298 299 303 300 301 301 302 303 307 304 305 305 306 307 311 308 309 309 310 311 315 312 313 313 314 315 319 316 317 317 318 319 
					</p>
				</polylist>
			</mesh>
		</geometry>
		<geometry id="meshId6" name="meshId6_name" >
			<mesh>
				<source id="meshId6-positions" name="meshId6-positions">
					<float_array id="meshId6-positions-array" count="960"> 
						0.809019 -0.081406 -0.587786 0.951057 -0.081406 -0.309017 0.828453 -0.081406 -0.269179 0.704723 -0.081406 -0.512010 0.587790 -0.081406 -0.809018 0.809019 -0.081406 -0.587786 0.704723 -0.081406 -0.512010 0.512011 -0.081406 -0.704721 0.309021 -0.081406 -0.951057 0.587790 -0.081406 -0.809018 0.512011 -0.081406 -0.704721 0.269182 -0.081406 -0.828449 0.000000 -0.081406 -1.000000 0.309021 -0.081406 -0.951057 0.269182 -0.081406 -0.828449 0.000000 -0.081406 -0.871083 -0.309017 -0.081406 -0.951057 0.000000 -0.081406 -1.000000 0.000000 -0.081406 -0.871083 -0.269175 -0.081406 -0.828449 -0.587782 -0.081406 -0.809017 -0.309017 -0.081406 -0.951057 -0.269175 -0.081406 -0.828449 -0.512009 -0.081406 -0.704720 -0.809012 -0.081406 -0.587786 -0.587782 -0.081406 -0.809017 -0.512009 -0.081406 -0.704720 -0.704718 -0.081406 -0.512009 -0.951050 -0.081406 -0.309017 -0.809012 -0.081406 -0.587786 -0.704718 -0.081406 -0.512009 -0.828447 -0.081406 -0.269179 -0.999998 -0.081406 -0.000000 -0.951050 -0.081406 -0.309017 -0.828447 -0.081406 -0.269179 -0.871079 -0.081406 0.000000 -0.951050 -0.081406 0.309017 -0.999998 -0.081406 -0.000000 -0.871079 -0.081406 0.000000 -0.828447 -0.081406 0.269179 -0.809012 -0.081406 0.587785 -0.951050 -0.081406 0.309017 -0.828447 -0.081406 0.269179 -0.704718 -0.081406 0.512009 -0.587782 -0.081406 0.809017 -0.809012 -0.081406 0.587785 -0.704718 -0.081406 0.512009 -0.512009 -0.081406 0.704720 -0.309017 -0.081406 0.951057 -0.587782 -0.081406 0.809017 -0.512009 -0.081406 0.704720 -0.269175 -0.081406 0.828449 0.000000 -0.081406 1.000000 -0.309017 -0.081406 0.951057 -0.269175 -0.081406 0.828449 0.000000 -0.081406 0.871082 0.309021 -0.081406 0.951057 0.000000 -0.081406 1.000000 0.000000 -0.081406 0.871082 0.269182 -0.081406 0.828449 0.587790 -0.081406 0.809017 0.309021 -0.081406 0.951057 0.269182 -0.081406 0.828449 0.512012 -0.081406 0.704720 
						0.809019 -0.081406 0.587785 0.587790 -0.081406 0.809017 0.512012 -0.081406 0.704720 0.704723 -0.081406 0.512009 0.951057 -0.081406 0.309017 0.809019 -0.081406 0.587785 0.704723 -0.081406 0.512009 0.828451 -0.081406 0.269179 1.000006 -0.081406 -0.000000 0.951057 -0.081406 0.309017 0.828451 -0.081406 0.269179 0.871084 -0.081406 -0.000000 0.951057 -0.081406 -0.309017 1.000006 -0.081406 -0.000000 0.871084 -0.081406 -0.000000 0.828453 -0.081406 -0.269179 0.942448 0.991062 -0.306220 0.990950 0.991062 -0.000000 1.000006 -0.081406 -0.000000 0.951057 -0.081406 -0.309017 0.801697 0.991062 -0.582464 0.942448 0.991062 -0.306220 0.951057 -0.081406 -0.309017 0.809019 -0.081406 -0.587786 0.582468 0.991062 -0.801693 0.801697 0.991062 -0.582464 0.809019 -0.081406 -0.587786 0.587790 -0.081406 -0.809018 0.306223 0.991062 -0.942447 0.582468 0.991062 -0.801693 0.587790 -0.081406 -0.809018 0.309021 -0.081406 -0.951057 0.000000 0.991062 -0.990947 0.306223 0.991062 -0.942447 0.309021 -0.081406 -0.951057 0.000000 -0.081406 -1.000000 -0.306219 0.991062 -0.942447 0.000000 0.991062 -0.990947 0.000000 -0.081406 -1.000000 -0.309017 -0.081406 -0.951057 -0.582461 0.991062 -0.801693 -0.306219 0.991062 -0.942447 -0.309017 -0.081406 -0.951057 -0.587782 -0.081406 -0.809017 -0.801684 0.991062 -0.582464 -0.582461 0.991062 -0.801693 -0.587782 -0.081406 -0.809017 -0.809012 -0.081406 -0.587786 -0.942442 0.991062 -0.306219 -0.801684 0.991062 -0.582464 -0.809012 -0.081406 -0.587786 -0.951050 -0.081406 -0.309017 -0.990944 0.991062 -0.000000 -0.942442 0.991062 -0.306219 -0.951050 -0.081406 -0.309017 -0.999998 -0.081406 -0.000000 -0.942442 0.991062 0.306219 -0.990944 0.991062 -0.000000 -0.999998 -0.081406 -0.000000 -0.951050 -0.081406 0.309017 -0.801684 0.991062 0.582464 -0.942442 0.991062 0.306219 -0.951050 -0.081406 0.309017 -0.809012 -0.081406 0.587785 
						-0.582461 0.991062 0.801693 -0.801684 0.991062 0.582464 -0.809012 -0.081406 0.587785 -0.587782 -0.081406 0.809017 -0.306219 0.991062 0.942446 -0.582461 0.991062 0.801693 -0.587782 -0.081406 0.809017 -0.309017 -0.081406 0.951057 0.000000 0.991062 0.990947 -0.306219 0.991062 0.942446 -0.309017 -0.081406 0.951057 0.000000 -0.081406 1.000000 0.306223 0.991062 0.942446 0.000000 0.991062 0.990947 0.000000 -0.081406 1.000000 0.309021 -0.081406 0.951057 0.582468 0.991062 0.801692 0.306223 0.991062 0.942446 0.309021 -0.081406 0.951057 0.587790 -0.081406 0.809017 0.801697 0.991062 0.582464 0.582468 0.991062 0.801692 0.587790 -0.081406 0.809017 0.809019 -0.081406 0.587785 0.942448 0.991062 0.306219 0.801697 0.991062 0.582464 0.809019 -0.081406 0.587785 0.951057 -0.081406 0.309017 0.990950 0.991062 -0.000000 0.942448 0.991062 0.306219 0.951057 -0.081406 0.309017 1.000006 -0.081406 -0.000000 0.837061 0.991062 -0.271977 0.880138 0.991062 0.000000 0.990950 0.991062 -0.000000 0.942448 0.991062 -0.306220 0.880138 0.991062 0.000000 0.837061 0.991062 -0.271977 0.828453 -0.081406 -0.269179 0.871084 -0.081406 -0.000000 0.837061 0.991062 -0.271977 0.712048 0.991062 -0.517331 0.704723 -0.081406 -0.512010 0.828453 -0.081406 -0.269179 0.712048 0.991062 -0.517331 0.837061 0.991062 -0.271977 0.942448 0.991062 -0.306220 0.801697 0.991062 -0.582464 0.712048 0.991062 -0.517331 0.517334 0.991062 -0.712045 0.512011 -0.081406 -0.704721 0.704723 -0.081406 -0.512010 0.517334 0.991062 -0.712045 0.712048 0.991062 -0.517331 0.801697 0.991062 -0.582464 0.582468 0.991062 -0.801693 0.517334 0.991062 -0.712045 0.271980 0.991062 -0.837059 0.269182 -0.081406 -0.828449 0.512011 -0.081406 -0.704721 0.271980 0.991062 -0.837059 0.517334 0.991062 -0.712045 0.582468 0.991062 -0.801693 0.306223 0.991062 -0.942447 
						0.271980 0.991062 -0.837059 0.000000 0.991062 -0.880136 0.000000 -0.081406 -0.871083 0.269182 -0.081406 -0.828449 0.000000 0.991062 -0.880136 0.271980 0.991062 -0.837059 0.306223 0.991062 -0.942447 0.000000 0.991062 -0.990947 0.000000 0.991062 -0.880136 -0.271973 0.991062 -0.837059 -0.269175 -0.081406 -0.828449 0.000000 -0.081406 -0.871083 -0.271973 0.991062 -0.837059 0.000000 0.991062 -0.880136 0.000000 0.991062 -0.990947 -0.306219 0.991062 -0.942447 -0.271973 0.991062 -0.837059 -0.517330 0.991062 -0.712045 -0.512009 -0.081406 -0.704720 -0.269175 -0.081406 -0.828449 -0.517330 0.991062 -0.712045 -0.271973 0.991062 -0.837059 -0.306219 0.991062 -0.942447 -0.582461 0.991062 -0.801693 -0.517330 0.991062 -0.712045 -0.712042 0.991062 -0.517331 -0.704718 -0.081406 -0.512009 -0.512009 -0.081406 -0.704720 -0.712042 0.991062 -0.517331 -0.517330 0.991062 -0.712045 -0.582461 0.991062 -0.801693 -0.801684 0.991062 -0.582464 -0.712042 0.991062 -0.517331 -0.837057 0.991062 -0.271977 -0.828447 -0.081406 -0.269179 -0.704718 -0.081406 -0.512009 -0.837057 0.991062 -0.271977 -0.712042 0.991062 -0.517331 -0.801684 0.991062 -0.582464 -0.942442 0.991062 -0.306219 -0.837057 0.991062 -0.271977 -0.880133 0.991062 0.000000 -0.871079 -0.081406 0.000000 -0.828447 -0.081406 -0.269179 -0.880133 0.991062 0.000000 -0.837057 0.991062 -0.271977 -0.942442 0.991062 -0.306219 -0.990944 0.991062 -0.000000 -0.880133 0.991062 0.000000 -0.837057 0.991062 0.271977 -0.828447 -0.081406 0.269179 -0.871079 -0.081406 0.000000 -0.837057 0.991062 0.271977 -0.880133 0.991062 0.000000 -0.990944 0.991062 -0.000000 -0.942442 0.991062 0.306219 -0.837057 0.991062 0.271977 -0.712042 0.991062 0.517331 -0.704718 -0.081406 0.512009 -0.828447 -0.081406 0.269179 -0.712042 0.991062 0.517331 -0.837057 0.991062 0.271977 -0.942442 0.991062 0.306219 -0.801684 0.991062 0.582464 
						-0.712042 0.991062 0.517331 -0.517330 0.991062 0.712044 -0.512009 -0.081406 0.704720 -0.704718 -0.081406 0.512009 -0.517330 0.991062 0.712044 -0.712042 0.991062 0.517331 -0.801684 0.991062 0.582464 -0.582461 0.991062 0.801693 -0.517330 0.991062 0.712044 -0.271973 0.991062 0.837059 -0.269175 -0.081406 0.828449 -0.512009 -0.081406 0.704720 -0.271973 0.991062 0.837059 -0.517330 0.991062 0.712044 -0.582461 0.991062 0.801693 -0.306219 0.991062 0.942446 -0.271973 0.991062 0.837059 0.000000 0.991062 0.880135 0.000000 -0.081406 0.871082 -0.269175 -0.081406 0.828449 0.000000 0.991062 0.880135 -0.271973 0.991062 0.837059 -0.306219 0.991062 0.942446 0.000000 0.991062 0.990947 0.000000 0.991062 0.880135 0.271980 0.991062 0.837059 0.269182 -0.081406 0.828449 0.000000 -0.081406 0.871082 0.271980 0.991062 0.837059 0.000000 0.991062 0.880135 0.000000 0.991062 0.990947 0.306223 0.991062 0.942446 0.271980 0.991062 0.837059 0.517334 0.991062 0.712044 0.512012 -0.081406 0.704720 0.269182 -0.081406 0.828449 0.517334 0.991062 0.712044 0.271980 0.991062 0.837059 0.306223 0.991062 0.942446 0.582468 0.991062 0.801692 0.517334 0.991062 0.712044 0.712045 0.991062 0.517331 0.704723 -0.081406 0.512009 0.512012 -0.081406 0.704720 0.712045 0.991062 0.517331 0.517334 0.991062 0.712044 0.582468 0.991062 0.801692 0.801697 0.991062 0.582464 0.712045 0.991062 0.517331 0.837061 0.991062 0.271977 0.828451 -0.081406 0.269179 0.704723 -0.081406 0.512009 0.837061 0.991062 0.271977 0.712045 0.991062 0.517331 0.801697 0.991062 0.582464 0.942448 0.991062 0.306219 0.837061 0.991062 0.271977 0.880138 0.991062 0.000000 0.871084 -0.081406 -0.000000 0.828451 -0.081406 0.269179 0.880138 0.991062 0.000000 0.837061 0.991062 0.271977 0.942448 0.991062 0.306219 0.990950 0.991062 -0.000000 
					</float_array>
					<technique_common>
						<accessor count="320" offset="0" source="#meshId6-positions-array" stride="3">
							<param name="X" type="float" />
							<param name="Y" type="float" />
							<param name="Z" type="float" />
						</accessor>
					</technique_common>
				</source>
				<source id="meshId6-normals" name="meshId6-normals">
					<float_array id="meshId6-normals-array" count="960"> 
						0.000000 -1.000000 0.000000 0.000000 -1.000000 0.000000 0.000000 -1.000000 0.000000 0.000000 -1.000000 0.000000 0.000000 -1.000000 -0.000000 0.000000 -1.000000 0.000000 0.000000 -1.000000 0.000000 0.000000 -1.000000 -0.000000 0.000000 -1.000000 -0.000000 0.000000 -1.000000 -0.000000 0.000000 -1.000000 -0.000000 0.000000 -1.000000 -0.000000 0.000000 -1.000000 0.000000 0.000000 -1.000000 -0.000000 0.000000 -1.000000 -0.000000 0.000000 -1.000000 0.000000 0.000000 -1.000000 0.000000 0.000000 -1.000000 0.000000 0.000000 -1.000000 0.000000 0.000000 -1.000000 0.000000 0.000000 -1.000000 0.000000 0.000000 -1.000000 0.000000 0.000000 -1.000000 0.000000 0.000000 -1.000000 0.000000 0.000000 -1.000000 0.000000 0.000000 -1.000000 0.000000 0.000000 -1.000000 0.000000 0.000000 -1.000000 0.000000 0.000000 -1.000000 0.000000 0.000000 -1.000000 0.000000 0.000000 -1.000000 0.000000 0.000000 -1.000000 0.000000 0.000000 -1.000000 -0.000000 0.000000 -1.000000 0.000000 0.000000 -1.000000 0.000000 0.000000 -1.000000 -0.000000 0.000000 -1.000000 -0.000000 0.000000 -1.000000 -0.000000 0.000000 -1.000000 -0.000000 0.000000 -1.000000 -0.000000 0.000000 -1.000000 -0.000000 0.000000 -1.000000 -0.000000 0.000000 -1.000000 -0.000000 0.000000 -1.000000 -0.000000 0.000000 -1.000000 -0.000000 0.000000 -1.000000 -0.000000 0.000000 -1.000000 -0.000000 0.000000 -1.000000 -0.000000 0.000000 -1.000000 0.000000 0.000000 -1.000000 -0.000000 0.000000 -1.000000 -0.000000 0.000000 -1.000000 0.000000 0.000000 -1.000000 0.000000 0.000000 -1.000000 0.000000 0.000000 -1.000000 0.000000 0.000000 -1.000000 0.000000 0.000000 -1.000000 0.000000 0.000000 -1.000000 0.000000 0.000000 -1.000000 0.000000 0.000000 -1.000000 0.000000 0.000000 -1.000000 0.000000 0.000000 -1.000000 0.000000 0.000000 -1.000000 0.000000 0.000000 -1.000000 0.000000 
						0.000000 -1.000000 -0.000000 0.000000 -1.000000 0.000000 0.000000 -1.000000 0.000000 0.000000 -1.000000 -0.000000 0.000000 -1.000000 -0.000000 0.000000 -1.000000 -0.000000 0.000000 -1.000000 -0.000000 0.000000 -1.000000 -0.000000 0.000000 -1.000000 0.000000 0.000000 -1.000000 -0.000000 0.000000 -1.000000 -0.000000 0.000000 -1.000000 0.000000 0.000000 -1.000000 0.000000 0.000000 -1.000000 0.000000 0.000000 -1.000000 0.000000 0.000000 -1.000000 0.000000 0.951022 0.008441 -0.309008 0.999964 0.008442 0.000000 0.999964 0.008442 -0.000000 0.951022 0.008441 -0.309008 0.808991 0.008440 -0.587761 0.951022 0.008441 -0.309008 0.951022 0.008441 -0.309008 0.808991 0.008440 -0.587761 0.587765 0.008441 -0.808988 0.808991 0.008440 -0.587761 0.808991 0.008440 -0.587761 0.587765 0.008441 -0.808988 0.309004 0.008441 -0.951023 0.587765 0.008441 -0.808988 0.587765 0.008441 -0.808988 0.309004 0.008441 -0.951023 0.000000 0.008441 -0.999964 0.309004 0.008441 -0.951023 0.309004 0.008441 -0.951023 -0.000000 0.008441 -0.999964 -0.309008 0.008441 -0.951022 0.000000 0.008441 -0.999964 -0.000000 0.008441 -0.999964 -0.309008 0.008441 -0.951022 -0.587770 0.008442 -0.808984 -0.309008 0.008441 -0.951022 -0.309008 0.008441 -0.951022 -0.587770 0.008442 -0.808984 -0.808990 0.008442 -0.587762 -0.587770 0.008442 -0.808984 -0.587770 0.008442 -0.808984 -0.808990 0.008442 -0.587762 -0.951020 0.008441 -0.309013 -0.808990 0.008442 -0.587762 -0.808990 0.008442 -0.587762 -0.951020 0.008441 -0.309013 -0.999964 0.008441 0.000000 -0.951020 0.008441 -0.309013 -0.951020 0.008441 -0.309013 -0.999964 0.008441 -0.000000 -0.951020 0.008441 0.309013 -0.999964 0.008441 0.000000 -0.999964 0.008441 -0.000000 -0.951020 0.008441 0.309013 -0.808990 0.008442 0.587762 -0.951020 0.008441 0.309013 -0.951020 0.008441 0.309013 -0.808990 0.008442 0.587762 
						-0.587770 0.008442 0.808984 -0.808990 0.008442 0.587762 -0.808990 0.008442 0.587762 -0.587770 0.008442 0.808984 -0.309008 0.008441 0.951022 -0.587770 0.008442 0.808984 -0.587770 0.008442 0.808984 -0.309008 0.008441 0.951022 0.000000 0.008441 0.999964 -0.309008 0.008441 0.951022 -0.309008 0.008441 0.951022 0.000000 0.008441 0.999964 0.309004 0.008441 0.951023 0.000000 0.008441 0.999964 0.000000 0.008441 0.999964 0.309005 0.008441 0.951023 0.587765 0.008441 0.808988 0.309004 0.008441 0.951023 0.309005 0.008441 0.951023 0.587765 0.008441 0.808988 0.808991 0.008440 0.587761 0.587765 0.008441 0.808988 0.587765 0.008441 0.808988 0.808990 0.008440 0.587761 0.951022 0.008441 0.309008 0.808991 0.008440 0.587761 0.808990 0.008440 0.587761 0.951022 0.008441 0.309008 0.999964 0.008442 0.000000 0.951022 0.008441 0.309008 0.951022 0.008441 0.309008 0.999964 0.008442 -0.000000 -0.000000 1.000000 -0.000000 -0.000000 1.000000 0.000000 -0.000000 1.000000 0.000000 -0.000000 1.000000 -0.000000 -0.999964 0.008441 -0.000002 -0.951023 0.008440 0.309005 -0.951023 0.008440 0.309005 -0.999964 0.008441 -0.000002 -0.951023 0.008440 0.309005 -0.808987 0.008441 0.587765 -0.808987 0.008441 0.587765 -0.951023 0.008440 0.309005 -0.000000 1.000000 0.000000 -0.000000 1.000000 -0.000000 -0.000000 1.000000 -0.000000 -0.000000 1.000000 0.000000 -0.808987 0.008441 0.587765 -0.587765 0.008442 0.808988 -0.587765 0.008442 0.808988 -0.808987 0.008441 0.587765 -0.000000 1.000000 -0.000000 -0.000000 1.000000 0.000000 -0.000000 1.000000 0.000000 -0.000000 1.000000 0.000000 -0.587765 0.008442 0.808988 -0.309005 0.008442 0.951023 -0.309005 0.008442 0.951023 -0.587765 0.008442 0.808988 -0.000000 1.000000 0.000000 -0.000000 1.000000 -0.000000 -0.000000 1.000000 0.000000 -0.000000 1.000000 0.000000 
						-0.309005 0.008442 0.951023 0.000000 0.008441 0.999964 0.000000 0.008441 0.999964 -0.309005 0.008442 0.951023 -0.000000 1.000000 0.000001 -0.000000 1.000000 0.000000 -0.000000 1.000000 0.000000 -0.000000 1.000000 0.000001 0.000000 0.008441 0.999964 0.309007 0.008441 0.951022 0.309007 0.008441 0.951022 0.000000 0.008441 0.999964 -0.000000 1.000000 0.000000 -0.000000 1.000000 0.000001 -0.000000 1.000000 0.000001 -0.000000 1.000000 0.000000 0.309007 0.008441 0.951022 0.587763 0.008441 0.808989 0.587763 0.008441 0.808989 0.309007 0.008441 0.951022 -0.000000 1.000000 -0.000000 -0.000000 1.000000 0.000000 -0.000000 1.000000 0.000000 -0.000000 1.000000 -0.000000 0.587763 0.008441 0.808989 0.808989 0.008441 0.587763 0.808989 0.008441 0.587763 0.587763 0.008441 0.808989 -0.000000 1.000000 -0.000000 -0.000000 1.000000 -0.000000 -0.000000 1.000000 -0.000000 -0.000000 1.000000 -0.000000 0.808989 0.008441 0.587763 0.951023 0.008441 0.309005 0.951023 0.008441 0.309005 0.808989 0.008441 0.587763 -0.000000 1.000000 0.000000 -0.000000 1.000000 -0.000000 -0.000000 1.000000 -0.000000 -0.000000 1.000000 0.000000 0.951023 0.008441 0.309005 0.999964 0.008441 0.000000 0.999964 0.008441 0.000000 0.951023 0.008441 0.309005 -0.000000 1.000000 0.000000 -0.000000 1.000000 0.000000 -0.000000 1.000000 0.000000 -0.000000 1.000000 0.000000 0.999964 0.008441 0.000000 0.951023 0.008441 -0.309005 0.951023 0.008441 -0.309005 0.999964 0.008441 0.000000 -0.000000 1.000000 0.000000 -0.000000 1.000000 0.000000 -0.000000 1.000000 0.000000 -0.000000 1.000000 0.000000 0.951023 0.008441 -0.309005 0.808989 0.008441 -0.587764 0.808989 0.008441 -0.587764 0.951023 0.008441 -0.309005 -0.000000 1.000000 -0.000000 -0.000000 1.000000 0.000000 -0.000000 1.000000 0.000000 -0.000000 1.000000 -0.000000 
						0.808989 0.008441 -0.587764 0.587763 0.008441 -0.808989 0.587763 0.008441 -0.808989 0.808989 0.008441 -0.587764 -0.000000 1.000000 0.000000 -0.000000 1.000000 -0.000000 -0.000000 1.000000 -0.000000 -0.000000 1.000000 0.000000 0.587763 0.008441 -0.808989 0.309006 0.008441 -0.951022 0.309006 0.008441 -0.951022 0.587763 0.008441 -0.808989 -0.000000 1.000000 -0.000000 -0.000000 1.000000 0.000000 -0.000000 1.000000 0.000000 -0.000000 1.000000 -0.000000 0.309006 0.008441 -0.951022 -0.000000 0.008441 -0.999964 -0.000000 0.008441 -0.999964 0.309006 0.008441 -0.951022 -0.000000 1.000000 -0.000001 -0.000000 1.000000 -0.000000 -0.000000 1.000000 -0.000000 -0.000000 1.000000 -0.000001 -0.000000 0.008441 -0.999964 -0.309004 0.008441 -0.951023 -0.309004 0.008441 -0.951023 -0.000000 0.008441 -0.999964 -0.000000 1.000000 -0.000000 -0.000000 1.000000 -0.000001 -0.000000 1.000000 -0.000001 -0.000000 1.000000 -0.000000 -0.309004 0.008441 -0.951023 -0.587765 0.008441 -0.808987 -0.587766 0.008441 -0.808987 -0.309004 0.008441 -0.951023 -0.000000 1.000000 -0.000000 -0.000000 1.000000 -0.000000 -0.000000 1.000000 -0.000000 -0.000000 1.000000 -0.000000 -0.587765 0.008441 -0.808987 -0.808989 0.008441 -0.587764 -0.808989 0.008441 -0.587764 -0.587766 0.008441 -0.808987 -0.000000 1.000000 -0.000000 -0.000000 1.000000 -0.000000 -0.000000 1.000000 -0.000000 -0.000000 1.000000 0.000000 -0.808989 0.008441 -0.587764 -0.951022 0.008441 -0.309007 -0.951022 0.008441 -0.309007 -0.808989 0.008441 -0.587764 -0.000000 1.000000 0.000000 -0.000000 1.000000 -0.000000 -0.000000 1.000000 0.000000 -0.000000 1.000000 0.000000 -0.951022 0.008441 -0.309007 -0.999964 0.008441 -0.000002 -0.999964 0.008441 -0.000002 -0.951022 0.008441 -0.309007 -0.000000 1.000000 0.000000 -0.000000 1.000000 0.000000 -0.000000 1.000000 0.000000 -0.000000 1.000000 0.000000 
					</float_array>
					<technique_common>
						<accessor count="320" offset="0" source="#meshId6-normals-array" stride="3">
							<param name="X" type="float" />
							<param name="Y" type="float" />
							<param name="Z" type="float" />
						</accessor>
					</technique_common>
				</source>
				<source id="meshId6-tangents" name="meshId6-tangents">
					<float_array id="meshId6-tangents-array" count="960"> 
						-0.809071 0.000000 0.587711 -0.891035 0.000000 0.453935 -0.951067 0.000000 0.308986 -0.891035 0.000000 0.453935 -0.587878 -0.000000 0.808949 -0.707176 0.000000 0.707038 -0.809064 0.000000 0.587721 -0.707176 -0.000000 0.707038 -0.309162 -0.000000 0.951009 -0.454104 -0.000000 0.890949 -0.587868 -0.000000 0.808957 -0.454104 -0.000000 0.890949 -0.000122 -0.000000 1.000000 -0.156561 -0.000000 0.987668 -0.309145 -0.000000 0.951015 -0.156561 -0.000000 0.987668 0.308935 0.000000 0.951083 0.156339 0.000000 0.987703 -0.000106 -0.000000 1.000000 0.156339 0.000000 0.987703 0.587672 0.000000 0.809099 0.453897 0.000000 0.891054 0.308950 0.000000 0.951078 0.453897 0.000000 0.891054 0.808951 0.000000 0.587875 0.707024 0.000000 0.707190 0.587685 0.000000 0.809090 0.707024 0.000000 0.707190 0.951007 0.000000 0.309168 0.890948 0.000000 0.454105 0.808959 0.000000 0.587865 0.890948 0.000000 0.454105 1.000000 -0.000000 0.000119 0.987668 0.000000 0.156561 0.951014 0.000000 0.309148 0.987668 -0.000000 0.156561 0.951089 0.000000 -0.308917 0.987706 0.000000 -0.156322 1.000000 -0.000000 0.000123 0.987706 0.000000 -0.156322 0.809095 0.000000 -0.587678 0.891057 0.000000 -0.453891 0.951085 0.000000 -0.308929 0.891057 0.000000 -0.453891 0.587849 0.000000 -0.808971 0.707175 0.000000 -0.707039 0.809084 0.000000 -0.587693 0.707175 0.000000 -0.707039 0.309167 0.000000 -0.951008 0.454090 0.000000 -0.890956 0.587839 0.000000 -0.808978 0.454090 0.000000 -0.890956 0.000146 -0.000000 -1.000000 0.156577 0.000000 -0.987666 0.309152 0.000000 -0.951013 0.156577 -0.000000 -0.987666 -0.308955 -0.000000 -0.951077 -0.156339 -0.000000 -0.987703 0.000127 -0.000000 -1.000000 -0.156339 -0.000000 -0.987703 -0.587672 -0.000000 -0.809099 -0.453903 -0.000000 -0.891051 -0.308964 -0.000000 -0.951074 -0.453903 -0.000000 -0.891051 
						-0.808943 0.000000 -0.587887 -0.707019 -0.000000 -0.707194 -0.587687 -0.000000 -0.809088 -0.707019 0.000000 -0.707194 -0.951025 0.000000 -0.309114 -0.890958 0.000000 -0.454085 -0.808952 0.000000 -0.587875 -0.890958 0.000000 -0.454085 -1.000000 -0.000000 -0.000122 -0.987672 0.000000 -0.156539 -0.951029 0.000000 -0.309102 -0.987672 -0.000000 -0.156539 -0.951069 0.000000 0.308980 -0.987700 -0.000000 0.156363 -1.000000 -0.000000 -0.000106 -0.987700 0.000000 0.156363 -0.008028 0.999964 0.002609 -0.008442 0.999963 0.001304 -0.008442 0.999964 -0.000000 -0.008431 0.999963 0.001368 -0.006828 0.999964 0.004962 -0.007625 0.999963 0.003849 -0.008028 0.999964 0.002609 -0.007595 0.999964 0.003907 -0.004962 0.999964 0.006829 -0.006062 0.999963 0.006017 -0.006828 0.999964 0.004962 -0.006016 0.999963 0.006063 -0.002609 0.999964 0.008028 -0.003907 0.999964 0.007595 -0.004962 0.999964 0.006829 -0.003849 0.999963 0.007625 -0.000000 0.999964 0.008441 -0.001368 0.999963 0.008431 -0.002609 0.999964 0.008028 -0.001304 0.999963 0.008441 0.002609 0.999964 0.008028 0.001304 0.999963 0.008441 -0.000000 0.999964 0.008441 0.001368 0.999963 0.008431 0.004962 0.999964 0.006830 0.003849 0.999963 0.007625 0.002609 0.999964 0.008028 0.003907 0.999963 0.007596 0.006831 0.999964 0.004961 0.006018 0.999963 0.006062 0.004962 0.999964 0.006830 0.006064 0.999963 0.006016 0.008028 0.999964 0.002609 0.007597 0.999963 0.003907 0.006831 0.999964 0.004961 0.007625 0.999963 0.003849 0.008441 0.999964 0.000000 0.008431 0.999963 0.001368 0.008028 0.999964 0.002609 0.008441 0.999963 0.001304 0.008028 0.999964 -0.002609 0.008441 0.999963 -0.001304 0.008441 0.999964 -0.000000 0.008431 0.999963 -0.001368 0.006831 0.999964 -0.004960 0.007625 0.999963 -0.003849 0.008028 0.999964 -0.002609 0.007597 0.999963 -0.003907 
						0.004962 0.999964 -0.006830 0.006064 0.999963 -0.006016 0.006831 0.999964 -0.004960 0.006018 0.999963 -0.006062 0.002609 0.999964 -0.008028 0.003907 0.999963 -0.007596 0.004962 0.999964 -0.006830 0.003849 0.999963 -0.007625 -0.000000 0.999964 -0.008441 0.001368 0.999963 -0.008431 0.002609 0.999964 -0.008028 0.001304 0.999963 -0.008441 -0.002609 0.999964 -0.008028 -0.001304 0.999963 -0.008441 -0.000000 0.999964 -0.008441 -0.001368 0.999963 -0.008431 -0.004962 0.999964 -0.006829 -0.003849 0.999963 -0.007625 -0.002609 0.999964 -0.008028 -0.003906 0.999964 -0.007595 -0.006828 0.999964 -0.004962 -0.006016 0.999963 -0.006063 -0.004962 0.999964 -0.006829 -0.006062 0.999963 -0.006017 -0.008028 0.999964 -0.002609 -0.007595 0.999964 -0.003907 -0.006828 0.999964 -0.004962 -0.007625 0.999963 -0.003849 -0.008442 0.999964 0.000000 -0.008431 0.999963 -0.001368 -0.008028 0.999964 -0.002609 -0.008442 0.999963 -0.001304 0.951017 -0.000000 -0.309138 0.987670 0.000000 -0.156553 1.000000 0.000000 -0.000113 0.987670 -0.000000 -0.156553 0.008441 0.999964 -0.000108 0.008396 0.999964 -0.001473 0.007992 0.999964 -0.002716 0.008441 0.999963 -0.001414 0.007992 0.999964 -0.002717 0.007531 0.999964 -0.003995 0.006768 0.999964 -0.005046 0.007591 0.999963 -0.003953 0.808933 0.000000 -0.587902 0.890941 -0.000000 -0.454118 0.951012 -0.000000 -0.309153 0.890941 0.000000 -0.454118 0.006767 0.999964 -0.005047 0.005932 0.999964 -0.006125 0.004877 0.999964 -0.006892 0.006000 0.999963 -0.006102 0.587709 -0.000000 -0.809072 0.707016 0.000000 -0.707197 0.808921 0.000000 -0.587917 0.707016 0.000000 -0.707197 0.004876 0.999964 -0.006892 0.003748 0.999964 -0.007658 0.002507 0.999964 -0.008061 0.003821 0.999963 -0.007659 0.308899 0.000000 -0.951095 0.453888 -0.000000 -0.891059 0.587699 0.000000 -0.809080 0.453888 0.000000 -0.891059 
						0.002506 0.999964 -0.008062 0.001196 0.999964 -0.008441 -0.000110 0.999964 -0.008441 0.001265 0.999963 -0.008465 -0.000100 0.000001 -1.000000 0.156316 0.000000 -0.987707 0.308884 0.000000 -0.951100 0.156316 0.000001 -0.987707 -0.000111 0.999964 -0.008441 -0.001472 0.999964 -0.008398 -0.002711 0.999964 -0.007995 -0.001413 0.999963 -0.008441 -0.309215 0.000000 -0.950992 -0.156592 0.000001 -0.987663 -0.000112 0.000001 -1.000000 -0.156592 0.000000 -0.987663 -0.002712 0.999964 -0.007995 -0.003994 0.999964 -0.007533 -0.005048 0.999964 -0.006766 -0.003951 0.999963 -0.007592 -0.587848 -0.000000 -0.808971 -0.454127 0.000000 -0.890937 -0.309235 0.000000 -0.950986 -0.454127 -0.000000 -0.890937 -0.005049 0.999964 -0.006766 -0.006125 0.999964 -0.005931 -0.006890 0.999964 -0.004877 -0.006103 0.999963 -0.006000 -0.809070 -0.000000 -0.587713 -0.707170 -0.000000 -0.707043 -0.587858 -0.000000 -0.808964 -0.707170 -0.000000 -0.707043 -0.006890 0.999964 -0.004877 -0.007657 0.999964 -0.003750 -0.008060 0.999964 -0.002510 -0.007657 0.999963 -0.003822 -0.951100 0.000000 -0.308884 -0.891062 -0.000000 -0.453882 -0.809078 -0.000000 -0.587701 -0.891062 0.000000 -0.453882 -0.008060 0.999964 -0.002511 -0.008441 0.999964 -0.001202 -0.008441 0.999964 0.000102 -0.008463 0.999963 -0.001271 -1.000000 -0.000000 0.000121 -0.987710 0.000000 -0.156298 -0.951105 0.000000 -0.308869 -0.987710 0.000000 -0.156298 -0.008441 0.999964 0.000102 -0.008399 0.999964 0.001466 -0.007996 0.999964 0.002707 -0.008441 0.999963 0.001407 -0.951017 -0.000000 0.309139 -0.987672 -0.000000 0.156538 -1.000000 -0.000000 0.000081 -0.987672 -0.000000 0.156538 -0.007995 0.999964 0.002711 -0.007532 0.999964 0.003994 -0.006765 0.999964 0.005050 -0.007592 0.999963 0.003952 -0.808924 0.000000 0.587914 -0.890937 -0.000000 0.454127 -0.951011 -0.000000 0.309157 -0.890937 0.000000 0.454127 
						-0.006764 0.999964 0.005051 -0.005930 0.999964 0.006126 -0.004877 0.999964 0.006891 -0.005999 0.999963 0.006104 -0.587646 -0.000000 0.809118 -0.706984 0.000000 0.707229 -0.808914 0.000000 0.587927 -0.706984 -0.000000 0.707229 -0.004876 0.999964 0.006891 -0.003750 0.999964 0.007657 -0.002512 0.999964 0.008059 -0.003823 0.999963 0.007657 -0.308906 0.000000 0.951092 -0.453854 -0.000000 0.891076 -0.587631 -0.000000 0.809129 -0.453854 0.000000 0.891076 -0.002511 0.999964 0.008060 -0.001201 0.999964 0.008441 0.000104 0.999964 0.008441 -0.001270 0.999963 0.008463 0.000150 0.000001 1.000000 -0.156294 0.000000 0.987711 -0.308888 0.000000 0.951098 -0.156294 0.000001 0.987711 0.000106 0.999964 0.008441 0.001471 0.999964 0.008398 0.002713 0.999964 0.007994 0.001412 0.999963 0.008441 0.309160 0.000000 0.951010 0.156592 0.000001 0.987663 0.000168 0.000001 1.000000 0.156592 0.000000 0.987663 0.002714 0.999964 0.007994 0.003994 0.999964 0.007532 0.005046 0.999964 0.006768 0.003951 0.999963 0.007592 0.587912 0.000000 0.808925 0.454136 0.000000 0.890933 0.309178 0.000000 0.951004 0.454136 0.000000 0.890933 0.005047 0.999964 0.006767 0.006126 0.999964 0.005929 0.006894 0.999964 0.004871 0.006104 0.999963 0.005999 0.809099 0.000000 0.587672 0.707219 0.000000 0.706995 0.587928 0.000000 0.808914 0.707219 -0.000000 0.706995 0.006894 0.999964 0.004871 0.007659 0.999964 0.003743 0.008062 0.999964 0.002505 0.007660 0.999963 0.003817 0.951087 -0.000000 0.308923 0.891064 0.000000 0.453877 0.809109 -0.000000 0.587659 0.891064 -0.000000 0.453877 0.008062 0.999964 0.002503 0.008441 0.999964 0.001196 0.008441 0.999964 -0.000107 0.008464 0.999963 0.001265 1.000000 0.000000 -0.000100 0.987705 -0.000000 0.156330 0.951091 -0.000000 0.308911 0.987705 0.000000 0.156330 
					</float_array>
					<technique_common>
						<accessor count="320" offset="0" source="#meshId6-tangents-array" stride="3">
							<param name="X" type="float" />
							<param name="Y" type="float" />
							<param name="Z" type="float" />
						</accessor>
					</technique_common>
				</source>
				<source id="meshId6-bitangents" name="meshId6-bitangents">
					<float_array id="meshId6-bitangents-array" count="960"> 
						-0.587711 -0.000000 -0.809071 -0.453935 -0.000000 -0.891035 -0.308986 -0.000000 -0.951067 -0.453935 -0.000000 -0.891035 -0.808949 0.000000 -0.587878 -0.707038 -0.000000 -0.707176 -0.587721 -0.000000 -0.809064 -0.707038 0.000000 -0.707176 -0.951009 0.000000 -0.309162 -0.890949 0.000000 -0.454104 -0.808957 0.000000 -0.587868 -0.890949 0.000000 -0.454104 -1.000000 -0.000000 -0.000122 -0.987668 0.000000 -0.156561 -0.951015 0.000000 -0.309145 -0.987668 -0.000000 -0.156561 -0.951083 -0.000000 0.308935 -0.987703 -0.000000 0.156339 -1.000000 -0.000000 -0.000106 -0.987703 -0.000000 0.156339 -0.809099 0.000000 0.587672 -0.891054 0.000000 0.453897 -0.951078 -0.000000 0.308950 -0.891054 0.000000 0.453897 -0.587875 0.000000 0.808951 -0.707190 0.000000 0.707024 -0.809090 0.000000 0.587685 -0.707190 0.000000 0.707024 -0.309168 -0.000000 0.951007 -0.454105 0.000000 0.890948 -0.587865 0.000000 0.808959 -0.454105 -0.000000 0.890948 -0.000119 -0.000000 1.000000 -0.156561 -0.000000 0.987668 -0.309148 -0.000000 0.951014 -0.156561 -0.000000 0.987668 0.308917 -0.000000 0.951089 0.156322 -0.000000 0.987706 -0.000123 -0.000000 1.000000 0.156322 -0.000000 0.987706 0.587678 -0.000000 0.809095 0.453891 -0.000000 0.891057 0.308929 -0.000000 0.951085 0.453891 -0.000000 0.891057 0.808971 -0.000000 0.587849 0.707039 -0.000000 0.707175 0.587693 -0.000000 0.809084 0.707039 -0.000000 0.707175 0.951008 0.000000 0.309167 0.890956 -0.000000 0.454090 0.808978 -0.000000 0.587839 0.890956 0.000000 0.454090 1.000000 0.000000 0.000146 0.987666 0.000000 0.156577 0.951013 0.000000 0.309152 0.987666 0.000000 0.156577 0.951077 -0.000000 -0.308955 0.987703 -0.000000 -0.156339 1.000000 0.000000 0.000127 0.987703 -0.000000 -0.156339 0.809099 -0.000000 -0.587672 0.891051 -0.000000 -0.453903 0.951074 -0.000000 -0.308964 0.891051 -0.000000 -0.453903 
						0.587887 0.000000 -0.808943 0.707194 -0.000000 -0.707019 0.809088 -0.000000 -0.587687 0.707194 0.000000 -0.707019 0.309114 0.000000 -0.951025 0.454085 0.000000 -0.890958 0.587875 0.000000 -0.808952 0.454085 0.000000 -0.890958 0.000122 0.000000 -1.000000 0.156539 0.000000 -0.987672 0.309102 0.000000 -0.951029 0.156539 0.000000 -0.987672 -0.308980 -0.000000 -0.951069 -0.156363 -0.000000 -0.987700 0.000106 0.000000 -1.000000 -0.156363 -0.000000 -0.987700 0.309019 -0.000000 0.951056 0.000011 -0.001304 0.999999 0.000000 0.000000 1.000000 0.309008 0.001305 0.951059 0.587782 -0.000001 0.809020 0.309029 -0.001305 0.951052 0.309019 -0.000000 0.951056 0.587772 0.001303 0.809025 0.809017 0.000000 0.587786 0.587790 -0.001305 0.809013 0.587782 -0.000001 0.809019 0.809009 0.001304 0.587794 0.951057 0.000000 0.309015 0.809022 -0.001304 0.587776 0.809017 0.000000 0.587786 0.951053 0.001304 0.309025 1.000000 0.000000 0.000000 0.951060 -0.001304 0.309004 0.951057 0.000000 0.309015 0.999999 0.001304 0.000011 0.951056 -0.000000 -0.309019 0.999999 -0.001304 -0.000011 1.000000 0.000000 0.000000 0.951058 0.001304 -0.309008 0.809013 -0.000000 -0.587791 0.951052 -0.001304 -0.309029 0.951056 -0.000000 -0.309019 0.809019 0.001304 -0.587782 0.587783 -0.000002 -0.809019 0.809006 -0.001306 -0.587799 0.809013 -0.000000 -0.587791 0.587791 0.001303 -0.809012 0.309024 0.000001 -0.951054 0.587774 -0.001305 -0.809025 0.587783 -0.000002 -0.809019 0.309035 0.001304 -0.951050 0.000000 0.000000 -1.000000 0.309014 -0.001304 -0.951057 0.309024 0.000001 -0.951054 0.000011 0.001304 -0.999999 -0.309024 -0.000001 -0.951054 -0.000011 -0.001304 -0.999999 0.000000 -0.000000 -1.000000 -0.309014 0.001304 -0.951057 -0.587783 0.000002 -0.809018 -0.309035 -0.001304 -0.951050 -0.309025 -0.000001 -0.951054 -0.587773 0.001305 -0.809025 
						-0.809013 0.000000 -0.587791 -0.587792 -0.001303 -0.809011 -0.587783 0.000002 -0.809019 -0.809006 0.001306 -0.587799 -0.951056 0.000000 -0.309019 -0.809019 -0.001304 -0.587782 -0.809013 0.000000 -0.587791 -0.951052 0.001304 -0.309029 -1.000000 0.000000 0.000000 -0.951058 -0.001304 -0.309008 -0.951056 0.000000 -0.309019 -0.999999 0.001304 -0.000011 -0.951057 -0.000000 0.309015 -0.999999 -0.001304 0.000011 -1.000000 0.000000 0.000000 -0.951060 0.001304 0.309005 -0.809016 0.000000 0.587786 -0.951053 -0.001304 0.309026 -0.951057 -0.000000 0.309016 -0.809022 0.001304 0.587776 -0.587782 0.000001 0.809019 -0.809009 -0.001303 0.587794 -0.809017 0.000000 0.587786 -0.587791 0.001305 0.809012 -0.309019 0.000000 0.951056 -0.587772 -0.001304 0.809025 -0.587782 0.000001 0.809019 -0.309029 0.001305 0.951052 0.000000 0.000000 1.000000 -0.309008 -0.001305 0.951059 -0.309019 0.000000 0.951056 -0.000011 0.001304 0.999999 -0.309138 -0.000000 -0.951017 -0.156553 -0.000000 -0.987670 -0.000113 -0.000000 -1.000000 -0.156553 -0.000000 -0.987670 0.000001 -0.000108 -1.000000 -0.309006 0.001194 -0.951059 -0.309017 -0.000113 -0.951057 -0.000010 -0.001414 -0.999999 -0.309017 -0.000114 -0.951057 -0.587778 0.001195 -0.809022 -0.587787 -0.000105 -0.809016 -0.309027 -0.001413 -0.951052 -0.587902 0.000000 -0.808933 -0.454118 -0.000000 -0.890941 -0.309153 -0.000000 -0.951012 -0.454118 0.000000 -0.890941 -0.587787 -0.000106 -0.809016 -0.809010 0.001199 -0.587794 -0.809017 -0.000106 -0.587785 -0.587795 -0.001410 -0.809008 -0.809072 -0.000000 -0.587709 -0.707197 0.000000 -0.707016 -0.587917 0.000000 -0.808921 -0.707197 0.000000 -0.707016 -0.809017 -0.000107 -0.587785 -0.951053 0.001198 -0.309025 -0.951057 -0.000107 -0.309015 -0.809023 -0.001411 -0.587775 -0.951095 0.000000 -0.308899 -0.891059 -0.000000 -0.453888 -0.809080 0.000000 -0.587699 -0.891059 0.000000 -0.453888 
						-0.951057 -0.000108 -0.309015 -0.999999 0.001196 -0.000010 -1.000000 -0.000110 0.000001 -0.951060 -0.001413 -0.309004 -1.000000 -0.000000 0.000100 -0.987707 0.000000 -0.156316 -0.951100 0.000000 -0.308884 -0.987707 0.000000 -0.156316 -1.000000 -0.000111 0.000001 -0.951059 0.001195 0.309008 -0.951056 -0.000107 0.309019 -0.999999 -0.001413 0.000012 -0.950992 -0.000000 0.309215 -0.987663 -0.000000 0.156592 -1.000000 -0.000000 0.000112 -0.987663 -0.000000 0.156592 -0.951056 -0.000109 0.309019 -0.809023 0.001196 0.587775 -0.809017 -0.000107 0.587785 -0.951052 -0.001412 0.309029 -0.808971 0.000000 0.587848 -0.890937 -0.000000 0.454127 -0.950986 -0.000000 0.309235 -0.890937 0.000000 0.454127 -0.809017 -0.000108 0.587785 -0.587792 0.001198 0.809011 -0.587784 -0.000104 0.809018 -0.809010 -0.001410 0.587793 -0.587713 0.000000 0.809070 -0.707043 0.000000 0.707170 -0.808964 0.000000 0.587858 -0.707043 0.000000 0.707170 -0.587783 -0.000104 0.809018 -0.309025 0.001200 0.951053 -0.309015 -0.000103 0.951057 -0.587774 -0.001408 0.809024 -0.308884 -0.000000 0.951100 -0.453882 0.000000 0.891062 -0.587701 0.000000 0.809078 -0.453882 -0.000000 0.891062 -0.309015 -0.000102 0.951057 -0.000010 0.001202 0.999999 0.000001 -0.000102 1.000000 -0.309004 -0.001406 0.951060 0.000121 -0.000000 1.000000 -0.156298 -0.000000 0.987710 -0.308869 -0.000000 0.951105 -0.156298 -0.000000 0.987710 0.000001 -0.000102 1.000000 0.309006 0.001201 0.951059 0.309017 -0.000104 0.951057 0.000012 -0.001407 0.999999 0.309139 -0.000000 0.951017 0.156538 -0.000000 0.987672 0.000081 -0.000000 1.000000 0.156538 -0.000000 0.987672 0.309017 -0.000108 0.951057 0.587776 0.001196 0.809023 0.587785 -0.000109 0.809017 0.309027 -0.001412 0.951052 0.587914 0.000000 0.808924 0.454127 -0.000000 0.890937 0.309157 -0.000000 0.951011 0.454127 0.000000 0.890937 
						0.587785 -0.000111 0.809017 0.809012 0.001197 0.587792 0.809018 -0.000104 0.587783 0.587794 -0.001412 0.809010 0.809118 -0.000000 0.587646 0.707229 0.000000 0.706984 0.587927 0.000000 0.808914 0.707229 -0.000000 0.706984 0.809018 -0.000106 0.587783 0.951053 0.001201 0.309027 0.951057 -0.000101 0.309017 0.809024 -0.001408 0.587774 0.951092 0.000000 0.308906 0.891076 -0.000000 0.453854 0.809129 -0.000000 0.587631 0.891076 0.000000 0.453854 0.951057 -0.000102 0.309017 0.999999 0.001201 0.000010 1.000000 -0.000104 -0.000001 0.951059 -0.001408 0.309006 1.000000 -0.000000 -0.000150 0.987711 0.000000 0.156294 0.951098 0.000000 0.308888 0.987711 0.000000 0.156294 1.000000 -0.000106 -0.000001 0.951059 0.001196 -0.309006 0.951057 -0.000110 -0.309016 0.999999 -0.001412 -0.000012 0.951010 -0.000000 -0.309160 0.987663 -0.000000 -0.156592 1.000000 -0.000000 -0.000168 0.987663 -0.000000 -0.156592 0.951057 -0.000111 -0.309016 0.809022 0.001196 -0.587778 0.809016 -0.000104 -0.587787 0.951052 -0.001412 -0.309026 0.808925 -0.000000 -0.587912 0.890933 -0.000000 -0.454136 0.951004 -0.000000 -0.309178 0.890933 -0.000000 -0.454136 0.809016 -0.000106 -0.587787 0.587792 0.001196 -0.809011 0.587784 -0.000111 -0.809018 0.809008 -0.001412 -0.587795 0.587672 -0.000000 -0.809099 0.706995 -0.000000 -0.707219 0.808914 -0.000000 -0.587928 0.706995 0.000000 -0.707219 0.587784 -0.000112 -0.809018 0.309027 0.001193 -0.951053 0.309017 -0.000109 -0.951057 0.587774 -0.001415 -0.809024 0.308923 0.000000 -0.951087 0.453877 -0.000000 -0.891064 0.587659 0.000000 -0.809109 0.453877 0.000000 -0.891064 0.309017 -0.000110 -0.951057 0.000012 0.001195 -0.999999 0.000001 -0.000107 -1.000000 0.309006 -0.001413 -0.951059 -0.000100 -0.000000 -1.000000 0.156330 0.000000 -0.987705 0.308911 0.000000 -0.951091 0.156330 -0.000000 -0.987705 
					</float_array>
					<technique_common>
						<accessor count="320" offset="0" source="#meshId6-bitangents-array" stride="3">
							<param name="X" type="float" />
							<param name="Y" type="float" />
							<param name="Z" type="float" />
						</accessor>
					</technique_common>
				</source>
				<source id="meshId6-tex0" name="meshId6-tex0">
					<float_array id="meshId6-tex0-array" count="640"> 
						0.165646 0.630574 0.165645 0.618831 0.171048 0.618831 0.171049 0.630574 0.165648 0.642317 0.165646 0.630574 0.171049 0.630574 0.171051 0.642317 0.165649 0.654060 0.165648 0.642317 0.171051 0.642317 0.171052 0.654059 0.165650 0.665802 0.165649 0.654060 0.171052 0.654059 0.171053 0.665802 0.165652 0.677544 0.165650 0.665802 0.171053 0.665802 0.171054 0.677543 0.165653 0.689285 0.165652 0.677544 0.171054 0.677543 0.171056 0.689285 0.165654 0.701039 0.165653 0.689285 0.171056 0.689285 0.171057 0.701038 0.165655 0.712889 0.165654 0.701039 0.171057 0.701038 0.171058 0.712889 0.165657 0.724968 0.165655 0.712889 0.171058 0.712889 0.171060 0.724968 0.165632 0.501322 0.165631 0.489199 0.171034 0.489198 0.171035 0.501322 0.165633 0.513137 0.165632 0.501322 0.171035 0.501322 0.171036 0.513136 0.165635 0.524892 0.165633 0.513137 0.171036 0.513136 0.171038 0.524891 0.165636 0.536633 0.165635 0.524892 0.171038 0.524891 0.171039 0.536632 0.165637 0.548374 0.165636 0.536633 0.171039 0.536632 0.171040 0.548373 0.165639 0.560116 0.165637 0.548374 0.171040 0.548373 0.171042 0.560116 0.165640 0.571859 0.165639 0.560116 0.171042 0.560116 0.171043 0.571858 
						0.165641 0.583602 0.165640 0.571859 0.171043 0.571858 0.171044 0.583601 0.165642 0.595347 0.165641 0.583602 0.171044 0.583601 0.171045 0.595347 0.165644 0.607091 0.165642 0.595347 0.171045 0.595347 0.171047 0.607091 0.165645 0.618831 0.165644 0.607091 0.171047 0.607091 0.171048 0.618831 0.155687 0.450321 0.155687 0.462645 0.113293 0.462645 0.113293 0.450321 0.155687 0.437998 0.155687 0.450321 0.113293 0.450321 0.113293 0.437998 0.155687 0.425682 0.155687 0.437998 0.113293 0.437998 0.113293 0.425682 0.155687 0.413366 0.155687 0.425682 0.113293 0.425682 0.113293 0.413366 0.155687 0.401052 0.155687 0.413366 0.113293 0.413366 0.113293 0.401052 0.155687 0.388738 0.155687 0.401052 0.113293 0.401052 0.113293 0.388738 0.155687 0.376427 0.155687 0.388738 0.113293 0.388738 0.113293 0.376427 0.155687 0.364117 0.155687 0.376427 0.113293 0.376427 0.113293 0.364117 0.155687 0.351809 0.155687 0.364117 0.113293 0.364117 0.113293 0.351809 0.155687 0.339502 0.155687 0.351809 0.113293 0.351809 0.113293 0.339502 0.155687 0.573510 0.155687 0.585825 0.113293 0.585825 0.113293 0.573510 0.155687 0.561194 0.155687 0.573510 0.113293 0.573510 0.113293 0.561194 
						0.155687 0.548878 0.155687 0.561194 0.113293 0.561194 0.113293 0.548878 0.155687 0.536560 0.155687 0.548878 0.113293 0.548878 0.113293 0.536560 0.155687 0.524241 0.155687 0.536560 0.113293 0.536560 0.113293 0.524241 0.155687 0.511922 0.155687 0.524241 0.113293 0.524241 0.113293 0.511922 0.155687 0.499601 0.155687 0.511922 0.113293 0.511922 0.113293 0.499601 0.155687 0.487283 0.155687 0.499601 0.113293 0.499601 0.113293 0.487283 0.155687 0.474964 0.155687 0.487283 0.113293 0.487283 0.113293 0.474964 0.155687 0.462645 0.155687 0.474964 0.113293 0.474964 0.113293 0.462645 0.216454 0.618825 0.216452 0.607086 0.221063 0.607085 0.221064 0.618825 0.216452 0.607086 0.216454 0.618825 0.171048 0.618831 0.171047 0.607091 0.216454 0.618825 0.216455 0.630569 0.171049 0.630574 0.171048 0.618831 0.216455 0.630569 0.216454 0.618825 0.221064 0.618825 0.221066 0.630568 0.216455 0.630569 0.216456 0.642312 0.171051 0.642317 0.171049 0.630574 0.216456 0.642312 0.216455 0.630569 0.221066 0.630568 0.221067 0.642311 0.216456 0.642312 0.216457 0.654054 0.171052 0.654059 0.171051 0.642317 0.216457 0.654054 0.216456 0.642312 0.221067 0.642311 0.221068 0.654054 
						0.216457 0.654054 0.216459 0.665796 0.171053 0.665802 0.171052 0.654059 0.216459 0.665796 0.216457 0.654054 0.221068 0.654054 0.221069 0.665796 0.216459 0.665796 0.216460 0.677538 0.171054 0.677543 0.171053 0.665802 0.216460 0.677538 0.216459 0.665796 0.221069 0.665796 0.221071 0.677537 0.216460 0.677538 0.216461 0.689280 0.171056 0.689285 0.171054 0.677543 0.216461 0.689280 0.216460 0.677538 0.221071 0.677537 0.221072 0.689279 0.216461 0.689280 0.216463 0.701034 0.171057 0.701038 0.171056 0.689285 0.216463 0.701034 0.216461 0.689280 0.221072 0.689279 0.221073 0.701033 0.216463 0.701034 0.216464 0.712884 0.171058 0.712889 0.171057 0.701038 0.216464 0.712884 0.216463 0.701034 0.221073 0.701033 0.221075 0.712883 0.216464 0.712884 0.216465 0.724963 0.171060 0.724968 0.171058 0.712889 0.216465 0.724963 0.216464 0.712884 0.221075 0.712883 0.221076 0.724962 0.216439 0.489193 0.216441 0.501317 0.171035 0.501322 0.171034 0.489198 0.216441 0.501317 0.216439 0.489193 0.221050 0.489193 0.221051 0.501316 0.216441 0.501317 0.216442 0.513131 0.171036 0.513136 0.171035 0.501322 0.216442 0.513131 0.216441 0.501317 0.221051 0.501316 0.221053 0.513131 
						0.216442 0.513131 0.216443 0.524886 0.171038 0.524891 0.171036 0.513136 0.216443 0.524886 0.216442 0.513131 0.221053 0.513131 0.221054 0.524886 0.216443 0.524886 0.216444 0.536627 0.171039 0.536632 0.171038 0.524891 0.216444 0.536627 0.216443 0.524886 0.221054 0.524886 0.221055 0.536627 0.216444 0.536627 0.216446 0.548368 0.171040 0.548373 0.171039 0.536632 0.216446 0.548368 0.216444 0.536627 0.221055 0.536627 0.221056 0.548368 0.216446 0.548368 0.216447 0.560110 0.171042 0.560116 0.171040 0.548373 0.216447 0.560110 0.216446 0.548368 0.221056 0.548368 0.221058 0.560110 0.216447 0.560110 0.216448 0.571853 0.171043 0.571858 0.171042 0.560116 0.216448 0.571853 0.216447 0.560110 0.221058 0.560110 0.221059 0.571852 0.216448 0.571853 0.216450 0.583596 0.171044 0.583601 0.171043 0.571858 0.216450 0.583596 0.216448 0.571853 0.221059 0.571852 0.221060 0.583596 0.216450 0.583596 0.216451 0.595341 0.171045 0.595347 0.171044 0.583601 0.216451 0.595341 0.216450 0.583596 0.221060 0.583596 0.221062 0.595341 0.216451 0.595341 0.216452 0.607086 0.171047 0.607091 0.171045 0.595347 0.216452 0.607086 0.216451 0.595341 0.221062 0.595341 0.221063 0.607085 
					</float_array>
					<technique_common>
						<accessor count="320" offset="0" source="#meshId6-tex0-array" stride="2">
							<param name="S" type="float" />
							<param name="T" type="float" />
						</accessor>
					</technique_common>
				</source>
				<vertices id="meshId6-vertices">
					<input semantic="POSITION" source="#meshId6-positions" />
				</vertices>
				<polylist count="160" material="defaultMaterial">
					<input offset="0" semantic="VERTEX" source="#meshId6-vertices" />
					<input offset="0" semantic="NORMAL" source="#meshId6-normals" />
					<input offset="0" semantic="TANGENT" source="#meshId6-tangents" />
					<input offset="0" semantic="BINORMAL" source="#meshId6-bitangents" />
					<input offset="0" semantic="TEXCOORD" source="#meshId6-tex0" set="0" />
					<vcount>
						3 3 3 3 3 3 3 3 3 3 3 3 3 3 3 3 3 3 3 3 3 3 3 3 3 3 3 3 3 3 3 3 3 3 3 3 3 3 3 3 3 3 3 3 3 3 3 3 3 3 3 3 3 3 3 3 3 3 3 3 3 3 3 3 
						3 3 3 3 3 3 3 3 3 3 3 3 3 3 3 3 3 3 3 3 3 3 3 3 3 3 3 3 3 3 3 3 3 3 3 3 3 3 3 3 3 3 3 3 3 3 3 3 3 3 3 3 3 3 3 3 3 3 3 3 3 3 3 3 
						3 3 3 3 3 3 3 3 3 3 3 3 3 3 3 3 3 3 3 3 3 3 3 3 3 3 3 3 3 3 3 3 
					</vcount>
					<p>
						3 0 1 1 2 3 7 4 5 5 6 7 11 8 9 9 10 11 15 12 13 13 14 15 19 16 17 17 18 19 23 20 21 21 22 23 27 24 25 25 26 27 31 28 29 29 30 31 35 32 33 33 34 35 39 36 37 37 38 39 43 40 41 41 42 43 47 44 45 45 46 47 51 48 49 49 50 51 55 52 53 53 54 55 59 56 57 57 58 59 63 60 61 61 62 63 67 64 65 65 66 67 71 68 69 69 70 71 75 72 73 73 74 75 79 76 77 77 78 79 83 80 81 81 82 83 87 84 85 85 86 87 91 88 89 89 90 91 95 92 93 93 94 95 99 96 97 97 98 99 103 100 101 101 102 103 107 104 105 105 106 107 111 108 109 109 110 111 115 112 113 113 114 115 119 116 117 117 118 119 123 120 121 121 122 123 127 124 125 125 126 127 
						131 128 129 129 130 131 135 132 133 133 134 135 139 136 137 137 138 139 143 140 141 141 142 143 147 144 145 145 146 147 151 148 149 149 150 151 155 152 153 153 154 155 159 156 157 157 158 159 163 160 161 161 162 163 167 164 165 165 166 167 171 168 169 169 170 171 175 172 173 173 174 175 179 176 177 177 178 179 183 180 181 181 182 183 187 184 185 185 186 187 191 188 189 189 190 191 195 192 193 193 194 195 199 196 197 197 198 199 203 200 201 201 202 203 207 204 205 205 206 207 211 208 209 209 210 211 215 212 213 213 214 215 219 216 217 217 218 219 223 220 221 221 222 223 227 224 225 225 226 227 231 228 229 229 230 231 235 232 233 233 234 235 239 236 237 237 238 239 243 240 241 241 242 243 247 244 245 245 246 247 251 248 249 249 250 251 255 252 253 253 254 255 
						259 256 257 257 258 259 263 260 261 261 262 263 267 264 265 265 266 267 271 268 269 269 270 271 275 272 273 273 274 275 279 276 277 277 278 279 283 280 281 281 282 283 287 284 285 285 286 287 291 288 289 289 290 291 295 292 293 293 294 295 299 296 297 297 298 299 303 300 301 301 302 303 307 304 305 305 306 307 311 308 309 309 310 311 315 312 313 313 314 315 319 316 317 317 318 319 
					</p>
				</polylist>
			</mesh>
		</geometry>
		<geometry id="meshId7" name="meshId7_name" >
			<mesh>
				<source id="meshId7-positions" name="meshId7-positions">
					<float_array id="meshId7-positions-array" count="6207"> 
						52.230141 3.639977 0.311340 52.342117 9.952667 0.423279 51.119465 9.805138 3.640564 51.382137 3.561859 3.327759 48.799301 9.196907 5.933960 49.132999 3.455826 5.519775 42.648575 7.663765 5.790649 43.059303 3.217041 5.412476 49.132999 3.455826 5.519775 48.799301 9.196907 5.933960 40.430782 7.140060 3.417419 40.898323 3.149734 3.156860 39.645184 6.989265 0.208496 40.144936 3.163361 0.147278 40.144936 3.163361 0.147278 39.645184 6.989265 0.208496 40.510330 7.255898 -2.970154 40.972046 3.260658 -2.838806 42.783329 7.863708 -5.264099 43.184219 3.411255 -5.033081 48.935352 9.398422 -5.198730 49.258945 3.654709 -4.981689 49.258945 3.654709 -4.981689 48.935352 9.398422 -5.198730 51.200275 9.922546 -2.824402 51.456844 3.677422 -2.728577 52.342117 9.952667 0.423279 52.230141 3.639977 0.311340 50.951462 18.406067 0.547424 50.031578 18.219376 3.999329 47.626633 17.818672 6.448547 40.200630 14.375481 6.205322 40.200630 14.375481 6.205322 37.932178 12.532486 3.650452 37.263397 12.084221 0.271057 37.263397 12.084221 0.271057 38.007324 12.666565 -3.070740 40.331657 14.607620 -5.506592 47.743122 18.020515 -5.464661 40.331657 14.607620 -5.506592 50.101036 18.336739 -2.935181 50.951462 18.406067 0.547424 49.110630 25.795044 0.643250 48.179733 25.389648 4.398010 45.516018 24.181442 7.052734 36.880573 18.190628 6.806946 36.880573 18.190628 6.806946 34.996208 16.355118 4.038574 34.335472 15.729515 0.302124 34.335472 15.729515 0.302124 35.086536 16.495369 -3.388916 37.034901 18.430977 -6.037048 45.646336 24.385132 -5.910950 37.034901 18.430977 -6.037048 48.257133 25.508743 -3.149292 49.110630 25.795044 0.643250 46.906467 32.499283 0.731873 46.176353 32.226761 3.839539 44.258396 31.578873 6.050354 33.387165 20.981689 6.823181 33.387165 20.981689 6.823181 32.058582 18.702950 4.050781 31.602478 17.914818 0.310303 31.602478 17.914818 0.310303 
						32.148254 18.843338 -3.383972 33.541138 21.222229 -6.033630 44.340206 31.729370 -4.685181 33.541138 21.222229 -6.033630 46.224888 32.314583 -2.403137 46.906467 32.499283 0.731873 46.476109 37.221527 0.743469 45.850132 37.334373 3.870056 45.850132 37.334373 3.870056 43.222584 36.905998 6.593140 31.462883 21.948090 6.814392 31.462883 21.948090 6.814392 30.458242 19.508888 4.041016 30.122330 18.663437 0.306824 30.122330 18.663437 0.306824 30.547344 19.648880 -3.382263 31.616531 22.188286 -6.035278 43.257351 36.660873 -4.674744 31.616531 22.188286 -6.035278 45.872196 37.413383 -2.399292 45.872196 37.413383 -2.399292 46.476109 37.221527 0.743469 47.052044 42.699623 1.053772 47.042530 42.649185 4.420593 30.116890 23.472855 6.798096 39.042706 39.046761 8.842773 47.007957 42.598747 9.094421 30.116890 23.472855 6.798096 28.755817 20.098022 4.024414 28.755817 20.098022 4.024414 28.545464 19.212982 0.298523 28.545464 19.212982 0.298523 28.844395 20.237450 -3.384338 28.844395 20.237450 -3.384338 30.270212 23.119492 -6.041870 30.270212 23.119492 -6.041870 39.080551 39.247398 -7.180115 47.095661 42.800491 -7.070496 43.257351 36.660873 -4.674744 47.095661 42.800491 -7.070496 47.061562 42.750053 -2.405457 47.052044 42.699623 1.053772 30.116890 23.472855 6.798096 27.294312 23.078865 6.614075 26.979008 20.459114 4.001831 28.755817 20.098022 4.024414 26.979008 20.459114 4.001831 26.896746 19.552277 0.285461 26.896746 19.552277 0.285461 27.067135 20.597862 -3.390442 28.844395 20.237450 -3.384338 27.067135 20.597862 -3.390442 27.447319 23.317818 -6.053772 30.270212 23.119492 -6.041870 24.302755 22.994949 6.159546 24.614391 20.618774 3.640198 24.758045 19.802101 0.267944 24.758045 19.802101 0.267944 24.695671 20.753044 -3.071228 24.444550 23.226593 -5.500793 27.447319 23.317818 -6.053772 18.991768 21.361847 4.374695 19.346451 19.733475 2.601318 19.497509 19.176445 0.238098 
						19.497509 19.176445 0.238098 19.407410 19.827118 -2.104553 19.097919 21.524956 -3.821289 14.524933 18.421265 3.642944 15.182631 17.187408 2.146545 15.440310 16.768433 0.145752 15.440310 16.768433 0.145752 15.234301 17.266800 -1.842590 14.614923 18.559540 -3.304810 10.548162 15.470505 3.540649 11.519369 14.469276 2.052368 19.791473 12.318466 1.761719 11.519369 14.469276 2.052368 8.701499 10.899086 1.956787 17.358389 9.235786 1.679199 15.234301 17.266800 -1.842590 15.440310 16.768433 0.145752 23.177006 14.303673 0.115479 22.999128 14.733986 -1.601379 11.571035 14.548668 -1.936951 10.638147 15.608772 -3.407104 31.020557 35.247650 8.392761 27.213093 33.692131 7.840942 18.991768 21.361847 4.374695 24.302755 22.994949 6.159546 7.480966 6.805527 -1.661255 8.751021 10.975838 -2.042908 17.401148 9.302063 -1.774475 16.304523 5.701210 -1.444885 7.657586 11.360619 3.437195 8.701499 10.899086 1.956787 7.835520 6.642738 -0.122620 7.480966 6.805527 -1.661255 16.304523 5.701210 -1.444885 16.610661 5.560646 -0.116272 15.440310 16.768433 0.145752 15.182631 17.187408 2.146545 22.954517 14.665436 1.843079 23.177006 14.303673 0.115479 8.751021 10.975838 -2.042908 7.744209 11.494316 -3.521118 10.638147 15.608772 -3.407104 7.744209 11.494316 -3.521118 4.435040 14.758057 -3.781189 5.880302 24.083374 -3.899902 6.404821 7.094284 2.549988 7.445050 6.746887 1.413086 19.836090 12.387016 -1.682800 11.571035 14.548668 -1.936951 15.234301 17.266800 -1.842590 22.999128 14.733986 -1.601379 7.480966 6.805527 -1.661255 6.466980 7.196877 -2.805664 5.120655 2.384789 2.444885 6.233136 2.316437 1.312012 6.649944 2.314423 -0.221436 7.835520 6.642738 -0.122620 7.835520 6.642738 -0.122620 6.649944 2.314423 -0.221436 6.270045 2.378784 -1.761841 5.185012 2.493492 -2.914185 5.031702 -2.566238 2.346313 6.149441 -2.341675 1.219177 6.568160 -2.237488 -0.312134 
						6.568160 -2.237488 -0.312134 6.186356 -2.279335 -1.854675 5.096061 -2.457535 -3.012756 -0.890212 -19.572407 2.408447 6.214454 -7.285294 2.265503 1.033819 -7.154449 2.910767 7.262221 -6.781532 1.143188 7.655566 -6.576134 -0.386353 7.655566 -6.576134 -0.386353 7.299135 -6.719193 -1.930664 6.278811 -7.176590 -3.093567 43.222584 36.905998 6.593140 47.007957 42.598747 9.094421 7.260803 -9.456093 2.233582 -1.852232 -25.781380 2.157227 8.246666 -8.823914 1.113098 8.617568 -8.571945 -0.415833 8.617568 -8.571945 -0.415833 8.283579 -8.761566 -1.960632 7.325160 -9.347389 -3.125488 -1.827761 -25.651665 -3.266785 -0.864254 -19.434784 -3.345886 4.478573 -21.237083 -0.494629 4.654597 -20.893848 1.095398 -1.846118 -25.748955 0.801270 -1.839997 -25.716522 -0.554749 5.106192 -19.883312 2.259827 -1.852232 -25.781380 2.157227 8.588311 -11.450775 2.208069 5.106192 -19.883312 2.259827 9.495630 -10.700577 1.089050 9.838060 -10.405830 -0.439209 9.838060 -10.405830 -0.439209 9.532543 -10.638222 -1.984741 9.532543 -10.638222 -1.984741 8.652666 -11.342072 -3.151001 -1.833878 -25.684093 -1.910767 4.628634 -20.813828 -2.068542 4.478573 -21.237083 -0.494629 -1.839997 -25.716522 -0.554749 4.478573 -21.237083 -0.494629 8.118811 -22.904202 -0.545349 8.242336 -22.535900 1.045410 4.654597 -20.893848 1.095398 8.551558 -21.457352 2.212158 5.106192 -19.883312 2.259827 10.174250 -13.235191 2.189392 8.551558 -21.457352 2.212158 10.987747 -12.379425 1.071533 11.296160 -12.046402 -0.456360 11.296160 -12.046402 -0.456360 11.024660 -12.317085 -2.002319 11.024660 -12.317085 -2.002319 10.238607 -13.126488 -3.169678 8.506844 -21.319542 -3.236938 5.061481 -19.745506 -3.189331 5.061481 -19.745506 -3.189331 8.506844 -21.319542 -3.236938 8.216373 -22.455887 -2.118469 4.628634 -20.813828 -2.068542 8.118811 -22.904202 -0.545349 4.478573 -21.237083 -0.494629 10.289234 -23.427650 -0.575256 10.463504 -23.087555 1.015686 
						10.929550 -22.088242 2.182556 11.991491 -14.778809 2.177917 10.929550 -22.088242 2.182556 12.697475 -13.831726 1.060730 12.853676 -13.110413 -0.462280 12.853676 -13.110413 -0.462280 12.621151 -13.414207 -2.008484 12.621151 -13.414207 -2.008484 11.942613 -14.314938 -3.176636 10.918104 -21.955193 -3.266724 10.918104 -21.955193 -3.266724 10.456858 -23.010300 -2.148315 10.289234 -23.427650 -0.575256 12.409712 -24.394089 -0.605713 12.373213 -23.998814 0.985474 12.269202 -22.861473 2.153015 13.895700 -15.700062 2.178284 12.269202 -22.861473 2.153015 14.482329 -14.677456 1.061401 14.708490 -14.283936 -0.466125 14.708490 -14.283936 -0.466125 14.519241 -14.615108 -2.012329 14.519241 -14.615108 -2.012329 13.960062 -15.591354 -3.180664 12.260536 -22.748550 -3.296448 12.260536 -22.748550 -3.296448 12.368182 -23.933239 -2.178711 12.409712 -24.394089 -0.605713 17.493734 -26.562580 -0.636963 17.406883 -26.073029 1.422607 17.185497 -24.580547 3.004272 18.489693 -18.781559 3.047302 17.185497 -24.580547 3.004272 19.162529 -17.362415 1.569885 19.426262 -16.815872 -0.466309 19.426262 -16.815872 -0.466309 19.212036 -17.279415 -2.527283 18.575712 -18.637310 -4.073425 17.182861 -24.440590 -4.185791 17.182861 -24.440590 -4.185791 17.404625 -25.988388 -2.674072 17.493734 -26.562580 -0.636963 22.937347 -27.027779 -0.628662 22.863293 -26.416298 1.835999 22.667505 -24.632355 3.650269 23.224815 -19.453114 3.670715 22.667505 -24.632355 3.650269 23.463890 -17.676128 1.942932 23.571457 -16.995239 -0.425537 23.571457 -16.995239 -0.425537 23.521080 -17.579460 -2.820618 23.324379 -19.285160 -4.621948 22.731358 -24.465096 -4.796936 22.731358 -24.465096 -4.796936 22.897522 -26.311279 -3.065796 22.937347 -27.027779 -0.628662 28.830708 -26.385849 -0.553467 28.701809 -25.793343 1.915161 28.393957 -24.033691 3.783936 27.804609 -19.063534 3.813110 28.393957 -24.033691 3.783936 27.701176 -17.273174 2.010498 27.694183 -16.607613 -0.375854 27.694183 -16.607613 -0.375854 
						27.751055 -17.175991 -2.784851 27.889088 -18.891056 -4.654053 28.472618 -23.867260 -4.810242 28.472618 -23.867260 -4.810242 28.746508 -25.700333 -3.002075 28.830708 -26.385849 -0.553467 35.052456 -24.248829 -0.466187 34.813442 -23.768204 1.977356 34.167816 -22.232441 3.940308 32.279648 -17.522011 3.960388 34.167816 -22.232441 3.940308 32.279648 -17.522011 3.960388 31.683205 -15.966118 2.038940 31.509867 -15.425083 -0.332703 31.509867 -15.425083 -0.332703 31.746181 -15.875633 -2.714050 32.390598 -17.346806 -4.675049 34.280128 -22.053387 -4.817261 32.390598 -17.346806 -4.675049 34.280128 -22.053387 -4.817261 34.877792 -23.674179 -2.898254 35.052456 -24.248829 -0.466187 40.715595 -20.428143 -0.317261 40.324181 -20.052223 2.128174 39.226906 -18.821396 4.083008 36.211655 -15.040188 4.066223 39.226906 -18.821396 4.083008 36.211655 -15.040188 4.066223 35.248543 -13.717644 2.138062 34.956310 -13.249565 -0.236694 34.956310 -13.249565 -0.236694 35.312302 -13.622452 -2.617432 36.323349 -14.860779 -4.570923 39.340363 -18.635674 -4.686523 39.340363 -18.635674 -4.686523 40.389553 -19.952423 -2.756653 40.715595 -20.428143 -0.317261 45.260906 -15.252449 -0.149475 44.765427 -14.996964 2.294128 43.355358 -14.121742 4.239258 39.537853 -11.579941 4.186829 43.355358 -14.121742 4.239258 38.264072 -10.580521 2.250122 37.869453 -10.216217 -0.126892 37.869453 -10.216217 -0.126892 38.326565 -10.481323 -2.505249 39.648430 -11.396942 -4.450256 43.467621 -13.933296 -4.530884 43.467621 -13.933296 -4.530884 44.829334 -14.893833 -2.592163 45.260906 -15.252449 -0.149475 48.767605 -9.062614 -0.020874 48.120785 -8.907059 2.523376 46.367474 -8.379547 4.418457 41.952961 -7.300545 4.344788 46.367474 -8.379547 4.418457 40.264095 -6.756210 2.427551 39.691807 -6.540871 -0.066895 39.691807 -6.540871 -0.066895 40.328003 -6.659714 -2.551575 42.059860 -7.129547 -4.445129 46.467041 -8.198181 -4.472412 46.467041 -8.198181 -4.472412 48.177940 -8.801994 -2.568420 
						48.767605 -9.062614 -0.020874 50.987831 -2.715614 0.164734 50.175518 -2.696350 3.089661 48.040745 -2.523582 5.200989 43.008518 -2.313141 5.091248 48.040745 -2.523582 5.200989 41.001942 -1.944199 2.943726 40.300514 -1.767776 0.060913 40.300514 -1.767776 0.060913 41.076431 -1.829056 -2.809631 43.138325 -2.112808 -4.923584 48.173645 -2.316475 -4.924255 48.173645 -2.316475 -4.924255 50.252522 -2.576447 -2.774292 50.987831 -2.715614 0.164734 5.843908 23.890450 4.166687 10.548162 15.470505 3.540649 14.524933 18.421265 3.642944 16.141188 28.567513 7.141052 4.400882 14.576973 3.789917 7.657586 11.360619 3.437195 14.614923 18.559540 -3.304810 16.177994 28.762650 -6.324829 -89.114426 164.581467 8.808228 -89.265518 164.381775 19.741150 -86.363007 165.172104 19.779785 -86.229919 165.433868 8.851501 -75.666443 176.624084 -15.477417 -75.783234 176.385208 -5.503479 -74.951126 179.725815 -5.447144 -74.834335 179.964737 -15.421204 86.739624 75.425232 12.896057 86.292862 72.260345 12.836975 86.392914 72.790756 -9.338989 86.839691 75.955566 -9.279907 -17.442621 -151.656494 15.350403 -17.753265 -175.810394 14.986145 -17.593006 -174.960907 -20.533630 -17.282354 -150.806992 -20.169373 -103.112885 179.546524 8.872559 -103.202515 179.895370 -5.744934 -102.395447 176.544846 -5.783875 -102.305832 176.196014 8.833618 -0.382788 -39.178883 17.332031 -2.821941 -56.163727 17.060913 -2.661677 -55.314236 -18.458862 -0.222522 -38.329403 -18.187744 -100.986465 173.105057 8.803711 -101.076096 173.453842 -5.813782 -99.295074 170.741074 -5.833374 -99.205460 170.392212 8.784180 -9.432144 -139.000748 15.719177 -11.034254 -140.358185 15.673767 -10.873987 -139.508698 -19.845947 -9.271883 -138.151276 -19.800659 -97.120911 168.510529 -5.841919 -97.031265 168.161682 8.775513 74.276169 59.978348 12.564209 69.425232 55.280518 12.465332 69.525299 55.810883 -9.710632 74.376221 60.508698 -9.611694 -94.637085 166.847641 -5.839111 -94.547470 166.498810 8.778320 -13.547794 -146.133759 15.522827 
						-13.936792 -148.578522 15.467041 -13.776529 -147.729034 -20.052734 -13.387531 -145.284241 -19.996887 -91.939102 165.816605 -5.825134 -91.849457 165.467804 8.792419 47.002007 42.434448 12.141724 47.007957 42.598747 9.094421 50.664379 48.642136 12.257263 50.764446 49.172501 -9.918701 47.042530 42.649185 4.420593 47.052044 42.699623 1.053772 47.061562 42.750053 -2.405457 47.095661 42.800491 -7.070496 47.102077 42.964813 -10.034241 -89.204056 164.930298 -5.809326 -89.114426 164.581467 8.808228 -6.287410 -101.718933 16.340271 -6.390657 -116.175964 16.114807 -6.230394 -115.326462 -19.405029 -6.127148 -100.869446 -19.179443 -95.090378 146.672363 12.257141 -95.320343 147.368317 12.301697 -95.223679 147.880737 -9.124146 -94.993698 147.184769 -9.168701 86.292862 72.260345 12.836975 84.686783 70.447205 12.792419 84.786850 70.977585 -9.383484 86.392914 72.790756 -9.338989 -95.479156 148.536301 12.353271 -95.382492 149.048706 -9.072571 -15.299559 -150.344376 15.416870 -16.656208 -150.476135 15.389832 -16.495949 -149.626648 -20.129883 -15.139297 -149.494904 -20.102966 27.213093 33.692131 7.840942 31.020557 35.247650 8.392761 5.810192 23.711761 11.638916 -95.357315 154.313309 12.542664 -95.144012 155.699799 12.560608 -95.047348 156.212219 -8.865234 -95.260620 154.825729 -8.883179 -7.307377 -128.595047 15.914856 -8.047466 -136.147156 15.784973 -7.887201 -135.297653 -19.734802 -7.147110 -127.745544 -19.604919 -95.144012 155.699799 12.560608 -94.718887 155.933609 12.561279 -94.622223 156.446030 -8.864563 -95.047348 156.212219 -8.865234 80.068207 67.308105 12.716614 76.078232 63.054443 12.627502 76.178284 63.584793 -9.548401 80.168259 67.838470 -9.459290 -93.939957 156.086136 12.560791 -93.843277 156.598557 -8.865051 -13.116678 -140.613342 15.642151 -13.399092 -145.802155 15.547668 -13.238831 -144.952667 -19.972168 -12.956413 -139.763855 -19.877625 -93.939957 156.086136 12.560791 -93.221695 156.800751 12.566772 -93.125031 157.313156 -8.859070 -93.843277 156.598557 -8.865051 64.235107 52.826187 12.396851 
						55.857178 51.802414 12.335693 55.957245 52.332779 -9.840271 64.335129 53.356537 -9.779114 -93.221695 156.800751 12.566772 -89.687653 156.950195 12.575317 -89.590988 157.462631 -8.850525 -93.125031 157.313156 -8.859070 -4.443188 -74.000488 16.781067 -4.825846 -89.980759 16.532715 -4.665588 -89.131279 -18.987061 -4.282927 -73.151009 -18.738708 84.690918 81.055450 12.979858 84.790970 81.585815 -9.196106 -17.229662 -247.232224 13.963928 -15.703358 -247.757629 13.961548 -15.543093 -246.908112 -21.558289 -17.069405 -246.382706 -21.555847 -11.752804 -266.846191 13.702576 -13.769032 -269.212585 13.659424 -13.608770 -268.363098 -21.860352 -11.592537 -265.996704 -21.817200 -20.344839 -190.393921 14.764343 -20.776453 -241.958588 14.027954 -20.616190 -241.109116 -21.491821 -20.184578 -189.544434 -20.755432 -31.804100 -271.712067 13.548462 -37.953407 -272.327393 13.513184 -37.793144 -271.477875 -22.006592 -31.643833 -270.862579 -21.971313 -95.813843 149.061096 12.394897 -95.717163 149.573486 -9.030945 -19.895241 -244.752518 13.990601 -18.690399 -246.194992 13.973816 -18.530132 -245.345490 -21.545898 -19.734978 -243.903030 -21.529175 -13.190439 -248.288742 13.963135 -11.687996 -250.885864 13.931030 -11.527733 -250.036407 -21.588684 -13.030176 -247.439240 -21.556702 -19.363480 -180.675781 14.909119 -19.770903 -185.331039 14.839966 -19.610640 -184.481567 -20.679871 -19.203215 -179.826263 -20.610657 -46.835930 -271.938293 13.480896 -54.512836 -270.377686 13.470337 -46.675667 -271.088806 -22.038818 -54.472767 -270.165314 4.590393 -54.392628 -269.740570 -13.169556 -54.352562 -269.528198 -22.049500 -75.642471 189.685196 9.308411 -75.732086 190.033981 -5.309082 -77.051468 193.124985 -5.279297 -76.961853 192.776138 9.338318 -44.843380 193.404648 20.624084 -37.511761 195.298172 20.702271 -37.351505 196.147629 -14.817505 -44.683117 194.254135 -14.895691 -78.832474 195.837814 -5.259644 -78.742874 195.488937 9.357849 -28.962517 193.457077 20.732422 -22.883465 189.766800 20.726135 -22.723204 190.616257 -14.793701 -28.802258 194.306625 -14.787354 -81.006668 198.068283 -5.251099 
						-80.917023 197.719437 9.366455 -11.687996 -250.885864 13.931030 -11.752804 -266.846191 13.702576 -11.592537 -265.996704 -21.817200 -11.527733 -250.036407 -21.588684 -56.238140 185.362656 20.420471 -49.170094 189.968674 20.536316 -49.009830 190.818192 -14.983521 -56.077862 186.212143 -15.099304 -83.490448 199.731216 -5.253906 -83.400848 199.382401 9.363647 -16.141779 188.314743 20.754333 -15.981516 189.164230 -14.765442 -86.188477 200.762222 -5.267883 -86.098846 200.413376 9.349609 -13.769032 -269.212585 13.659424 -13.608770 -268.363098 -21.860352 -88.996964 201.121689 -5.292603 -88.907349 200.772873 9.324951 -13.190439 -248.288742 13.963135 -13.030176 -247.439240 -21.556702 -89.646820 145.766693 12.195435 -94.512375 146.274979 12.218201 -94.415710 146.787460 -9.207581 -89.550140 146.279129 -9.230408 6.193200 173.086502 20.638916 7.794937 169.554626 20.596558 7.955204 170.404083 -14.923218 6.353462 173.935959 -14.880920 -95.855072 153.836349 12.498230 -95.357315 154.313309 12.542664 -95.260620 154.825729 -8.883179 -95.758392 154.348770 -8.927551 -57.724598 -364.417175 2.225159 -60.469173 -365.456604 2.189636 -60.397137 -365.074829 -13.773926 -57.652569 -364.035339 -13.738403 11.991810 155.122223 20.412476 13.324966 150.366272 20.351685 13.485233 151.215759 -15.168091 12.152066 155.971680 -15.107239 -95.090378 146.672363 12.257141 -94.993698 147.184769 -9.168701 -79.188599 -365.288086 2.105530 -79.727020 -363.550537 2.094971 -79.654984 -363.168701 -13.868591 -79.116577 -364.906372 -13.858032 -6.948513 186.354599 20.768250 -1.981993 182.557938 20.736023 -1.821728 183.407394 -14.783813 -6.788250 187.204056 -14.751526 -95.813843 149.061096 12.394897 -95.855072 153.836349 12.498230 -95.758392 154.348770 -8.927551 -95.717163 149.573486 -9.030945 -54.807018 -359.907593 2.320313 -55.733906 -362.144714 2.275269 -55.661869 -361.762939 -13.688293 -54.734989 -359.525696 -13.643250 -103.376587 183.027176 8.919250 -103.466187 183.376022 -5.698303 -79.727020 -363.550537 2.094971 -83.550323 -363.047119 2.316589 -83.478287 -362.665344 -13.646912 
						-79.654984 -363.168701 -13.868591 2.061220 178.930069 20.702332 4.523022 175.965118 20.671631 4.683283 176.814560 -14.848206 2.221487 179.779556 -14.817444 -103.086823 186.504257 8.971680 -103.176453 186.853043 -5.645874 9.591591 165.204544 20.543396 11.057053 160.529495 20.484253 11.217319 161.378998 -15.035522 9.751859 166.054016 -14.976440 -102.254715 189.844803 9.027954 -102.344330 190.193619 -5.589539 -79.188599 -365.288086 2.105530 -79.116577 -364.906372 -13.858032 -77.591507 -364.951477 -12.545471 -77.651764 -365.270813 0.806763 -13.116100 186.644791 20.745667 -12.955833 187.494308 -14.774109 -100.912216 192.919754 9.085938 -101.001831 193.268600 -5.531677 127.310944 187.146042 14.663208 130.228683 184.306259 14.634949 130.328751 184.836594 -7.541016 127.411011 187.676407 -7.512756 -99.110962 195.610794 9.143250 -99.200562 195.959641 -5.474304 -96.920135 197.815811 9.197815 -97.009766 198.164658 -5.419678 -94.423996 199.448715 9.247437 -94.513626 199.797562 -5.369995 -6.948513 186.354599 20.768250 -6.788250 187.204056 -14.751526 -91.718369 200.447342 9.290466 -91.807999 200.796158 -5.327087 -60.397137 -365.074829 -13.773926 -61.659573 -314.538269 -13.476624 -54.734989 -359.525696 -13.643250 -55.661869 -361.762939 -13.688293 14.466586 147.327301 20.314453 14.498166 147.494736 13.314575 14.626846 148.176804 -15.205322 14.596558 148.016296 -8.493286 -74.525848 186.362198 9.338684 -74.615479 186.711044 -5.278870 41.829872 141.817032 13.666443 47.431377 145.079895 13.735901 47.531445 145.610260 -8.440063 41.929920 142.347397 -8.509460 -54.392628 -269.740570 -13.169556 -61.613224 -302.296997 -13.402771 72.891586 166.019119 14.138672 115.453354 190.480179 14.661743 115.553406 191.010574 -7.514221 72.991653 166.549454 -8.037292 23.548862 138.612549 13.545349 26.618202 137.722504 13.545410 26.718266 138.252853 -8.630493 23.648930 139.142899 -8.630554 -60.469173 -365.456604 2.189636 -57.724598 -364.417175 2.225159 -55.733906 -362.144714 2.275269 119.354385 191.016769 14.685486 123.252472 189.874893 14.685364 
						123.352509 190.405289 -7.490662 119.454468 191.547165 -7.490479 -54.807018 -359.907593 2.320313 -54.472767 -270.165314 4.590393 -61.690411 -302.706116 3.704834 -61.735699 -314.941681 3.395264 56.558773 150.910675 13.856384 63.787750 157.340820 13.977661 63.887814 157.871185 -8.198303 56.658825 151.441010 -8.319580 18.842133 140.929031 13.558838 20.865271 139.704620 13.549805 20.965326 140.234970 -8.626099 18.942190 141.459381 -8.617065 33.354393 138.629913 13.593140 33.454449 139.160294 -8.582764 -95.569275 -360.480896 -3.447021 -95.756256 -360.382751 -3.446411 -95.734039 -360.265137 -8.363464 -95.547073 -360.363403 -8.364136 -98.620453 -354.539185 -3.375122 -98.623245 -352.900391 -3.351868 -98.601044 -352.782776 -8.268921 -98.598251 -354.421570 -8.292175 -94.008408 -360.921509 -3.446777 -93.986221 -360.803955 -8.363831 14.498166 147.494736 13.314575 14.596558 148.016296 -8.493286 148.137711 173.307709 14.552551 149.571945 170.636520 14.520447 149.672028 171.166855 -7.655457 148.237762 173.838058 -7.623413 -97.400742 -359.090576 -3.434875 -97.580124 -358.824768 -3.431824 -97.557922 -358.707214 -8.348877 -97.378525 -358.972961 -8.351929 152.450043 162.827301 14.421387 153.169373 159.571945 14.378113 153.269440 160.102325 -7.797852 152.550110 163.357620 -7.754517 -98.084305 -358.045288 -3.422791 -98.179657 -356.044983 -3.394714 -98.157486 -355.927368 -8.311768 -98.062119 -357.927673 -8.339844 141.503723 181.617569 14.643250 143.386490 180.008926 14.628174 143.486572 180.539261 -7.547791 141.603821 182.147934 -7.532715 -96.197830 -359.825684 -3.440308 -96.871918 -359.697998 -3.441284 -96.849747 -359.580383 -8.358337 -96.175644 -359.708130 -8.357361 153.409866 155.338867 14.318970 153.248138 149.441330 14.234497 153.348206 149.971710 -7.941467 153.509933 155.869247 -7.856995 -98.425369 -355.694946 -3.390747 -98.553604 -355.229370 -3.384705 -98.531387 -355.111755 -8.301758 -98.403152 -355.577332 -8.307800 145.116104 178.197952 14.609497 146.700134 176.065613 14.585815 146.800201 176.595978 -7.590088 145.216141 178.728287 -7.566406 
						150.611389 168.261749 14.491028 151.492416 165.887955 14.460938 151.592499 166.418304 -7.714966 150.711441 168.792114 -7.684875 -97.848541 -358.679016 -3.430847 -97.984573 -358.385193 -3.427246 -97.962402 -358.267578 -8.344299 -97.826324 -358.561462 -8.347900 137.057404 184.054855 14.659485 138.916183 182.904068 14.650818 139.016220 183.434433 -7.525146 137.157471 184.585220 -7.516479 -95.993362 -360.265869 -3.445740 -96.115921 -360.091492 -3.443848 -96.093750 -359.973877 -8.360901 -95.971176 -360.148315 -8.362793 152.876343 146.491501 14.191040 152.976456 147.021896 -7.984924 -97.285339 -359.398132 -3.438721 -97.263153 -359.280579 -8.355774 -96.197830 -359.825684 -3.440308 -96.175644 -359.708130 -8.357361 -98.179657 -356.044983 -3.394714 -98.157486 -355.927368 -8.311768 -81.020599 51.561752 -17.673218 -81.098877 30.591415 -18.041321 -89.215347 36.953392 -18.002869 -88.826981 42.723343 -17.919189 -97.848541 -358.679016 -3.430847 -97.826324 -358.561462 -8.347900 130.228683 184.306259 14.634949 130.328751 184.836594 -7.541016 137.256348 116.865799 13.705383 135.845261 112.031815 13.630798 135.945313 112.562210 -8.545166 137.356400 117.396149 -8.470581 -94.718887 155.933609 12.561279 -95.144012 155.699799 12.560608 -95.357315 154.313309 12.542664 124.782700 100.810944 13.425720 120.619888 98.403473 13.374390 120.719940 98.933823 -8.801636 124.882767 101.341309 -8.750244 148.339920 128.373489 13.914673 145.618835 123.744614 13.837646 145.718903 124.275009 -8.338318 148.439972 128.903854 -8.261292 142.165253 119.821426 13.767639 139.378708 117.773575 13.727051 139.478775 118.303986 -8.448914 142.265381 120.351776 -8.408325 -93.221695 156.800751 12.566772 -93.939957 156.086136 12.560791 -95.479156 148.536301 12.353271 -94.512375 146.274979 12.218201 132.839249 107.193588 13.549622 128.560852 103.288757 13.476563 128.660904 103.819122 -8.699402 132.939316 107.723953 -8.626343 152.684662 142.222382 14.129578 151.017273 135.521942 14.027344 151.117340 136.052307 -8.148621 152.784744 142.752747 -8.046387 -98.511353 -352.324402 -3.343201 
						-98.341843 -351.878357 -3.336182 -98.319641 -351.760864 -8.253235 -98.489166 -352.206848 -8.260254 137.256348 116.865799 13.705383 137.356400 117.396149 -8.470581 -90.136810 -65.212914 16.072876 -90.899872 32.211258 17.455261 -90.859818 32.423637 8.575317 -90.096756 -65.000542 7.192932 -98.149796 -351.619446 -3.331665 -98.127609 -351.501831 -8.248718 112.493073 94.861603 13.290588 112.593124 95.391983 -8.885437 -91.798325 -269.847382 13.155518 -91.758270 -269.635010 4.275574 -91.731339 -269.492310 -1.691833 -89.976578 -64.363419 -19.446899 -91.638077 -268.997894 -22.364319 -90.016632 -64.575798 -10.566956 -91.638077 -268.997894 -22.364319 -91.678131 -269.210266 -13.484375 -90.016632 -64.575798 -10.566956 -90.016632 -64.575798 -10.566956 -91.678131 -269.210266 -13.484375 -91.705063 -269.352997 -7.516846 -95.320343 147.368317 12.301697 -95.090378 146.672363 12.257141 -11.034254 -140.358185 15.673767 -13.116678 -140.613342 15.642151 -12.956413 -139.763855 -19.877625 -10.873987 -139.508698 -19.845947 -88.987259 41.873863 17.600586 -89.928070 42.753021 17.609192 -89.767807 43.602516 -17.910583 -88.826981 42.723343 -17.919189 -15.299559 -150.344376 15.416870 -15.139297 -149.494904 -20.102966 -89.866669 59.390778 17.846130 -88.054276 63.371109 17.910156 -87.894012 64.220596 -17.609619 -89.706421 60.240265 -17.673645 -89.215347 36.953392 -18.002869 -90.739609 33.060753 -18.064514 -89.375626 36.103905 17.516907 -90.779678 32.848366 -9.184570 -16.656208 -150.476135 15.389832 -17.442621 -151.656494 15.350403 -17.282354 -150.806992 -20.169373 -16.495949 -149.626648 -20.129883 -89.825699 145.476074 19.388672 -89.646820 145.766693 12.195435 -89.665558 146.324890 -16.102966 -89.550140 146.279129 -9.230408 -1.761333 -25.299561 -17.989319 -1.827761 -25.651665 -3.266785 -1.833878 -25.684093 -1.910767 -1.839997 -25.716522 -0.554749 -1.846118 -25.748955 0.801270 -1.852232 -25.781380 2.157227 -1.921598 -26.149048 17.530457 -88.987259 41.873863 17.600586 -88.826981 42.723343 -17.919189 -89.928070 42.753021 17.609192 -89.767807 43.602516 -17.910583 
						50.664379 48.642136 12.257263 50.764446 49.172501 -9.918701 -99.295074 170.741074 -5.833374 -101.076096 173.453842 -5.813782 -77.125732 173.310303 -5.561340 -78.926987 170.619217 -5.618713 -74.661331 183.202896 -5.394714 -74.544540 183.441757 -15.368774 -83.497147 167.020218 -15.696960 -83.613937 166.781342 -5.723022 -81.117783 168.414185 -5.673279 -81.001007 168.653061 -15.647339 -74.615479 186.711044 -5.278870 -74.595169 186.950333 -15.286133 -86.202759 166.021576 -15.739929 -86.319550 165.782715 -5.765930 -94.415710 146.787460 -9.207581 -93.125031 157.313156 -8.859070 -89.590988 157.462631 -8.850525 -89.550140 146.279129 -9.230408 -78.926987 170.619217 -5.618713 -78.810196 170.858154 -15.592773 -77.125732 173.310303 -5.561340 -77.008942 173.549179 -15.535400 -89.139511 165.179855 -15.766113 -89.315979 157.867462 -15.872864 -89.204056 164.930298 -5.809326 -89.590988 157.462631 -8.850525 -89.687653 156.950195 12.575317 -89.114426 164.581467 8.808228 -89.265518 164.381775 19.741150 -89.358749 161.505844 19.703674 -89.476517 156.957108 19.655151 -77.169189 172.699677 19.984375 -77.036102 172.961441 9.056152 -78.837341 170.270416 8.998779 -78.970459 170.008652 19.927002 -75.826706 175.774612 20.042297 -75.693604 176.036392 9.114014 -74.994598 179.115189 20.098633 -74.861496 179.376999 9.170349 -74.704819 182.592239 20.151001 -74.571716 182.854050 9.222717 -91.638077 -268.997894 -22.364319 -91.678131 -269.210266 -13.484375 -81.161270 167.803619 19.872498 -81.028168 168.065353 8.944214 -83.524307 166.432495 8.894531 -83.657410 166.170700 19.822876 -74.589539 186.062668 20.310791 -74.525848 186.362198 9.338684 -89.646820 145.766693 12.195435 -89.687653 156.950195 12.575317 -89.139511 165.179855 -15.766113 -89.204056 164.930298 -5.809326 -74.595169 186.950333 -15.286133 -74.615479 186.711044 -5.278870 -56.077862 186.212143 -15.099304 -56.238140 185.362656 20.420471 -74.525848 186.362198 9.338684 -74.589539 186.062668 20.310791 26.568428 113.936935 -9.036316 26.718266 138.252853 -8.630493 33.454449 139.160294 -8.582764 
						34.976482 119.547821 -8.915955 -77.517410 -250.162750 -21.976501 -69.570465 -250.210052 -21.908386 -91.638077 -268.997894 -22.364319 -84.982101 -250.118332 -22.040405 -77.677689 -251.012314 13.543396 -69.730713 -251.059616 13.611389 -69.052094 -69.987717 16.151733 -76.999115 -69.940842 16.100403 -84.452835 -69.838226 13.603455 -76.987976 -69.881851 13.633606 -76.999115 -69.940842 16.100403 -84.463837 -69.896614 16.044373 -63.846073 62.940018 18.393921 -21.340363 92.934174 19.201538 -21.548815 106.014954 19.407410 -64.024002 76.042404 18.595947 -81.287384 -19.715286 -18.755920 -81.234085 -5.492012 -18.553894 -8.488678 45.836990 -16.987732 -8.541885 31.614204 -17.211121 -76.838867 -69.091255 -19.420227 -68.891815 -69.138130 -19.368774 6.353462 173.935959 -14.880920 7.955204 170.404083 -14.923218 -8.021000 170.868790 -15.023621 5.940457 24.402199 -17.231201 5.910601 24.243958 -10.614563 5.780187 23.552719 18.288574 5.810192 23.711761 11.638916 -91.798325 -269.847382 13.155518 -91.758270 -269.635010 4.275574 -54.392628 -269.740570 -13.169556 -54.472767 -270.165314 4.590393 -54.807018 -359.907593 2.320313 -54.734989 -359.525696 -13.643250 -82.253677 -302.175598 -13.519958 -82.229813 -295.874207 -13.499939 -61.589413 -295.995911 -13.369324 -93.959000 -360.687744 -13.887268 -93.986221 -360.803955 -8.363831 -91.705063 -269.352997 -7.516846 -82.330688 -302.583801 3.547913 -61.667164 -296.408081 3.864075 -82.307434 -296.285706 3.707275 -94.031021 -361.069641 2.076294 -94.008408 -360.921509 -3.446777 -77.651764 -365.270813 0.806763 -77.591507 -364.951477 -12.545471 -76.487396 -355.692871 -11.138245 -76.541168 -355.977905 0.783569 -61.934193 -365.092346 -12.475037 -61.994442 -365.411743 0.877136 -62.561153 -356.103821 0.846436 -76.541168 -355.977905 0.783569 -76.487396 -355.692871 -11.138245 -62.507351 -355.818604 -11.075378 -77.591507 -364.951477 -12.545471 -61.934193 -365.092346 -12.475037 -62.507351 -355.818604 -11.075378 -76.487396 -355.692871 -11.138245 -61.934193 -365.092346 -12.475037 -61.994442 -365.411743 0.877136 -62.561153 -356.103821 0.846436 
						-62.507351 -355.818604 -11.075378 -61.994442 -365.411743 0.877136 -77.651764 -365.270813 0.806763 -76.541168 -355.977905 0.783569 -62.561153 -356.103821 0.846436 -61.690411 -302.706116 3.704834 -82.330688 -302.583801 3.547913 -82.253677 -302.175598 -13.519958 -61.613224 -302.296997 -13.402771 -61.735699 -314.941681 3.395264 -61.659573 -314.538269 -13.476624 -82.300140 -314.417419 -13.571045 -82.376114 -314.820068 3.268372 -61.690411 -302.706116 3.704834 -61.613224 -302.296997 -13.402771 -61.659573 -314.538269 -13.476624 -61.735699 -314.941681 3.395264 -82.376114 -314.820068 3.268372 -82.300140 -314.417419 -13.571045 -82.253677 -302.175598 -13.519958 -82.330688 -302.583801 3.547913 -82.183319 -283.632172 -13.458557 -61.543011 -283.754456 -13.304382 -61.621868 -284.172485 4.173584 -82.262131 -284.050140 4.016785 -61.667164 -296.408081 3.864075 -61.589413 -295.995911 -13.369324 -82.229813 -295.874207 -13.499939 -82.307434 -296.285706 3.707275 -61.621868 -284.172485 4.173584 -61.543011 -283.754456 -13.304382 -61.589413 -295.995911 -13.369324 -61.667164 -296.408081 3.864075 -82.229813 -295.874207 -13.499939 -82.183319 -283.632172 -13.458557 -82.262131 -284.050140 4.016785 -82.307434 -296.285706 3.707275 -8.541885 31.614204 -17.211121 -8.564289 31.495453 -12.245483 -81.312103 -19.846371 -13.275024 -81.287384 -19.715286 -18.755920 -8.564289 31.495453 -12.245483 -8.642866 10.523468 -12.544128 -81.390686 -40.818371 -13.573608 -81.312103 -19.846371 -13.275024 -81.365952 -40.687305 -19.053833 -81.390686 -40.818371 -13.573608 -8.642866 10.523468 -12.544128 -8.620325 10.642960 -17.540588 -8.642866 10.523468 -12.544128 -8.564289 31.495453 -12.245483 -8.541885 31.614204 -17.211121 -8.620325 10.642960 -17.540588 -81.312103 -19.846371 -13.275024 -81.390686 -40.818371 -13.573608 -81.365952 -40.687305 -19.053833 -81.287384 -19.715286 -18.755920 -80.892929 85.794006 -17.054993 -49.578007 107.887466 -16.270935 -80.916763 85.667664 -11.772888 -8.168926 137.009506 -10.743347 -8.147219 137.124557 -15.553772 -8.168926 137.009506 -10.743347 -8.247505 116.037521 -11.041931 
						-80.995331 64.695679 -12.071533 -80.916763 85.667664 -11.772888 -8.225662 116.153320 -15.883118 -63.863728 76.891922 -16.923767 -8.247505 116.037521 -11.041931 -80.995331 64.695679 -12.071533 -80.971130 64.823929 -17.433716 -8.247505 116.037521 -11.041931 -8.168926 137.009506 -10.743347 -8.147219 137.124557 -15.553772 -8.225662 116.153320 -15.883118 -80.916763 85.667664 -11.772888 -80.995331 64.695679 -12.071533 -80.971130 64.823929 -17.433716 -80.892929 85.794006 -17.054993 -81.155502 15.480019 -18.255981 -62.208363 28.845154 -17.658813 -81.180222 15.348915 -12.774170 -8.432411 66.690720 -11.744507 -8.410242 66.808228 -16.658203 -8.432411 66.690720 -11.744507 -8.510988 45.718735 -12.043152 -81.258820 -5.623100 -13.072754 -81.180222 15.348915 -12.774170 -81.234085 -5.492012 -18.553894 -81.258820 -5.623100 -13.072754 -8.510988 45.718735 -12.043152 -8.488678 45.836990 -16.987732 -8.510988 45.718735 -12.043152 -8.432411 66.690720 -11.744507 -8.410242 66.808228 -16.658203 -8.488678 45.836990 -16.987732 -81.180222 15.348915 -12.774170 -81.258820 -5.623100 -13.072754 -81.234085 -5.492012 -18.553894 -81.155502 15.480019 -18.255981 -81.020599 51.561752 -17.673218 -63.685818 63.789536 -17.125916 -81.045044 51.432312 -12.260376 -8.297203 102.774124 -11.230774 -8.275276 102.890366 -16.091492 -8.297203 102.774124 -11.230774 -8.375790 81.802124 -11.529419 -81.123611 30.460297 -12.558960 -81.045044 51.432312 -12.260376 -81.098877 30.591415 -18.041321 -81.123611 30.460297 -12.558960 -62.580379 43.653610 -17.430237 -8.375790 81.802124 -11.529419 -8.353714 81.919113 -16.420959 -8.375790 81.802124 -11.529419 -8.297203 102.774124 -11.230774 -8.275276 102.890366 -16.091492 -8.353714 81.919113 -16.420959 -81.020599 51.561752 -17.673218 -81.045044 51.432312 -12.260376 -81.123611 30.460297 -12.558960 -81.098877 30.591415 -18.041321 -80.790314 119.413101 -11.292419 -80.767059 119.536346 -16.445679 -8.042482 170.754913 -10.262878 -35.367420 151.570938 -15.503784 -8.021000 170.868790 -15.023621 -8.121067 149.782944 -10.561401 
						-80.868896 98.441101 -11.591003 -80.790314 119.413101 -11.292419 -8.042482 170.754913 -10.262878 -8.099445 149.897537 -15.353088 -49.798153 120.471664 -16.088867 -8.121067 149.782944 -10.561401 -80.868896 98.441101 -11.591003 -80.845276 98.566254 -16.824341 -8.121067 149.782944 -10.561401 -8.042482 170.754913 -10.262878 -8.021000 170.868790 -15.023621 -8.099445 149.897537 -15.353088 -80.790314 119.413101 -11.292419 -80.868896 98.441101 -11.591003 -80.845276 98.566254 -16.824341 -80.767059 119.536346 -16.445679 -8.760368 9.900581 13.498413 -8.681793 30.872566 13.797058 -81.429611 -20.469242 12.767456 -81.508179 -41.441250 12.468933 -8.681793 30.872566 13.797058 -8.702093 30.764954 18.296692 -81.429611 -20.469242 12.767456 -20.220123 22.636902 18.094604 -81.447647 -20.564854 16.765259 -8.780523 9.793800 17.963867 -8.760368 9.900581 13.498413 -81.508179 -41.441250 12.468933 -81.526215 -41.536865 16.466919 -8.702093 30.764954 18.296692 -8.681793 30.872566 13.797058 -8.760368 9.900581 13.498413 -8.780523 9.793800 17.963867 -81.508179 -41.441250 12.468933 -81.429611 -20.469242 12.767456 -81.447647 -20.564854 16.765259 -81.526215 -41.536865 16.466919 -8.365013 115.414673 15.000610 -8.286428 136.386627 15.299194 -81.034256 85.044815 14.269653 -81.112823 64.072800 13.971008 -81.053452 84.943024 18.524292 -81.034256 85.044815 14.269653 -22.573269 126.207413 19.739990 -8.286428 136.386627 15.299194 -8.307508 136.274887 19.971130 -22.459568 126.287872 19.730652 -8.365013 115.414673 15.000610 -81.112823 64.072800 13.971008 -8.385935 115.303726 19.638367 -21.548815 106.014954 19.407410 -64.024002 76.042404 18.595947 -81.131561 63.973541 18.121765 -8.307508 136.274887 19.971130 -8.286428 136.386627 15.299194 -8.365013 115.414673 15.000610 -8.385935 115.303726 19.638367 -81.112823 64.072800 13.971008 -81.034256 85.044815 14.269653 -81.053452 84.943024 18.524292 -81.131561 63.973541 18.121765 -8.628490 45.095871 13.999390 -8.549910 66.067856 14.298035 -81.297729 14.726036 13.268372 
						-81.376312 -6.245964 12.969788 -8.549910 66.067856 14.298035 -8.570475 65.958862 18.855286 -81.297729 14.726036 13.268372 -20.773264 57.347580 18.641174 -81.315765 14.630455 17.265015 -8.628490 45.095871 13.999390 -81.376312 -6.245964 12.969788 -8.648899 44.987694 18.522461 -20.443653 36.664360 18.315552 -81.394363 -6.341583 16.967590 -8.570475 65.958862 18.855286 -8.549910 66.067856 14.298035 -8.628490 45.095871 13.999390 -8.648899 44.987694 18.522461 -81.376312 -6.245964 12.969788 -81.297729 14.726036 13.268372 -81.315765 14.630455 17.265015 -81.394363 -6.341583 16.967590 -8.493292 81.179260 14.513123 -8.414711 102.151245 14.811768 -81.162537 50.809433 13.782166 -81.241119 29.837433 13.483582 -8.414711 102.151245 14.811768 -8.435537 102.040848 19.427856 -81.162537 50.809433 13.782166 -21.340363 92.934174 19.201538 -63.846073 62.940018 18.393921 -81.180969 50.711731 17.867249 -8.493292 81.179260 14.513123 -81.241119 29.837433 13.483582 -8.513958 81.069672 19.094971 -21.010761 72.250916 18.875793 -81.259140 29.741882 17.478699 -8.435537 102.040848 19.427856 -8.414711 102.151245 14.811768 -8.493292 81.179260 14.513123 -8.513958 81.069672 19.094971 -81.241119 29.837433 13.483582 -81.162537 50.809433 13.782166 -81.180969 50.711731 17.867249 -81.259140 29.741882 17.478699 -8.238564 149.160049 15.481140 -8.159985 170.132034 15.779724 -80.907822 118.790222 14.750122 -80.986374 97.818222 14.451538 -80.927521 118.685730 19.119080 -80.907822 118.790222 14.750122 -22.408772 159.978973 20.257080 -8.159985 170.132034 15.779724 -8.181318 170.018982 20.506653 -81.005890 97.714951 18.769470 -22.635231 138.903015 19.936951 -80.986374 97.818222 14.451538 -8.238564 149.160049 15.481140 -8.259735 149.047852 20.173889 -22.544239 138.967438 19.929443 -8.181318 170.018982 20.506653 -8.159985 170.132034 15.779724 -8.238564 149.160049 15.481140 -8.259735 149.047852 20.173889 -80.986374 97.818222 14.451538 -80.907822 118.790222 14.750122 -80.927521 118.685730 19.119080 
						-81.005890 97.714951 18.769470 -98.149796 -351.619446 -3.331665 -91.731339 -269.492310 -1.691833 -91.705063 -269.352997 -7.516846 -98.127609 -351.501831 -8.248718 -86.202759 166.021576 -15.739929 -83.497147 167.020218 -15.696960 -89.315979 157.867462 -15.872864 -89.139511 165.179855 -15.766113 -93.959000 -360.687744 -13.887268 -93.399475 -360.920227 -13.888245 -93.986221 -360.803955 -8.363831 -93.471497 -361.302063 2.075317 -94.008408 -360.921509 -3.446777 -94.031021 -361.069641 2.076294 -76.856583 -69.185326 -15.486389 -77.535080 -250.256317 -18.064636 -84.999908 -250.212708 -18.094727 -84.321426 -69.141708 -15.516479 -84.999908 -250.212708 -18.094727 -77.535080 -250.256317 -18.064636 -77.517410 -250.162750 -21.976501 -84.982101 -250.118332 -22.040405 -77.535080 -250.256317 -18.064636 -76.856583 -69.185326 -15.486389 -76.838867 -69.091255 -19.420227 -77.517410 -250.162750 -21.976501 -84.321426 -69.141708 -15.516479 -84.999908 -250.212708 -18.094727 -84.982101 -250.118332 -22.040405 -84.303558 -69.047028 -19.476013 -61.444630 -69.275352 -15.424561 -68.909485 -69.231743 -15.454651 -68.891815 -69.138130 -19.368774 -61.427097 -69.182426 -19.310059 -61.444630 -69.275352 -15.424561 -62.123096 -250.346359 -18.002808 -69.587952 -250.302765 -18.032898 -68.909485 -69.231743 -15.454651 -69.587952 -250.302765 -18.032898 -62.123096 -250.346359 -18.002808 -62.105770 -250.254501 -21.844543 -69.570465 -250.210052 -21.908386 -62.105770 -250.254501 -21.844543 -62.123096 -250.346359 -18.002808 -61.444630 -69.275352 -15.424561 -61.427097 -69.182426 -19.310059 -68.909485 -69.231743 -15.454651 -69.587952 -250.302765 -18.032898 -69.570465 -250.210052 -21.908386 -68.891815 -69.138130 -19.368774 -77.666458 -250.952820 11.055359 -76.987976 -69.881851 13.633606 -84.452835 -69.838226 13.603455 -85.131302 -250.909225 11.025269 -77.677689 -251.012314 13.543396 -77.666458 -250.952820 11.055359 -85.131302 -250.909225 11.025269 -85.142365 -250.967926 13.479492 -76.987976 -69.881851 13.633606 -77.666458 -250.952820 11.055359 -77.677689 -251.012314 13.543396 -76.999115 -69.940842 16.100403 -85.131302 -250.909225 11.025269 
						-84.452835 -69.838226 13.603455 -84.463837 -69.896614 16.044373 -85.142365 -250.967926 13.479492 -62.254498 -251.042862 11.117188 -61.576008 -69.971863 13.695435 -69.040878 -69.928253 13.665344 -69.719330 -250.999268 11.087097 -69.040878 -69.928253 13.665344 -61.576008 -69.971863 13.695435 -61.587376 -70.031998 16.209961 -69.052094 -69.987717 16.151733 -62.266033 -251.104050 13.675354 -62.254498 -251.042862 11.117188 -69.719330 -250.999268 11.087097 -69.730713 -251.059616 13.611389 -61.587376 -70.031998 16.209961 -61.576008 -69.971863 13.695435 -62.254498 -251.042862 11.117188 -62.266033 -251.104050 13.675354 -69.719330 -250.999268 11.087097 -69.040878 -69.928253 13.665344 -69.052094 -69.987717 16.151733 -69.730713 -251.059616 13.611389 -76.838867 -69.091255 -19.420227 -76.856583 -69.185326 -15.486389 -84.321426 -69.141708 -15.516479 -84.303558 -69.047028 -19.476013 19.052958 44.572182 11.149963 121.783920 113.128525 12.547607 122.023972 177.195145 13.459778 19.293011 108.638809 12.062134 122.023972 177.195145 13.459778 122.019257 177.170273 14.499634 19.293011 108.638809 12.062134 19.288559 108.615173 13.049988 26.370766 113.301483 13.157776 34.909595 118.951599 13.287720 19.048965 44.551018 12.035339 121.779236 113.103638 13.588196 121.783920 113.128525 12.547607 19.052958 44.572182 11.149963 122.019257 177.170273 14.499634 122.023972 177.195145 13.459778 121.783920 113.128525 12.547607 121.779236 113.103638 13.588196 19.052958 44.572182 11.149963 19.293011 108.638809 12.062134 19.288559 108.615173 13.049988 19.048965 44.551018 12.035339 122.119354 177.700699 -7.685120 122.115005 177.677628 -6.719788 34.976482 119.547821 -8.915955 19.384058 109.121277 -8.117371 19.388702 109.145920 -9.146790 26.568428 113.936935 -9.036316 121.874954 113.610992 -7.631958 19.144009 45.054657 -9.029602 19.384058 109.121277 -8.117371 122.115005 177.677628 -6.719788 19.144009 45.054657 -9.029602 121.874954 113.610992 -7.631958 121.879257 113.633850 -8.587769 19.149391 45.083199 -10.223938 121.879257 113.633850 -8.587769 
						121.874954 113.610992 -7.631958 122.115005 177.677628 -6.719788 122.119354 177.700699 -7.685120 19.384058 109.121277 -8.117371 19.144009 45.054657 -9.029602 19.149391 45.083199 -10.223938 19.388702 109.145920 -9.146790 -81.526215 -41.536865 16.466919 -90.136810 -65.212914 16.072876 -84.463837 -69.896614 16.044373 -1.827761 -25.651665 -3.266785 5.061481 -19.745506 -3.189331 3.808761 11.332092 -3.761475 6.466980 7.196877 -2.805664 5.185012 2.493492 -2.914185 2.599688 2.331245 -3.662415 1.062763 -7.001022 -3.504211 2.567763 2.162018 3.413208 5.120655 2.384789 2.444885 6.404821 7.094284 2.549988 3.774972 11.152992 3.727112 19.097919 21.524956 -3.821289 27.294666 33.943192 -6.013611 21.326839 31.102295 -6.169250 31.065029 35.483383 -6.360840 24.444550 23.226593 -5.500793 27.294312 23.078865 6.614075 27.447319 23.317818 -6.053772 32.169533 5.134407 0.053284 32.051041 5.421059 -1.090515 16.273506 5.650581 1.209717 16.610661 5.560646 -0.116272 27.407150 -0.332191 -0.063538 27.072712 -0.496414 0.824646 32.021320 5.375389 1.204102 32.169533 5.134407 0.053284 16.273506 5.650581 1.209717 27.072712 -0.496414 0.824646 28.123463 1.714203 1.054871 29.914299 3.811981 1.149780 32.021320 5.375389 1.204102 22.954517 14.665436 1.843079 28.062637 1.676239 -1.245117 29.944014 3.857643 -1.144714 15.182631 17.187408 2.146545 7.445050 6.746887 1.413086 7.445050 6.746887 1.413086 7.835520 6.642738 -0.122620 32.021320 5.375389 1.204102 29.914299 3.811981 1.149780 30.127975 3.619568 0.000671 32.169533 5.134407 0.053284 32.169533 5.134407 0.053284 30.127975 3.619568 0.000671 29.944014 3.857643 -1.144714 32.051041 5.421059 -1.090515 28.123463 1.714203 1.054871 28.287407 1.544868 -0.099731 28.287407 1.544868 -0.099731 28.062637 1.676239 -1.245117 27.072712 -0.496414 0.824646 27.407150 -0.332191 -0.063538 27.407150 -0.332191 -0.063538 27.024712 -0.525528 -0.943298 
						27.024712 -0.525528 -0.943298 27.407150 -0.332191 -0.063538 32.051041 5.421059 -1.090515 27.024712 -0.525528 -0.943298 -101.001831 193.268600 -5.531677 -99.200562 195.959641 -5.474304 -81.006668 198.068283 -5.251099 -78.832474 195.837814 -5.259644 -102.395447 176.544846 -5.783875 -75.783234 176.385208 -5.503479 -103.202515 179.895370 -5.744934 -74.951126 179.725815 -5.447144 -103.176453 186.853043 -5.645874 -75.732086 190.033981 -5.309082 -74.661331 183.202896 -5.394714 -103.466187 183.376022 -5.698303 -102.344330 190.193619 -5.589539 -77.051468 193.124985 -5.279297 -86.229919 165.433868 8.851501 -91.849457 165.467804 8.792419 -89.114426 164.581467 8.808228 -94.513626 199.797562 -5.369995 -86.188477 200.762222 -5.267883 -83.490448 199.731216 -5.253906 -97.009766 198.164658 -5.419678 -83.613937 166.781342 -5.723022 -94.637085 166.847641 -5.839111 -97.120911 168.510529 -5.841919 -81.117783 168.414185 -5.673279 -96.920135 197.815811 9.197815 -99.110962 195.610794 9.143250 -80.917023 197.719437 9.366455 -83.400848 199.382401 9.363647 -91.939102 165.816605 -5.825134 -86.319550 165.782715 -5.765930 -74.525848 186.362198 9.338684 -75.642471 189.685196 9.308411 -74.571716 182.854050 9.222717 -103.086823 186.504257 8.971680 -103.376587 183.027176 8.919250 -89.204056 164.930298 -5.809326 -76.961853 192.776138 9.338318 -102.254715 189.844803 9.027954 -78.742874 195.488937 9.357849 -100.912216 192.919754 9.085938 -74.615479 186.711044 -5.278870 -91.718369 200.447342 9.290466 -94.423996 199.448715 9.247437 -86.098846 200.413376 9.349609 -88.907349 200.772873 9.324951 -86.188477 200.762222 -5.267883 -94.513626 199.797562 -5.369995 -91.807999 200.796158 -5.327087 -88.996964 201.121689 -5.292603 -102.305832 176.196014 8.833618 -75.693604 176.036392 9.114014 -74.861496 179.376999 9.170349 -103.112885 179.546524 8.872559 -100.986465 173.105057 8.803711 -77.036102 172.961441 9.056152 -99.205460 170.392212 8.784180 -78.837341 170.270416 8.998779 -97.031265 168.161682 8.775513 -81.028168 168.065353 8.944214 
						-94.547470 166.498810 8.778320 -83.524307 166.432495 8.894531 47.007957 42.598747 9.094421 47.002007 42.434448 12.141724 39.042706 39.046761 8.842773 5.843908 23.890450 4.166687 16.141188 28.567513 7.141052 47.102077 42.964813 -10.034241 47.095661 42.800491 -7.070496 39.080551 39.247398 -7.180115 31.065029 35.483383 -6.360840 27.294666 33.943192 -6.013611 21.326839 31.102295 -6.169250 16.177994 28.762650 -6.324829 5.880302 24.083374 -3.899902 5.910601 24.243958 -10.614563 26.618202 137.722504 13.545410 26.370766 113.301483 13.157776 34.909595 118.951599 13.287720 33.354393 138.629913 13.593140 121.779236 113.103638 13.588196 19.048965 44.551018 12.035339 84.690918 81.055450 12.979858 102.648407 91.043610 -8.988098 102.548340 90.513260 13.187866 100.744720 89.780502 -9.013916 100.644653 89.250137 13.162048 84.790970 81.585815 -9.196106 84.690918 81.055450 12.979858 -96.974670 -359.615295 -3.440552 -96.952484 -359.497681 -8.357605 -97.285339 -359.398132 -3.438721 -97.263153 -359.280579 -8.355774 -95.569275 -360.480896 -3.447021 -94.008408 -360.921509 -3.446777 -96.197830 -359.825684 -3.440308 -95.756256 -360.382751 -3.446411 -98.511353 -352.324402 -3.343201 -98.623245 -352.900391 -3.351868 -98.149796 -351.619446 -3.331665 -98.341843 -351.878357 -3.336182 -97.378525 -358.972961 -8.351929 -96.175644 -359.708130 -8.357361 -96.952484 -359.497681 -8.357605 -97.263153 -359.280579 -8.355774 -95.547073 -360.363403 -8.364136 -95.734039 -360.265137 -8.363464 -93.986221 -360.803955 -8.363831 -98.157486 -355.927368 -8.311768 -97.557922 -358.707214 -8.348877 -98.062119 -357.927673 -8.339844 -97.580124 -358.824768 -3.431824 -97.400742 -359.090576 -3.434875 -96.974670 -359.615295 -3.440552 -96.871918 -359.697998 -3.441284 -98.620453 -354.539185 -3.375122 -98.179657 -356.044983 -3.394714 -98.149796 -351.619446 -3.331665 -98.623245 -352.900391 -3.351868 -97.984573 -358.385193 -3.427246 -97.848541 -358.679016 -3.430847 -98.084305 -358.045288 -3.422791 -91.731339 -269.492310 -1.691833 -98.127609 -351.501831 -8.248718 
						-98.489166 -352.206848 -8.260254 -98.319641 -351.760864 -8.253235 -98.127609 -351.501831 -8.248718 -98.601044 -352.782776 -8.268921 -98.531387 -355.111755 -8.301758 -98.598251 -354.421570 -8.292175 -98.403152 -355.577332 -8.307800 -98.553604 -355.229370 -3.384705 -98.425369 -355.694946 -3.390747 -91.705063 -269.352997 -7.516846 -96.093750 -359.973877 -8.360901 -95.971176 -360.148315 -8.362793 -97.826324 -358.561462 -8.347900 -97.962402 -358.267578 -8.344299 -97.285339 -359.398132 -3.438721 -96.849747 -359.580383 -8.358337 -96.115921 -360.091492 -3.443848 -95.993362 -360.265869 -3.445740 -98.601044 -352.782776 -8.268921 -86.934433 -360.927368 2.110718 -86.862396 -360.545532 -13.852783 -86.934433 -360.927368 2.110718 -86.862396 -360.545532 -13.852783 -57.652569 -364.035339 -13.738403 153.269440 160.102325 -7.797852 153.509933 155.869247 -7.856995 152.550110 163.357620 -7.754517 153.409866 155.338867 14.318970 152.450043 162.827301 14.421387 130.228683 184.306259 14.634949 153.248138 149.441330 14.234497 152.976456 147.021896 -7.984924 152.784744 142.752747 -8.046387 151.117340 136.052307 -8.148621 153.348206 149.971710 -7.941467 130.328751 184.836594 -7.541016 151.492416 165.887955 14.460938 150.611389 168.261749 14.491028 149.571945 170.636520 14.520447 148.137711 173.307709 14.552551 148.339920 128.373489 13.914673 151.017273 135.521942 14.027344 137.256348 116.865799 13.705383 145.618835 123.744614 13.837646 146.800201 176.595978 -7.590088 148.237762 173.838058 -7.623413 152.876343 146.491501 14.191040 143.486572 180.539261 -7.547791 145.216141 178.728287 -7.566406 139.016220 183.434433 -7.525146 141.603821 182.147934 -7.532715 143.386490 180.008926 14.628174 141.503723 181.617569 14.643250 138.916183 182.904068 14.650818 145.116104 178.197952 14.609497 137.157471 184.585220 -7.516479 149.672028 171.166855 -7.655457 150.711441 168.792114 -7.684875 145.116104 178.197952 14.609497 138.916183 182.904068 14.650818 146.700134 176.065613 14.585815 153.169373 159.571945 14.378113 142.165253 119.821426 13.767639 139.378708 117.773575 13.727051 
						151.592499 166.418304 -7.714966 137.057404 184.054855 14.659485 152.684662 142.222382 14.129578 142.265381 120.351776 -8.408325 139.478775 118.303986 -8.448914 137.356400 117.396149 -8.470581 145.718903 124.275009 -8.338318 148.439972 128.903854 -8.261292 -22.573269 126.207413 19.739990 -22.459568 126.287872 19.730652 -22.635231 138.903015 19.936951 -81.161270 167.803619 19.872498 -83.657410 166.170700 19.822876 -89.476517 156.957108 19.655151 2.567763 2.162018 3.413208 3.774972 11.152992 3.727112 4.400882 14.576973 3.789917 1.033819 -7.154449 2.910767 -0.890212 -19.572407 2.408447 -61.621868 -284.172485 4.173584 -80.927521 118.685730 19.119080 -89.825699 145.476074 19.388672 -88.054276 63.371109 17.910156 -81.005890 97.714951 18.769470 -79.727020 -363.550537 2.094971 -79.188599 -365.288086 2.105530 2.599688 2.331245 -3.662415 1.062763 -7.001022 -3.504211 -0.864254 -19.434784 -3.345886 -61.543011 -283.754456 -13.304382 -82.183319 -283.632172 -13.458557 -91.678131 -269.210266 -13.484375 -94.031021 -361.069641 2.076294 -93.471497 -361.302063 2.075317 -86.934433 -360.927368 2.110718 5.880302 24.083374 -3.899902 4.435040 14.758057 -3.781189 -93.959000 -360.687744 -13.887268 -82.300140 -314.417419 -13.571045 -86.862396 -360.545532 -13.852783 3.808761 11.332092 -3.761475 -86.363007 165.172104 19.779785 -89.265518 164.381775 19.741150 -89.358749 161.505844 19.703674 5.843908 23.890450 4.166687 -78.970459 170.008652 19.927002 -82.376114 -314.820068 3.268372 -91.758270 -269.635010 4.275574 -82.262131 -284.050140 4.016785 -83.550323 -363.047119 2.316589 -93.399475 -360.920227 -13.888245 -22.883465 189.766800 20.726135 -28.962517 193.457077 20.732422 -37.511761 195.298172 20.702271 -49.170094 189.968674 20.536316 -79.654984 -363.168701 -13.868591 -83.478287 -362.665344 -13.646912 -56.238140 185.362656 20.420471 -75.826706 175.774612 20.042297 -77.169189 172.699677 19.984375 -22.408772 159.978973 20.257080 -79.116577 -364.906372 -13.858032 -89.976578 -64.363419 -19.446899 -90.739609 33.060753 -18.064514 
						-81.365952 -40.687305 -19.053833 -74.834335 179.964737 -15.421204 -74.544540 183.441757 -15.368774 -74.595169 186.950333 -15.286133 -56.077862 186.212143 -15.099304 -44.843380 193.404648 20.624084 -84.303558 -69.047028 -19.476013 -81.001007 168.653061 -15.647339 -89.665558 146.324890 -16.102966 -77.008942 173.549179 -15.535400 -75.666443 176.624084 -15.477417 -35.367420 151.570938 -15.503784 -63.685818 63.789536 -17.125916 -80.971130 64.823929 -17.433716 -63.863728 76.891922 -16.923767 -88.987259 41.873863 17.600586 -89.375626 36.103905 17.516907 -81.259140 29.741882 17.478699 -81.180969 50.711731 17.867249 -49.578007 107.887466 -16.270935 -80.892929 85.794006 -17.054993 -80.845276 98.566254 -16.824341 -49.798153 120.471664 -16.088867 -74.994598 179.115189 20.098633 -89.706421 60.240265 -17.673645 -87.894012 64.220596 -17.609619 -49.009830 190.818192 -14.983521 -37.351505 196.147629 -14.817505 -81.447647 -20.564854 16.765259 -74.704819 182.592239 20.151001 -74.589539 186.062668 20.310791 -78.810196 170.858154 -15.592773 -81.053452 84.943024 18.524292 -80.767059 119.536346 -16.445679 -81.394363 -6.341583 16.967590 -81.315765 14.630455 17.265015 -90.899872 32.211258 17.455261 -20.220123 22.636902 18.094604 -20.443653 36.664360 18.315552 -81.131561 63.973541 18.121765 -44.683117 194.254135 -14.895691 -62.208363 28.845154 -17.658813 -81.155502 15.480019 -18.255981 -62.580379 43.653610 -17.430237 -20.773264 57.347580 18.641174 -21.010761 72.250916 18.875793 -89.866669 59.390778 17.846130 -89.928070 42.753021 17.609192 -89.767807 43.602516 -17.910583 -92.302917 -63.786831 -10.436279 -92.381882 -64.205429 7.066711 -92.595276 -63.994991 7.068848 -92.516296 -63.576393 -10.434143 -8.275276 102.890366 -16.091492 -8.225662 116.153320 -15.883118 14.626846 148.176804 -15.205322 -8.353714 81.919113 -16.420959 -8.147219 137.124557 -15.553772 -8.099445 149.897537 -15.353088 13.485233 151.215759 -15.168091 4.523022 175.965118 20.671631 2.061220 178.930069 20.702332 -8.181318 170.018982 20.506653 6.193200 173.086502 20.638916 
						-8.410242 66.808228 -16.658203 5.940457 24.402199 -17.231201 -9.271883 -138.151276 -19.800659 -10.873987 -139.508698 -19.845947 -12.956413 -139.763855 -19.877625 -22.544239 138.967438 19.929443 -8.307508 136.274887 19.971130 -8.259735 149.047852 20.173889 -20.344839 -190.393921 14.764343 -19.770903 -185.331039 14.839966 -19.363480 -180.675781 14.909119 -62.266033 -251.104050 13.675354 -11.752804 -266.846191 13.702576 -11.687996 -250.885864 13.931030 -17.229662 -247.232224 13.963928 -13.769032 -269.212585 13.659424 -8.513958 81.069672 19.094971 -8.570475 65.958862 18.855286 -95.223679 147.880737 -9.124146 -95.382492 149.048706 -9.072571 -94.993698 147.184769 -9.168701 -13.116678 -140.613342 15.642151 -6.390657 -116.175964 16.114807 -6.287410 -101.718933 16.340271 -61.587376 -70.031998 16.209961 13.324966 150.366272 20.351685 11.991810 155.122223 20.412476 5.780187 23.552719 18.288574 14.466586 147.327301 20.314453 -17.442621 -151.656494 15.350403 -16.141779 188.314743 20.754333 7.794937 169.554626 20.596558 4.683283 176.814560 -14.848206 2.221487 179.779556 -14.817444 -1.981993 182.557938 20.736023 -6.788250 187.204056 -14.751526 -1.821728 183.407394 -14.783813 -12.955833 187.494308 -14.774109 -13.116100 186.644791 20.745667 -22.723204 190.616257 -14.793701 -15.981516 189.164230 -14.765442 -91.798325 -269.847382 13.155518 -54.512836 -270.377686 13.470337 -61.427097 -69.182426 -19.310059 -6.230394 -115.326462 -19.405029 -7.147110 -127.745544 -19.604919 -19.610640 -184.481567 -20.679871 -20.184578 -189.544434 -20.755432 -62.105770 -250.254501 -21.844543 -19.203215 -179.826263 -20.610657 -17.282354 -150.806992 -20.169373 -17.593006 -174.960907 -20.533630 -93.931122 -61.558025 -10.411255 -94.010086 -61.976631 7.091736 -94.255463 -61.862144 7.092285 -94.176498 -61.443546 -10.410706 -96.711914 -60.616249 -10.409302 -96.790894 -61.034843 7.093689 -97.161560 13.812096 8.156677 -97.082565 14.230705 -9.346313 -8.385935 115.303726 19.638367 -91.985672 -63.975140 -10.437622 -92.064636 -64.393730 7.065369 -8.648899 44.987694 18.522461 
						-8.702093 30.764954 18.296692 -19.895241 -244.752518 13.990601 -37.953407 -272.327393 13.513184 -31.804100 -271.712067 13.548462 -18.690399 -246.194992 13.973816 -8.780523 9.793800 17.963867 -1.921598 -26.149048 17.530457 -92.064636 -64.393730 7.065369 -90.096756 -65.000542 7.192932 -92.686508 -63.678711 7.072937 -92.381882 -64.205429 7.066711 -92.595276 -63.994991 7.068848 -8.435537 102.040848 19.427856 11.057053 160.529495 20.484253 9.591591 165.204544 20.543396 -8.047466 -136.147156 15.784973 -7.307377 -128.595047 15.914856 -9.432144 -139.000748 15.719177 12.152066 155.971680 -15.107239 -94.315048 -61.244728 -10.408386 -94.394012 -61.663322 7.094604 -94.474380 -61.440575 7.097473 -94.395416 -61.021969 -10.405518 -16.656208 -150.476135 15.389832 -13.547794 -146.133759 15.522827 -13.399092 -145.802155 15.547668 -28.802258 194.306625 -14.787354 -2.661677 -55.314236 -18.458862 -4.282927 -73.151009 -18.738708 -8.620325 10.642960 -17.540588 -1.761333 -25.299561 -17.989319 -92.607529 -63.260101 -10.430054 -93.871262 -62.357883 -10.422363 -93.931122 -61.558025 -10.411255 -90.016632 -64.575798 -10.566956 -95.260620 154.825729 -8.883179 -95.047348 156.212219 -8.865234 -94.622223 156.446030 -8.864563 -6.127148 -100.869446 -19.179443 -15.299559 -150.344376 15.416870 -13.936792 -148.578522 15.467041 9.751859 166.054016 -14.976440 -4.825846 -89.980759 16.532715 -4.443188 -74.000488 16.781067 -85.142365 -250.967926 13.479492 -6.948513 186.354599 20.768250 -93.655396 -62.902100 -10.429260 -93.734375 -63.320705 7.073730 -93.950226 -62.776489 7.080627 -93.871262 -62.357883 -10.422363 -93.064255 17.706924 -9.280334 -93.143234 17.288330 8.222656 -92.883789 29.173103 8.392822 -92.804810 29.591698 -9.110168 -93.298965 -63.132549 -10.431091 -93.655396 -62.902100 -10.429260 11.217319 161.378998 -15.035522 -13.387531 -145.284241 -19.996887 -13.776529 -147.729034 -20.052734 -15.139297 -149.494904 -20.102966 -16.495949 -149.626648 -20.129883 -13.190439 -248.288742 13.963135 -15.703358 -247.757629 13.961548 -93.298965 -63.132549 -10.431091 
						-93.377945 -63.551151 7.071899 -93.734375 -63.320705 7.073730 -93.655396 -62.902100 -10.429260 -94.474380 -61.440575 7.097473 -94.010086 -61.976631 7.091736 -93.143234 17.288330 8.222656 -19.734978 -243.903030 -21.529175 -18.530132 -245.345490 -21.545898 -31.643833 -270.862579 -21.971313 -37.793144 -271.477875 -22.006592 -20.616190 -241.109116 -21.491821 -11.034254 -140.358185 15.673767 -97.082565 14.230705 -9.346313 -93.064255 17.706924 -9.280334 -94.395416 -61.021969 -10.405518 -96.711914 -60.616249 -10.409302 -46.835930 -271.938293 13.480896 -90.016632 -64.575798 -10.566956 -90.096756 -65.000542 7.192932 -4.665588 -89.131279 -18.987061 -94.176498 -61.443546 -10.410706 -94.255463 -61.862144 7.092285 -0.222522 -38.329403 -18.187744 -97.082565 14.230705 -9.346313 -97.161560 13.812096 8.156677 -93.143234 17.288330 8.222656 -93.064255 17.706924 -9.280334 -2.821941 -56.163727 17.060913 -7.887201 -135.297653 -19.734802 -94.315048 -61.244728 -10.408386 -94.176498 -61.443546 -10.410706 -17.069405 -246.382706 -21.555847 -15.543093 -246.908112 -21.558289 -13.030176 -247.439240 -21.556702 -11.527733 -250.036407 -21.588684 -93.843277 156.598557 -8.865051 -94.010086 -61.976631 7.091736 -93.931122 -61.558025 -10.411255 -17.753265 -175.810394 14.986145 -13.238831 -144.952667 -19.972168 -91.985672 -63.975140 -10.437622 -92.302917 -63.786831 -10.436279 -90.859818 32.423637 8.575317 -92.883789 29.173103 8.392822 -20.776453 -241.958588 14.027954 -11.592537 -265.996704 -21.817200 -13.608770 -268.363098 -21.860352 -93.377945 -63.551151 7.071899 -93.950226 -62.776489 7.080627 -93.734375 -63.320705 7.073730 -92.516296 -63.576393 -10.434143 -92.686508 -63.678711 7.072937 -92.607529 -63.260101 -10.430054 -97.161560 13.812096 8.156677 -96.790894 -61.034843 7.093689 -54.352562 -269.528198 -22.049500 -92.607529 -63.260101 -10.430054 -92.686508 -63.678711 7.072937 -95.813843 149.061096 12.394897 -95.855072 153.836349 12.498230 -0.382788 -39.178883 17.332031 -92.804810 29.591698 -9.110168 -92.883789 29.173103 8.392822 -90.859818 32.423637 8.575317 
						-90.779678 32.848366 -9.184570 -95.717163 149.573486 -9.030945 -95.758392 154.348770 -8.927551 -46.675667 -271.088806 -22.038818 -92.804810 29.591698 -9.110168 -90.779678 32.848366 -9.184570 -94.394012 -61.663322 7.094604 -94.255463 -61.862144 7.092285 -94.395416 -61.021969 -10.405518 -94.474380 -61.440575 7.097473 -96.790894 -61.034843 7.093689 -96.711914 -60.616249 -10.409302 115.453354 190.480179 14.661743 72.891586 166.019119 14.138672 122.019257 177.170273 14.499634 119.354385 191.016769 14.685486 19.288559 108.615173 13.049988 23.548862 138.612549 13.545349 20.865271 139.704620 13.549805 123.352509 190.405289 -7.490662 127.411011 187.676407 -7.512756 122.119354 177.700699 -7.685120 47.002007 42.434448 12.141724 50.664379 48.642136 12.257263 5.810192 23.711761 11.638916 120.619888 98.403473 13.374390 124.782700 100.810944 13.425720 112.493073 94.861603 13.290588 100.644653 89.250137 13.162048 102.548340 90.513260 13.187866 127.310944 187.146042 14.663208 123.252472 189.874893 14.685364 119.454468 191.547165 -7.490479 100.744720 89.780502 -9.013916 84.790970 81.585815 -9.196106 19.149391 45.083199 -10.223938 121.879257 113.633850 -8.587769 14.596558 148.016296 -8.493286 18.942190 141.459381 -8.617065 19.388702 109.145920 -9.146790 5.910601 24.243958 -10.614563 76.078232 63.054443 12.627502 55.857178 51.802414 12.335693 64.235107 52.826187 12.396851 86.839691 75.955566 -9.279907 86.392914 72.790756 -9.338989 84.786850 70.977585 -9.383484 56.558773 150.910675 13.856384 47.431377 145.079895 13.735901 80.168259 67.838470 -9.459290 76.178284 63.584793 -9.548401 69.425232 55.280518 12.465332 74.276169 59.978348 12.564209 14.498166 147.494736 13.314575 18.842133 140.929031 13.558838 120.719940 98.933823 -8.801636 112.593124 95.391983 -8.885437 124.882767 101.341309 -8.750244 20.965326 140.234970 -8.626099 132.839249 107.193588 13.549622 135.845261 112.031815 13.630798 23.648930 139.142899 -8.630554 56.658825 151.441010 -8.319580 63.887814 157.871185 -8.198303 
						72.991653 166.549454 -8.037292 135.945313 112.562210 -8.545166 132.939316 107.723953 -8.626343 128.560852 103.288757 13.476563 115.553406 191.010574 -7.514221 41.929920 142.347397 -8.509460 47.531445 145.610260 -8.440063 128.660904 103.819122 -8.699402 80.068207 67.308105 12.716614 84.686783 70.447205 12.792419 86.739624 75.425232 12.896057 41.829872 141.817032 13.666443 86.292862 72.260345 12.836975 69.525299 55.810883 -9.710632 64.335129 53.356537 -9.779114 74.376221 60.508698 -9.611694 55.957245 52.332779 -9.840271 50.764446 49.172501 -9.918701 47.102077 42.964813 -10.034241 102.648407 91.043610 -8.988098 63.787750 157.340820 13.977661 
					</float_array>
					<technique_common>
						<accessor count="2069" offset="0" source="#meshId7-positions-array" stride="3">
							<param name="X" type="float" />
							<param name="Y" type="float" />
							<param name="Z" type="float" />
						</accessor>
					</technique_common>
				</source>
				<source id="meshId7-normals" name="meshId7-normals">
					<float_array id="meshId7-normals-array" count="6207"> 
						0.995867 -0.090141 0.011091 0.996164 0.086480 0.013356 0.851639 0.057689 0.520945 0.859555 -0.091148 0.502848 0.701570 0.029321 0.711997 0.697607 -0.086283 0.711267 -0.192019 -0.119468 0.974092 -0.247824 -0.075032 0.965895 -0.013917 -0.066680 0.997677 -0.006813 -0.066981 0.997731 -0.807440 -0.277503 0.520608 -0.868154 -0.080317 0.489753 -0.949479 -0.313342 -0.017481 -0.997138 -0.074344 -0.013753 -0.997138 -0.074344 -0.013753 -0.949479 -0.313342 -0.017481 -0.793960 -0.258827 -0.550124 -0.855807 -0.062456 -0.513511 -0.168188 -0.086092 -0.981988 -0.224298 -0.039389 -0.973724 0.017552 -0.033135 -0.999297 0.010548 -0.029769 -0.999501 0.714981 -0.059264 -0.696627 0.718813 0.054257 -0.693083 0.863959 0.075825 -0.497820 0.871990 -0.072310 -0.484154 0.996164 0.086480 0.013356 0.995867 -0.090141 0.011091 0.981807 0.189378 0.013802 0.849738 0.144796 0.506931 0.274073 -0.019396 0.961513 0.012473 -0.082548 0.996509 -0.561982 -0.399534 0.724258 -0.718436 -0.459012 0.522645 -0.853346 -0.520957 -0.020118 -0.853346 -0.520957 -0.020118 -0.705188 -0.439320 -0.556513 -0.544281 -0.372719 -0.751557 0.296654 0.012955 -0.954897 0.034974 -0.049308 -0.998171 0.860920 0.161526 -0.482417 0.981807 0.189378 0.013802 0.961837 0.273287 0.013539 0.830139 0.233013 0.506531 0.173658 0.065065 0.982654 -0.013324 0.009860 0.999863 -0.471931 -0.528795 0.705448 -0.592442 -0.619055 0.515543 -0.715299 -0.698478 -0.021820 -0.715299 -0.698478 -0.021820 -0.579528 -0.599062 -0.552514 -0.454706 -0.501846 -0.735794 0.195545 0.098381 -0.975748 0.007309 0.043569 -0.999024 0.840064 0.250021 -0.481438 0.961837 0.273287 0.013539 0.975657 0.218999 0.011526 0.848585 0.190309 0.493645 0.238755 0.050332 0.969775 0.026906 0.017200 0.999490 -0.412221 -0.596998 0.688234 -0.493978 -0.710861 0.500663 -0.571466 -0.820319 -0.022418 -0.571466 -0.820319 -0.022418 
						-0.481293 -0.691338 -0.538896 -0.395067 -0.570587 -0.719967 0.233662 0.110650 -0.966001 0.028055 0.076136 -0.996703 0.851538 0.214551 -0.478383 0.975657 0.218999 0.011526 0.998800 -0.048938 0.001666 0.946172 -0.245087 0.211403 0.727956 0.057480 0.683210 0.325340 -0.200411 0.924116 0.089415 -0.075895 0.993099 -0.362593 -0.593205 0.718773 -0.384415 -0.764019 0.518170 -0.390292 -0.920427 -0.022057 -0.390292 -0.920427 -0.022057 -0.349493 -0.766309 -0.539096 -0.303255 -0.608037 -0.733708 0.339797 -0.156500 -0.927387 0.100871 -0.016617 -0.994761 0.693174 0.100224 -0.713768 0.948699 -0.236502 -0.209850 0.998800 -0.048938 0.001666 0.951495 -0.307663 -0.000109 0.901369 -0.416631 0.118122 -0.053149 -0.109579 0.992556 0.244690 -0.271703 0.930754 0.196859 -0.501153 0.842670 -0.388339 -0.548485 0.740511 -0.388339 -0.548485 0.740511 -0.259142 -0.936306 0.237015 -0.264951 -0.964026 -0.021322 -0.264951 -0.964026 -0.021322 -0.252905 -0.926610 -0.278268 -0.294912 -0.595922 -0.746929 -0.294912 -0.595922 -0.746929 -0.011491 -0.064149 -0.997874 0.265776 -0.233612 -0.935301 0.220530 -0.471138 -0.854047 0.858087 -0.433524 -0.275215 0.870522 -0.479070 -0.112617 0.909800 -0.396454 -0.122836 0.951495 -0.307663 -0.000109 -0.028836 -0.663576 0.747553 -0.067334 -0.685933 0.724543 -0.074631 -0.689986 0.719965 -0.028836 -0.663576 0.747553 -0.149807 -0.960243 0.235564 -0.150623 -0.988372 -0.020799 -0.150623 -0.988372 -0.020799 -0.140219 -0.866599 -0.478899 -0.078855 -0.673049 -0.735382 -0.078855 -0.673049 -0.735382 -0.078855 -0.673049 -0.735382 -0.078855 -0.673049 -0.735382 -0.055083 -0.724061 0.687533 -0.012874 -0.864947 0.501698 0.038821 -0.999046 -0.020016 0.038821 -0.999046 -0.020016 -0.012130 -0.845164 -0.534370 -0.056952 -0.701055 -0.710829 -0.123487 -0.693232 -0.710057 0.097893 -0.718094 0.689026 0.207848 -0.848306 0.487007 0.287283 -0.957735 -0.014571 
						0.287283 -0.957735 -0.014571 0.215282 -0.830389 -0.513914 0.106076 -0.691831 -0.714225 0.368518 -0.634140 0.679751 0.429529 -0.725271 0.538040 0.508554 -0.860969 -0.010275 0.508554 -0.860969 -0.010275 0.442183 -0.704486 -0.555133 0.384176 -0.607867 -0.694915 0.515574 -0.538898 0.666163 0.518555 -0.536778 0.665560 0.019098 -0.053464 0.998387 0.022224 -0.049465 0.998529 0.012867 -0.099096 0.994995 0.008968 -0.079688 0.996779 0.297955 0.932763 0.202916 0.303554 0.952564 0.021851 0.571068 0.820544 0.024251 0.505472 0.847853 0.160135 0.533828 -0.511185 -0.673585 0.530580 -0.513483 -0.674403 -0.049019 -0.124961 0.990950 -0.139976 -0.157242 0.977590 0.044114 -0.299514 0.953071 -0.205938 -0.094707 0.973971 0.012537 -0.094924 -0.995406 0.019878 -0.057427 -0.998152 0.022370 -0.041427 -0.998891 -0.003547 -0.098491 -0.995132 0.645494 -0.404934 0.647584 0.647964 -0.400621 0.647801 -0.122347 -0.992284 -0.020094 -0.121972 -0.989574 -0.076594 -0.286909 -0.957437 0.031571 -0.348770 -0.937160 -0.009512 0.303554 0.952564 0.021851 0.299147 0.940949 -0.158514 0.506610 0.854642 -0.113722 0.571068 0.820544 0.024251 0.661449 -0.377477 -0.648071 0.658883 -0.381956 -0.648060 -0.004929 -0.120272 -0.992729 0.063822 -0.052858 -0.996561 0.063343 -0.033660 -0.997424 -0.033000 -0.160935 -0.986413 0.692900 -0.265024 0.670561 0.791106 -0.265940 0.550842 0.037943 -0.005985 -0.999262 0.031214 0.001867 -0.999511 0.029423 -0.004988 -0.999555 0.036076 -0.013965 -0.999252 0.803177 -0.245933 -0.542608 0.706850 -0.241196 -0.664972 0.705118 -0.112629 0.700089 0.850370 -0.132614 0.509200 0.989748 -0.142539 0.009030 0.964460 -0.264151 0.006364 0.964460 -0.264151 0.006364 0.989748 -0.142539 0.009030 0.861987 -0.112883 -0.494202 0.720688 -0.085302 -0.687992 0.308886 -0.034731 0.950465 0.849715 0.085687 0.520232 0.993749 0.110731 0.014212 
						0.993749 0.110731 0.014212 0.861568 0.105878 -0.496479 0.262144 0.003051 -0.965024 0.071393 -0.033967 0.996870 0.171479 -0.011766 0.985118 0.138161 -0.042381 0.989503 0.811159 0.253084 0.527228 0.951772 0.306297 0.017667 0.951772 0.306297 0.017667 0.823068 0.273699 -0.497642 0.136310 0.018981 -0.990484 0.845292 -0.458371 0.274550 0.861270 -0.506640 0.039110 0.087939 0.012287 0.996050 0.023183 -0.012934 0.999648 0.739846 0.414023 0.530295 0.835805 0.471936 0.280547 0.841956 0.482606 -0.241252 0.751641 0.434897 -0.495884 0.077649 0.031643 -0.996478 0.018063 0.000201 -0.999837 0.040102 -0.005686 -0.999179 0.588696 -0.808078 -0.021143 0.602205 -0.786388 0.137630 0.599229 -0.791756 0.118522 0.588695 -0.808091 -0.020686 0.609264 -0.769625 0.190985 0.609264 -0.769625 0.190985 0.046970 0.042807 0.997979 -0.004582 0.003633 0.999983 0.673020 0.512413 0.533364 0.761337 0.583294 0.283080 0.767445 0.594075 -0.241048 0.767057 0.594575 -0.241047 0.566008 0.443749 -0.694782 0.054999 0.048354 -0.997315 0.599863 -0.784388 -0.157794 0.603117 -0.777734 -0.177142 0.588696 -0.808078 -0.021143 0.588695 -0.808091 -0.020686 -0.416424 -0.908941 -0.020426 -0.352096 -0.935738 -0.020566 -0.305894 -0.828443 0.469159 -0.360755 -0.802781 0.474762 -0.249814 -0.679749 0.689590 -0.293330 -0.662387 0.689348 0.077331 0.067007 0.994751 0.011760 0.000219 0.999931 0.579430 0.600909 0.550608 0.650474 0.691284 0.314659 0.646785 0.723572 -0.241066 0.647903 0.722568 -0.241076 0.476890 0.537297 -0.695620 0.053336 0.074619 -0.995785 -0.005922 0.009604 -0.999936 0.000647 0.006270 -0.999980 -0.298152 -0.630259 -0.716853 -0.255727 -0.646484 -0.718792 -0.310088 -0.805498 -0.504995 -0.363783 -0.779494 -0.509951 -0.352096 -0.935738 -0.020566 -0.416424 -0.908941 -0.020426 -0.330064 -0.943699 -0.022139 -0.290410 -0.835877 0.465802 
						-0.243720 -0.692475 0.679028 0.072115 0.095095 0.992853 0.008674 -0.001362 0.999961 0.450269 0.690431 0.566182 0.520672 0.778632 0.350190 0.532394 0.812093 -0.238876 0.532667 0.811916 -0.238867 0.395513 0.602984 -0.692806 0.069131 0.119684 -0.990402 -0.002727 0.012482 -0.999918 -0.254014 -0.657842 -0.709028 -0.297245 -0.810888 -0.504089 -0.330064 -0.943699 -0.022139 -0.401527 -0.915641 -0.019424 -0.379512 -0.818174 0.431928 -0.343578 -0.689595 0.637505 -0.000622 0.189882 0.981807 -0.125681 0.024093 0.991778 0.385006 0.760112 0.523450 0.453692 0.838016 0.303137 0.475033 0.846670 -0.239777 0.474248 0.847109 -0.239780 0.321792 0.643210 -0.694788 0.008497 0.206195 -0.978474 -0.121338 0.045540 -0.991566 -0.345168 -0.661383 -0.665907 -0.379385 -0.799144 -0.466300 -0.401527 -0.915641 -0.019424 -0.215173 -0.976353 -0.020853 -0.211921 -0.866037 0.452845 -0.213180 -0.717047 0.663625 -0.093613 0.163712 0.982056 -0.145056 0.024367 0.989123 0.194386 0.815117 0.545709 0.263254 0.964459 0.022738 0.263254 0.964459 0.022738 0.205638 0.836561 -0.507818 -0.083417 0.191421 -0.977957 -0.136416 0.050916 -0.989342 -0.208720 -0.689578 -0.693482 -0.208444 -0.846947 -0.489113 -0.215173 -0.976353 -0.020853 0.020958 -0.999558 -0.021061 0.005509 -0.876587 0.481212 -0.009252 -0.720487 0.693407 -0.069613 0.194746 0.978380 -0.081350 0.006478 0.996665 -0.037417 0.850870 0.524043 -0.028052 0.999405 0.020089 -0.028052 0.999405 0.020089 -0.026893 0.871384 -0.489865 -0.053056 0.228613 -0.972071 -0.066064 0.040192 -0.997006 -0.000128 -0.692047 -0.721852 0.011802 -0.855932 -0.516954 0.020958 -0.999558 -0.021061 0.218846 -0.975615 -0.016769 0.183885 -0.865658 0.465642 0.144981 -0.715956 0.682926 -0.066397 0.194618 0.978629 -0.026058 -0.008170 0.999627 -0.186352 0.840495 0.508764 -0.201154 0.979403 0.017528 -0.201154 0.979403 0.017528 
						-0.177619 0.860105 -0.478196 -0.050213 0.232203 -0.971370 -0.009567 0.030313 -0.999495 0.156060 -0.689144 -0.707620 0.191533 -0.847430 -0.495154 0.218846 -0.975615 -0.016769 0.444029 -0.895926 -0.012418 0.389192 -0.808976 0.440553 0.322572 -0.681298 0.657100 -0.022745 -0.011775 0.999672 -0.023001 -0.011767 0.999666 -0.333489 0.670503 0.662730 -0.383040 0.788082 0.481879 -0.423091 0.906014 0.011536 -0.423091 0.906014 0.011536 -0.372347 0.805875 -0.460350 -0.319665 0.696500 -0.642419 -0.004141 0.030235 -0.999534 -0.003445 0.030456 -0.999530 0.336181 -0.654937 -0.676787 0.398167 -0.791401 -0.463840 0.444029 -0.895926 -0.012418 0.661100 -0.750270 -0.006526 0.588567 -0.683468 0.431811 0.494546 -0.582790 0.644810 -0.021167 -0.012621 0.999696 -0.021115 -0.012590 0.999698 -0.494777 0.581300 0.645976 -0.569523 0.677139 0.465968 -0.634142 0.773186 0.006895 -0.634142 0.773186 0.006895 -0.557021 0.696412 -0.452480 -0.140360 0.207274 -0.968162 0.002986 0.032768 -0.999459 0.511232 -0.554671 -0.656492 0.600113 -0.664972 -0.444609 0.661100 -0.750270 -0.006526 0.818194 -0.574941 -0.001100 0.727607 -0.522424 0.444591 0.608332 -0.444309 0.657663 -0.209282 0.119319 0.970548 -0.023400 -0.016946 0.999583 -0.724138 0.504366 0.470361 -0.816306 0.577617 0.001909 -0.816306 0.577617 0.001909 -0.714685 0.521368 -0.466263 -0.190229 0.156815 -0.969135 -0.003508 0.021665 -0.999759 0.622399 -0.418645 -0.661329 0.737754 -0.505699 -0.447199 0.818194 -0.574941 -0.001100 0.912827 -0.408343 0.001924 0.801497 -0.377635 0.463675 0.655386 -0.326376 0.681137 -0.254382 0.001372 0.967103 -0.031473 -0.082097 0.996127 -0.845192 0.227339 0.483703 -0.961158 0.275884 -0.007925 -0.961158 0.275884 -0.007925 -0.832606 0.245937 -0.496268 -0.234109 0.039753 -0.971397 -0.011485 -0.040989 -0.999094 0.669998 -0.299005 -0.679484 0.811393 -0.358864 -0.461365 
						0.912827 -0.408343 0.001924 0.966015 -0.258387 0.007201 0.836311 -0.246122 0.489905 0.678046 -0.222118 0.700655 -0.264760 -0.066256 0.962035 -0.026355 -0.083946 0.996122 -0.870682 0.018499 0.491498 -0.998956 0.044279 -0.011258 -0.998956 0.044279 -0.011258 -0.858518 0.039712 -0.511243 -0.241799 -0.024375 -0.970020 -0.002687 -0.041223 -0.999146 0.695076 -0.191594 -0.692937 0.848862 -0.225078 -0.478302 0.966015 -0.258387 0.007201 -0.061120 -0.196717 0.978553 -0.029260 -0.154571 0.987548 -0.042945 -0.255822 0.965769 0.030580 -0.298584 0.953893 0.052711 -0.064197 0.996544 0.059913 -0.083703 0.994688 -0.042399 -0.203658 -0.978124 0.021475 -0.227491 -0.973543 -0.273258 0.961795 0.016752 -0.273258 0.961795 0.016752 -0.309198 0.950837 0.017495 -0.309418 0.950765 0.017499 -0.947211 0.320592 -0.003413 -0.946884 0.321557 -0.003386 -0.986599 0.162983 -0.007648 -0.986762 0.161995 -0.007674 0.983966 0.178147 0.008700 0.990179 -0.139799 0.001124 0.990179 -0.139799 0.001124 0.983637 0.179949 0.008742 0.999908 -0.012924 0.004202 0.997776 -0.066598 0.002909 0.997842 -0.065589 0.002934 0.999908 -0.012924 0.004202 -0.987834 -0.155493 0.002346 -0.988026 -0.154267 0.002376 -0.949841 -0.312730 -0.001639 -0.949360 -0.314185 -0.001677 0.995507 -0.094660 0.002228 0.993282 -0.115707 0.001714 0.993249 -0.115988 0.001708 0.996087 -0.088341 0.002382 -0.881605 -0.471952 -0.005858 -0.882479 -0.470317 -0.005813 -0.781503 -0.623819 -0.010095 -0.780131 -0.625534 -0.010145 0.815744 -0.578323 -0.010151 0.646621 -0.762658 -0.015322 0.646621 -0.762658 -0.015322 0.815748 -0.578318 -0.010150 -0.642238 -0.766371 -0.014351 -0.640303 -0.767988 -0.014402 0.759561 -0.650323 -0.012126 0.579940 -0.814485 -0.016863 0.580588 -0.814023 -0.016849 0.760091 -0.649704 -0.012109 -0.462368 -0.886499 -0.018321 -0.459918 -0.887771 -0.018366 0.981607 -0.190913 -0.000137 
						0.923288 -0.384075 -0.005020 0.923347 -0.383933 -0.005016 0.981910 -0.189348 -0.000098 -0.332912 -0.942736 -0.020456 -0.332326 -0.942943 -0.020465 0.861204 -0.507609 -0.025687 0.861270 -0.506640 0.039110 0.642511 -0.766116 -0.015681 0.589566 -0.807550 -0.016583 0.901369 -0.416631 0.118122 0.951495 -0.307663 -0.000109 0.909800 -0.396454 -0.122836 0.870522 -0.479070 -0.112617 0.861196 -0.507593 -0.026278 -0.308100 -0.951126 -0.020808 -0.308100 -0.951126 -0.020808 0.998231 -0.059378 0.003084 0.999265 -0.038154 0.003596 0.999279 -0.037807 0.003604 0.998195 -0.059980 0.003069 -0.949662 -0.313056 -0.011772 -0.979324 -0.202087 -0.009252 -0.978645 -0.205344 -0.009327 -0.949662 -0.313056 -0.011772 0.748655 -0.662843 -0.012475 0.622536 -0.782429 -0.015904 0.622856 -0.782175 -0.015896 0.748655 -0.662843 -0.012475 -0.958909 -0.283498 -0.011107 -0.961360 -0.275078 -0.010916 0.097083 -0.995002 -0.023358 0.097083 -0.995002 -0.023358 0.097083 -0.995002 -0.023358 0.097083 -0.995002 -0.023358 0.397685 -0.906585 -0.141247 0.416172 -0.908605 -0.035181 0.417963 -0.908178 -0.022805 -0.988371 0.152061 -0.000823 -0.988371 0.152061 -0.000823 -0.988371 0.152061 -0.000823 -0.988371 0.152061 -0.000823 0.996566 -0.082772 0.002517 0.979691 -0.200514 -0.000375 0.979877 -0.199604 -0.000353 0.996574 -0.082662 0.002520 -0.481837 0.876060 0.018778 -0.306504 0.951629 0.021376 -0.304403 0.952303 0.021402 -0.481837 0.876060 0.018778 0.651832 -0.758211 -0.015192 0.784885 -0.619539 -0.011275 0.784452 -0.620087 -0.011290 0.651359 -0.758617 -0.015204 -0.192109 0.981113 0.022597 -0.192109 0.981113 0.022597 0.998514 -0.054405 0.003204 0.996999 -0.077371 0.002648 0.996914 -0.078452 0.002622 0.998514 -0.054405 0.003204 -0.705312 0.708763 0.013768 -0.705312 0.708763 0.013768 -0.705312 0.708764 0.013768 -0.705312 0.708764 0.013768 0.248334 -0.968424 -0.022040 
						0.294987 -0.955259 -0.021515 0.294539 -0.955397 -0.021520 0.248574 -0.968362 -0.022038 -0.042292 0.998824 0.023697 -0.042292 0.998824 0.023697 -0.042292 0.998824 0.023697 -0.042292 0.998824 0.023697 0.998252 -0.059021 0.003092 0.997769 -0.066689 0.002907 0.997804 -0.066177 0.002919 0.998231 -0.059382 0.003084 0.939708 0.341753 0.012413 0.939708 0.341753 0.012413 0.463216 0.885939 0.023279 0.252923 0.967182 0.024272 0.253037 0.967152 0.024272 0.463753 0.885659 0.023274 0.761233 -0.648366 -0.012072 0.761233 -0.648366 -0.012072 0.761233 -0.648366 -0.012072 0.761233 -0.648366 -0.012072 0.999835 -0.017710 0.004088 0.999954 0.008389 0.004712 0.999957 0.008020 0.004704 0.999831 -0.017917 0.004083 0.127828 -0.991526 -0.023136 0.015131 -0.999601 -0.023838 0.015175 -0.999601 -0.023838 0.127853 -0.991523 -0.023136 -0.843613 -0.536693 -0.016642 -0.843613 -0.536693 -0.016642 0.896707 0.442383 0.014626 0.680745 0.732231 0.020584 0.681417 0.731606 0.020572 0.897512 0.440748 0.014590 0.865571 0.500535 0.015876 0.865571 0.500535 0.015876 0.865571 0.500535 0.015876 0.865571 0.500535 0.015876 0.978417 -0.206638 -0.000527 0.994927 -0.100578 0.002084 0.994942 -0.100426 0.002087 0.978133 -0.207980 -0.000561 -0.091399 -0.995520 -0.024221 -0.065025 -0.997591 -0.024150 -0.068216 -0.997378 -0.024161 -0.048583 -0.998528 -0.024099 -0.064504 -0.997625 -0.024150 -0.031598 -0.999212 -0.024040 0.935059 0.354481 0.002726 0.934624 0.355628 0.002756 0.881604 0.471954 0.005857 0.882477 0.470319 0.005812 -0.416061 0.909120 0.019865 -0.003163 0.999709 0.023895 -0.003771 0.999707 0.023892 -0.415759 0.909258 0.019869 0.780131 0.625533 0.010145 0.781503 0.623819 0.010095 0.354134 0.934888 0.023957 0.371512 0.928121 0.023873 0.372743 0.927628 0.023867 0.352971 0.935327 0.023962 0.640303 0.767987 0.014402 
						0.642239 0.766370 0.014351 0.999982 -0.004123 0.004413 0.999982 -0.004123 0.004413 0.999982 -0.004123 0.004413 0.999982 -0.004123 0.004413 -0.546088 0.837544 0.017567 -0.576671 0.816801 0.016933 -0.576802 0.816708 0.016930 -0.546088 0.837544 0.017567 0.459923 0.887769 0.018365 0.462372 0.886497 0.018320 0.304714 0.952138 0.024146 0.303937 0.952386 0.024148 0.243268 0.969717 0.021649 0.245991 0.969031 0.021616 0.137380 -0.990250 -0.023063 0.137380 -0.990250 -0.023063 0.004486 0.999706 0.023829 0.007074 0.999691 0.023813 0.206712 0.978099 0.024324 0.206712 0.978099 0.024324 -0.103984 -0.994283 -0.024248 -0.166101 -0.985809 -0.024326 -0.162564 -0.986398 -0.024324 -0.103984 -0.994283 -0.024248 0.890790 0.454172 0.014881 0.918296 0.395662 0.013606 0.918219 0.395840 0.013610 0.890536 0.454668 0.014892 -0.692453 0.721325 0.014127 -0.692453 0.721325 0.014127 -0.692453 0.721325 0.014127 -0.692453 0.721325 0.014127 0.572937 -0.819422 -0.017014 0.240303 -0.970446 -0.022109 0.240339 -0.970436 -0.022138 0.573585 -0.818969 -0.017000 0.975909 0.217967 0.009616 0.959976 0.279865 0.011024 0.960528 0.277965 0.010981 0.976045 0.217359 0.009602 -0.567373 -0.823160 -0.022247 -0.567373 -0.823160 -0.022247 -0.955116 -0.296014 -0.011389 -0.955116 -0.296014 -0.011389 -0.955116 -0.296014 -0.011389 -0.955116 -0.296014 -0.011389 0.607269 0.794199 0.021734 0.636015 0.771382 0.021318 0.635781 0.771575 0.021321 0.607269 0.794199 0.021734 -0.999953 -0.008533 -0.004716 -0.999953 -0.008533 -0.004716 -0.999953 -0.008533 -0.004716 -0.999953 -0.008533 -0.004716 0.999903 -0.013318 0.004193 0.839386 -0.543457 -0.009212 0.839926 -0.542623 -0.009190 0.999905 -0.013157 0.004197 -0.999976 0.003173 0.006207 -0.999972 0.004142 0.006230 -0.131885 -0.990967 -0.024293 -0.341846 -0.939449 -0.024010 -0.342057 -0.939372 -0.024009 
						-0.131885 -0.990967 -0.024293 0.712009 0.701886 0.019998 0.816712 0.576781 0.017479 0.816218 0.577480 0.017494 0.711564 0.702337 0.020007 -0.986763 0.161864 0.009913 -0.986650 0.162550 0.009929 0.940518 0.339520 0.012363 0.972888 0.231065 0.009916 0.972701 0.231848 0.009934 0.940342 0.340006 0.012374 -0.947124 0.320586 0.013457 -0.946996 0.320964 0.013465 -0.008939 -0.999674 -0.023900 -0.008938 -0.999672 -0.023988 -0.008931 -0.999672 -0.023993 -0.008933 -0.999674 -0.023893 0.208076 0.977810 0.024324 0.208789 0.977658 0.024324 -0.878010 0.478348 0.016798 -0.877986 0.478391 0.016799 0.624060 0.781081 0.021496 0.697430 0.716366 0.020279 0.697430 0.716366 0.020279 0.623545 0.781492 0.021504 -0.774978 0.631677 0.019826 -0.775220 0.631381 0.019821 -0.633336 0.773554 0.022344 -0.634043 0.772975 0.022335 -0.450939 0.892230 0.024058 -0.452297 0.891543 0.024050 0.046901 0.998609 0.024095 0.046901 0.998609 0.024095 -0.232621 0.972256 0.024629 -0.234688 0.971759 0.024629 0.006138 0.006220 -0.999962 0.006887 0.005846 -0.999959 0.015707 0.006433 -0.999856 0.016610 0.006606 -0.999840 0.997906 -0.064608 0.002957 0.997588 0.069143 0.006155 0.997908 -0.064588 0.002959 0.998318 0.057684 0.005885 0.947907 0.318541 0.001790 0.947907 0.318541 0.001790 -0.416403 0.908963 0.019860 -0.525367 0.850686 0.017974 -0.525479 0.850617 0.017972 -0.416865 0.908752 0.019853 0.008336 0.004646 -0.999954 0.008852 0.005152 -0.999947 -0.540237 0.841327 0.017683 -0.473982 0.880331 0.018915 -0.473782 0.880439 0.018918 -0.539730 0.841652 0.017693 0.325582 0.945207 0.024075 -0.001987 0.999712 0.023900 -0.001791 0.999713 0.023901 0.325758 0.945147 0.024074 -0.006132 -0.024152 0.999689 -0.006924 -0.015940 0.999849 0.000139 -0.023693 0.999719 0.077330 0.996712 0.024186 0.437722 0.898804 0.023471 
						0.437068 0.899122 0.023476 0.077241 0.996719 0.024186 -0.000986 -0.023900 0.999714 -0.008483 -0.024593 0.999662 -0.008633 -0.025254 0.999644 -0.007547 -0.024639 0.999668 -0.599627 0.800111 0.016430 -0.679066 0.733935 0.014489 -0.679174 0.733834 0.014486 -0.600122 0.799740 0.016419 0.771716 0.635692 0.018685 0.441334 0.897037 0.023445 0.441691 0.896861 0.023442 0.773657 0.633330 0.018638 -0.259843 0.965402 0.021916 -0.260198 0.965307 0.021912 -0.294448 -0.955362 -0.024165 -0.452330 -0.891545 -0.023364 -0.452270 -0.891575 -0.023365 -0.294618 -0.955310 -0.024164 -0.999534 -0.030067 -0.005231 -0.998804 0.048785 -0.003341 -0.998758 0.049706 -0.003319 -0.999549 -0.029580 -0.005219 -0.308543 -0.950904 -0.024152 -0.344185 -0.938596 -0.023978 0.997588 0.069143 0.006155 0.998318 0.057684 0.005885 0.883908 0.467415 0.015167 0.897979 0.439796 0.014570 0.897788 0.440186 0.014578 0.883938 0.467357 0.015165 -0.889612 -0.456472 -0.014932 -0.677308 -0.735410 -0.020641 -0.675924 -0.736682 -0.020665 -0.889038 -0.457590 -0.014956 0.966559 0.256229 0.010489 0.991931 0.126555 0.007502 0.991809 0.127510 0.007525 0.966429 0.256718 0.010500 -0.996499 -0.083347 -0.006488 -0.998853 -0.047541 -0.005643 -0.998853 -0.047541 -0.005643 -0.996560 -0.082623 -0.006471 0.543862 0.838873 0.022517 0.687577 0.725823 0.020461 0.687277 0.726107 0.020467 0.543207 0.839297 0.022524 -0.186085 -0.982233 -0.024322 -0.226709 -0.973660 -0.024303 -0.227088 -0.973571 -0.024301 -0.186085 -0.982233 -0.024322 0.999961 0.007455 0.004691 0.998163 -0.060505 0.003058 0.998196 -0.059967 0.003071 0.999957 0.007960 0.004703 -0.908611 -0.417407 -0.014086 -0.985951 -0.166820 -0.008441 -0.986118 -0.165833 -0.008418 -0.909387 -0.415714 -0.014049 0.765730 0.642887 0.018830 0.850887 0.525092 0.016397 0.850465 0.525775 0.016411 0.765368 0.643318 0.018839 
						0.927089 0.374610 0.013143 0.947279 0.320189 0.011932 0.947184 0.320470 0.011938 0.926969 0.374909 0.013149 -0.907446 -0.419931 -0.014138 -0.937074 -0.348905 -0.012572 -0.937367 -0.348117 -0.012554 -0.907446 -0.419931 -0.014138 0.159537 0.986892 0.024323 0.480501 0.876689 0.023136 0.480724 0.876567 0.023134 0.158967 0.986984 0.024323 -0.628474 -0.777535 -0.021434 -0.906529 -0.421905 -0.014181 -0.907231 -0.420394 -0.014148 -0.629928 -0.776359 -0.021412 0.996980 -0.077615 0.002643 0.996942 -0.078094 0.002632 -0.936270 -0.351054 -0.012621 -0.936270 -0.351054 -0.012621 -0.955623 -0.294375 -0.011354 -0.955623 -0.294375 -0.011354 -0.818467 -0.574289 -0.017431 -0.818467 -0.574289 -0.017431 0.016161 0.016080 -0.999740 0.016925 0.014989 -0.999744 0.008920 0.015796 -0.999835 0.011495 0.016070 -0.999805 -0.477083 -0.878553 -0.023157 -0.477083 -0.878553 -0.023157 0.036692 0.999037 0.024060 0.036692 0.999037 0.024060 0.959945 -0.280179 -0.002369 0.909332 -0.416030 -0.005847 0.909975 -0.414621 -0.005810 0.959945 -0.280179 -0.002369 0.025316 -0.030429 0.999216 0.005882 -0.013804 0.999887 0.021974 -0.030316 0.999299 0.523985 -0.851537 -0.018001 0.435677 -0.899891 -0.019556 0.435956 -0.899756 -0.019552 0.524150 -0.851436 -0.017998 0.908872 -0.417033 -0.005873 0.810518 -0.585622 -0.010348 0.811091 -0.584829 -0.010327 0.909269 -0.416169 -0.005851 0.691094 -0.722626 -0.014163 0.515585 -0.856646 -0.018161 0.516203 -0.856274 -0.018149 0.691742 -0.722006 -0.014145 0.003127 -0.033809 0.999423 0.038971 -0.036043 0.998590 0.039150 -0.036617 0.998562 0.002985 -0.033813 0.999424 0.767903 -0.640456 -0.011852 0.620801 -0.783806 -0.015944 0.621290 -0.783419 -0.015933 0.768764 -0.639423 -0.011824 0.985843 -0.167670 0.000439 0.954053 -0.299625 -0.002861 0.954257 -0.298975 -0.002844 0.986035 -0.166535 0.000467 -0.964258 0.264956 0.001984 
						-0.890165 0.455586 0.006876 -0.889499 0.456884 0.006910 -0.963989 0.265935 0.002009 0.393358 -0.919163 -0.020208 0.393358 -0.919163 -0.020208 -0.999990 0.000452 -0.004500 -0.999990 -0.000037 -0.004512 -0.998504 0.054592 -0.003199 -0.999981 0.004254 -0.004410 -0.803284 0.595501 0.010613 -0.803284 0.595501 0.010613 0.400042 -0.916276 -0.020109 0.400039 -0.916277 -0.020109 -0.999957 0.008180 -0.004316 -0.999913 0.012488 -0.004152 -0.999642 0.026475 -0.003820 -0.999990 0.000354 -0.004502 -0.999957 0.008181 -0.004316 -0.999981 0.004351 -0.004407 -0.999957 0.008181 -0.004316 -0.999915 0.012322 -0.004275 -0.999981 0.004351 -0.004407 -0.999981 0.004351 -0.004407 -0.999915 0.012322 -0.004275 -0.999645 0.026336 -0.003938 0.046563 -0.041749 0.998043 0.046563 -0.041749 0.998043 0.121930 -0.992268 -0.023180 0.121930 -0.992268 -0.023180 0.121931 -0.992268 -0.023180 0.121930 -0.992268 -0.023180 -0.682711 -0.730399 -0.020548 -0.682711 -0.730399 -0.020548 -0.682711 -0.730399 -0.020548 -0.682711 -0.730399 -0.020548 0.791770 -0.610719 -0.011033 0.791770 -0.610719 -0.011033 -0.995964 0.089719 -0.002348 -0.999771 0.021008 -0.004008 -0.999631 0.026876 -0.003849 -0.995814 0.091371 -0.002308 -0.989169 0.146774 -0.000953 -0.999781 0.020560 -0.004018 -0.994833 0.101500 -0.002061 -0.999035 0.043775 -0.003460 0.832322 -0.554211 -0.009499 0.832322 -0.554211 -0.009499 0.832322 -0.554211 -0.009499 0.832322 -0.554211 -0.009499 -0.999839 -0.014353 -0.010806 -0.999829 -0.014958 -0.010840 -0.999843 -0.014154 0.010667 -0.999837 -0.018009 -0.000851 0.998764 -0.049692 0.001076 0.996421 0.084285 0.006512 0.993085 0.117170 0.007282 0.993085 0.117173 0.007284 0.993085 0.117172 0.007284 0.999982 -0.003971 0.004417 0.998735 -0.049974 0.005507 -0.997735 0.067199 -0.002895 -0.997735 0.067199 -0.002895 -0.999983 0.003753 -0.004422 -0.999983 0.003753 -0.004422 
						0.642511 -0.766116 -0.015681 0.589566 -0.807550 -0.016583 0.010622 0.014197 -0.999843 0.010622 0.014193 -0.999843 0.010622 0.014193 -0.999843 0.010622 0.014197 -0.999843 -0.999115 0.041247 -0.008276 -0.999121 0.041101 -0.008271 -0.451919 0.891914 0.016068 -0.451235 0.892260 0.016084 -0.633296 0.773830 0.011118 -0.634017 0.773240 0.011095 -0.999976 -0.000487 -0.006873 -0.999976 -0.000487 -0.006873 -0.312552 0.949696 0.019730 -0.312321 0.949771 0.019739 -0.002984 0.033813 -0.999424 -0.003126 0.033809 -0.999423 -0.000265 0.033550 -0.999437 -0.000265 0.033550 -0.999437 -0.774767 0.632218 0.006071 -0.775402 0.631438 0.006045 -0.877743 0.479129 0.001198 -0.878235 0.478228 0.001171 -0.999690 0.024212 -0.005875 -0.999693 0.021358 -0.012533 -0.998555 0.053504 -0.004937 -0.999215 0.037516 -0.012762 -0.999231 0.039198 0.000901 -0.997109 0.075953 0.002133 -0.998059 0.062029 -0.005534 -0.999196 0.029314 0.027369 -0.999853 0.015570 0.007144 -0.877736 0.479144 0.000786 -0.878240 0.478219 0.000758 -0.775409 0.631433 0.005681 -0.774751 0.632241 0.005708 -0.946879 0.321568 -0.003830 -0.947211 0.320587 -0.003858 -0.986594 0.162994 -0.008112 -0.986758 0.161998 -0.008138 -0.998542 0.053177 -0.009263 -0.998537 0.053279 -0.009266 -0.014016 -0.999614 -0.023971 -0.014016 -0.999614 -0.023971 -0.633276 0.773850 0.010823 -0.634034 0.773230 0.010799 -0.451946 0.891904 0.015860 -0.451209 0.892277 0.015878 -0.999691 0.023413 -0.008383 -0.999691 0.023413 -0.008383 0.000266 -0.033550 0.999437 0.000266 -0.033550 0.999437 -0.279603 0.959887 0.020979 -0.279603 0.959887 0.020979 0.039581 0.998929 0.023968 0.039709 0.998923 0.023994 0.039628 0.998925 0.024058 0.039455 0.998919 0.024579 0.039665 0.998909 0.024639 0.037937 0.998902 0.027492 0.004273 0.016699 -0.999851 0.004009 0.016884 -0.999849 0.003053 0.017029 -0.999850 
						0.003233 0.016833 -0.999853 0.007773 0.014052 -0.999871 0.007949 0.014064 -0.999869 0.008119 0.014137 -0.999867 0.007683 0.014160 -0.999870 -0.007769 -0.014057 0.999871 -0.007946 -0.014068 0.999869 -0.007498 -0.014088 0.999873 -0.007502 -0.014079 0.999873 -0.005744 -0.999697 -0.023935 -0.005744 -0.999697 -0.023935 -0.005744 -0.999697 -0.023935 -0.005744 -0.999697 -0.023935 -0.012161 -0.016506 0.999790 -0.007777 -0.015716 0.999846 -0.007316 -0.015757 0.999849 -0.009321 -0.015958 0.999829 0.008095 0.014489 -0.999862 0.009936 0.014774 -0.999842 0.008863 0.015260 -0.999844 0.009631 0.014980 -0.999841 0.007505 0.014077 -0.999873 0.007512 0.014087 -0.999873 0.006631 0.015290 -0.999861 0.006868 0.015538 -0.999856 0.006421 0.016125 -0.999849 0.996513 -0.083415 0.001905 0.996703 -0.081094 0.002558 0.996444 -0.084204 0.003093 0.996685 -0.081311 0.002552 -0.014016 -0.999614 -0.023968 -0.014016 -0.999614 -0.023968 0.999983 -0.003836 0.004420 0.999983 -0.003836 0.004420 0.999903 -0.013318 0.004193 0.999905 -0.013157 0.004197 0.008093 0.004124 -0.999959 0.006939 0.003676 -0.999969 0.007280 0.004750 -0.999962 -0.999680 0.024959 -0.004150 -0.999680 0.024959 -0.004150 -0.999645 0.026336 -0.003938 -0.006460 -0.024334 0.999683 -0.008277 -0.025255 0.999647 -0.006717 -0.024415 0.999679 -0.999682 0.024953 -0.003677 -0.999682 0.024953 -0.003677 0.992933 -0.118661 0.001642 0.992933 -0.118661 0.001642 0.992933 -0.118661 0.001642 0.992933 -0.118661 0.001642 -0.008849 -0.999673 -0.023993 -0.008851 -0.999675 -0.023893 -0.008889 -0.999674 -0.023944 -0.008889 -0.999674 -0.023944 -0.008889 -0.999674 -0.023944 -0.008889 -0.999674 -0.023944 -0.005789 -0.149584 0.988732 -0.005789 -0.149584 0.988732 -0.005789 -0.149584 0.988732 -0.005789 -0.149584 0.988732 -0.998133 -0.060790 -0.005958 -0.998133 -0.060790 -0.005958 -0.998133 -0.060790 -0.005958 
						-0.998133 -0.060790 -0.005958 0.004467 -0.003028 -0.999985 0.004467 -0.003028 -0.999985 0.004467 -0.003028 -0.999985 0.004467 -0.003028 -0.999985 -0.005744 -0.999697 -0.023935 -0.005744 -0.999697 -0.023935 -0.005744 -0.999697 -0.023935 -0.005744 -0.999697 -0.023935 0.005743 0.999697 0.023935 0.005743 0.999697 0.023935 0.005743 0.999697 0.023935 0.005743 0.999697 0.023935 -0.999983 0.003813 -0.004421 -0.999983 0.003813 -0.004421 -0.999983 0.003813 -0.004421 -0.999983 0.003813 -0.004421 0.999983 -0.003813 0.004421 0.999983 -0.003813 0.004421 0.999983 -0.003813 0.004421 0.999983 -0.003813 0.004421 -0.005745 -0.999697 -0.023935 -0.005745 -0.999697 -0.023935 -0.005745 -0.999697 -0.023935 -0.005745 -0.999697 -0.023935 0.005744 0.999697 0.023935 0.005744 0.999697 0.023935 0.005744 0.999697 0.023935 0.005744 0.999697 0.023935 -0.999983 0.003813 -0.004420 -0.999983 0.003813 -0.004420 -0.999983 0.003813 -0.004420 -0.999983 0.003813 -0.004420 0.999983 -0.003813 0.004420 0.999983 -0.003813 0.004420 0.999983 -0.003813 0.004420 0.999983 -0.003813 0.004420 0.576689 -0.816788 -0.016933 0.576689 -0.816788 -0.016933 0.576689 -0.816788 -0.016933 0.576689 -0.816788 -0.016933 0.004114 0.014222 -0.999890 0.004114 0.014222 -0.999890 0.004114 0.014222 -0.999890 0.004114 0.014222 -0.999890 -0.576689 0.816788 0.016932 -0.576689 0.816788 0.016932 -0.576689 0.816788 0.016932 -0.576689 0.816788 0.016932 -0.999983 0.003810 -0.004420 -0.999983 0.003810 -0.004420 -0.999983 0.003810 -0.004420 -0.999983 0.003810 -0.004420 0.999983 -0.003810 0.004419 0.999983 -0.003810 0.004419 0.999983 -0.003810 0.004419 0.999983 -0.003810 0.004419 0.576689 -0.816789 -0.016930 0.576688 -0.816789 -0.016932 0.576689 -0.816789 -0.016930 0.576689 -0.816788 -0.016936 0.576689 -0.816788 -0.016936 0.004114 0.014222 -0.999890 0.004114 0.014222 -0.999890 
						0.004114 0.014222 -0.999890 0.004114 0.014222 -0.999890 -0.576689 0.816789 0.016933 -0.576688 0.816789 0.016931 -0.576689 0.816789 0.016933 -0.576689 0.816788 0.016933 -0.576689 0.816788 0.016933 -0.999983 0.003810 -0.004421 -0.999983 0.003810 -0.004421 -0.999983 0.003810 -0.004421 -0.999983 0.003810 -0.004421 0.999983 -0.003809 0.004421 0.999983 -0.003809 0.004421 0.999983 -0.003809 0.004421 0.999983 -0.003810 0.004421 0.576688 -0.816789 -0.016935 0.576689 -0.816788 -0.016933 0.576688 -0.816789 -0.016934 0.576689 -0.816788 -0.016931 0.576689 -0.816788 -0.016931 0.004114 0.014222 -0.999890 0.004114 0.014222 -0.999890 0.004114 0.014222 -0.999890 0.004114 0.014222 -0.999890 -0.576689 0.816788 0.016931 -0.576689 0.816789 0.016931 -0.576689 0.816789 0.016931 -0.576689 0.816788 0.016931 -0.999983 0.003810 -0.004421 -0.999983 0.003810 -0.004421 -0.999983 0.003810 -0.004421 -0.999983 0.003810 -0.004421 0.999983 -0.003810 0.004420 0.999983 -0.003810 0.004420 0.999983 -0.003810 0.004420 0.999983 -0.003810 0.004420 0.576689 -0.816789 -0.016929 0.576689 -0.816789 -0.016932 0.576689 -0.816789 -0.016930 0.576689 -0.816788 -0.016930 0.576689 -0.816788 -0.016930 0.004114 0.014222 -0.999890 0.004114 0.014222 -0.999890 0.004114 0.014222 -0.999890 0.004114 0.014222 -0.999890 -0.576688 0.816789 0.016934 -0.576688 0.816789 0.016933 -0.576689 0.816789 0.016932 -0.576689 0.816788 0.016932 -0.576689 0.816788 0.016932 -0.999983 0.003810 -0.004421 -0.999983 0.003810 -0.004421 -0.999983 0.003810 -0.004421 -0.999983 0.003810 -0.004421 0.999983 -0.003810 0.004421 0.999983 -0.003810 0.004421 0.999983 -0.003810 0.004421 0.999983 -0.003810 0.004421 0.576689 -0.816788 -0.016931 0.576689 -0.816789 -0.016931 0.576689 -0.816788 -0.016933 0.576688 -0.816789 -0.016938 0.576689 -0.816788 -0.016933 0.004114 0.014222 -0.999890 
						0.004114 0.014222 -0.999890 0.004114 0.014222 -0.999890 0.004114 0.014222 -0.999890 -0.576689 0.816789 0.016931 -0.576689 0.816788 0.016934 -0.576689 0.816789 0.016931 -0.576689 0.816788 0.016933 -0.576689 0.816788 0.016932 -0.999983 0.003810 -0.004421 -0.999983 0.003810 -0.004421 -0.999983 0.003810 -0.004421 -0.999983 0.003810 -0.004421 0.999983 -0.003810 0.004424 0.999983 -0.003810 0.004424 0.999983 -0.003810 0.004424 0.999983 -0.003810 0.004424 -0.004114 -0.014222 0.999890 -0.004114 -0.014222 0.999890 -0.004114 -0.014222 0.999890 -0.004114 -0.014222 0.999890 0.576689 -0.816789 -0.016933 0.576689 -0.816789 -0.016933 0.576689 -0.816788 -0.016932 0.576689 -0.816789 -0.016932 0.576689 -0.816788 -0.016932 -0.576689 0.816789 0.016930 -0.576689 0.816789 0.016930 -0.576689 0.816789 0.016930 -0.576689 0.816789 0.016930 -0.999983 0.003810 -0.004422 -0.999983 0.003810 -0.004422 -0.999983 0.003810 -0.004422 -0.999983 0.003810 -0.004422 0.999983 -0.003810 0.004422 0.999983 -0.003810 0.004422 0.999983 -0.003810 0.004422 0.999983 -0.003810 0.004422 -0.004114 -0.014222 0.999890 -0.004114 -0.014222 0.999890 -0.004114 -0.014222 0.999890 -0.004114 -0.014222 0.999890 0.576689 -0.816788 -0.016935 0.576689 -0.816789 -0.016935 0.576682 -0.816791 -0.017028 0.576689 -0.816788 -0.016937 0.576689 -0.816788 -0.016936 0.576690 -0.816787 -0.016927 -0.576689 0.816788 0.016934 -0.576689 0.816788 0.016935 -0.576689 0.816788 0.016933 -0.576689 0.816789 0.016909 -0.576689 0.816788 0.016938 -0.576689 0.816788 0.016934 -0.999983 0.003810 -0.004421 -0.999983 0.003810 -0.004421 -0.999983 0.003810 -0.004421 -0.999983 0.003810 -0.004421 0.999983 -0.003810 0.004420 0.999983 -0.003810 0.004420 0.999983 -0.003810 0.004420 0.999983 -0.003810 0.004420 -0.004114 -0.014222 0.999890 -0.004114 -0.014222 0.999890 -0.004114 -0.014222 0.999890 
						-0.004114 -0.014222 0.999890 0.576689 -0.816788 -0.016932 0.576689 -0.816788 -0.016932 0.576688 -0.816789 -0.016934 0.576688 -0.816789 -0.016943 0.576688 -0.816789 -0.016934 -0.576689 0.816788 0.016932 -0.576689 0.816788 0.016932 -0.576689 0.816788 0.016932 -0.576689 0.816788 0.016939 -0.576689 0.816788 0.016932 -0.999983 0.003810 -0.004421 -0.999983 0.003810 -0.004421 -0.999983 0.003810 -0.004421 -0.999983 0.003810 -0.004421 0.999983 -0.003809 0.004421 0.999983 -0.003809 0.004421 0.999983 -0.003809 0.004421 0.999983 -0.003809 0.004421 -0.004114 -0.014222 0.999890 -0.004114 -0.014222 0.999890 -0.004114 -0.014222 0.999890 -0.004114 -0.014222 0.999890 0.576689 -0.816788 -0.016932 0.576689 -0.816788 -0.016932 0.576689 -0.816788 -0.016931 0.576688 -0.816790 -0.016918 0.576689 -0.816788 -0.016931 0.576689 -0.816788 -0.016931 -0.576689 0.816788 0.016936 -0.576688 0.816789 0.016931 -0.576689 0.816788 0.016936 -0.576689 0.816788 0.016938 -0.576688 0.816789 0.016931 -0.999983 0.003810 -0.004420 -0.999983 0.003810 -0.004420 -0.999983 0.003810 -0.004420 -0.999983 0.003810 -0.004420 0.999983 -0.003810 0.004422 0.999983 -0.003810 0.004422 0.999983 -0.003810 0.004422 0.999983 -0.003810 0.004422 -0.004114 -0.014222 0.999890 -0.004114 -0.014222 0.999890 -0.004114 -0.014222 0.999890 -0.004114 -0.014222 0.999890 0.576689 -0.816788 -0.016936 0.576689 -0.816788 -0.016936 0.576688 -0.816789 -0.016918 0.576689 -0.816789 -0.016932 0.576689 -0.816788 -0.016932 -0.576689 0.816788 0.016929 -0.576694 0.816785 0.016910 -0.576689 0.816788 0.016929 -0.576689 0.816788 0.016931 -0.576689 0.816788 0.016931 -0.576686 0.816790 0.016934 -0.999983 0.003810 -0.004421 -0.999983 0.003810 -0.004421 -0.999983 0.003810 -0.004421 -0.999983 0.003810 -0.004421 0.999983 -0.003810 0.004422 0.999983 -0.003810 0.004422 0.999983 -0.003810 0.004422 
						0.999983 -0.003810 0.004422 -0.996952 0.077967 -0.002633 -0.999642 0.026475 -0.003820 -0.999645 0.026336 -0.003938 -0.996952 0.077967 -0.002633 0.007913 0.013277 -0.999880 0.003172 0.018336 -0.999827 0.003119 0.018392 -0.999826 0.007913 0.013277 -0.999880 -0.383612 -0.923249 -0.021304 0.049466 -0.998496 -0.023623 -0.344185 -0.938596 -0.023978 0.049967 -0.998470 -0.023694 -0.308543 -0.950904 -0.024152 -0.383521 -0.923157 -0.026316 0.004114 0.014222 -0.999890 0.004114 0.014222 -0.999890 0.004114 0.014222 -0.999890 0.004114 0.014222 -0.999890 0.005744 0.999697 0.023936 0.005744 0.999697 0.023936 0.005744 0.999697 0.023936 0.005744 0.999697 0.023936 -0.999983 0.003810 -0.004419 -0.999983 0.003810 -0.004419 -0.999983 0.003810 -0.004419 -0.999983 0.003810 -0.004419 0.999983 -0.003810 0.004422 0.999983 -0.003810 0.004422 0.999983 -0.003810 0.004422 0.999983 -0.003810 0.004422 -0.005744 -0.999697 -0.023935 -0.005744 -0.999697 -0.023935 -0.005744 -0.999697 -0.023935 -0.005744 -0.999697 -0.023935 0.004114 0.014222 -0.999890 0.004114 0.014222 -0.999890 0.004114 0.014222 -0.999890 0.004114 0.014222 -0.999890 0.005744 0.999697 0.023937 0.005744 0.999697 0.023937 0.005744 0.999697 0.023937 0.005744 0.999697 0.023937 -0.999983 0.003810 -0.004420 -0.999983 0.003810 -0.004420 -0.999983 0.003810 -0.004420 -0.999983 0.003810 -0.004420 0.999983 -0.003810 0.004422 0.999983 -0.003810 0.004422 0.999983 -0.003810 0.004422 0.999983 -0.003810 0.004422 -0.004115 -0.014222 0.999890 -0.004115 -0.014222 0.999890 -0.004115 -0.014222 0.999890 -0.004115 -0.014222 0.999890 0.005741 0.999697 0.023928 0.005741 0.999697 0.023928 0.005741 0.999697 0.023928 0.005741 0.999697 0.023928 -0.999983 0.003810 -0.004422 -0.999983 0.003810 -0.004422 -0.999983 0.003810 -0.004422 -0.999983 0.003810 -0.004422 0.999983 -0.003810 0.004421 
						0.999983 -0.003810 0.004421 0.999983 -0.003810 0.004421 0.999983 -0.003810 0.004421 -0.004114 -0.014222 0.999890 -0.004114 -0.014222 0.999890 -0.004114 -0.014222 0.999890 -0.004114 -0.014222 0.999890 -0.005744 -0.999697 -0.023933 -0.005744 -0.999697 -0.023933 -0.005744 -0.999697 -0.023933 -0.005744 -0.999697 -0.023933 0.005743 0.999697 0.023937 0.005743 0.999697 0.023937 0.005743 0.999697 0.023937 0.005743 0.999697 0.023937 -0.999983 0.003810 -0.004422 -0.999983 0.003810 -0.004422 -0.999983 0.003810 -0.004422 -0.999983 0.003810 -0.004422 0.999983 -0.003810 0.004420 0.999983 -0.003810 0.004420 0.999983 -0.003810 0.004420 0.999983 -0.003810 0.004420 -0.005744 -0.999697 -0.023931 -0.005744 -0.999697 -0.023931 -0.005744 -0.999697 -0.023931 -0.005744 -0.999697 -0.023931 -0.004112 -0.014222 0.999890 -0.004112 -0.014222 0.999890 -0.004112 -0.014222 0.999890 -0.004112 -0.014222 0.999890 0.555166 -0.831557 -0.017407 0.555169 -0.831548 -0.017772 0.552967 -0.832274 -0.039339 0.551930 -0.833708 -0.017469 0.551929 -0.833708 -0.017469 0.553750 -0.826445 -0.101727 -0.555167 0.831557 0.017379 -0.555167 0.831557 0.017379 -0.555167 0.831557 0.017379 -0.555167 0.831557 0.017379 -0.999983 0.003810 -0.004427 -0.999983 0.003810 -0.004427 -0.999983 0.003810 -0.004427 -0.999983 0.003810 -0.004427 0.999983 -0.003810 0.004417 0.999983 -0.003810 0.004417 0.999983 -0.003810 0.004417 0.999983 -0.003810 0.004417 0.555166 -0.831557 -0.017414 0.555166 -0.831557 -0.017413 0.555168 -0.831562 -0.017138 0.555167 -0.831557 -0.017369 0.555167 -0.831558 -0.017369 0.555163 -0.831560 -0.017349 0.004112 0.014222 -0.999890 0.004112 0.014222 -0.999890 0.004112 0.014222 -0.999890 0.004112 0.014222 -0.999890 -0.555167 0.831558 0.017381 -0.555167 0.831558 0.017381 -0.555167 0.831558 0.017381 -0.555167 0.831558 0.017381 -0.999983 0.003810 -0.004412 
						-0.999983 0.003810 -0.004412 -0.999983 0.003810 -0.004412 -0.999983 0.003810 -0.004412 0.999983 -0.003810 0.004418 0.999983 -0.003810 0.004418 0.999983 -0.003810 0.004418 0.999983 -0.003810 0.004418 -0.010120 -0.014977 0.999837 -0.007462 -0.014167 0.999872 -0.007590 -0.014163 0.999871 0.610579 -0.758198 -0.228755 0.610579 -0.758198 -0.228755 0.128589 -0.092592 -0.987366 0.231826 -0.062317 -0.970759 0.242449 -0.039339 -0.969366 0.233609 -0.036627 -0.971640 0.090604 -0.009813 -0.995839 0.297388 -0.078688 0.951508 0.303395 -0.080697 0.949442 0.276444 -0.099395 0.955876 0.157004 -0.126072 0.979518 0.000494 -0.190807 -0.981628 -0.179706 -0.020721 -0.983502 0.152150 -0.268590 -0.951162 -0.134408 0.008107 -0.990893 -0.215143 0.014750 -0.976471 -0.111860 -0.110103 0.987605 -0.107735 -0.007862 -0.994149 0.713842 0.699924 0.023157 0.710654 0.696271 0.100885 -0.284686 -0.956949 -0.056599 -0.348770 -0.937160 -0.009512 -0.491564 -0.870832 -0.004178 -0.481497 -0.858827 -0.174861 0.712702 0.699335 -0.054659 0.713842 0.699924 0.023157 -0.009610 -0.120866 0.992622 -0.023936 -0.111131 0.993518 -0.000951 -0.079707 0.996818 0.017289 -0.052620 0.998465 0.014654 -0.054376 0.998413 0.015923 -0.056082 0.998299 0.016991 -0.050295 -0.998590 0.043392 -0.010689 -0.999001 0.019303 -0.060626 0.997974 0.006473 -0.131751 0.991262 -0.122332 -0.991830 0.036160 -0.122347 -0.992284 -0.020094 0.574804 -0.782923 0.237974 0.658454 -0.716427 0.230588 0.681888 -0.731418 -0.007514 0.595999 -0.802940 -0.008503 0.595999 -0.802940 -0.008503 0.681888 -0.731418 -0.007514 0.666197 -0.704449 -0.244812 0.580539 -0.773589 -0.254036 0.794619 -0.565514 0.220849 0.821868 -0.569416 -0.017275 0.821868 -0.569416 -0.017275 0.796446 -0.554599 -0.241025 0.878950 -0.425449 0.215498 0.898223 -0.439190 -0.017527 0.898223 -0.439190 -0.017527 0.868750 -0.429054 -0.247359 
						-0.486796 -0.856363 0.172256 -0.491564 -0.870832 -0.004178 0.038568 -0.017328 -0.999106 -0.017903 -0.101652 -0.994659 0.010622 0.014195 -0.999843 0.010622 0.014193 -0.999843 0.010622 0.014193 -0.999843 0.010622 0.014195 -0.999843 0.010622 0.014202 -0.999843 0.010622 0.014202 -0.999843 0.010623 0.014199 -0.999843 0.010623 0.014199 -0.999843 0.010623 0.014198 -0.999843 0.010733 0.014215 -0.999841 0.010730 0.014212 -0.999842 0.010623 0.014195 -0.999843 0.010622 0.014199 -0.999843 0.010622 0.014199 -0.999843 -0.010620 -0.014245 0.999842 -0.010620 -0.014246 0.999842 -0.010620 -0.014877 0.999833 0.010622 0.014191 -0.999843 0.010622 0.014191 -0.999843 0.010621 0.014189 -0.999843 0.010621 0.014189 -0.999843 0.010621 0.014186 -0.999843 0.010621 0.014186 -0.999843 0.010621 0.014187 -0.999843 0.010621 0.014187 -0.999843 -0.010621 -0.014190 0.999843 -0.010622 -0.014194 0.999843 -0.010622 -0.014194 0.999843 -0.010621 -0.014190 0.999843 0.010620 0.014247 -0.999842 0.010620 0.014246 -0.999842 -0.119700 -0.031204 0.992320 -0.010733 -0.014215 0.999841 -0.010730 -0.014212 0.999842 -0.010623 -0.014198 0.999843 -0.010623 -0.014195 0.999843 0.010619 0.014878 -0.999833 -0.010622 -0.014199 0.999843 -0.010622 -0.014199 0.999843 -0.010622 -0.014194 0.999843 -0.010622 -0.014194 0.999843 0.119703 0.031204 -0.992319 -0.010616 -0.014245 0.999842 -0.010622 -0.014191 0.999843 -0.010622 -0.014192 0.999843 -0.010616 -0.014245 0.999842 0.010622 0.014191 -0.999843 0.010622 0.014191 -0.999843 0.010616 0.014244 -0.999842 0.010616 0.014244 -0.999842 -0.010622 -0.014202 0.999843 -0.010622 -0.014202 0.999843 -0.010623 -0.014199 0.999843 -0.010623 -0.014199 0.999843 -0.010622 -0.014193 0.999843 -0.010622 -0.014193 0.999843 -0.010622 -0.014198 0.999843 -0.010622 -0.014198 0.999843 -0.010621 -0.014188 0.999843 -0.010621 -0.014188 0.999843 
						-0.010621 -0.014186 0.999843 -0.010621 -0.014186 0.999843 0.408073 -0.911668 -0.048359 0.413671 -0.909615 -0.038426 0.416291 -0.908605 -0.033741 0.418208 -0.908135 -0.019830 0.420090 -0.907364 -0.014673 0.410423 -0.910961 -0.041268 0.405331 -0.912816 -0.049733 0.423968 -0.905597 0.012043 0.413081 -0.909906 -0.037888 0.371661 -0.805971 0.460737 0.412961 -0.909971 -0.037630 0.410771 -0.911446 -0.023078 0.410771 -0.911446 -0.023078 0.411458 -0.911010 -0.027619 -0.004778 -0.015849 0.999863 -0.004775 -0.015843 0.999863 -0.004063 -0.015565 0.999871 -0.003897 -0.015758 0.999868 -0.004359 -0.013937 0.999893 -0.005081 -0.015804 0.999862 -0.009666 -0.008428 0.999918 0.427976 -0.903576 -0.019679 0.428261 -0.903441 -0.019674 0.468191 -0.883423 -0.019015 0.468059 -0.883492 -0.019017 0.456991 -0.889264 -0.019205 0.456991 -0.889264 -0.019205 -0.587140 -0.809186 -0.022006 -0.586992 -0.809294 -0.021998 -0.572876 -0.819342 -0.022180 -0.572771 -0.819416 -0.022174 -0.004234 -0.014300 0.999889 -0.013600 -0.018422 0.999738 -0.004170 -0.014232 0.999890 -0.004232 -0.014299 0.999889 -0.004110 -0.014218 0.999891 -0.004112 -0.014219 0.999890 -0.014400 -0.018778 0.999720 -0.004110 -0.014218 0.999891 0.004120 0.014217 -0.999890 0.004170 0.014232 -0.999890 0.004108 0.014210 -0.999891 0.004108 0.014210 -0.999891 0.004230 0.014295 -0.999889 0.004228 0.014294 -0.999889 -0.005662 0.009849 -0.999935 0.004169 0.014232 -0.999890 0.004121 0.014221 -0.999890 0.004121 0.014221 -0.999890 -0.004120 -0.014221 0.999890 -0.004118 -0.014222 0.999890 -0.004117 -0.014221 0.999890 -0.004118 -0.014221 0.999890 -0.004112 -0.014219 0.999890 -0.004169 -0.014232 0.999890 -0.014400 -0.018778 0.999720 -0.004112 -0.014219 0.999890 -0.004125 -0.014220 0.999890 -0.004125 -0.014220 0.999890 -0.004120 -0.014221 0.999890 -0.014511 -0.018827 0.999717 -0.006496 0.009477 -0.999934 
						0.004113 0.014218 -0.999890 0.004113 0.014218 -0.999890 -0.006496 0.009477 -0.999934 0.004115 0.014220 -0.999890 0.004103 0.014215 -0.999891 0.004115 0.014220 -0.999890 0.004103 0.014215 -0.999891 -0.004126 -0.014222 0.999890 -0.004126 -0.014222 0.999890 -0.006612 0.009426 -0.999934 0.004129 0.014218 -0.999890 0.004129 0.014218 -0.999890 0.004110 0.014210 -0.999891 0.004110 0.014210 -0.999891 -0.004117 -0.014220 0.999890 0.004113 0.014191 -0.999891 -0.004128 -0.014230 0.999890 -0.004128 -0.014230 0.999890 0.004115 0.014220 -0.999890 -0.529721 -0.847869 -0.022669 -0.529721 -0.847869 -0.022669 0.057333 -0.998076 -0.023615 0.057333 -0.998076 -0.023615 0.006927 0.015938 -0.999849 0.004140 0.014213 -0.999890 0.004129 0.014211 -0.999891 0.004129 0.014211 -0.999891 -0.004130 -0.014211 0.999891 -0.004129 -0.014211 0.999891 -0.004125 -0.014211 0.999891 -0.004123 -0.014207 0.999891 0.004130 0.014212 -0.999891 0.004122 0.014219 -0.999890 0.004130 0.014212 -0.999891 0.004124 0.014207 -0.999891 0.004408 0.014219 -0.999889 -0.004125 -0.014206 0.999891 -0.004125 -0.014206 0.999891 -0.004124 -0.014207 0.999891 -0.004125 -0.014207 0.999891 -0.004113 -0.014222 0.999890 -0.004130 -0.014213 0.999891 -0.004124 -0.014211 0.999891 -0.004113 -0.014222 0.999890 0.004125 0.014206 -0.999891 0.004126 0.014207 -0.999891 -0.004130 -0.014212 0.999891 0.004128 0.014206 -0.999891 0.004123 0.014201 -0.999891 0.004123 0.014201 -0.999891 0.004128 0.014206 -0.999891 -0.004125 -0.014203 0.999891 -0.004125 -0.014203 0.999891 -0.004123 -0.014202 0.999891 -0.004123 -0.014202 0.999891 0.004120 0.014190 -0.999891 0.004126 0.014207 -0.999891 0.004125 0.014206 -0.999891 -0.004123 -0.014202 0.999891 -0.004123 -0.014202 0.999891 -0.004126 -0.014208 0.999891 -0.004128 -0.014210 0.999891 -0.004113 -0.014222 0.999890 -0.004113 -0.014222 0.999890 
						0.004125 0.014206 -0.999891 -0.004121 -0.014186 0.999891 -0.004116 -0.014221 0.999890 0.004112 0.014223 -0.999890 0.004112 0.014223 -0.999890 0.004398 0.014179 -0.999890 0.004112 0.014222 -0.999890 0.004112 0.014222 -0.999890 -0.008098 -0.017360 0.999817 -0.005026 -0.015776 0.999863 -0.007963 -0.017357 0.999818 0.001823 -0.022286 0.999750 -0.013147 -0.009914 0.999864 0.001190 -0.021757 0.999763 0.988259 -0.152713 0.004801 0.990231 -0.138180 -0.018696 0.986192 -0.165384 0.008565 0.987164 -0.159523 -0.007701 0.988204 -0.153144 0.000796 -0.008484 -0.024595 0.999662 -0.016096 -0.016354 0.999737 -0.010053 -0.015495 0.999829 -0.026595 -0.017687 0.999490 -0.016886 -0.017728 0.999700 -0.006536 -0.023381 0.999705 -0.004452 0.004672 0.999979 0.988277 -0.152631 -0.003518 0.987097 -0.159846 0.009478 0.988204 -0.153144 0.000796 0.008213 0.004641 -0.999955 0.008039 0.004258 -0.999959 0.008407 0.004450 -0.999955 -0.006757 -0.024059 0.999688 -0.004549 -0.014949 0.999878 -0.006314 -0.022964 0.999716 0.988204 -0.153144 0.000797 0.986143 -0.165681 -0.008424 0.009185 0.004522 -0.999948 0.007269 0.005236 -0.999960 0.006526 0.003801 -0.999971 0.990148 -0.138188 0.022611 -0.012166 -0.010629 0.999870 -0.009873 -0.012714 0.999870 -0.012152 -0.010642 0.999869 0.988204 -0.153144 0.000796 -0.009462 -0.015429 0.999836 -0.006749 -0.024100 0.999687 -0.007995 -0.024358 0.999671 -0.008800 -0.024570 0.999659 -0.004955 -0.019609 0.999796 0.004548 0.014951 -0.999878 -0.006978 -0.015727 0.999852 -0.007174 -0.014672 0.999867 -0.007166 -0.014696 0.999866 -0.007096 -0.015618 0.999853 0.004226 0.005518 -0.999976 -0.001596 0.001611 -0.999997 -0.008593 -0.017614 0.999808 -0.009600 -0.018566 0.999782 -0.009359 -0.018073 0.999793 -0.008702 -0.015804 0.999837 0.004452 -0.004673 -0.999979 0.007351 0.014168 -0.999873 0.006110 0.014108 -0.999882 
						0.009329 0.014980 -0.999844 0.012128 0.016576 -0.999789 0.011750 0.018919 -0.999752 0.011750 0.018919 -0.999752 0.008729 0.016681 -0.999823 -0.006032 -0.017957 0.999821 0.007530 0.014161 -0.999871 0.009328 0.016278 -0.999824 0.009638 0.016357 -0.999820 0.009952 0.017080 -0.999805 0.010282 0.017440 -0.999795 0.008772 0.016350 -0.999828 0.012238 0.016107 -0.999795 0.019720 0.016830 -0.999664 0.009029 0.015751 -0.999835 -0.013030 -0.016614 0.999777 -0.009709 -0.016268 0.999820 -0.011758 -0.015018 0.999818 -0.016498 -0.016536 0.999727 0.010561 0.015905 -0.999818 0.018430 0.018052 -0.999667 0.016983 0.017644 -0.999700 0.008311 0.015448 -0.999846 -0.011224 -0.022594 0.999682 0.017567 0.015258 -0.999729 0.020764 0.017185 -0.999637 0.006765 0.015609 -0.999855 0.007112 0.015609 -0.999853 -0.008178 -0.014520 0.999861 -0.010093 -0.029937 0.999501 -0.010093 -0.029937 0.999501 0.008954 0.015556 -0.999839 -0.015221 -0.017946 0.999723 0.010299 0.016525 -0.999810 -0.009168 -0.014687 0.999850 -0.010701 -0.014775 0.999834 -0.006176 -0.014080 0.999882 -0.010904 -0.015109 0.999826 -0.009819 -0.015285 0.999835 -0.020567 -0.017616 0.999633 0.006032 0.017955 -0.999821 0.013649 0.015389 -0.999788 0.011525 0.014476 -0.999829 0.009472 0.015570 -0.999834 -0.011862 -0.015078 0.999816 -0.010484 -0.015270 0.999828 -0.020914 -0.015605 0.999659 -0.016016 -0.014817 0.999762 0.013755 0.014704 -0.999797 -0.601042 -0.798919 -0.021819 -0.600357 -0.799434 -0.021828 -0.864990 -0.501537 -0.015898 -0.866300 -0.499272 -0.015850 0.007681 0.015634 -0.999848 0.007683 0.015648 -0.999848 0.007455 0.015706 -0.999849 0.007187 0.015808 -0.999849 0.007124 0.015328 -0.999857 0.007107 0.015319 -0.999857 0.007676 0.015461 -0.999851 -0.005936 -0.015057 0.999869 -0.005800 -0.015245 0.999867 -0.006361 -0.015849 0.999854 -0.005988 -0.014910 0.999871 
						0.007233 0.015781 -0.999849 0.007220 0.015112 -0.999860 0.014136 0.015928 -0.999773 0.012990 0.018087 -0.999752 0.014517 0.017899 -0.999734 -0.005773 -0.015782 0.999859 -0.006842 -0.015789 0.999852 -0.006739 -0.015622 0.999855 -0.005279 -0.014290 0.999884 -0.005168 -0.014366 0.999883 -0.006103 -0.014090 0.999882 -0.006309 -0.014071 0.999881 -0.003820 -0.014388 0.999889 -0.003816 -0.014386 0.999889 -0.004063 -0.014519 0.999886 -0.004051 -0.014512 0.999886 -0.007311 -0.015848 0.999848 -0.007254 -0.015848 0.999848 -0.046560 0.041750 -0.998043 -0.039151 0.036617 -0.998562 -0.046560 0.041750 -0.998043 -0.014136 -0.017661 0.999744 -0.011587 -0.015911 0.999806 -0.011428 -0.015712 0.999811 -0.009319 -0.014860 0.999846 -0.007366 -0.015534 0.999852 -0.007321 -0.014759 0.999864 -0.008046 -0.015091 0.999854 -0.007370 -0.015788 0.999848 -0.006518 -0.014298 0.999877 -0.006651 -0.016074 0.999849 -0.006294 -0.015607 0.999858 0.006559 0.015498 -0.999858 0.006381 0.015744 -0.999856 -0.005036 -0.015614 0.999865 0.005103 0.016270 -0.999855 0.005332 0.016232 -0.999854 0.005518 0.016469 -0.999849 -0.005232 -0.015802 0.999861 0.006855 0.016037 -0.999848 0.006345 0.016373 -0.999846 -0.008149 -0.014139 0.999867 -0.006788 -0.013391 0.999887 0.009242 0.014943 -0.999846 0.011796 0.015976 -0.999803 0.011905 0.016061 -0.999800 0.005170 0.014365 -0.999883 0.005281 0.014290 -0.999884 0.006311 0.014069 -0.999881 0.006106 0.014089 -0.999882 0.006521 0.014297 -0.999877 0.002371 0.015050 -0.999884 -0.422751 -0.905939 -0.023574 -0.422751 -0.905939 -0.023574 -0.422751 -0.905939 -0.023574 -0.422751 -0.905939 -0.023574 -0.999977 -0.004886 -0.004629 -0.999977 -0.004886 -0.004629 -0.999977 -0.004886 -0.004629 -0.999977 -0.004886 -0.004629 -0.007255 -0.015841 0.999848 -0.326148 -0.945012 -0.024072 -0.325906 -0.945095 -0.024073 -0.007166 -0.015841 0.999849 
						-0.007545 -0.015343 0.999854 -0.005244 -0.013980 0.999889 -0.005113 -0.013816 0.999892 -0.004122 -0.014550 0.999886 -0.004115 -0.014546 0.999886 -0.009895 -0.014886 0.999840 -0.010427 -0.015082 0.999832 -0.083875 -0.083496 0.992972 -0.033802 -0.014055 0.999330 -0.063860 -0.061039 0.996090 -0.083536 -0.083203 0.993025 -0.004137 -0.014210 0.999891 -0.007143 -0.015841 0.999849 -0.007317 -0.014722 0.999865 -0.006543 -0.015451 0.999859 -0.014143 -0.015914 0.999773 -0.015945 -0.014986 0.999761 -0.014136 -0.015928 0.999773 0.007645 0.014840 -0.999861 -0.887773 -0.460037 -0.015008 -0.887126 -0.461282 -0.015035 -0.940630 -0.339208 -0.012357 -0.940630 -0.339208 -0.012357 -0.017065 -0.019720 0.999660 -0.019309 -0.019968 0.999614 -0.019639 -0.020058 0.999606 0.007527 0.015605 -0.999850 0.010717 0.015153 -0.999828 0.011018 0.014981 -0.999827 0.009537 0.015058 -0.999841 0.010377 0.015261 -0.999830 -0.055981 -0.032962 -0.997888 -0.053837 -0.030877 -0.998072 -0.071076 -0.047786 -0.996326 -0.034818 0.014246 -0.999292 -0.021977 0.030316 -0.999299 -0.005878 0.013802 -0.999887 -0.025320 0.030429 -0.999216 0.011128 0.015331 -0.999821 -0.015196 -0.018856 0.999707 -0.015196 -0.018856 0.999707 0.007054 0.015395 -0.999857 -0.011016 -0.015166 0.999824 -0.011015 -0.014981 0.999827 -0.007738 -0.014161 0.999870 -0.004873 -0.015642 0.999866 -0.929526 -0.368526 -0.013007 -0.929526 -0.368526 -0.013007 -0.979407 -0.201685 -0.009242 -0.979759 -0.199968 -0.009203 -0.999753 0.021882 -0.003987 -0.999753 0.021882 -0.003987 -0.999753 0.021882 -0.003987 -0.999753 0.021882 -0.003987 0.004120 0.014218 -0.999890 0.004120 0.014218 -0.999890 0.007641 0.014799 -0.999861 0.019304 0.019969 -0.999614 0.015197 0.018855 -0.999707 0.015197 0.018855 -0.999707 0.017067 0.019719 -0.999660 -0.003513 -0.014229 0.999893 -0.003513 -0.014229 0.999893 -0.323573 -0.945897 -0.024082 
						-0.322867 -0.946138 -0.024085 -0.542889 -0.839502 -0.022527 -0.542889 -0.839502 -0.022527 -0.020109 -0.014044 0.999699 -0.033189 -0.014035 0.999351 -0.039899 -0.014368 0.999100 0.005246 0.013979 -0.999888 0.004115 0.014546 -0.999886 0.004122 0.014550 -0.999886 0.005114 0.013814 -0.999892 0.005360 0.014129 -0.999886 -0.012989 -0.018088 0.999752 0.004115 0.014222 -0.999890 -0.027498 0.014319 -0.999519 -0.021386 0.014295 -0.999669 0.004115 0.014222 -0.999890 -0.004037 -0.012320 0.999916 -0.293146 -0.955762 -0.024181 -0.293146 -0.955762 -0.024181 0.011019 0.015166 -0.999824 -0.820408 -0.571515 -0.017369 -0.820408 -0.571515 -0.017369 0.010608 0.015323 -0.999826 -0.654318 0.756068 0.015130 -0.654318 0.756068 0.015130 -0.654318 0.756068 0.015130 -0.654318 0.756068 0.015130 -0.010714 -0.015153 0.999828 0.014143 0.015914 -0.999773 0.004136 0.014238 -0.999890 0.004136 0.014238 -0.999890 0.004063 0.014519 -0.999886 0.003514 0.014227 -0.999893 0.003514 0.014227 -0.999893 0.003816 0.014386 -0.999889 -0.038973 0.036043 -0.998590 -0.997198 -0.074541 -0.006282 -0.997198 -0.074541 -0.006282 -0.002367 -0.015050 0.999884 0.019634 0.020059 -0.999606 -0.076108 -0.055610 -0.995548 -0.075768 -0.055313 -0.995590 -0.058408 -0.014447 0.998188 -0.058408 -0.014447 0.998188 -0.005358 -0.014129 0.999886 0.003820 0.014388 -0.999889 0.004051 0.014512 -0.999886 -0.004122 -0.014214 0.999891 -0.061730 -0.058973 0.996349 -0.004122 -0.014214 0.999891 0.004167 0.014230 -0.999890 -0.960807 -0.277000 -0.010960 -0.960807 -0.277000 -0.010960 -0.004114 -0.014222 0.999890 -0.004114 -0.014222 0.999890 0.006788 0.013387 -0.999887 -0.181323 -0.983123 -0.024331 -0.181323 -0.983123 -0.024331 -0.004889 -0.027700 0.999604 -0.004889 -0.027700 0.999604 -0.010605 -0.015323 0.999826 -0.849078 0.528194 0.008801 -0.849078 0.528194 0.008801 -0.998504 0.054592 -0.003199 
						-0.999035 0.043775 -0.003460 0.004891 0.027702 -0.999604 0.004891 0.027702 -0.999604 0.004037 0.012316 -0.999916 -0.061760 0.015632 -0.997969 -0.037290 0.014459 -0.999200 -0.004113 -0.014216 0.999891 -0.004113 -0.014216 0.999891 -0.172429 -0.984721 -0.024328 -0.172429 -0.984721 -0.024328 -0.172429 -0.984721 -0.024328 -0.172429 -0.984721 -0.024328 -0.004122 -0.014210 0.999891 -0.004119 -0.014222 0.999890 -0.004092 -0.014283 0.999890 -0.004122 -0.014210 0.999891 -0.036855 -0.012269 0.999245 -0.004730 -0.015835 0.999863 -0.004850 -0.015830 0.999863 0.004482 0.014857 -0.999880 0.004616 0.014832 -0.999879 0.004249 0.014474 -0.999886 -0.005001 -0.015801 0.999863 -0.004805 -0.016975 0.999844 -0.008754 -0.015394 0.999843 -0.004117 -0.014215 0.999891 -0.004117 -0.014215 0.999891 -0.004117 -0.014215 0.999891 -0.004117 -0.014214 0.999891 -0.004117 -0.014214 0.999891 -0.004122 -0.014212 0.999891 -0.004123 -0.014212 0.999891 0.003861 0.014739 -0.999884 0.011980 0.005116 -0.999915 0.011404 0.006307 -0.999915 0.005533 0.015176 -0.999870 0.005145 0.013343 -0.999898 0.000984 0.016930 -0.999856 0.001089 0.016919 -0.999856 0.001324 0.016898 -0.999856 0.005284 0.015291 -0.999869 -0.004905 -0.017085 0.999842 -0.004764 -0.017286 0.999839 -0.004928 -0.017073 0.999842 0.005414 0.017657 -0.999829 0.007960 0.017518 -0.999815 0.005418 0.017657 -0.999829 -0.003663 -0.015282 0.999877 -0.003621 -0.015335 0.999876 0.003771 0.017981 -0.999831 0.004905 0.017084 -0.999842 -0.004611 -0.016923 0.999846 -0.004611 -0.016923 0.999846 -0.040819 -0.011827 0.999097 -0.039985 -0.011920 0.999129 0.004116 0.014216 -0.999891 0.004116 0.014216 -0.999891 0.004117 0.014216 -0.999891 0.004799 0.016536 -0.999852 -0.004119 -0.014217 0.999890 -0.004120 -0.014218 0.999890 0.004570 0.016575 -0.999852 0.002969 0.016621 -0.999857 0.003879 0.014482 -0.999888 
						0.003874 0.014517 -0.999887 0.004119 0.014219 -0.999890 0.004118 0.014218 -0.999890 -0.004118 -0.014215 0.999891 0.003841 0.014733 -0.999884 0.002297 0.017121 -0.999851 0.002910 0.016719 -0.999856 0.004117 0.014216 -0.999891 -0.003769 -0.017981 0.999831 -0.005418 -0.017657 0.999829 -0.005414 -0.017657 0.999829 -0.002967 -0.015660 0.999873 -0.007957 -0.017519 0.999815 0.004611 0.016923 -0.999846 0.004928 0.017072 -0.999842 0.004611 0.016923 -0.999846 0.007397 0.014522 -0.999867 0.007653 0.014202 -0.999870 0.007831 0.013821 -0.999874 0.004116 0.014216 -0.999891 -0.004119 -0.014223 0.999890 
					</float_array>
					<technique_common>
						<accessor count="2069" offset="0" source="#meshId7-normals-array" stride="3">
							<param name="X" type="float" />
							<param name="Y" type="float" />
							<param name="Z" type="float" />
						</accessor>
					</technique_common>
				</source>
				<source id="meshId7-tangents" name="meshId7-tangents">
					<float_array id="meshId7-tangents-array" count="6207"> 
						0.008100 -0.014806 -0.999858 0.029114 -0.127654 -0.991391 0.492855 -0.108744 -0.863290 0.461262 -0.066173 -0.884793 0.679244 -0.100732 -0.726966 0.670378 -0.081172 -0.737567 0.973272 -0.140940 0.181323 0.958784 -0.129672 0.252822 0.992921 -0.118765 0.001841 0.992677 -0.120641 -0.006185 0.575869 -0.211720 0.789652 0.469413 -0.159854 0.868388 0.166629 -0.359745 0.918051 0.012896 -0.220106 0.975391 -0.029757 0.151590 0.987995 -0.164227 0.293289 0.941813 -0.591492 0.194032 0.782617 -0.487341 0.142239 0.861549 -0.977302 0.134426 0.163736 -0.963609 0.127948 0.234704 -0.993302 0.112714 -0.025417 -0.994132 0.106854 -0.016856 -0.656845 0.076202 -0.750165 -0.663515 0.100058 -0.741442 -0.473878 0.109826 -0.873715 -0.443832 0.067614 -0.893556 -0.008757 0.156495 -0.987640 0.016810 0.048035 -0.998704 0.074296 -0.208933 -0.975104 0.502342 -0.149262 -0.851688 0.944019 -0.137761 -0.299749 0.993190 -0.112756 -0.029338 0.830302 -0.201456 0.519628 0.699443 -0.264304 0.664020 0.408238 -0.454290 0.791810 -0.397770 0.406027 0.822752 -0.709623 0.245243 0.660523 -0.838426 0.182716 0.513474 -0.939783 0.127098 -0.317259 -0.993243 0.106117 -0.046977 -0.484518 0.154950 -0.860949 -0.056073 0.231679 -0.971175 0.122246 -0.252310 -0.959894 0.531398 -0.158924 -0.832082 0.978853 -0.099767 -0.178587 0.994068 -0.107530 0.016309 0.890104 -0.189047 0.414699 0.816594 -0.252607 0.519003 0.658858 -0.451211 0.601926 -0.646005 0.419598 0.637664 -0.826086 0.242022 0.508928 -0.897148 0.177368 0.404556 -0.975181 0.100547 -0.197261 -0.994647 0.103334 -0.000402 -0.516531 0.171015 -0.839017 -0.100730 0.259503 -0.960475 0.077965 -0.195925 -0.977515 0.495961 -0.114359 -0.860782 0.963625 -0.087529 -0.252516 0.991580 -0.126944 -0.025598 0.925186 -0.192299 0.327187 0.890448 -0.242145 0.385315 0.826733 -0.382309 0.412737 -0.822509 0.366616 0.434823 
						-0.892695 0.224024 0.391035 -0.928993 0.174609 0.326319 -0.966781 0.090718 -0.238965 -0.993840 0.109575 -0.016602 -0.495885 0.149125 -0.855488 -0.053582 0.186383 -0.981015 -0.002284 -0.050614 -0.998716 0.195048 -0.012020 -0.980720 0.653865 -0.090392 -0.751193 0.899272 -0.162048 -0.406264 0.987462 0.136083 -0.080008 0.837070 0.058315 0.543979 0.932877 -0.180347 0.311793 0.929423 -0.260742 0.261125 -0.930318 0.253491 0.265047 -0.948352 0.170026 0.267805 -0.925690 0.030506 0.377050 -0.895258 0.175528 -0.409515 -0.971469 -0.214109 -0.102010 -0.693910 0.131071 -0.708032 -0.179704 0.048362 -0.982531 0.004838 0.044175 -0.999012 0.010534 0.021457 -0.999714 0.144494 0.037145 -0.988808 0.972691 -0.231676 0.014109 0.909811 -0.203056 -0.361957 0.878967 -0.205271 -0.430443 0.778038 0.133619 0.613842 0.940567 -0.248068 0.231941 0.978818 -0.156869 0.131562 0.977069 -0.176691 0.118811 -0.974792 0.172865 0.141060 -0.978051 0.147873 0.146799 -0.941086 0.055012 0.333661 -0.789022 -0.182610 0.586598 -0.836264 0.546180 -0.048478 -0.901462 0.219487 -0.373083 -0.867185 0.217979 -0.447745 -0.302680 -0.031067 -0.952586 -0.154361 -0.044940 -0.986992 -0.113997 0.012442 -0.993403 -0.004411 -0.008685 -0.999953 0.774607 -0.367026 -0.515050 0.939945 -0.222678 -0.258683 0.993753 -0.100376 -0.048790 0.948742 -0.194033 -0.249479 0.994121 -0.105001 -0.026430 0.994852 -0.099137 0.020993 -0.994798 0.098546 0.025792 -0.993607 0.111215 -0.019376 -0.994748 0.097082 -0.032434 -0.899572 0.284231 -0.331636 -0.525503 0.491439 -0.694503 -0.740841 0.404863 -0.535948 0.987540 -0.111633 -0.110919 0.985827 -0.063180 -0.155411 0.985096 0.026988 -0.169873 -0.985244 -0.022947 -0.169610 -0.985394 0.067939 -0.156150 -0.989558 0.109172 -0.094104 -0.991912 0.125748 -0.017266 0.943592 -0.096802 -0.316645 0.884141 -0.018124 -0.466868 0.742493 0.151153 -0.652577 
						-0.867311 -0.165418 -0.469476 -0.879149 0.026485 -0.475810 -0.945710 0.096066 -0.310490 0.879650 0.030809 -0.474623 0.710471 -0.035673 -0.702822 -0.173675 -0.059925 -0.982978 -0.184886 -0.064260 -0.980657 -0.645880 0.090848 -0.758014 -0.869303 -0.022599 -0.493763 0.776551 0.021595 -0.629684 0.789565 0.046207 -0.611925 0.996244 -0.081847 -0.028268 0.997615 -0.062385 -0.029545 0.995624 -0.088838 -0.028996 0.992131 -0.122420 -0.026245 -0.343317 0.190508 -0.919696 -0.467175 0.109060 -0.877413 -0.802729 0.372527 -0.465670 -0.799992 0.364569 -0.476553 -0.770765 -0.026063 -0.636586 -0.775737 -0.030406 -0.630323 0.948886 -0.315245 -0.015371 0.977073 -0.186321 0.103022 0.979281 -0.154246 -0.131212 0.963338 -0.186494 0.192871 -0.991900 0.122568 -0.033353 -0.993944 0.105162 -0.031880 -0.992629 0.116751 -0.032519 -0.987498 0.156074 -0.022114 0.676728 0.003302 -0.736225 0.680805 0.013864 -0.732334 -0.996034 0.080547 -0.037804 -0.995670 0.082047 -0.043703 -0.981438 0.191778 -0.001173 -0.971260 0.235523 0.034405 0.550603 -0.103128 -0.828373 0.583970 -0.199902 -0.786777 0.767301 -0.339671 -0.543942 0.749180 -0.329942 -0.574341 -0.663920 0.004813 -0.747788 -0.668553 -0.001724 -0.743662 -0.992241 0.122773 -0.019609 -0.991251 0.105708 -0.079041 -0.991828 0.103264 -0.074931 -0.991751 0.128177 0.001220 0.662450 0.002306 -0.749102 0.573371 0.112700 -0.811507 -0.996212 0.076002 -0.042246 -0.997625 0.059924 -0.033976 -0.999444 0.008134 -0.032329 -0.995660 0.083365 -0.041377 -0.552047 -0.087775 -0.829180 -0.647079 0.013189 -0.762309 0.665008 -0.041433 -0.745686 0.481001 0.009581 -0.876667 0.014278 0.026996 -0.999534 0.132030 0.300852 -0.944487 -0.174156 -0.427402 -0.887129 -0.007618 -0.072077 -0.997370 -0.456717 0.039533 -0.888733 -0.649254 0.059632 -0.758231 0.934268 -0.108630 -0.339623 0.497124 -0.105098 -0.861291 0.042061 -0.171036 -0.984367 
						-0.015272 0.164660 -0.986232 -0.481136 0.139945 -0.865404 -0.951511 0.121057 -0.282794 0.994206 -0.069431 -0.082057 0.971700 -0.142568 -0.188343 0.982338 -0.100768 -0.157665 0.566374 -0.190430 -0.801846 0.177025 -0.326895 -0.928333 -0.147464 0.330808 -0.932105 -0.554760 0.220476 -0.802266 -0.977205 0.157462 -0.142397 0.336420 0.070075 -0.939101 0.162948 0.135787 -0.977246 0.981013 -0.171041 -0.091429 0.998278 -0.052329 -0.026526 0.665000 -0.234980 -0.708914 0.514814 -0.312347 -0.798377 -0.489488 0.315204 -0.813049 -0.657126 0.261189 -0.707082 -0.981353 0.177233 -0.074394 -0.998178 0.057020 -0.019755 -0.994407 0.095699 -0.044681 0.695553 0.340309 -0.632768 0.700308 0.281463 -0.656009 0.603195 0.229727 -0.763794 0.594351 0.293773 -0.748629 0.710022 0.270623 -0.650101 0.623181 0.210575 -0.753196 0.979247 -0.199418 -0.036157 0.994250 -0.106933 0.005649 0.748287 -0.264310 -0.608446 0.637883 -0.344126 -0.688972 -0.618943 0.352016 -0.702136 -0.619487 0.352033 -0.701648 -0.833614 0.222815 -0.505412 -0.977102 0.208566 -0.042086 -0.598451 -0.205840 -0.774265 -0.696809 -0.261956 -0.667710 -0.692907 -0.319145 -0.646549 -0.589848 -0.268643 -0.761518 0.957633 -0.285632 -0.036773 0.971178 -0.238211 -0.008299 0.973173 -0.229653 0.013926 0.957359 -0.288106 -0.021421 0.975974 -0.215808 0.030014 0.960549 -0.278109 -0.001132 0.980240 -0.187743 -0.062299 0.980603 -0.195602 -0.012574 0.837785 -0.267444 -0.476014 0.778632 -0.334019 -0.531191 -0.775777 0.347939 -0.526410 -0.769343 0.342945 -0.538981 -0.896003 0.222970 -0.384009 -0.980051 0.196010 -0.032866 -0.978967 0.203791 0.009649 -0.994657 0.103234 0.000383 -0.964116 0.259481 0.056120 -0.972589 0.230469 0.030900 -0.971515 0.236035 0.021112 -0.959534 0.279839 0.031362 -0.971186 0.238238 0.006415 -0.958148 0.286178 0.007447 0.971306 -0.222716 0.083438 0.977620 -0.197413 0.072708 
						0.980356 -0.184752 0.069055 0.981674 -0.184291 -0.048510 0.984463 -0.175322 -0.009766 0.922505 -0.248179 -0.295620 0.893888 -0.300957 -0.332247 -0.879143 0.313010 -0.359350 -0.874232 0.308444 -0.374940 -0.938252 0.217559 -0.268981 -0.982939 0.179813 -0.038700 -0.983894 0.178629 0.006692 -0.978205 0.180147 0.103254 -0.975407 0.195676 0.101445 -0.969975 0.219796 0.104109 0.943204 -0.272146 0.190533 0.955618 -0.232120 0.181424 0.960070 -0.210884 0.183828 0.983734 -0.170626 0.056171 0.971667 -0.188396 0.142721 0.954111 -0.244166 -0.173367 0.934308 -0.283346 -0.216296 -0.925387 0.299470 -0.232330 -0.924467 0.297360 -0.238617 -0.964257 0.216196 -0.153192 -0.982079 0.180395 0.054569 -0.972384 0.183171 0.144629 -0.958409 0.211376 0.191760 -0.953865 0.227222 0.196243 -0.941795 0.266758 0.204603 0.983617 -0.142769 0.110066 0.987007 -0.126836 0.098645 0.985515 -0.133557 0.104509 0.978358 -0.148655 0.143937 0.975205 -0.149655 0.163027 0.983239 -0.174262 0.053609 0.983206 -0.175712 0.049315 -0.984334 0.174910 0.022190 -0.985072 0.169252 0.031399 -0.979025 0.147810 0.140222 -0.974188 0.158234 0.160993 -0.985947 0.141672 0.088529 -0.987991 0.129779 0.083850 -0.985355 0.140391 0.096782 0.995730 0.014758 -0.091129 0.995704 -0.025025 -0.089152 0.995328 -0.054104 -0.079964 0.987871 -0.106716 0.112795 0.990512 -0.104033 0.089794 0.966782 -0.063007 0.247714 0.959393 0.014194 0.281716 -0.967951 -0.020710 0.250282 -0.970904 0.058127 0.232309 -0.987768 0.115475 0.104785 -0.990810 0.109493 0.079417 -0.994051 0.057503 -0.092504 -0.994390 0.027723 -0.102078 -0.994311 -0.012270 -0.105806 0.940672 0.140767 -0.308740 0.959637 0.044084 -0.277764 0.970508 -0.008501 -0.240918 0.990309 -0.091671 0.104333 0.995427 -0.091571 0.027197 0.923801 -0.004246 0.382850 0.891528 0.114750 0.438189 -0.907076 -0.125773 0.401740 
						-0.932842 -0.006524 0.360227 -0.992183 0.085711 0.090694 -0.996572 0.081428 0.014613 -0.968101 0.009915 -0.250365 -0.956748 -0.040938 -0.288022 -0.936034 -0.133604 -0.325562 0.789384 0.259727 -0.556250 0.860663 0.108944 -0.497383 0.903214 0.033459 -0.427884 0.996101 -0.085120 0.023167 0.996264 -0.083109 0.023491 0.874530 -0.001409 0.484969 0.831443 0.062798 0.552050 0.743347 0.221604 0.631132 -0.774597 -0.240330 0.585014 -0.844762 -0.074516 0.529929 -0.884919 -0.009442 0.465650 -0.996883 0.078432 0.008518 -0.996320 0.085320 0.008137 -0.895212 -0.026282 -0.444864 -0.848940 -0.097497 -0.519419 -0.763591 -0.241870 -0.598688 0.543339 0.316253 -0.777668 0.705745 0.135032 -0.695479 0.801009 0.050791 -0.596494 0.996365 -0.082458 0.021384 0.996365 -0.082470 0.021330 0.780605 0.020457 0.624689 0.698211 0.092452 0.709897 0.513472 0.270327 0.814414 -0.563303 -0.305372 0.767749 -0.715508 -0.106434 0.690450 -0.982739 0.055888 0.176353 -0.997165 0.075235 0.000880 -0.790204 -0.044757 -0.611208 -0.692880 -0.125451 -0.710056 -0.507940 -0.287688 -0.811932 0.296650 0.276357 -0.914126 0.567316 0.101696 -0.817197 0.717329 0.027663 -0.696185 0.968114 -0.064095 0.242170 0.996054 -0.085683 0.023127 0.561184 0.067949 0.824897 0.246257 0.225111 0.942700 -0.308653 -0.286254 0.907079 -0.575576 -0.081803 0.813647 -0.972166 0.061661 0.226032 -0.996787 0.079813 0.006743 -0.707265 -0.021901 -0.706609 -0.554584 -0.092738 -0.826944 -0.258767 -0.239093 -0.935881 0.135663 0.195056 -0.971364 0.494224 0.050343 -0.867875 0.685094 -0.006901 -0.728422 0.958181 -0.073531 0.276554 0.995736 -0.089571 0.022086 0.462440 -0.000716 0.886650 0.025315 0.074549 0.996896 -0.075441 -0.154579 0.985096 -0.481389 -0.011054 0.876438 -0.963019 0.072505 0.259496 -0.996201 0.086832 0.006568 -0.675218 0.010071 -0.737550 -0.482826 -0.043200 -0.874650 
						-0.105339 -0.156322 -0.982073 0.047795 0.100061 -0.993833 0.469748 -0.004069 -0.882791 0.674349 -0.040655 -0.737292 0.955627 -0.101078 0.276694 0.994270 -0.106002 0.013827 0.452952 -0.098185 0.886112 -0.017376 -0.105298 0.994289 -0.007990 0.033572 0.999404 -0.471502 0.077826 0.878424 -0.960892 0.099428 0.258457 -0.995605 0.093587 -0.003557 -0.663423 0.037741 -0.747292 -0.454166 0.008838 -0.890873 -0.018864 -0.062534 -0.997864 0.990710 -0.134116 0.022522 0.991724 -0.128378 -0.001565 0.986308 -0.163076 -0.024540 0.983295 -0.144535 -0.110639 0.992438 -0.101796 -0.068591 0.990610 -0.110131 -0.081014 -0.987618 0.156681 -0.007909 -0.985363 0.149203 -0.082459 -0.941763 -0.171500 -0.289259 -0.914791 -0.165683 -0.368385 -0.883193 -0.182574 -0.432015 -0.926810 -0.193181 -0.322033 0.222756 0.423659 -0.878005 0.243340 0.461971 -0.852859 0.110614 0.411428 -0.904705 0.102666 0.381966 -0.918456 -0.267603 0.963153 0.026909 0.211458 0.976906 0.030673 0.211458 0.976906 0.030673 -0.270197 0.962429 0.026895 0.020026 0.950574 -0.309852 0.092136 0.888559 -0.449415 0.095664 0.940466 -0.326146 0.020181 0.981400 -0.190910 -0.209201 0.870737 0.445030 -0.221929 0.929663 0.294066 -0.448430 0.887921 0.102507 -0.436895 0.860112 0.263307 0.143149 0.979848 -0.139305 0.174235 0.974176 -0.143610 0.173635 0.968113 -0.180577 0.134260 0.985634 -0.102468 -0.631939 0.769146 0.095227 -0.631073 0.772732 -0.068058 -0.766933 0.627866 -0.132658 -0.775610 0.630994 -0.016618 0.680755 0.630121 -0.373525 0.805555 0.450025 -0.385433 0.804712 0.449586 -0.387699 0.660964 0.612549 -0.433485 -0.864725 0.474431 -0.164822 -0.875061 0.476731 -0.083643 0.795437 0.605649 0.021684 0.906937 0.420941 0.016577 0.906666 0.421524 0.016590 0.794955 0.606281 0.021692 -0.932291 0.319205 -0.170124 -0.940122 0.319101 -0.119767 0.156018 0.523514 -0.837610 
						0.418752 0.661332 -0.622324 0.488746 0.769752 -0.410620 0.213749 0.723087 -0.656853 -0.962239 0.223607 -0.155232 -0.965155 0.223590 -0.135954 -0.004114 -0.014222 0.999890 -0.549507 -0.634183 -0.543924 -0.744505 -0.400699 -0.533997 -0.763478 -0.356935 -0.538236 -0.004114 -0.014222 0.999890 -0.004114 -0.014222 0.999890 -0.004114 -0.014222 0.999890 -0.004114 -0.014222 0.999890 -0.004114 -0.014222 0.999890 -0.967961 0.206349 -0.143083 -0.968450 0.206407 -0.139648 0.090593 0.989855 -0.109457 0.058311 0.987934 -0.143479 0.057947 0.993046 -0.102482 0.091562 0.990695 -0.100702 -0.413068 0.807786 0.420544 -0.286096 0.894849 0.342627 -0.301605 0.941488 -0.150448 -0.437695 0.870909 -0.223476 0.805043 0.592712 0.024461 0.887546 0.460300 0.019622 0.887388 0.460605 0.019618 0.805043 0.592712 0.024461 -0.354530 0.769680 0.530944 -0.374426 0.861490 -0.342988 0.717569 0.055353 -0.694285 0.727029 0.055816 -0.684334 0.991008 0.064695 -0.117123 0.989219 0.064779 -0.131337 -0.004114 -0.014222 0.999890 -0.004114 -0.014222 0.999890 -0.004114 -0.014222 0.999890 0.217301 0.922159 0.320004 0.218432 0.926905 0.305179 0.225842 0.956743 -0.183408 0.226477 0.959485 -0.167622 0.123965 0.969554 -0.211180 0.285028 0.908547 -0.305453 0.278247 0.891192 -0.358266 0.124543 0.975970 -0.178805 0.762016 0.280767 -0.583525 0.713712 0.159028 -0.682148 0.694946 0.135432 0.706193 0.725232 0.251966 0.640742 0.872207 0.488793 0.018325 0.770838 0.636633 0.022520 0.771288 0.636088 0.022513 0.872470 0.488324 0.018315 0.644107 0.092652 -0.759304 0.632822 0.070248 0.771104 0.076607 0.902055 -0.424768 0.076278 0.625207 -0.776722 0.093866 0.765228 -0.636880 0.081550 0.967740 -0.238388 0.676626 0.445889 -0.585970 0.689366 0.453910 -0.564570 0.635582 0.404889 0.657343 0.649348 0.414047 0.637896 0.986272 0.164797 0.010416 
						0.980286 0.197269 0.011138 0.980349 0.196954 0.011132 0.986245 0.164963 0.010419 0.579099 0.027488 -0.814794 0.664729 0.028889 -0.746526 0.718181 0.010014 0.695784 0.791023 0.013213 0.611644 0.089995 0.989020 -0.117218 0.101800 0.991055 -0.086292 0.101056 0.991561 -0.081213 0.090559 0.989256 -0.114767 -0.487128 0.873057 0.021838 -0.487128 0.873057 0.021847 -0.379169 0.143575 -0.914121 -0.389940 0.080193 -0.917342 -0.827383 0.133028 0.545656 -0.785790 0.259564 0.561391 0.102937 0.089787 -0.990627 0.132547 0.112394 -0.984784 0.735734 0.567436 -0.369746 0.720773 0.556463 -0.413323 0.025056 0.850393 -0.525551 -0.006884 0.754390 -0.656390 -0.006473 0.755044 -0.655643 0.027181 0.945013 -0.325901 0.072415 0.019926 -0.997176 -0.026538 0.013914 -0.999551 -0.141033 0.012643 -0.989924 -0.022744 0.011960 -0.999670 -0.522704 0.523421 0.672913 -0.569120 0.593899 -0.568671 -0.271347 0.376119 -0.885949 -0.356322 0.231174 -0.905314 -0.797321 0.490198 -0.352115 -0.255442 0.356921 -0.898531 -0.182203 0.223546 -0.957512 -0.206554 0.250787 -0.945749 -0.661031 0.743598 0.100501 -0.663127 0.746946 0.048306 0.240495 0.743581 -0.623899 0.115619 0.737688 -0.665169 0.142988 0.919328 -0.366594 0.280261 0.860276 -0.425886 -0.124960 0.021835 -0.991922 -0.156445 0.020867 -0.987466 -0.330276 0.028324 -0.943459 -0.132170 0.018419 -0.991056 -0.503032 0.033644 -0.863613 -0.728403 0.024819 -0.684700 -0.053529 0.087536 0.994722 -0.051009 0.082839 0.995257 -0.047867 0.050951 0.997553 -0.055942 0.061129 0.996561 -0.222421 -0.079012 0.971744 -0.293007 -0.014194 0.956005 -0.387277 -0.014055 0.921856 -0.323496 -0.108682 0.939967 -0.024762 0.010499 0.999638 -0.047813 0.029454 0.998422 -0.317868 0.064109 0.945965 -0.360932 0.080008 0.929154 -0.484343 0.113650 0.867465 -0.435441 0.093525 0.895346 0.035209 -0.030285 0.998921 
						-0.017922 -0.001340 0.999838 0.005984 0.350229 -0.936645 0.006049 0.363691 -0.931500 0.006280 0.413702 -0.910391 0.006219 0.400223 -0.916397 -0.162501 -0.081364 0.983348 -0.171585 -0.091097 0.980949 -0.250921 -0.127402 0.959587 -0.214167 -0.103183 0.971332 0.137053 -0.058470 0.988837 0.034659 -0.024068 0.999109 -0.384937 0.066458 0.920547 -0.572594 0.106914 0.812838 0.237914 -0.051801 0.969904 0.106004 -0.030734 0.993891 0.157266 0.027902 -0.987162 0.072848 0.020402 -0.997134 0.332869 -0.014340 0.942864 0.174286 -0.014752 0.984585 -0.442116 0.074157 -0.893887 -0.860502 0.111248 0.497151 -0.640130 0.032527 0.767578 -0.656660 0.061125 0.751706 -0.518457 0.068224 -0.852378 -0.577648 0.051214 -0.814678 -0.371637 0.459648 0.806604 -0.376917 0.555344 0.741301 -0.496221 0.741444 0.451691 -0.548661 0.691687 0.469618 0.709598 0.450558 -0.541728 0.718084 0.455688 -0.526026 0.626808 0.384524 0.677682 0.636876 0.390981 0.664472 0.004112 0.014222 -0.999891 0.004112 0.014212 -0.999891 0.004114 0.014230 -0.999890 0.004114 0.014223 -0.999890 -0.287425 0.826566 0.483916 -0.379497 0.839843 0.388132 -0.386873 0.864301 0.321424 -0.309632 0.898593 0.310901 -0.555343 0.236819 0.797190 -0.543518 0.257159 -0.799035 0.004112 0.014226 -0.999890 0.004112 0.014226 -0.999890 0.004114 0.014222 -0.999890 0.004114 0.014222 -0.999890 -0.453734 0.212174 0.865510 -0.471429 0.239545 0.848748 -0.622455 0.322779 0.712996 -0.601455 0.287794 0.745269 -0.013755 0.964388 0.264133 -0.013711 0.975058 0.221524 -0.012306 0.988977 -0.147557 -0.012570 0.994582 -0.103197 0.004114 0.014224 -0.999890 0.004111 0.014221 -0.999890 0.004111 0.014221 -0.999891 0.004114 0.014218 -0.999890 0.007297 0.796516 0.604573 0.008159 0.905866 0.423485 0.004114 0.014221 -0.999891 0.004111 0.014222 -0.999890 0.004112 0.014222 -0.999890 
						0.004108 0.014221 -0.999890 -0.461301 0.290978 0.838172 -0.411145 0.364613 0.835474 -0.624575 0.566022 0.538076 -0.646306 0.416197 0.639584 0.175046 0.669648 0.721755 0.212357 0.821384 0.529370 -0.366906 0.648398 0.667053 -0.281454 0.757818 0.588639 -0.324544 0.879084 0.349118 -0.443807 0.791374 0.420430 0.283991 0.527173 0.800898 0.371485 0.699575 0.610405 0.004066 0.014193 -0.999891 0.004100 0.014245 -0.999890 0.004100 0.014249 -0.999890 0.004057 0.014189 -0.999891 -0.436604 0.047300 0.898409 -0.626299 0.075748 0.775894 0.341389 0.390805 0.854825 0.481137 0.561819 0.672953 -0.886858 0.461988 0.007037 -0.844247 0.535879 0.008989 -0.844247 0.535879 0.008989 -0.887114 0.461497 0.007018 0.357358 0.269231 0.894321 0.543746 0.421850 0.725522 0.339496 0.165366 0.925957 0.562071 0.287348 0.775569 0.295266 0.082057 0.951885 0.511663 0.155730 0.844955 -0.514720 0.003463 0.857351 -0.629178 0.008119 0.777219 0.240056 0.022837 0.970490 0.427899 0.053796 0.902224 -0.999935 0.009257 -0.006634 -0.999930 0.009216 -0.007462 -0.999811 0.009219 -0.017123 -0.999793 0.009294 -0.018110 0.094922 0.963018 0.252163 -0.104737 0.975179 0.195077 0.095002 0.964013 0.248302 -0.088284 0.989498 0.114457 -0.052443 0.098455 0.993759 -0.051147 0.095938 0.994072 -0.958136 -0.286113 -0.010733 -0.927568 -0.373424 -0.013120 -0.927530 -0.373518 -0.013121 -0.958030 -0.286465 -0.010737 -0.999916 0.009273 -0.009068 -0.999911 0.009282 -0.009626 -0.922364 -0.386089 -0.013399 -0.943503 -0.331139 -0.012186 -0.943560 -0.330977 -0.012182 -0.922546 -0.385654 -0.013390 -0.975687 0.219166 0.000818 -0.999986 -0.001223 -0.005128 -0.999986 -0.001096 -0.005124 -0.975659 0.219292 0.000821 0.999937 -0.009241 0.006351 0.999930 -0.009261 0.007345 0.999958 -0.009140 -0.000517 -0.998714 0.050580 -0.003313 -0.953094 0.302662 0.002931 
						-0.953255 0.302154 0.002919 -0.998718 0.050522 -0.003307 0.999957 -0.009297 0.000708 0.999917 -0.009267 0.008921 0.999916 -0.009274 0.009076 0.999926 -0.009254 0.007895 -0.898409 -0.438918 -0.014555 -0.856176 -0.516430 -0.016221 -0.856108 -0.516542 -0.016223 -0.898185 -0.439375 -0.014568 -0.783898 0.620801 -0.010488 -0.952196 0.305472 0.002984 -0.952107 0.305751 0.002991 -0.782179 0.622857 0.015621 -0.984924 -0.172768 -0.008724 -0.984881 -0.173014 -0.008730 0.016345 -0.018323 0.999699 -0.003531 -0.014415 0.999890 -0.004236 -0.014182 0.999890 -0.003566 -0.014324 0.999891 -0.004270 -0.010891 0.999932 -0.003750 -0.009344 0.999949 -0.003710 -0.008900 0.999954 -0.004327 -0.009563 0.999945 0.046100 -0.024840 0.998628 0.005494 -0.016504 0.999849 -0.105236 0.993019 -0.053273 -0.088349 0.995851 0.021793 -0.629892 0.776524 0.015717 -0.600578 0.799398 0.016391 -0.601000 0.799082 0.016362 -0.629832 0.776572 0.015722 -0.009671 -0.007162 0.999928 -0.011654 -0.009690 0.999885 -0.013209 -0.008777 0.999874 -0.008768 -0.008328 0.999927 -0.376660 0.926127 0.020417 -0.192096 0.981116 0.022579 -0.193513 0.980838 0.022549 -0.377320 0.925858 0.020413 -0.005382 -0.004329 0.999976 -0.004644 -0.006956 0.999965 -0.003755 -0.019126 0.999810 -0.004637 -0.010106 0.999938 -0.921072 0.389358 0.005130 -0.850775 0.525459 0.008699 -0.850969 0.525145 0.008690 -0.921311 0.388793 0.005115 0.003609 -0.015171 0.999878 -0.005277 -0.014041 0.999887 -0.012587 -0.012927 0.999837 -0.011586 -0.013293 0.999845 -0.011530 0.999649 0.023843 0.092454 0.995423 0.024199 0.091635 0.995498 0.024208 -0.012304 0.999640 0.023832 -0.003382 -0.015266 0.999878 -0.004728 -0.011869 0.999918 -0.004910 -0.011147 0.999926 -0.005479 -0.012280 0.999910 -0.789781 0.613289 0.011074 -0.687382 0.726157 0.014237 -0.688033 0.725540 0.014231 -0.790120 0.612852 0.011062 
						-0.526770 0.849819 0.017912 -0.460247 0.887585 0.019113 -0.460602 0.887401 0.019122 -0.527123 0.849601 0.017893 -0.011025 -0.004484 0.999929 -0.009577 -0.004653 0.999943 -0.009418 -0.004908 0.999944 -0.010312 -0.005490 0.999932 -0.994484 0.104873 -0.002000 -0.941666 0.336529 0.003772 -0.941601 0.336709 0.003777 -0.994523 0.104493 -0.002009 -0.004225 -0.014165 0.999891 -0.004546 -0.013618 0.999897 -0.002920 -0.015902 0.999869 -0.004911 -0.013802 0.999893 0.118439 0.992665 0.024259 0.119165 0.992578 0.024264 -0.009124 -0.005511 0.999943 -0.007868 -0.007695 0.999939 -0.004226 -0.013988 0.999893 -0.002129 -0.018426 0.999828 -0.000293 -0.017775 0.999842 -0.005381 -0.013048 0.999900 0.999121 0.037492 0.018725 0.990235 0.137684 0.021854 0.994609 0.102940 0.012465 0.999908 0.004634 0.012732 -0.013619 -0.010850 0.999848 -0.017641 -0.009425 0.999800 -0.999704 0.024002 -0.003946 -0.999704 0.024002 -0.003946 0.408430 0.912483 0.023666 0.574250 0.818380 0.022163 0.572672 0.819484 0.022187 0.408430 0.912483 0.023666 0.349197 0.936269 0.038240 0.499311 0.866258 0.016888 0.423886 0.905002 0.035944 0.928037 0.372257 0.013083 0.953576 0.300933 0.011494 0.953508 0.301149 0.011508 0.927982 0.372396 0.013097 0.575372 0.817592 0.022154 0.742292 0.669796 0.019368 0.741605 0.670557 0.019383 0.574405 0.818271 0.022158 0.848463 0.528997 0.016476 0.930838 0.365203 0.012934 0.930635 0.365719 0.012946 0.848037 0.529681 0.016494 0.221103 0.973719 0.054629 0.242797 0.968868 0.048411 0.225234 0.973005 0.050310 0.213427 0.975421 0.054791 0.787728 0.615752 0.018281 0.888449 0.458731 0.014979 0.888209 0.459196 0.014985 0.786910 0.616797 0.018303 0.252268 0.967353 0.024268 0.433806 0.900700 0.023495 0.432967 0.901103 0.023506 0.250621 0.967781 0.024272 -0.002129 -0.009507 0.999953 
						-0.002670 -0.012378 0.999920 -0.002983 -0.012782 0.999914 -0.002498 -0.010397 0.999943 0.963171 0.268674 0.010772 0.963171 0.268674 0.010772 0.002033 0.941703 -0.336438 0.001343 0.940667 -0.339330 0.077967 0.916322 -0.392779 0.007476 0.945649 -0.325105 -0.004045 -0.014156 0.999892 -0.004133 -0.014234 0.999890 0.961754 0.273698 0.010884 0.961755 0.273696 0.010880 0.012167 0.769700 -0.638290 0.012693 0.490534 -0.871330 0.013877 0.258842 -0.965820 0.001361 0.979384 -0.202002 0.013011 0.987081 -0.159694 0.007353 0.978788 -0.204746 -0.000602 0.255341 0.966851 0.001054 0.255320 0.966856 -0.002182 0.255349 0.966847 0.007425 0.972371 -0.233323 0.014135 0.579999 -0.814495 0.018647 0.379327 -0.925075 0.087092 0.994047 0.065463 -0.134568 0.987957 0.076375 0.916578 0.078899 -0.391995 0.920260 0.079072 -0.383234 0.988110 0.081001 -0.130679 0.986801 0.081028 -0.140207 -0.709097 0.441451 -0.549821 -0.708578 0.441150 -0.550731 -0.682518 0.425986 -0.593890 -0.683070 0.426308 -0.593023 0.608812 0.521175 -0.598101 0.689402 0.587441 -0.423837 0.134761 0.972676 -0.189053 0.032409 0.992368 -0.118981 0.040840 0.996653 0.070817 0.139317 0.990246 0.001937 0.221511 0.973345 -0.059432 0.031716 0.995775 -0.086173 0.144971 0.922331 -0.358173 0.063858 0.933901 -0.351782 0.443174 0.442005 -0.779890 0.447624 0.446312 -0.774880 0.631577 0.623281 -0.461121 0.628549 0.620396 -0.469078 -0.021431 0.998250 -0.055119 -0.022563 0.999098 -0.035967 -0.021602 0.999716 0.010046 -0.027608 0.999619 -0.000044 0.076059 0.996535 -0.033660 -0.127668 0.988198 -0.084650 -0.170603 0.952348 -0.252841 -0.172135 0.959662 -0.222302 -0.177768 0.983648 -0.028915 0.006384 0.996968 -0.077553 0.076534 0.989417 -0.123275 0.098321 0.943965 -0.315060 0.101901 0.982739 -0.154401 0.006363 0.985070 -0.172038 0.006269 0.989871 -0.141831 
						0.877298 0.479611 0.017924 0.902837 0.429655 0.016764 0.988444 0.150833 0.015116 0.986809 0.161159 0.015343 0.980624 0.195237 0.016084 0.983597 0.179692 0.015749 0.030134 0.364982 -0.930527 0.029076 0.348831 -0.936735 0.846029 0.284393 -0.450949 0.906951 0.302268 -0.293385 0.766314 0.413203 -0.491962 0.698120 0.378497 -0.607757 0.005616 0.347926 -0.937505 0.005647 0.337619 -0.941266 0.929208 0.203250 -0.308647 0.965289 0.208948 -0.156711 0.082944 0.994961 0.056330 0.288959 0.955852 0.053380 0.403945 0.913336 0.051436 0.225634 0.972668 0.054837 0.589681 0.475007 -0.653180 0.536403 0.433699 -0.724000 0.408095 0.488710 -0.771117 0.369743 0.444011 -0.816176 0.037233 0.999000 -0.024748 0.033027 0.999118 -0.025929 0.081879 0.990526 -0.110248 0.058213 0.995173 -0.079002 0.059606 0.992401 -0.107644 0.114965 0.986266 -0.118588 0.094833 0.989184 -0.111901 0.041798 0.992577 -0.114208 0.023068 0.994353 -0.103582 -0.290186 -0.345809 -0.892305 -0.353128 -0.422147 -0.834921 -0.518985 -0.411627 -0.749145 -0.424354 -0.334608 -0.841404 -0.158494 -0.311000 -0.937101 -0.204305 -0.400066 -0.893424 -0.061283 -0.270354 -0.960809 -0.081916 -0.353247 -0.931937 -0.012071 -0.248167 -0.968642 -0.015532 -0.288851 -0.957248 0.221678 0.011878 -0.975047 0.061577 0.013670 -0.998009 -0.577905 -0.302117 -0.758123 -0.694298 -0.366136 -0.619592 -0.849610 -0.276012 -0.449423 -0.764290 -0.245742 -0.596214 -0.001624 -0.251315 -0.967904 -0.001925 -0.259242 -0.965811 0.360668 0.931218 0.052458 0.265951 0.962459 0.054249 0.954384 0.184353 -0.234871 0.978411 0.187008 -0.087975 -0.205141 -0.008664 0.978694 -0.195760 -0.008933 0.980611 -0.196402 -0.008962 0.980482 -0.194101 -0.009355 0.980937 -0.192041 -0.009422 0.981342 -0.200729 -0.011062 0.979585 0.099140 -0.994694 -0.027470 0.124247 -0.991867 -0.027616 0.147004 -0.988745 -0.027824 
						0.141794 -0.989514 -0.027508 0.998337 -0.057193 0.007160 0.998745 -0.049510 0.007536 0.964398 -0.264447 0.002301 0.866233 -0.499619 -0.004598 -0.999792 0.018746 -0.008076 -0.997199 0.074470 -0.006928 -0.997546 -0.069315 -0.009845 -0.999357 -0.034711 -0.009044 -0.999984 0.003685 0.004337 -0.977997 0.006634 -0.208512 -0.964675 0.007365 -0.263340 -0.998593 0.004494 -0.052837 -0.999910 -0.000762 -0.013358 -0.989943 -0.140944 -0.012169 -0.989319 -0.145287 -0.011789 -0.996534 -0.082259 -0.012395 0.855936 -0.517058 -0.005000 0.622880 0.781878 0.026214 0.996999 -0.077033 0.007715 0.998769 0.048196 0.011764 0.999778 -0.019576 0.007766 0.999521 -0.030021 0.007524 0.999609 -0.027162 0.006572 0.997046 -0.076615 0.005508 0.997108 0.075452 0.009068 0.127321 0.991780 -0.012735 0.123813 0.992268 -0.008677 0.128531 0.991549 -0.017583 0.040481 0.341136 0.939142 -0.882185 0.014778 -0.470671 -0.943453 0.013350 -0.331238 -0.002547 -0.822568 -0.568661 -0.001743 -0.749705 -0.661770 -0.000789 -0.221208 -0.975226 -0.002695 -0.313715 -0.949514 -0.999918 0.009258 -0.008810 -0.999928 0.009272 -0.007551 -0.997731 0.066909 -0.007431 0.024356 0.706182 0.707611 0.024356 0.706182 0.707611 0.025983 0.706128 0.707607 0.575660 -0.817162 -0.029361 0.999919 -0.009259 0.008686 0.999932 -0.009288 0.006986 0.019063 0.570058 0.821383 0.025006 0.582121 -0.812717 0.022746 0.132284 0.990951 0.003451 0.027058 0.999628 -0.007328 -0.031763 0.999469 0.013272 0.080628 0.996656 0.004118 0.014248 -0.999890 0.004108 0.014189 -0.999891 0.173948 -0.015035 0.984640 0.053138 -0.014531 0.998481 -0.051978 -0.013923 0.998551 0.069465 -0.014612 0.997477 -0.509753 0.834542 0.209024 0.774850 0.611427 0.160514 0.965977 0.249095 0.069569 -0.075152 0.966508 0.245385 -0.006989 0.016563 0.999838 -0.003101 -0.025066 0.999681 -0.001032 -0.047172 0.998886 
						-0.005159 -0.003042 0.999982 -0.701702 -0.712471 0.000190 0.806147 -0.591675 0.006961 0.981070 -0.193566 0.005791 -0.326664 -0.945135 0.003212 0.999952 -0.003875 0.008963 0.475573 0.010743 -0.879611 0.475573 0.010743 -0.879611 0.475573 0.010743 -0.879611 0.999974 -0.003833 0.006136 0.640871 -0.013330 0.767533 -0.407335 -0.011477 0.913207 0.384545 -0.014583 0.922991 0.005683 0.999199 0.039600 0.007040 0.890848 -0.454246 0.007076 0.771870 -0.635741 0.006540 0.979410 -0.201774 0.005658 0.998964 0.045161 0.006254 0.993901 -0.110096 0.006482 0.983264 -0.182072 0.005962 0.999551 -0.029369 -0.472063 -0.010783 0.881499 -0.999943 0.003890 -0.009991 -0.999943 0.003890 -0.009991 -0.999943 0.003890 -0.009991 -0.999969 0.003844 -0.006823 -0.623231 0.013469 -0.781922 0.411877 0.011431 -0.911168 -0.399545 0.014549 -0.916598 -0.005700 -0.999349 -0.035635 -0.007055 -0.883368 0.468626 -0.007067 -0.762586 0.646849 -0.006550 -0.978720 0.205098 -0.006607 -0.974058 0.226202 0.005593 0.998157 0.060419 0.005593 0.998158 0.060419 0.005593 0.998157 0.060419 0.827737 0.376000 0.416504 0.825422 0.374865 0.422085 0.767390 0.346698 0.539363 0.770043 0.347976 0.534740 0.998369 0.056798 0.005863 0.998306 0.057877 0.005888 0.997630 0.068530 0.006140 0.997704 0.067451 0.006115 0.873358 0.405468 -0.269892 0.866194 0.402493 -0.296155 0.503280 0.241965 -0.829556 0.523496 0.251084 -0.814192 0.005385 0.254477 -0.967064 0.001586 -0.369663 -0.929164 0.000542 -0.503434 -0.864033 0.004718 0.122737 -0.992428 -0.000796 0.471878 0.881663 -0.006200 -0.442632 0.896682 -0.006817 -0.632703 0.774364 -0.002231 0.280206 0.959937 0.578818 0.256979 0.773906 0.847101 0.385542 0.365755 0.609874 0.271641 0.744489 0.846845 0.385414 0.366483 0.846169 0.385079 0.368390 0.996069 0.088336 0.006607 0.996044 0.088615 0.006613 
						0.995794 0.091379 0.006678 0.995820 0.091099 0.006672 0.600755 0.285825 -0.746591 0.895046 0.414166 -0.165406 0.617830 0.293476 -0.729492 0.846437 0.394159 -0.358026 0.848799 0.395164 -0.351262 0.005797 0.344350 -0.938823 0.001752 -0.347240 -0.937775 0.000680 -0.486498 -0.873681 0.005151 0.206584 -0.978415 -0.001936 0.321929 0.946762 -0.005821 -0.349992 0.936734 -0.006416 -0.501067 0.865385 -0.002981 0.169794 0.985475 0.507816 0.223567 0.831950 0.827011 0.375643 0.418264 0.570343 0.252981 0.781479 0.848215 0.386094 0.362579 0.848438 0.386205 0.361938 0.993843 0.110573 0.007129 0.993974 0.109384 0.007101 0.995198 0.097643 0.006825 0.995081 0.098832 0.006853 0.871683 0.404776 -0.276270 0.865813 0.402334 -0.297483 0.597676 0.284443 -0.749583 0.612954 0.291291 -0.734463 0.005451 0.268300 -0.963320 0.001628 -0.364110 -0.931355 0.000590 -0.497623 -0.867393 0.004792 0.136736 -0.990596 -0.002062 0.304180 0.952612 -0.006233 -0.451270 0.892366 -0.006788 -0.621285 0.783555 -0.003211 0.134107 0.990962 0.518673 0.228670 0.823826 0.831630 0.377910 0.406911 0.585707 0.260228 0.767612 0.849872 0.386917 0.357789 0.849875 0.386918 0.357780 0.995301 0.096587 0.006801 0.995296 0.096645 0.006802 0.995240 0.097218 0.006815 0.995245 0.097160 0.006814 0.859816 0.399821 -0.317583 0.860211 0.399987 -0.316303 0.858217 0.399148 -0.322714 0.628248 0.298138 -0.718623 0.610934 0.290387 -0.736502 0.005796 0.344197 -0.938880 0.001663 -0.359318 -0.933214 0.000554 -0.501992 -0.864872 0.005134 0.203041 -0.979157 -0.002736 0.206903 0.978358 -0.003761 0.045644 0.998951 -0.006880 -0.658198 0.752813 -0.006411 -0.499419 0.866337 0.736028 0.331632 0.590155 0.742841 0.334897 0.579683 0.854331 0.389132 0.344521 0.875810 0.399938 0.270197 0.856567 0.390247 0.337640 0.996830 0.079307 0.006394 
						0.988183 0.153066 0.008119 0.986068 0.166132 0.008422 0.995702 0.092368 0.006702 0.603899 0.287233 -0.743508 0.861800 0.400655 -0.311090 0.626690 0.297441 -0.720269 0.867462 0.403023 -0.291690 0.867536 0.403053 -0.291427 0.005892 0.366374 -0.930449 0.001983 -0.315398 -0.948958 0.000960 -0.451521 -0.892260 0.005275 0.231500 -0.972821 -0.001846 0.334779 0.942295 -0.005937 -0.376640 0.926341 -0.006515 -0.529448 0.848318 -0.002913 0.180620 0.983549 -0.976065 -0.217266 -0.009600 -0.977890 -0.208908 -0.009408 -0.986796 -0.161756 -0.008321 -0.985388 -0.170113 -0.008514 -0.857169 -0.398706 0.326029 -0.859778 -0.399805 0.317709 -0.759596 -0.356466 0.544009 -0.905231 -0.417773 0.077604 -0.753574 -0.353816 0.554021 -0.858373 -0.391149 -0.331961 -0.858513 -0.391219 -0.331517 -0.862681 -0.393305 -0.317950 -0.862532 -0.393230 -0.318448 0.006127 0.423493 -0.905878 0.005519 0.282680 -0.959198 0.000334 -0.528679 -0.848822 0.001459 -0.386800 -0.922163 0.000235 0.594948 0.803764 -0.005119 -0.199826 0.979818 -0.005698 -0.321663 0.946837 -0.000787 0.473292 0.880905 -0.993794 -0.111009 -0.007139 -0.994065 -0.108558 -0.007081 -0.995479 -0.094736 -0.006757 -0.995243 -0.097187 -0.006815 -0.644607 -0.305454 0.700842 -0.656637 -0.310824 0.687180 -0.879826 -0.408133 0.243586 -0.844830 -0.393476 0.362546 -0.847104 -0.394444 0.356130 -0.893151 -0.413439 0.177058 -0.645138 -0.288332 -0.707575 -0.845055 -0.384528 -0.371511 -0.656712 -0.293822 -0.694549 -0.887755 -0.406102 -0.216731 -0.855436 -0.389682 -0.341141 -0.849027 -0.386496 -0.360242 0.006427 0.504170 -0.863581 0.005928 0.374955 -0.927024 0.002137 -0.293845 -0.955851 0.003014 -0.164736 -0.986333 0.000406 0.614046 0.789270 -0.004864 -0.150487 0.988600 -0.005478 -0.274212 0.961654 -0.000670 0.487626 0.873052 -0.984328 -0.176132 -0.008653 -0.985156 -0.171449 -0.008545 -0.989394 -0.145038 -0.007933 
						-0.988696 -0.149721 -0.008042 -0.852459 -0.396715 0.340487 -0.855051 -0.397812 0.332615 -0.720492 -0.339210 0.604837 -0.902288 -0.416820 0.110168 -0.712300 -0.335582 0.616453 -0.734555 -0.330926 -0.592382 -0.859119 -0.391522 -0.329583 -0.742815 -0.334885 -0.579721 -0.899042 -0.412144 -0.147856 -0.862023 -0.392975 -0.320135 0.006300 0.468733 -0.883317 0.005794 0.343629 -0.939088 0.001936 -0.321991 -0.946741 0.002803 -0.196778 -0.980444 0.000536 0.628508 0.777803 -0.004966 -0.170065 0.985420 -0.005562 -0.292092 0.956374 -0.000512 0.507209 0.861823 -0.989765 -0.142488 -0.007873 -0.991170 -0.132376 -0.007638 -0.997139 -0.075323 -0.006300 -0.996323 -0.085432 -0.006539 -0.845358 -0.393700 0.361070 -0.847490 -0.394607 0.355029 -0.616019 -0.292664 0.731347 -0.892124 -0.413035 0.183075 -0.848060 -0.394849 0.353394 -0.563682 -0.269177 0.780901 -0.681489 -0.305594 -0.664970 -0.847039 -0.385511 -0.365933 -0.692238 -0.310712 -0.651356 -0.897283 -0.411176 -0.160680 -0.850898 -0.387425 -0.354788 0.006387 0.493044 -0.869981 0.005889 0.366029 -0.930585 0.002094 -0.299820 -0.953994 0.002960 -0.172868 -0.984940 0.000743 0.651044 0.759040 -0.004909 -0.158663 0.987321 -0.005515 -0.281615 0.959512 -0.000350 0.526758 0.850015 -0.995923 -0.089959 -0.006645 -0.995297 -0.096635 -0.006802 -0.990912 -0.134295 -0.007683 -0.991795 -0.127618 -0.007527 -0.655052 -0.310118 0.689009 -0.666585 -0.315261 0.675481 -0.901336 -0.416487 0.118877 -0.839713 -0.391291 0.376529 -0.843067 -0.392723 0.367432 -0.853503 -0.388721 -0.347028 -0.872474 -0.398253 -0.283166 -0.848970 -0.386469 -0.360405 -0.651771 -0.291479 -0.700167 -0.663913 -0.297242 -0.686198 -0.893799 -0.409290 -0.183317 0.006366 0.487098 -0.873324 0.005845 0.355536 -0.934644 0.001973 -0.316889 -0.948461 0.002879 -0.185307 -0.982677 0.000754 0.652297 0.757964 -0.004711 -0.121232 0.992613 -0.005373 -0.251613 0.967813 
						-0.000394 0.521524 0.853236 -0.004205 -0.014985 0.999879 -0.003883 -0.009809 0.999944 -0.003978 -0.009537 0.999947 -0.004167 -0.014670 0.999884 0.999739 0.020928 0.009143 0.999750 0.021949 0.004155 0.999654 0.025967 0.004223 0.999568 0.027898 0.009297 0.003213 0.012851 -0.999912 0.003660 0.014187 -0.999893 0.004094 0.014212 -0.999891 0.004573 0.014260 -0.999888 0.004132 0.014229 -0.999890 0.005024 0.015590 -0.999866 0.995715 0.092228 0.006698 0.987154 -0.159767 0.000633 0.985771 -0.168090 0.000428 0.996452 0.083909 0.006503 0.987626 -0.001468 -0.156819 0.989397 -0.001639 -0.145229 0.990190 -0.001721 -0.139720 0.988478 -0.001549 -0.151356 0.007035 0.741300 -0.671137 -0.000552 -0.630139 -0.776482 -0.000676 -0.643636 -0.765331 0.007016 0.728504 -0.685005 0.000184 0.589162 0.808015 -0.006953 -0.691582 0.722264 -0.006978 -0.705055 0.709118 0.000061 0.575071 0.818104 0.997456 -0.002723 -0.071238 0.999600 -0.004144 0.027990 0.997239 -0.004792 0.074108 0.999685 -0.003392 -0.024859 0.998242 0.058972 0.005914 0.994944 -0.100412 0.002088 0.994393 -0.105727 0.001958 0.998543 0.053658 0.005789 0.994085 -0.002178 -0.108588 0.998856 -0.004421 0.047613 0.992792 -0.005425 0.119727 0.999315 -0.003219 -0.036874 0.007091 0.798353 -0.602148 0.007084 0.786648 -0.617361 -0.000499 -0.624279 -0.781202 -0.000380 -0.611110 -0.791545 -0.000398 0.521024 0.853542 -0.006860 -0.649390 0.760425 -0.006892 -0.663032 0.748560 -0.000514 0.507014 0.861938 -0.999943 0.009801 -0.004278 -0.999879 0.015030 -0.004153 -0.999876 0.015205 -0.004148 -0.999941 0.009977 -0.004274 -0.939426 0.008396 -0.342648 -0.961299 0.007520 -0.275405 -0.999939 0.003892 -0.010364 -0.996588 0.004905 -0.082388 0.006736 0.601603 -0.798767 0.001181 -0.423279 -0.905998 0.001114 -0.431913 -0.901915 0.006711 0.593064 -0.805127 0.001177 0.696610 0.717449 
						-0.007082 -0.782757 0.622287 -0.007087 -0.789953 0.613127 0.001101 0.688810 0.724941 -0.998968 -0.045080 -0.005585 -0.999894 -0.013701 -0.004839 -0.999909 -0.012648 -0.004814 -0.999015 -0.044027 -0.005560 -0.999846 0.003990 -0.017090 -0.959153 0.007620 -0.282784 -0.936300 0.008507 -0.351099 -0.995900 0.005017 -0.090316 -0.988959 0.005814 -0.148079 -0.994337 0.005237 -0.106143 -0.998882 0.003070 0.047169 -0.999984 0.003684 0.004385 0.006605 0.557619 -0.830071 0.006577 0.548710 -0.835987 0.000643 -0.491213 -0.871039 0.000715 -0.482385 -0.875959 0.000968 0.674873 0.737934 -0.007081 -0.781985 0.623257 -0.007086 -0.789473 0.613744 0.000891 0.666737 0.745292 0.999980 -0.003819 0.005024 0.999367 -0.003240 -0.035436 0.992764 -0.002011 -0.120065 0.996789 -0.002596 -0.080033 -0.508054 0.861131 0.018303 -0.492912 0.869881 0.018581 -0.488554 0.872334 0.018659 -0.503764 0.863646 0.018383 -0.778615 -0.345527 0.523803 -0.778155 -0.345478 0.524519 0.514457 0.199470 0.833994 0.540323 0.223170 0.811324 0.483213 0.197996 0.852820 -0.672384 -0.341873 0.656523 -0.659113 -0.278293 -0.698658 0.478596 0.218948 -0.850298 0.482402 0.220573 -0.847724 -0.655318 -0.276587 -0.702893 0.006765 0.956483 -0.291709 0.006776 0.954997 -0.296537 0.007091 0.791707 -0.610860 0.007093 0.794414 -0.607335 0.003362 0.889954 0.456037 0.002694 0.837745 0.546055 0.002687 0.837103 0.547039 0.003353 0.889332 0.457250 0.510935 0.212085 0.833046 0.506699 0.210202 0.836105 0.907234 0.393174 0.149466 -0.571470 -0.258491 0.778848 -0.573153 -0.259206 0.777373 -0.854789 -0.376599 0.357084 -0.171094 -0.984954 -0.024328 -0.005520 -0.999698 -0.023934 0.062438 -0.997770 -0.023581 -0.104181 -0.994263 -0.024249 0.715969 0.319447 -0.620759 -0.707539 -0.300107 -0.639784 -0.711431 -0.301866 -0.634620 0.712869 0.318150 -0.624978 -0.006353 -0.989895 0.141657 
						-0.006359 -0.989636 0.143455 -0.006742 -0.959114 0.282941 -0.006738 -0.959609 0.281258 -0.006102 -0.997669 0.067968 -0.006002 -0.999146 0.040890 -0.006000 -0.999160 0.040525 -0.006100 -0.997697 0.067547 -0.999241 -0.037043 -0.012024 -0.997895 0.064518 -0.006629 -0.999820 -0.016842 -0.008724 -0.618532 -0.187946 -0.762951 -0.706420 -0.252347 -0.661280 -0.982488 0.101419 -0.156304 -0.960636 0.093377 -0.261646 -0.959668 0.082296 -0.268822 -0.962008 0.086097 -0.259091 -0.989812 0.100926 -0.100426 0.940126 -0.074541 -0.332576 0.937389 -0.077500 -0.339551 0.944531 -0.091231 -0.315497 0.976991 -0.093119 -0.191878 -0.984060 0.168879 -0.055739 -0.966904 0.172912 0.187612 -0.966454 0.120575 -0.226779 -0.975221 0.165040 0.147330 -0.954027 0.185756 0.235218 0.923745 -0.380541 0.043397 -0.907447 0.407492 0.102419 -0.041635 0.047330 -0.998011 -0.056365 0.122898 -0.990817 0.980686 -0.191641 0.039092 0.969252 -0.235670 0.070776 0.928277 -0.342141 0.145746 0.923225 -0.355284 0.146385 0.024912 -0.062933 -0.997707 0.130884 -0.067592 -0.989091 0.987141 -0.158342 -0.021940 0.982199 -0.187609 -0.009337 0.983673 -0.178496 -0.022970 0.982531 -0.182804 -0.034856 0.977868 -0.206337 -0.034635 0.995663 -0.089365 -0.025856 -0.989017 0.144580 -0.030698 -0.982884 0.177309 -0.050006 0.999672 -0.012326 -0.022462 0.994771 -0.097922 -0.029008 0.989218 -0.082198 -0.121209 0.990603 -0.078304 -0.112134 0.175154 -0.093309 -0.980110 0.407484 0.069952 -0.910529 0.346851 0.216460 -0.912600 0.164094 0.085624 -0.982722 -0.055034 -0.020354 -0.998277 -0.315794 -0.186318 -0.930355 -0.460236 -0.101566 -0.881968 -0.266014 0.057732 -0.962239 0.407913 0.165247 -0.897942 0.300192 0.298913 -0.905834 -0.243782 -0.212398 -0.946286 -0.442768 -0.188087 -0.876687 0.450181 0.360442 -0.816957 0.387889 0.535171 -0.750423 -0.411629 -0.531454 -0.740350 -0.592410 -0.596671 -0.541327 
						-0.916589 0.360486 0.172958 -0.926345 0.340555 0.160957 -0.978352 0.201473 -0.047290 -0.990559 0.137030 -0.003996 0.980253 0.197087 0.016125 0.980253 0.197087 0.016124 0.980253 0.197087 0.016124 0.980253 0.197087 0.016125 0.983695 0.179155 0.015739 0.979646 0.200077 0.016192 0.981486 0.190865 0.015992 0.979259 0.201959 0.016231 0.980157 0.197567 0.016137 0.979109 0.202676 0.016371 0.978444 0.205855 0.016435 0.980419 0.196261 0.016108 0.980253 0.197088 0.016126 0.980253 0.197088 0.016126 -0.999048 -0.041745 -0.012636 -0.999379 -0.032985 -0.012430 -0.999347 -0.033916 -0.012488 0.980254 0.197084 0.016123 0.980254 0.197086 0.016123 0.980254 0.197084 0.016122 0.980254 0.197087 0.016122 0.989419 0.144309 0.014969 0.990391 0.137497 0.014817 0.988731 0.148941 0.015071 0.987187 0.158833 0.015289 -0.994603 -0.102803 -0.014039 -0.994604 -0.102794 -0.014040 -0.994603 -0.102796 -0.014040 -0.994604 -0.102794 -0.014039 0.992219 0.123656 0.014520 0.991086 0.132409 0.014716 -0.972632 -0.186547 -0.138521 -0.993978 -0.108644 -0.014298 -0.993546 -0.112513 -0.014382 -0.994588 -0.102947 -0.014046 -0.994837 -0.100520 -0.013990 0.991963 0.125675 0.014698 -0.994604 -0.102793 -0.014042 -0.994603 -0.102797 -0.014042 -0.994604 -0.102793 -0.014041 -0.994604 -0.102794 -0.014041 0.954481 0.263279 0.140180 -0.994604 -0.102791 -0.014043 -0.994602 -0.102805 -0.014040 -0.994606 -0.102774 -0.014040 -0.994605 -0.102783 -0.014043 0.384300 0.922828 0.026500 0.151474 0.988136 0.025347 -0.096265 0.995097 0.022716 0.370033 0.928639 0.026553 -0.996414 -0.083509 -0.013603 -0.994361 -0.105111 -0.014095 -0.993898 -0.109385 -0.014191 -0.995532 -0.093403 -0.013829 -0.997280 -0.072491 -0.013349 -0.995271 -0.096143 -0.013890 -0.998078 -0.060571 -0.013073 -0.996366 -0.084081 -0.013615 -0.998720 -0.048940 -0.012802 -0.997473 -0.069789 -0.013285 
						-0.999157 -0.039090 -0.012571 -0.998400 -0.055053 -0.012943 -0.004114 -0.014222 0.999890 -0.004114 -0.014222 0.999890 -0.004114 -0.014222 0.999890 -0.004114 -0.014222 0.999890 -0.004114 -0.014222 0.999890 -0.004114 -0.014222 0.999890 -0.004114 -0.014222 0.999890 -0.004114 -0.014222 0.999890 -0.004114 -0.014222 0.999890 -0.004114 -0.014222 0.999890 -0.004114 -0.014222 0.999890 -0.004114 -0.014222 0.999890 -0.004114 -0.014222 0.999890 -0.004114 -0.014222 0.999890 -0.533662 0.845468 0.019737 -0.533012 0.845878 0.019745 -0.557065 0.830246 0.019250 -0.552328 0.833393 0.019724 -0.659911 0.751205 0.014452 -0.438728 0.898364 0.021432 -0.338437 0.940939 0.009748 -0.004114 -0.014222 0.999890 -0.004114 -0.014222 0.999890 0.945118 0.326505 0.012073 0.945155 0.326400 0.012072 0.948146 0.317613 0.011875 0.948146 0.317613 0.011877 -0.012491 -0.010261 0.999869 -0.013704 -0.009681 0.999859 -0.012911 -0.010210 0.999865 -0.015822 -0.008879 0.999835 -0.605963 0.795325 0.016312 0.655924 0.754099 0.033150 0.463652 0.885710 0.023319 0.515859 0.856365 0.022986 0.894940 -0.446137 -0.006633 0.377531 0.925690 0.023837 0.377338 0.925407 0.035187 0.377531 0.925690 0.023835 -0.464314 -0.885365 -0.023265 -0.306017 -0.951719 -0.024178 0.041971 -0.998838 -0.023679 -0.647598 -0.761689 -0.021120 0.803186 -0.595634 -0.010592 -0.204741 -0.978510 -0.024470 -0.589040 -0.808045 -0.009726 -0.987256 0.159141 -0.000705 -0.536394 -0.843665 -0.022599 -0.830019 -0.557474 -0.017082 0.605419 0.795609 0.021762 0.618692 0.785337 0.021577 0.148076 0.988677 0.024312 0.597045 0.801909 0.021875 0.962679 0.270429 0.010808 0.989956 -0.141373 0.001143 0.752801 0.657438 0.032654 0.351949 -0.935788 -0.020789 0.862134 0.506427 0.016010 0.878239 0.477974 0.015403 0.877803 0.478773 0.015416 0.472356 0.880696 0.035407 -0.744995 -0.667049 -0.005324 
						-0.894186 0.447646 0.006670 -0.377702 -0.925620 -0.023835 -0.377678 -0.925858 -0.012065 -0.377702 -0.925620 -0.023840 -0.953269 -0.301904 -0.011506 -0.570795 0.820915 0.017055 -0.896607 -0.442587 -0.014614 0.957396 0.288559 0.011233 0.956743 0.290715 0.011282 -0.464831 -0.885335 -0.010662 -0.893956 -0.447912 -0.014758 -0.797224 -0.603415 -0.018038 -0.810588 -0.585352 -0.017641 -0.970605 -0.240467 -0.010121 0.781308 0.623873 0.018447 -0.178573 -0.983627 -0.024279 0.979643 0.200537 0.009234 0.894026 0.447771 0.014763 -0.051476 0.998394 0.023643 0.004110 0.014224 -0.999890 0.004117 0.014221 -0.999890 0.004118 0.014224 -0.999890 0.004112 0.014224 -0.999890 -0.999930 0.009264 -0.007348 -0.164512 -0.986075 -0.024315 -0.164478 -0.986081 -0.024310 -0.164502 -0.986077 -0.024310 -0.480319 0.876893 0.018781 -0.480326 0.876889 0.018780 -0.494501 0.868979 0.018530 -0.480324 0.876890 0.018778 -0.164482 -0.986080 -0.024312 -0.164489 -0.986079 -0.024322 -0.164488 -0.986079 -0.024313 -0.164480 -0.986081 -0.024303 -0.138198 -0.990105 -0.024343 -0.480331 0.876886 0.018775 -0.480326 0.876889 0.018775 -0.480334 0.876885 0.018777 -0.480324 0.876890 0.018777 -0.480290 0.876908 0.018806 -0.480331 0.876886 0.018782 -0.562506 0.826614 0.017211 -0.480318 0.876893 0.018805 -0.164483 -0.986081 -0.024302 -0.164516 -0.986075 -0.024303 -0.480327 0.876888 0.018782 -0.163888 -0.986180 -0.024302 -0.164489 -0.986080 -0.024293 -0.164489 -0.986080 -0.024293 -0.164561 -0.986068 -0.024302 -0.004114 -0.014222 0.999890 -0.004114 -0.014222 0.999890 -0.004114 -0.014222 0.999890 -0.004114 -0.014222 0.999890 -0.164506 -0.986077 -0.024274 -0.164422 -0.986091 -0.024303 -0.164436 -0.986088 -0.024302 -0.480358 0.876872 0.018770 -0.480328 0.876888 0.018770 -0.480331 0.876886 0.018778 -0.480340 0.876881 0.018780 -0.480288 0.876909 0.018806 -0.480369 0.876865 0.018804 
						-0.164583 -0.986064 -0.024302 -0.480352 0.876875 0.018748 -0.480343 0.876879 0.018802 -0.164287 -0.986113 -0.024326 -0.164541 -0.986070 -0.024326 -0.106902 -0.993975 -0.024216 -0.164501 -0.986077 -0.024326 -0.164468 -0.986082 -0.024326 -0.992925 -0.118106 -0.012267 -0.984615 -0.174446 -0.010056 -0.999487 0.031067 -0.007822 -0.999226 0.039177 0.003467 -0.998428 0.054400 -0.013489 -0.999561 0.029532 0.002386 0.230067 0.969354 -0.086154 0.207075 0.974619 -0.085080 0.248864 0.965393 -0.077996 0.239385 0.968184 -0.072905 0.230348 0.969085 -0.088396 0.999917 -0.009270 0.008922 -0.980235 0.197478 -0.011875 -0.997971 -0.062408 -0.012630 -0.999015 0.034333 -0.028128 -0.998475 -0.051437 -0.020028 0.999915 -0.011192 0.006728 0.999945 -0.009235 0.004954 0.229656 0.970733 -0.070247 0.241057 0.968738 -0.058629 0.230445 0.969511 -0.083329 -0.999917 0.009271 -0.008934 -0.999919 0.009277 -0.008749 -0.999915 0.009274 -0.009149 0.999932 -0.009264 0.007037 0.999946 -0.009203 0.004758 0.999960 -0.005984 0.006694 0.231064 0.972257 -0.036401 0.248500 0.966529 -0.063798 -0.999907 0.009285 -0.010001 -0.999926 0.009265 -0.007889 -0.999952 0.006724 -0.007114 0.210202 0.973762 -0.087189 -0.999175 0.038605 -0.012642 -0.999426 0.032316 -0.010131 -0.999752 0.018072 -0.013001 0.230800 0.971072 -0.061241 -0.994468 -0.104230 -0.013025 0.999933 -0.009231 0.007028 0.999922 -0.009258 0.008390 0.999914 -0.009271 0.009270 0.999936 -0.010120 0.005101 -0.999946 0.009267 -0.004755 -0.984281 -0.176185 -0.012192 -0.989360 -0.145040 -0.011363 -0.989361 -0.145041 -0.011360 -0.989200 -0.146114 -0.011536 -0.999931 0.010813 -0.004533 -0.999949 0.009962 0.001777 -0.986467 -0.163348 -0.014136 -0.988007 -0.153660 -0.015202 -0.991234 -0.131356 -0.014168 -0.984471 -0.174985 -0.014047 -0.999945 0.009261 -0.004954 0.993686 -0.112065 0.005342 0.997698 0.067312 0.008282 
						0.999293 -0.036428 0.009307 0.966725 0.255039 0.019970 0.965251 0.260501 0.020729 0.963787 0.265855 0.020881 0.975151 0.220994 0.015535 -0.989365 -0.145043 -0.010926 0.998555 -0.053295 0.006977 0.993620 0.112005 0.013232 0.996809 0.078807 0.012705 0.986373 0.163797 0.015471 0.976314 0.215663 0.017336 0.982403 0.186204 0.014572 0.997916 -0.063466 0.011676 0.995349 0.093256 0.024171 0.999891 0.010653 0.010184 -0.995850 0.090250 -0.011711 -0.999511 -0.029117 -0.011440 -0.993937 -0.108847 -0.015566 -0.999523 -0.024543 -0.018770 0.999408 -0.032690 0.010701 0.999167 -0.036057 0.019105 0.988273 0.150975 0.022891 0.999931 -0.007629 0.008916 -0.982182 -0.186952 -0.019197 0.998054 0.058802 0.020740 0.999602 0.016018 0.023232 0.982217 0.187352 0.012205 0.983255 0.181812 0.012442 -0.997183 -0.074228 -0.010757 -0.981939 -0.188101 -0.020347 -0.981520 -0.190266 -0.020452 0.989262 0.145522 0.013523 -0.995195 0.096950 -0.013689 0.972648 -0.232240 0.004532 -0.938922 -0.343664 -0.017929 -0.999871 0.011287 -0.011454 -0.997552 -0.069418 -0.008400 -0.982598 -0.185015 -0.016452 -0.984315 -0.175769 -0.015118 -0.998329 -0.052523 -0.024080 0.983185 0.182219 0.012007 0.999089 -0.040331 0.013914 0.998501 0.052943 0.013910 0.999704 0.021717 0.010954 -0.988393 -0.150999 -0.016688 -0.989433 -0.144208 -0.015080 -0.999639 -0.013402 -0.023285 -0.981924 0.188860 -0.012543 0.999101 -0.039993 0.014084 -0.000677 -0.015908 0.999873 -0.000789 -0.015850 0.999874 -0.001695 -0.016943 0.999855 -0.002061 -0.016545 0.999861 0.579804 0.814331 0.026294 0.999807 0.017531 0.008886 0.994957 -0.100149 0.005490 0.999356 0.034784 0.008802 0.999592 0.027271 0.008512 0.999516 -0.030326 0.007009 0.991824 -0.127514 0.005034 -0.973634 -0.227796 -0.012107 -0.998821 -0.047941 -0.007582 -0.993905 -0.109798 -0.009860 -0.999537 -0.029545 -0.007305 
						0.983026 0.183031 0.012655 0.999950 0.005975 0.008070 0.999760 -0.015928 0.015074 0.999779 -0.015878 0.013762 0.999459 0.028296 0.016766 -0.996720 0.080815 -0.004165 -0.997641 -0.068011 -0.009292 -0.999956 -0.005593 -0.007538 -0.962643 0.270772 0.000933 -0.947388 0.320079 0.002363 -0.999850 -0.015836 -0.007067 -0.998005 0.062902 -0.005417 -0.993393 0.114750 -0.001385 -0.993393 0.114755 -0.001381 -0.993389 0.114782 -0.001624 -0.993392 0.114758 -0.001613 -0.999918 0.010222 -0.007746 -0.993870 -0.110022 -0.010840 -0.041622 0.996520 0.072224 0.118591 0.991361 0.056027 -0.175318 0.981417 0.078001 -0.989550 -0.142854 -0.019586 -0.985611 -0.168168 -0.017026 -0.983460 -0.180318 -0.017091 -0.985650 -0.168195 -0.014277 -0.999117 0.041426 -0.006989 -0.999251 0.038037 -0.007079 -0.999619 -0.025909 -0.009479 -0.998975 0.044733 -0.006888 -0.960819 -0.276848 -0.013525 -0.982454 -0.186108 -0.012197 -0.999763 0.020841 -0.006354 0.984235 0.176483 0.011679 0.999967 -0.004458 0.006880 -0.995050 -0.099045 -0.008097 0.984799 0.173394 0.010256 0.998364 0.056697 0.007386 0.998030 0.062262 0.007765 -0.995971 -0.089313 -0.008089 0.983335 0.181389 0.012285 0.985351 0.170148 0.011542 -0.986530 0.163505 -0.004930 -0.995510 0.094513 -0.005283 0.999862 0.012881 0.010459 0.999349 0.033310 0.013824 0.999781 0.016033 0.013487 0.939991 -0.341186 -0.002912 0.939837 -0.341613 -0.002765 0.999864 -0.015152 0.006562 0.994324 -0.106317 0.004139 0.988841 0.148594 0.010645 0.997775 -0.066660 0.000907 0.001830 -0.016030 0.999870 0.000789 -0.015714 0.999876 0.000779 -0.015711 0.999876 0.001821 -0.016027 0.999870 -0.004327 0.014121 0.999891 -0.004335 0.015276 0.999874 -0.004372 0.020287 0.999785 -0.004364 0.019131 0.999807 -0.999913 0.010734 -0.007671 0.002370 -0.015681 0.999874 -0.000073 -0.015130 0.999886 -0.997272 -0.073161 -0.009787 
						-0.991323 -0.130937 -0.011582 -0.983715 0.179728 -0.001432 -0.996769 0.080237 -0.003725 -0.993393 0.114751 -0.001683 -0.993392 0.114755 -0.001676 -0.999268 -0.036395 -0.011756 -0.989096 -0.146504 -0.015027 0.467235 0.868398 0.166062 0.801631 0.596210 0.043834 0.561291 0.818311 0.123777 0.834294 0.530055 0.151639 0.974112 0.225853 0.009817 -0.591628 -0.805788 -0.026101 -0.998455 0.055169 -0.006646 -0.998094 0.061462 -0.005565 -0.996794 -0.078063 -0.017553 -0.996760 -0.078062 -0.019400 -0.996792 -0.078085 -0.017547 0.993892 -0.110217 0.005583 -0.001594 -0.017392 0.999848 -0.001390 -0.017638 0.999843 -0.001853 -0.018311 0.999831 -0.002113 -0.017840 0.999839 -0.991662 -0.126842 -0.022771 -0.998918 -0.040697 -0.022526 -0.998829 -0.042582 -0.022956 0.982581 0.185382 0.012977 0.999924 -0.004031 0.011651 0.999881 0.009243 0.012316 0.965388 -0.260795 0.003494 0.999890 0.009230 0.011616 -0.683133 -0.725638 0.082329 -0.807191 -0.585089 0.078182 -0.583978 -0.804208 0.110540 -0.803193 -0.595493 0.016414 0.191560 0.980431 0.045393 0.395420 0.918309 0.018765 0.419615 0.907036 0.034785 0.999285 0.035450 0.013110 -0.998921 -0.042819 -0.018008 -0.998928 -0.042657 -0.018003 0.992144 -0.125020 0.004439 -0.923818 -0.382261 -0.020912 -0.988915 -0.147653 -0.015667 -0.961091 0.276228 -0.001578 -0.979659 -0.200394 -0.010507 -0.003897 -0.014578 0.999886 -0.003583 -0.015095 0.999880 -0.003277 -0.016871 0.999852 -0.003893 -0.014927 0.999881 -0.004696 -0.031596 0.999490 -0.003979 -0.010197 0.999940 -0.003661 -0.000711 0.999993 -0.004378 -0.022109 0.999746 -0.266458 -0.963542 -0.024242 -0.720336 -0.693342 -0.019832 0.992424 -0.122750 0.005262 0.998550 -0.050187 0.019461 0.998691 -0.048878 0.015098 0.998693 -0.048825 0.015100 0.999538 0.023326 0.019487 -0.993397 0.114726 -0.001082 -0.993385 0.114823 -0.001079 -0.000567 -0.015013 0.999887 
						-0.003163 -0.014433 0.999891 -0.003626 -0.014427 0.999889 -0.002991 -0.014695 0.999887 0.842516 0.537763 0.031287 0.827943 0.559134 0.043356 0.704044 -0.710024 0.013663 0.968559 -0.248783 -0.000276 0.985022 -0.172427 0.000227 0.985023 -0.172423 0.000234 0.993533 -0.113504 0.002936 0.986110 -0.166081 0.001850 -0.996807 -0.078114 -0.016578 -0.913170 0.407540 0.005626 -0.552283 0.832848 0.036724 -0.789473 -0.613773 0.003762 -0.781397 -0.623762 -0.018444 -0.993573 0.113175 -0.002054 0.005146 -0.016073 0.999858 0.000444 -0.015133 0.999885 0.910309 0.413369 0.021545 -0.001156 -0.016990 0.999855 -0.001088 -0.017053 0.999854 0.995402 -0.095351 0.009124 0.029829 0.004940 0.999543 -0.016200 -0.021040 0.999647 -0.025381 -0.026218 0.999334 0.020652 -0.000242 0.999787 -0.990999 -0.133022 -0.015035 0.999760 -0.015916 0.015083 -0.824664 -0.565359 -0.017278 -0.706436 -0.707490 -0.020145 0.985019 -0.172447 0.000179 0.985024 -0.172414 -0.000329 0.985025 -0.172412 -0.000329 0.985024 -0.172420 -0.000049 0.229278 0.972117 0.049186 -0.003584 -0.018844 0.999816 -0.003983 -0.015367 0.999874 -0.999752 -0.022032 -0.003153 0.998602 -0.048986 0.019856 -0.685841 -0.716964 0.124836 -0.854327 -0.506031 0.118570 0.851423 -0.522802 0.041909 0.911705 -0.407964 0.048572 -0.993320 0.115352 -0.003096 0.985024 -0.172417 -0.000045 0.985023 -0.172426 0.000168 0.603996 0.796690 0.021774 0.876861 0.468859 0.106237 0.821504 0.569939 0.017337 -0.896182 -0.443442 -0.014707 -0.002451 -0.017983 0.999835 -0.002935 -0.016889 0.999853 0.841941 -0.539493 -0.009104 0.829022 0.558954 0.017108 0.995853 -0.090816 0.005369 0.002090 -0.014968 0.999886 -0.002578 -0.014407 0.999893 0.215679 0.975352 0.046604 0.230928 0.971858 0.046523 -0.997914 -0.063183 -0.013236 0.005938 -0.003684 0.999976 -0.003005 -0.013059 0.999910 -0.004113 -0.014221 0.999891 
						-0.003449 -0.004333 0.999985 0.166545 0.984923 0.046789 0.143712 0.988511 0.046834 0.990138 -0.140084 0.001482 -0.977178 0.199996 0.071582 -0.952316 0.301579 0.046311 0.963869 0.266161 0.010710 0.884999 0.465347 0.015116 0.002256 -0.014949 0.999886 -0.036878 -0.010471 0.999265 -0.040315 -0.010076 0.999136 -0.001184 -0.014556 0.999893 -0.841031 0.540910 0.009124 0.030389 0.999249 0.024035 -0.531771 0.846698 0.017950 -0.626879 0.778957 0.015781 -0.689594 0.724080 -0.012942 -0.534112 0.845183 0.019736 -0.562902 0.826305 0.019004 -0.029878 -0.999238 -0.025112 -0.054022 -0.998222 -0.025172 -0.072189 -0.997087 -0.024607 -0.298633 0.954073 0.023715 -0.313311 0.949309 0.025450 -0.467140 0.883992 0.018400 -0.519992 0.853980 0.018066 -0.717283 0.696653 0.013415 -0.751892 0.659170 0.012362 -0.348408 0.937112 0.020827 -0.844351 0.535714 0.008993 -0.079625 0.996549 0.023458 -0.563877 0.825680 0.017185 -0.027363 -0.999316 -0.024886 0.386683 -0.922208 -0.002854 -0.304260 -0.952487 -0.013908 -0.017650 -0.999516 -0.025616 0.051736 -0.998416 -0.022111 0.110195 -0.993511 -0.028167 0.103833 -0.994196 -0.028164 0.083900 -0.996076 -0.028184 -0.002380 -0.999666 -0.025719 -0.678148 0.734718 0.017461 -0.810437 0.585686 0.012791 -0.678151 0.734716 0.017430 0.154133 -0.987642 -0.028413 0.154161 -0.987656 -0.027752 0.154108 -0.987645 -0.028412 -0.508703 0.860708 0.020076 -0.674607 0.737996 0.016353 0.154129 -0.987618 -0.029227 0.154104 -0.987671 -0.027548 -0.678168 0.734699 0.017480 -0.678092 0.734769 0.017482 -0.557224 0.830319 -0.008437 -0.574124 0.818721 -0.008771 -0.289681 -0.956818 -0.024182 0.231769 -0.972517 -0.022203 0.205349 -0.978431 -0.022464 0.098529 -0.994764 -0.027144 -0.715252 0.698737 0.013475 -0.699331 0.714662 0.013928 0.112473 -0.993284 -0.027124 0.109680 -0.993589 -0.027416 -0.445816 -0.894811 -0.023689 
						-0.321731 -0.946515 -0.024474 0.142123 -0.989581 -0.023021 0.182226 -0.982995 -0.022680 -0.850631 0.525690 0.008725 0.050421 -0.998427 -0.024524 0.189771 -0.981435 -0.027779 0.255047 -0.966569 -0.026362 0.235702 -0.971573 -0.022163 -0.678142 0.734675 0.019414 -0.678148 0.734710 0.017787 -0.678156 0.734703 0.017790 -0.609734 0.792381 0.018883 -0.678138 0.734767 0.015731 0.154180 -0.987665 -0.027329 0.154116 -0.987669 -0.027524 0.154058 -0.987684 -0.027330 0.571023 -0.820789 -0.015412 -0.124327 -0.991933 -0.024735 -0.165607 -0.985891 -0.024337 0.617546 -0.786372 -0.016012 0.244146 0.969434 0.024290 
					</float_array>
					<technique_common>
						<accessor count="2069" offset="0" source="#meshId7-tangents-array" stride="3">
							<param name="X" type="float" />
							<param name="Y" type="float" />
							<param name="Z" type="float" />
						</accessor>
					</technique_common>
				</source>
				<source id="meshId7-bitangents" name="meshId7-bitangents">
					<float_array id="meshId7-bitangents-array" count="6207"> 
						0.137670 0.990201 -0.023432 -0.126332 0.968675 -0.213797 0.010368 0.979540 -0.200982 0.173292 0.984560 -0.024747 0.076661 0.985545 -0.151078 0.184512 0.982828 0.002027 0.172567 0.956655 0.234589 0.160203 0.971977 0.172032 0.179069 0.977374 0.112578 0.182666 0.976817 0.111634 -0.151445 0.850105 0.504366 0.012746 0.957317 0.288760 -0.381444 0.735200 0.560340 -0.110623 0.928686 0.353984 -0.106802 0.961897 -0.251688 -0.388452 0.783720 -0.484653 -0.134991 0.869843 -0.474500 0.028894 0.967634 -0.250697 0.177324 0.968279 -0.176045 0.174623 0.978397 -0.110659 0.172361 0.983685 -0.051525 0.163151 0.985459 -0.047464 0.148756 0.988532 0.026014 0.044197 0.982742 0.179626 -0.017488 0.976080 0.216706 0.148349 0.987915 0.044895 -0.130620 0.957696 0.256433 0.136187 0.987254 0.082356 -0.261973 0.900758 -0.346417 -0.070473 0.943555 -0.323632 0.209339 0.977310 -0.032285 0.173457 0.975747 0.133528 -0.080927 0.764147 0.639945 -0.207725 0.684940 0.698361 -0.471212 0.486481 0.735728 -0.482319 0.531240 -0.696529 -0.195009 0.712184 -0.674362 -0.072314 0.793498 -0.604262 0.177810 0.980563 0.082944 0.164373 0.983514 -0.075377 -0.094594 0.935155 0.341376 -0.267520 0.888317 0.373263 -0.358171 0.834445 -0.418826 -0.163081 0.900387 -0.403370 0.131078 0.982171 -0.134754 0.163819 0.986392 -0.013963 -0.104753 0.654819 0.748491 -0.216560 0.538480 0.814335 -0.431151 0.271968 0.860315 -0.444493 0.312459 -0.839521 -0.197048 0.564127 -0.801831 -0.090144 0.684257 -0.723648 0.118755 0.974325 0.191280 0.156867 0.984882 0.073482 -0.181609 0.886156 0.426316 -0.367106 0.830259 0.419408 -0.304279 0.894326 -0.328018 -0.158273 0.937647 -0.309463 0.109823 0.987182 -0.115801 0.191744 0.980854 -0.034043 -0.073370 0.586208 0.806832 -0.163071 0.443130 0.881501 -0.329882 0.134686 0.934365 -0.333484 0.166590 -0.927920 
						-0.162764 0.474844 -0.864888 -0.071986 0.619247 -0.781889 0.092236 0.972938 0.211857 0.163331 0.977883 0.130644 -0.162854 0.914065 0.371435 -0.312782 0.899187 0.305991 0.074778 0.993583 -0.084855 0.358107 0.931821 0.058898 0.028231 0.984643 -0.172279 0.338069 0.918640 0.204473 -0.194409 0.970311 0.143882 -0.443398 0.633607 0.633988 -0.151655 0.412135 0.898413 -0.227982 0.049187 0.972422 -0.221260 0.075044 -0.972323 -0.118934 0.413122 -0.902876 -0.246528 0.616694 -0.747604 0.334889 0.933212 -0.130247 -0.314259 0.947340 -0.061553 0.033867 0.964017 0.263675 0.358015 0.933700 0.005473 0.074600 0.994439 0.074334 0.443899 0.895294 0.037439 0.561127 0.815557 0.141432 0.334513 0.922842 0.190955 0.405714 0.861320 0.305817 0.488415 0.676409 0.551291 -0.544147 0.663526 0.513455 0.066701 0.605786 0.792826 -0.080579 0.162591 0.983398 -0.108467 0.006366 0.994080 -0.121438 0.034814 -0.991988 -0.089629 0.190548 -0.977578 -0.188760 0.625338 -0.757180 -0.584279 0.597749 -0.548921 0.707312 0.701797 -0.084792 0.417332 0.876963 -0.238266 0.506953 0.698802 -0.504653 0.551074 0.800415 -0.235908 0.624538 0.763248 -0.165544 0.550417 0.833287 -0.051714 0.444154 0.895821 -0.015231 0.669901 0.400055 0.625451 0.372880 0.476345 0.796277 0.118103 0.517563 0.847455 0.349182 0.514719 0.783030 0.046584 0.139567 0.989116 -0.020833 -0.010441 0.999728 -0.021411 0.014639 -0.999664 0.069217 0.304874 -0.949874 0.105142 0.536187 -0.837525 0.473697 0.454125 -0.754574 0.864610 0.225646 -0.448924 0.702129 0.349477 -0.620387 0.171100 0.478025 0.861520 0.165559 0.320163 0.932784 0.155662 -0.007825 0.987779 0.154522 0.015686 -0.987865 0.169891 0.345451 -0.922930 0.158843 0.503648 -0.849180 0.112197 0.507408 -0.854371 0.324642 0.490388 0.808781 0.414957 0.352662 0.838714 0.600399 0.110285 0.792060 
						0.419484 0.090233 -0.903267 0.424140 0.375091 -0.824265 0.318348 0.518916 -0.793335 0.329562 0.593164 0.734537 0.599120 0.505379 0.621005 0.911297 0.352555 -0.212701 0.908360 0.351522 -0.226528 0.673420 0.521301 -0.524166 0.340996 0.620608 -0.706093 0.409711 0.692319 0.593996 0.374530 0.691476 0.617728 0.126719 0.988176 0.086321 0.097289 0.992015 0.080256 0.137987 0.977148 0.161682 0.187356 0.973778 0.129053 -0.899937 0.133786 0.414988 -0.835950 0.166597 0.522908 -0.374306 0.153816 0.914459 -0.438145 0.069687 0.896199 0.394592 0.718037 -0.573340 0.387745 0.715353 -0.581313 0.446369 0.870167 0.208721 0.243037 0.926082 0.288627 0.261263 0.858856 0.440578 0.242550 0.946902 0.211060 0.188499 0.970090 -0.152949 0.162075 0.982526 -0.091510 0.178976 0.981765 -0.064069 0.235573 0.958522 -0.160437 0.404962 0.815066 0.414335 0.389620 0.817970 0.423227 0.035724 0.009162 -0.999320 0.045295 0.042302 -0.998078 -0.004520 -0.018723 -0.999815 -0.027558 0.012722 -0.999539 -0.779044 0.170136 -0.603444 -0.753017 0.090835 -0.651702 -0.481670 0.117481 -0.868442 -0.453998 0.221231 -0.863101 0.396190 0.837350 -0.376668 0.391715 0.833616 -0.389415 0.186174 0.962544 -0.197098 0.166290 0.983144 -0.076004 0.160499 0.986020 -0.044774 0.187091 0.945568 -0.266266 0.286969 0.915176 0.283021 0.220965 0.897840 0.380865 0.116384 0.993191 -0.005157 0.091521 0.995783 0.006262 0.012713 0.999887 -0.007979 0.128000 0.991606 -0.018234 0.227477 0.916450 -0.329202 0.283269 0.929388 -0.236637 0.171660 0.982212 0.076107 0.168713 0.978396 0.119489 0.215010 0.975448 0.047666 0.336313 0.807747 0.484188 0.301250 0.708174 -0.638544 0.215034 0.969258 -0.119580 0.182133 0.982843 -0.029125 0.161040 0.986730 -0.020726 0.174928 0.984580 -0.001845 -0.028882 0.975428 -0.218418 -0.157901 0.945815 -0.283727 
						-0.165613 0.948749 0.269160 -0.033086 0.959145 0.280974 0.176075 0.982686 0.057674 0.109940 0.992767 0.048245 0.215805 0.976198 -0.021589 0.161814 0.985739 0.046216 -0.144973 0.875088 -0.461739 -0.368168 0.764252 -0.529500 -0.384711 0.761729 0.521312 -0.152558 0.848012 0.507545 0.231048 0.970691 0.066146 0.550554 0.773754 0.313361 0.635706 0.717811 0.283945 0.254471 0.966048 -0.044675 0.080576 0.996555 0.019631 -0.218346 0.739500 -0.636761 -0.353438 0.647055 -0.675575 -0.384567 0.636349 0.668706 -0.225360 0.707923 0.669371 0.261419 0.962406 0.073725 0.087221 0.996187 0.002065 0.146107 0.989264 -0.003035 0.512841 0.230789 0.826880 0.488476 0.328109 0.808539 0.606131 0.362212 0.708102 0.622164 0.284486 0.729370 0.465233 0.359562 0.808871 0.575900 0.402349 0.711655 0.294443 0.951983 -0.083858 0.162742 0.986655 -0.005210 -0.206198 0.636625 -0.743096 -0.343061 0.518150 -0.783472 -0.371257 0.501369 0.781535 -0.371202 0.500831 0.781906 -0.088287 0.717152 0.691302 0.306237 0.947129 0.095733 0.610707 0.387222 -0.690721 0.490249 0.355719 -0.795688 0.514465 0.257156 -0.818044 0.626768 0.308669 -0.715461 0.025417 -0.020951 0.999457 0.002633 -0.013716 0.999903 0.095104 0.297090 0.950101 0.152163 0.287945 0.945481 0.140768 0.486493 0.862270 0.209626 0.470100 0.857358 0.272340 0.953217 -0.131182 0.292441 0.956275 -0.004124 -0.157994 0.547249 -0.821923 -0.275755 0.405181 -0.871658 -0.304709 0.352912 0.884650 -0.315786 0.358939 0.878318 -0.061462 0.631013 0.773333 0.286646 0.948288 0.136321 0.304166 0.952525 0.013408 0.157163 0.987517 0.010523 0.168414 0.516109 -0.839803 0.162623 0.514685 -0.841815 0.102388 0.324850 -0.940207 0.118918 0.328376 -0.937031 -0.001013 0.013318 -0.999911 -0.000851 0.013617 -0.999907 -0.076834 0.003615 0.997037 0.030916 0.308118 0.950846 
						0.084993 0.487313 0.869081 0.265172 0.948397 -0.173861 0.263428 0.964679 -0.000296 -0.068541 0.460711 -0.884900 -0.153435 0.317230 -0.935854 -0.212018 0.255652 0.943234 -0.225935 0.260885 0.938559 -0.013200 0.567971 0.822943 0.256943 0.943047 0.211290 0.268251 0.963154 0.019415 0.067064 0.526407 -0.847584 0.016518 0.343243 -0.939101 -0.085832 0.033471 -0.995747 -0.166034 0.035050 0.985497 -0.047913 0.312366 0.948753 0.008358 0.479677 0.877405 0.259792 0.918380 -0.298475 0.284922 0.958550 0.000439 -0.004086 0.380151 -0.924915 -0.092192 0.240425 -0.966280 -0.119462 0.207246 0.970967 -0.125213 0.208983 0.969870 0.057962 0.526126 0.848429 0.271673 0.906308 0.323726 0.281850 0.958775 0.036220 0.015458 0.509790 -0.860160 -0.051312 0.341549 -0.938462 -0.168579 0.060623 -0.983822 -0.101099 0.001893 0.994875 -0.027601 0.300848 0.953273 0.014901 0.479922 0.877184 0.250486 0.938679 -0.236935 0.229544 0.973292 -0.003402 0.140485 0.347308 -0.927168 0.047222 0.005599 -0.998869 0.015958 -0.016858 0.999731 0.112030 0.321487 0.940263 0.251153 0.926162 0.281330 0.247975 0.967662 0.046243 0.041172 0.506853 -0.861049 -0.007525 0.325897 -0.945375 -0.083830 0.024702 -0.996174 0.083420 -0.011346 0.996450 0.089225 0.309449 0.946721 0.104388 0.493379 0.863528 0.186150 0.936000 -0.298751 0.158724 0.987317 0.003416 0.246054 0.339576 -0.907825 0.258284 0.016275 -0.965932 0.229725 -0.007429 0.973227 0.229804 0.312751 0.921616 0.197991 0.915514 0.350191 0.170677 0.983830 0.054286 0.118039 0.523448 -0.843842 0.102025 0.337093 -0.935927 0.096317 0.013789 -0.995255 0.280028 0.031157 0.959486 0.219929 0.324739 0.919878 0.197210 0.503301 0.841306 0.162354 0.939369 -0.302037 0.139223 0.990105 0.017586 0.331825 0.361631 -0.871272 0.397809 0.063026 -0.915301 0.367017 0.039268 0.929385 
						0.309657 0.335836 0.889565 0.151976 0.920025 0.361189 0.124814 0.990958 0.049224 0.202269 0.531984 -0.822241 0.226670 0.349340 -0.909165 0.291477 0.052404 -0.955141 0.480623 0.148221 0.864310 0.369221 0.389169 0.843933 0.306819 0.543073 0.781622 0.129410 0.991327 0.022863 0.126365 0.991721 0.022817 0.375837 0.557176 -0.740474 0.431982 0.426001 -0.794931 0.551814 0.174228 -0.815565 0.511650 0.149414 0.846102 0.413067 0.402072 0.817138 0.360026 0.529214 0.768319 0.120007 0.991519 0.049886 0.130396 0.990188 0.050239 0.317275 0.571363 -0.756889 0.386801 0.414114 -0.823951 0.515611 0.173570 -0.839058 0.613432 0.348844 0.708526 0.475138 0.530588 0.701941 0.384620 0.646434 0.658931 0.125392 0.991818 0.023965 0.125413 0.991817 0.023908 0.429885 0.651645 -0.624947 0.505341 0.549484 -0.665356 0.662630 0.357917 -0.657889 0.617686 0.326594 0.715402 0.491662 0.524930 0.694778 0.133723 0.939026 0.316777 0.114793 0.991863 0.055055 0.385392 0.674725 -0.629460 0.481402 0.553555 -0.679579 0.645428 0.374340 -0.665802 0.626987 0.581307 0.518622 0.486481 0.703846 0.517626 0.388676 0.779495 0.491242 0.137668 0.975921 -0.169189 0.130049 0.991004 0.031588 0.497611 0.727722 -0.472020 0.661754 0.610762 -0.434800 0.621591 0.571838 0.535375 0.493971 0.709161 0.503073 0.142610 0.962409 0.231153 0.122002 0.991889 0.035673 0.381159 0.801859 -0.460153 0.485753 0.721594 -0.493302 0.651505 0.605172 -0.457502 0.530895 0.774936 0.342964 0.422802 0.837681 0.345730 0.344403 0.874597 0.341271 0.109246 0.993588 0.029141 0.132492 0.981167 0.140561 0.298807 0.939118 -0.169623 0.400451 0.907712 -0.125289 0.386706 0.883159 0.265499 0.308799 0.928620 0.205687 0.123257 0.991734 0.035669 0.131739 0.988819 -0.069873 0.326919 0.893564 -0.307681 0.412267 0.852869 -0.320392 
						0.544031 0.792351 -0.276062 0.372665 0.911513 0.173966 0.322559 0.929079 0.181017 0.284361 0.937998 0.198237 0.119636 0.981458 0.149761 0.157909 0.977040 0.143030 0.098398 0.986790 0.128696 0.064948 0.982218 0.176151 0.068275 0.996112 -0.055665 0.113928 0.990225 -0.080460 0.137226 0.987366 -0.079230 0.142543 0.987386 -0.068920 0.252798 0.953320 -0.165146 0.303283 0.940397 -0.153861 0.377986 0.919865 -0.104766 0.185654 0.926945 0.326044 0.188578 0.948192 0.255676 0.233308 0.883997 0.405112 0.240108 0.862481 0.445506 0.160604 0.982233 0.097080 0.175860 0.976251 0.126520 0.225290 0.916174 -0.331465 0.237118 0.906128 -0.350295 -0.254444 -0.057145 0.965398 -0.326611 -0.070280 0.942542 -0.381494 -0.090970 0.919884 -0.280888 -0.070093 0.957177 -0.349545 -0.677618 -0.647033 -0.332617 -0.643081 -0.689792 -0.190067 -0.767428 -0.612314 -0.195349 -0.792311 -0.577998 -0.003285 -0.017208 0.999847 -0.004927 -0.017974 0.999826 -0.004927 -0.017974 0.999826 -0.003274 -0.017216 0.999846 0.000009 0.190313 0.981723 0.026754 0.286285 0.957771 0.017617 0.200840 0.979466 -0.001529 0.114943 0.993371 -0.069680 0.280103 -0.957438 -0.044761 0.177955 -0.983020 -0.028310 0.059186 -0.997845 -0.076556 0.153989 -0.985102 0.010110 0.083290 0.996474 0.013746 0.085737 0.996223 0.017812 0.108177 0.993972 0.006142 0.061165 0.998109 -0.037689 0.053279 -0.997868 0.033970 -0.034226 -0.998837 0.083399 -0.058564 -0.994794 0.015669 -0.003100 -0.999872 0.214218 0.187051 0.958709 0.286843 0.147296 0.946586 0.288574 0.148261 0.945909 0.250421 0.220523 0.942687 0.124311 -0.056907 -0.990610 0.066181 -0.024860 -0.997498 -0.006304 -0.015889 0.999854 -0.005941 -0.015070 0.999869 -0.005940 -0.015071 0.999869 -0.006299 -0.015888 0.999854 0.145015 -0.037174 -0.988731 0.103658 -0.022788 -0.994352 0.195664 0.655785 0.729152 
						0.253520 0.390576 0.884974 0.157097 0.238950 0.958240 0.133444 0.451026 0.882478 0.138823 -0.019194 -0.990131 0.122063 -0.015247 -0.992405 0.670684 0.741452 0.020759 -0.301454 -0.292544 0.907493 -0.395021 -0.226889 0.890213 -0.417900 -0.209766 0.883944 0.576342 0.816909 0.022138 0.444087 0.895677 0.023425 0.557333 0.829988 0.022365 0.646228 0.762851 0.021160 0.670684 0.741453 0.020759 0.128970 -0.014345 -0.991545 0.125958 -0.013704 -0.991941 0.003157 0.065434 0.997852 0.001764 0.085984 0.996295 0.000270 0.061249 0.998122 0.002746 0.060176 0.998184 -0.119158 0.257182 -0.958988 -0.058079 0.210124 -0.975948 0.036630 -0.086958 -0.995538 0.075048 -0.126351 -0.989143 -0.008228 -0.017251 0.999817 -0.007465 -0.015960 0.999845 -0.007457 -0.015957 0.999845 -0.008228 -0.017251 0.999817 -0.143583 0.338395 -0.929985 0.098988 -0.202621 -0.974241 0.659190 0.031456 0.751318 0.648938 0.030679 0.760222 0.107847 -0.007017 0.994143 0.120805 -0.006172 0.992657 0.961641 0.274096 0.010894 0.958176 0.285961 0.011162 0.957776 0.287298 0.011193 0.046747 0.195001 -0.979688 0.044479 0.185381 -0.981660 -0.025060 -0.109429 -0.993679 -0.022798 -0.099841 -0.994742 0.013929 0.127308 0.991765 0.058174 0.184273 0.981152 0.068642 0.218737 0.973366 0.011365 0.107374 0.994154 -0.498797 -0.168075 -0.850266 -0.628212 -0.121690 -0.768467 0.648801 0.145234 -0.746970 0.545097 0.205881 -0.812700 -0.006019 -0.015289 0.999865 -0.006320 -0.016044 0.999851 -0.006324 -0.016044 0.999851 -0.006019 -0.015288 0.999865 -0.721170 -0.082671 -0.687808 0.731522 0.102647 -0.674047 0.019624 0.268612 0.963049 0.068179 0.589345 0.805000 0.050914 0.439753 0.896675 0.009173 0.144453 0.989469 -0.420352 -0.262768 -0.868480 -0.403196 -0.251502 -0.879875 0.470238 0.314703 -0.824523 0.453422 0.303943 -0.837871 -0.005909 -0.014522 0.999877 
						-0.005863 -0.014573 0.999877 -0.005864 -0.014573 0.999877 -0.005908 -0.014522 0.999877 -0.788312 -0.013089 -0.615136 -0.715130 -0.009886 -0.698921 0.661475 0.028840 -0.749412 0.575584 0.027426 -0.817283 0.003537 0.070102 0.997534 0.002629 0.051538 0.998668 0.002268 0.048502 0.998821 0.003449 0.068626 0.997636 -0.003117 -0.016009 0.999867 -0.003115 -0.016014 0.999867 -0.843635 0.280512 0.457814 -0.888453 0.145020 0.435454 0.495193 -0.097378 0.863308 0.473591 -0.175215 0.863141 0.781968 0.596749 0.180049 0.774360 0.590397 0.227593 0.236621 0.170586 0.956510 0.265596 0.192904 0.944588 0.005867 0.344873 0.938631 -0.009728 0.459509 0.888120 -0.009453 0.458787 0.888496 0.001872 0.200881 0.979614 0.993234 0.082372 0.081863 0.999531 0.010276 -0.028860 0.987984 0.011967 -0.154095 0.996188 0.084095 -0.023162 -0.373055 0.397880 -0.838166 0.319029 -0.310529 -0.895428 -0.483670 0.627375 0.610297 -0.740075 0.440211 0.508432 -0.254673 0.138690 0.957030 -0.493727 0.644178 0.584181 -0.612839 0.683669 0.396264 -0.599472 0.667745 0.441306 0.035940 -0.059350 0.997590 0.011476 -0.031795 0.999429 0.136191 0.419186 0.897628 0.070520 0.465806 0.882072 0.033336 0.227421 0.973226 0.086699 0.264374 0.960515 0.988682 -0.057191 -0.138699 0.984242 -0.039357 -0.172394 0.932340 -0.036404 -0.359746 0.988919 -0.029290 -0.145538 0.841607 -0.027723 -0.539379 0.650740 -0.002556 -0.759296 0.496122 -0.854183 0.155670 0.498133 -0.854449 0.147581 0.630986 -0.769416 0.099281 0.627942 -0.769263 0.117997 0.923837 0.272234 0.269099 0.947912 -0.002572 0.318523 0.908285 -0.003712 0.418335 0.885898 0.259175 0.384724 0.775241 -0.630844 0.032199 0.772061 -0.631472 0.071868 0.904646 -0.228959 0.359436 0.881152 -0.236289 0.409558 0.809481 -0.220454 0.544188 0.845406 -0.215509 0.488718 0.877314 -0.476376 -0.058194 
						0.877309 -0.479653 0.016164 0.003210 0.846561 0.532283 0.003077 0.835936 0.548819 0.002580 0.794579 0.607156 0.002714 0.805999 0.591911 0.899533 0.379803 0.215849 0.884472 0.404370 0.232795 0.857908 0.391035 0.333296 0.884586 0.372641 0.280440 0.933736 -0.313344 -0.173070 0.945777 -0.321103 -0.048984 0.883307 -0.190815 0.428204 0.761813 -0.167986 0.625636 0.950944 -0.152001 -0.269444 0.979355 -0.160504 -0.122888 0.980702 0.086300 0.175429 0.992633 0.088666 0.082574 0.932572 0.002388 -0.360975 0.981666 -0.001830 -0.190600 -0.866825 0.112288 0.485804 0.453021 -0.075577 0.888291 -0.734492 0.059900 -0.675969 -0.713216 0.088575 -0.695325 0.824206 -0.080364 -0.560559 0.786361 -0.044697 -0.616149 0.413935 -0.543696 0.730104 0.318660 -0.498808 0.806006 0.166281 -0.270935 0.948127 0.201291 -0.275430 0.940011 -0.391195 -0.234545 -0.889919 -0.378806 -0.226703 -0.897280 0.495563 0.319656 -0.807612 0.483772 0.312391 -0.817543 0.909847 0.414706 0.014021 0.987194 0.159309 0.008259 0.987190 0.159333 0.008267 0.909583 0.415285 0.014037 0.096845 -0.307615 0.946570 0.095998 -0.237394 0.966658 0.075950 -0.194139 0.978029 0.055805 -0.189182 0.980355 -0.672732 0.313173 -0.670339 0.682026 -0.295827 -0.668825 0.429316 -0.902940 -0.019665 0.429316 -0.902940 -0.019665 0.429316 -0.902940 -0.019658 0.429316 -0.902940 -0.019658 0.729540 -0.373122 0.573194 0.696143 -0.384293 0.606386 0.556554 -0.311738 0.770108 0.601778 -0.312049 0.735180 0.002141 0.160785 -0.986987 0.002510 0.133920 -0.990989 0.005440 -0.088340 -0.996076 0.005098 -0.061548 -0.998091 0.020322 0.999505 0.024001 0.704496 0.709422 0.020143 0.703722 0.710189 0.020157 0.020075 0.999511 0.023988 -0.003157 0.411442 -0.911431 -0.003772 0.267884 -0.963444 0.996249 -0.086504 0.002426 0.972982 -0.230879 -0.001136 0.972946 -0.231032 -0.001138 
						0.996249 -0.086504 0.002420 0.637635 -0.432638 0.637374 0.541049 -0.511659 0.667436 0.302263 -0.294948 0.906445 0.449014 -0.310868 0.837704 0.123196 0.520566 -0.844887 0.078624 0.345205 -0.935228 0.234739 -0.442813 0.865340 0.133147 -0.388873 0.911619 0.068976 -0.213554 0.974493 0.129983 -0.255181 0.958116 0.292488 0.582472 -0.758404 0.195052 0.397684 -0.896550 0.999973 -0.005893 0.004318 0.999973 -0.005893 0.004356 0.999973 -0.005889 0.004356 0.999973 -0.005889 0.004309 0.870524 -0.127840 0.475231 0.734846 -0.112243 0.668882 0.476299 0.583881 -0.657436 0.333204 0.416478 -0.845885 -0.004121 -0.014218 0.999890 -0.004126 -0.014214 0.999890 -0.004126 -0.014214 0.999890 -0.004126 -0.014216 0.999890 0.646784 0.527774 -0.550567 0.478765 0.397973 -0.782560 0.786855 0.427780 -0.444819 0.619277 0.343411 -0.706091 0.889467 0.298720 -0.345853 0.764426 0.262361 -0.588915 0.834671 -0.033454 0.549732 0.747170 -0.032411 0.663842 0.952284 0.152572 -0.264341 0.871893 0.144378 -0.467929 0.014129 0.999844 0.010553 0.014063 0.999852 0.009936 0.013964 0.999841 0.011058 0.014064 0.999837 0.011363 -0.017832 -0.152727 0.988108 0.006917 -0.117655 0.993030 -0.017588 -0.150288 0.988486 0.000714 -0.068588 0.997645 0.450989 -0.875800 0.171998 0.451334 -0.876456 0.167695 -0.003752 -0.014114 0.999893 -0.004118 -0.014223 0.999890 -0.004116 -0.014222 0.999890 -0.003749 -0.014112 0.999893 0.014152 0.999868 0.007941 0.014155 0.999861 0.008800 -0.004117 -0.014223 0.999890 -0.004122 -0.014224 0.999890 -0.004122 -0.014224 0.999890 -0.004117 -0.014223 0.999890 -0.004133 -0.014218 0.999890 -0.004649 -0.014222 0.999888 -0.004649 -0.014222 0.999888 -0.004133 -0.014218 0.999890 0.013922 0.999075 0.040680 0.014015 0.999540 0.026901 0.014021 0.999109 0.039813 -0.004129 -0.014221 0.999890 -0.004120 -0.014220 0.999890 
						-0.004119 -0.014220 0.999890 -0.004122 -0.014221 0.999890 0.014218 0.999091 0.040177 0.013860 0.999044 0.041455 0.013856 0.998998 0.042567 0.013879 0.999041 0.041519 -0.004118 -0.014223 0.999890 -0.004119 -0.014225 0.999890 -0.004119 -0.014225 0.999890 -0.004119 -0.014224 0.999890 -0.017041 -0.003987 0.999847 -0.004136 -0.014215 0.999890 -0.004135 -0.014215 0.999890 -0.001601 -0.016224 0.999867 -0.004245 -0.014245 0.999889 -0.004245 -0.014245 0.999890 -0.980187 0.196661 0.023634 -0.949392 0.314070 0.003937 -0.949406 0.314036 0.003079 -0.980370 0.197165 0.000915 -0.046155 0.998771 0.018075 0.074628 0.997084 0.015973 0.076037 0.996989 0.015230 -0.045400 0.998843 0.015847 -0.976863 0.205835 0.058059 -0.972544 0.232395 0.012310 -0.008946 0.031270 0.999471 -0.004200 -0.013256 0.999903 -0.004119 -0.014215 0.999891 -0.004121 -0.014212 0.999891 -0.004129 -0.014202 0.999891 -0.004118 -0.014217 0.999890 -0.618369 0.785882 0.002907 -0.857231 0.514926 -0.002565 -0.858063 0.513522 -0.004851 -0.619565 0.784929 0.005035 -0.004122 -0.014203 0.999891 -0.004116 -0.014211 0.999891 -0.004118 -0.014201 0.999891 -0.004120 -0.014206 0.999891 -0.127243 0.991850 0.006470 -0.072840 0.997280 0.011294 -0.072913 0.996832 0.031763 -0.126191 0.991873 0.016213 -0.004135 -0.014213 0.999890 -0.004134 -0.014210 0.999891 -0.004134 -0.014210 0.999891 -0.004135 -0.014213 0.999890 -0.992442 0.122515 0.007054 -0.988659 0.150160 -0.002176 -0.988551 0.150531 -0.010374 -0.992388 0.122757 -0.009866 -0.004115 -0.014214 0.999891 -0.004114 -0.014207 0.999891 -0.004114 -0.014213 0.999891 -0.004115 -0.014210 0.999891 -0.575957 0.817263 0.018846 -0.251219 0.967763 0.018013 -0.249782 0.968156 0.016802 -0.574063 0.818700 0.013457 -0.004132 -0.014208 0.999891 -0.004128 -0.014207 0.999891 -0.004122 -0.014213 0.999891 -0.004132 -0.014208 0.999891 
						-0.004127 -0.014202 0.999891 -0.004125 -0.014200 0.999891 -0.004121 -0.014209 0.999891 -0.004131 -0.014195 0.999891 -0.578688 0.815549 -0.000847 -0.495823 0.868422 0.001588 -0.494865 0.868967 0.002061 -0.578705 0.815536 0.000984 -0.004133 -0.014220 0.999890 -0.004136 -0.014214 0.999890 -0.004136 -0.014214 0.999890 -0.004133 -0.014220 0.999890 -0.884645 0.466212 0.007006 -0.580967 0.813775 0.015740 -0.579284 0.814882 0.019937 -0.883907 0.467623 0.006094 -0.004114 -0.014212 0.999891 -0.004114 -0.014215 0.999891 -0.498454 0.866911 0.003046 -0.498481 0.866873 0.006915 -0.427189 0.903957 0.019284 -0.427181 0.903763 0.027009 -0.732506 0.680463 0.020106 -0.732528 0.680654 0.010613 0.057867 -0.997987 -0.025965 0.208870 -0.977723 -0.020771 0.156967 -0.987295 -0.024692 0.007416 -0.999610 -0.026923 -0.942564 0.333929 -0.007986 -0.942491 0.333980 -0.012942 -0.004123 -0.014222 0.999890 -0.004123 -0.014222 0.999890 -0.004114 -0.014222 0.999890 -0.004114 -0.014222 0.999890 -0.004116 -0.014224 0.999890 -0.004114 -0.014222 0.999890 -0.971147 0.235268 0.039028 -0.936010 0.351686 0.014202 -0.955940 0.291106 0.037900 -0.004109 -0.014220 0.999890 -0.004110 -0.014220 0.999890 -0.004117 -0.014223 0.999890 -0.004117 -0.014223 0.999890 -0.004116 -0.014225 0.999890 -0.004114 -0.014221 0.999890 -0.004114 -0.014221 0.999890 -0.004113 -0.014220 0.999890 -0.004112 -0.014219 0.999890 -0.004114 -0.014221 0.999890 -0.004114 -0.014221 0.999890 -0.004115 -0.014221 0.999890 -0.989201 0.146096 0.011704 -0.985822 0.159572 0.051873 -0.987714 0.147524 0.051561 -0.989962 0.140887 0.011257 -0.004115 -0.014222 0.999890 -0.004114 -0.014221 0.999890 -0.004111 -0.014220 0.999891 -0.004115 -0.014222 0.999890 -0.004114 -0.014218 0.999890 -0.004113 -0.014220 0.999890 -0.004115 -0.014222 0.999890 -0.004114 -0.014219 0.999890 0.388254 0.921420 0.015637 
						0.617343 0.786484 0.018179 0.618709 0.785392 0.018905 0.389557 0.920842 0.017167 -0.004114 -0.014222 0.999890 -0.004114 -0.014222 0.999890 0.003870 -0.207836 -0.978156 0.004035 -0.209764 -0.977744 -0.017797 -0.246057 -0.969092 0.002633 -0.200327 -0.979726 0.750784 0.660273 0.019049 0.750783 0.660270 0.019208 -0.004113 -0.014221 0.999890 -0.004110 -0.014221 0.999891 -0.002018 -0.442297 -0.896866 -0.011301 -0.726088 -0.687509 -0.035561 -0.910917 -0.411054 0.004009 -0.121753 -0.992552 0.002716 -0.095796 -0.995397 0.003165 -0.123468 -0.992343 -0.013061 -0.913864 0.405810 -0.018848 -0.913781 0.405769 -0.007729 -0.913914 0.405835 0.003036 -0.141287 -0.989964 -0.009117 -0.640902 -0.767569 -0.031189 -0.822554 -0.567831 -0.996988 0.054817 0.054862 -0.994907 -0.090425 0.044540 0.361466 0.016015 0.932248 0.353217 0.015310 0.935416 0.120249 -0.004156 0.992735 0.128920 -0.003446 0.991649 0.404399 -0.231711 -0.884744 0.405129 -0.232163 -0.884291 0.440286 -0.253981 -0.861186 0.439570 -0.253536 -0.861683 0.376647 0.309071 0.873276 0.257657 0.207709 0.943647 -0.013557 -0.113608 -0.993433 0.001354 -0.071152 -0.997465 0.005243 0.042080 -0.999101 0.002248 0.000957 -0.999997 -0.007138 -0.035230 -0.999354 0.002038 -0.051440 -0.998674 -0.032844 -0.221708 -0.974560 -0.011571 -0.218094 -0.975859 0.481960 0.464469 0.742956 0.477691 0.460233 0.748329 0.256804 0.241982 0.935679 0.261618 0.246723 0.933104 0.010569 -0.032670 -0.999410 0.010371 -0.021251 -0.999720 -0.009855 0.005837 -0.999934 0.000776 -0.000012 -1.000000 0.000548 0.020057 0.999799 -0.012415 0.049831 0.998680 -0.034101 0.151982 0.987795 -0.030669 0.132890 0.990656 -0.009644 0.016343 0.999820 -0.003742 0.046228 0.998924 0.000653 0.073862 0.997268 -0.017391 -0.193530 -0.980940 -0.006925 -0.092566 -0.995683 0.003416 -0.103323 -0.994642 0.003529 -0.084919 -0.996382 
						-0.005777 -0.015331 0.999866 -0.005952 -0.015044 0.999869 0.228057 -0.973430 -0.020585 0.243139 -0.969779 -0.020316 0.292192 -0.956162 -0.019419 0.269960 -0.962667 -0.019840 -0.048569 -0.833013 -0.551118 -0.049339 -0.845767 -0.531267 -0.384599 -0.117277 -0.915604 -0.248393 -0.071567 -0.966012 -0.373188 -0.191422 -0.907793 -0.470242 -0.244219 -0.848074 0.003952 -0.848374 -0.529382 0.003877 -0.856317 -0.516436 -0.275050 -0.047170 -0.960272 -0.140605 -0.017918 -0.989904 0.998517 -0.054072 -0.006346 0.981104 -0.192950 -0.014340 0.960851 -0.276609 -0.015892 0.988755 -0.149291 -0.008714 -0.428841 -0.337947 -0.837787 -0.486882 -0.385456 -0.783818 -0.413609 -0.493012 -0.765419 -0.449124 -0.536854 -0.714196 0.004807 -0.014848 -0.999878 0.010917 -0.015667 -0.999818 -0.000923 -0.065999 -0.997819 0.008899 -0.047496 -0.998832 -0.004681 -0.064191 -0.997927 -0.010186 -0.070552 -0.997456 -0.001344 -0.067042 -0.997749 -0.027947 -0.067479 -0.997329 -0.007977 -0.061711 -0.998062 -0.518470 -0.619982 0.588906 -0.464352 -0.556794 0.688737 -0.504718 -0.408279 0.760637 -0.593483 -0.477766 0.647702 -0.400914 -0.766333 0.501998 -0.364400 -0.697743 0.616740 -0.224786 -0.874625 0.429538 -0.209309 -0.815335 0.539832 -0.078079 -0.915212 0.395335 -0.076529 -0.888612 0.452230 0.970285 -0.012319 0.241650 0.997684 -0.010082 0.067270 -0.604553 -0.328680 0.725593 -0.473945 -0.260433 0.841161 -0.375685 -0.133848 0.917031 -0.510907 -0.177391 0.841134 -0.035948 -0.915846 0.399917 -0.035854 -0.910849 0.411179 -0.969565 0.244428 0.014079 -0.984156 0.177008 0.010278 -0.211155 -0.027412 -0.977068 -0.081013 -0.002434 -0.996710 0.974286 -0.028366 0.223520 0.976565 -0.028365 0.213347 0.976414 -0.028327 0.214043 0.976962 -0.028261 0.211533 0.977441 -0.028382 0.209294 0.975409 -0.027738 0.218651 -0.997880 -0.064755 -0.006495 -0.996666 -0.081310 -0.006691 -0.995323 -0.096406 -0.006094 
						-0.995652 -0.092944 -0.006162 -0.087324 -0.995884 -0.024279 -0.075605 -0.996843 -0.024235 -0.387424 -0.921553 -0.025359 -0.662366 -0.748814 -0.023412 -0.028555 -0.999307 -0.023866 -0.113580 -0.993227 -0.024487 0.106121 -0.994095 -0.022678 0.053360 -0.998306 -0.023197 -0.003874 0.014252 -0.999891 0.190967 0.013260 -0.981507 0.241689 0.012910 -0.970268 0.048287 0.014040 -0.998735 0.001505 -0.999614 -0.027729 0.213485 -0.976652 -0.023992 0.219867 -0.975233 -0.024079 0.125812 -0.991731 -0.025330 -0.679424 -0.733357 -0.023901 0.887397 -0.461003 -0.001784 -0.117425 -0.992725 -0.026617 0.074029 -0.996959 -0.024335 -0.029833 -0.999269 -0.023901 -0.045828 -0.998660 -0.024036 -0.041460 -0.998802 -0.025983 -0.116842 -0.992788 -0.026822 0.115432 -0.992972 -0.026115 -0.000755 0.007699 0.999970 -0.001675 0.005337 0.999984 -0.001448 0.010668 0.999942 -0.107079 -0.846241 0.521929 0.437667 0.008819 -0.899094 0.305115 0.010789 -0.952254 0.005965 0.380241 -0.924868 0.006303 0.464791 -0.885398 0.020441 0.934146 -0.356304 0.019492 0.873968 -0.485593 0.014139 0.999875 0.007060 0.014174 0.999880 0.006289 0.102227 0.994723 0.008760 -0.022831 -0.511405 0.859036 -0.022831 -0.511405 0.859036 -0.023744 -0.511379 0.859027 0.908629 0.416942 0.023504 0.013847 0.998998 0.042564 0.013967 0.999056 0.041130 -0.027429 -0.650102 0.759352 -0.021849 -0.638293 -0.769483 -0.176157 -0.959507 0.219808 -0.180125 -0.982595 0.045403 -0.179904 -0.982205 -0.053932 -0.178788 -0.974557 0.135178 0.999973 -0.005835 0.004376 0.999973 -0.005836 0.004366 -0.981729 0.002983 0.190262 -0.998282 0.004957 0.058380 -0.998362 0.006599 -0.056833 -0.997077 0.004695 0.076260 -0.929527 -0.355903 -0.096505 -0.773400 0.615520 0.151615 -0.370971 0.900547 0.226705 -0.998682 -0.047837 -0.018581 -0.092792 0.995279 -0.028435 -0.093127 0.994784 0.041625 -0.093119 0.992539 0.078709 
						-0.093007 0.995655 0.004567 -0.841371 0.540414 -0.006873 -0.747531 -0.664226 -0.000280 -0.289588 -0.957145 0.003455 -0.975511 0.219872 -0.005898 0.008257 0.014206 -0.999865 0.860229 -0.010482 0.509800 0.860229 -0.010482 0.509800 0.860229 -0.010482 0.509800 0.005679 0.014216 -0.999883 0.737620 0.006851 -0.675181 0.898337 -0.009619 0.439202 0.909591 0.002509 -0.415498 0.004168 0.023548 -0.999714 0.002161 -0.290208 -0.956961 0.001048 -0.439898 -0.898047 0.003290 -0.121625 -0.992571 -0.004187 -0.026860 0.999630 -0.003638 0.065750 0.997829 -0.003367 0.109476 0.993984 -0.003928 0.017487 0.999839 -0.862353 0.010439 -0.506200 -0.009195 -0.014203 0.999857 -0.009195 -0.014203 0.999857 -0.009195 -0.014203 0.999857 -0.006305 -0.014214 0.999879 -0.753015 -0.006547 0.657971 -0.896005 0.009679 -0.443938 -0.902251 -0.002759 0.431203 -0.004154 -0.021186 0.999767 -0.002085 0.300887 0.953658 -0.000965 0.450400 0.892827 -0.003277 0.123684 0.992316 0.003193 -0.136824 -0.990590 0.004238 0.035960 -0.999344 0.004238 0.035960 -0.999344 0.004238 0.035960 -0.999344 -0.318628 -0.158236 0.934579 -0.323246 -0.160338 0.932633 -0.423094 -0.205695 0.882429 -0.419044 -0.203859 0.884784 0.087005 -0.995932 -0.023426 0.088648 -0.995788 -0.023415 0.104853 -0.994215 -0.023304 0.103214 -0.994386 -0.023316 -0.212995 -0.086076 -0.973254 -0.233568 -0.095618 -0.967628 -0.709479 -0.318935 -0.628427 -0.693203 -0.311173 -0.650108 -0.003711 -0.914466 -0.404645 -0.007097 -0.831153 0.555998 -0.006994 -0.714299 0.699806 -0.004898 -0.979038 -0.203619 -0.007038 -0.743299 0.668922 -0.001922 -0.769462 -0.638690 -0.000180 -0.588489 -0.808505 -0.007020 -0.897684 0.440585 -0.645348 -0.305782 0.700017 -0.277102 -0.139313 0.950687 -0.615298 -0.292341 0.732083 -0.277690 -0.139584 0.950476 -0.279237 -0.140290 0.949919 0.134846 -0.990598 -0.023083 0.135269 -0.990540 -0.023079 
						0.139438 -0.989963 -0.023047 0.139016 -0.990022 -0.023050 -0.624183 -0.278407 -0.729989 -0.132283 -0.048706 -0.990015 -0.607337 -0.270441 -0.746997 -0.282626 -0.118400 -0.951895 -0.277218 -0.115887 -0.953793 -0.002856 -0.851129 -0.524949 -0.007090 -0.848892 0.528519 -0.007020 -0.729958 0.683456 -0.004156 -0.942356 -0.334586 -0.007072 -0.868107 0.496327 -0.002802 -0.846748 -0.531987 -0.001373 -0.716500 -0.697586 -0.006732 -0.960488 0.278242 -0.706992 -0.333229 0.623796 -0.320083 -0.158899 0.933969 -0.653207 -0.309293 0.691129 -0.274529 -0.138139 0.951604 -0.274011 -0.137903 0.951788 0.168271 -0.985477 -0.022809 0.166491 -0.985779 -0.022825 0.148872 -0.988590 -0.022971 0.150660 -0.988319 -0.022957 -0.217979 -0.088387 -0.971943 -0.234611 -0.096102 -0.967327 -0.627155 -0.279815 -0.726898 -0.612211 -0.272745 -0.742164 -0.003581 -0.905595 -0.424127 -0.007096 -0.835605 0.549284 -0.007003 -0.719696 0.694254 -0.004779 -0.974090 -0.226112 -0.007054 -0.881025 0.473017 -0.001840 -0.761811 -0.647797 -0.000281 -0.600024 -0.799982 -0.006591 -0.975058 0.221855 -0.698163 -0.329308 0.635709 -0.310715 -0.154632 0.937841 -0.638855 -0.302881 0.707197 -0.270655 -0.136371 0.952968 -0.270649 -0.136368 0.952971 0.147283 -0.988827 -0.022984 0.147370 -0.988814 -0.022984 0.148232 -0.988686 -0.022977 0.148145 -0.988699 -0.022977 -0.250458 -0.103456 -0.962584 -0.249447 -0.102987 -0.962897 -0.254517 -0.105342 -0.961314 -0.596745 -0.265438 -0.757257 -0.614216 -0.273693 -0.740156 -0.002857 -0.851247 -0.524757 -0.007095 -0.839417 0.543442 -0.006997 -0.715640 0.698434 -0.004189 -0.944232 -0.329254 -0.006855 -0.942187 0.335017 -0.006133 -0.997045 0.076577 0.000048 -0.562428 -0.826846 -0.001388 -0.718029 -0.696012 -0.468289 -0.226155 0.854142 -0.458860 -0.221890 0.860356 -0.259957 -0.131493 0.956625 -0.200860 -0.104499 0.974030 -0.254428 -0.128969 0.958454 0.121197 -0.992358 -0.023186 
						0.231185 -0.972656 -0.022219 0.250228 -0.967936 -0.022020 0.140929 -0.989752 -0.023035 -0.621128 -0.276963 -0.733138 -0.245330 -0.101075 -0.964156 -0.598344 -0.266193 -0.755728 -0.230061 -0.093990 -0.968627 -0.229854 -0.093895 -0.968685 -0.002645 -0.833794 -0.552069 -0.007066 -0.872916 0.487819 -0.007062 -0.761588 0.648023 -0.003926 -0.928418 -0.371517 -0.007084 -0.858464 0.512825 -0.002545 -0.825506 -0.564388 -0.001109 -0.689846 -0.723955 -0.006772 -0.955469 0.295015 0.323118 -0.946122 -0.021169 0.311397 -0.950041 -0.021316 0.243868 -0.969557 -0.022087 0.256000 -0.966427 -0.021958 -0.257144 -0.106561 -0.960480 -0.250557 -0.103503 -0.962553 -0.437078 -0.190417 -0.879036 -0.065393 -0.017811 -0.997701 -0.445779 -0.194489 -0.873759 -0.249875 -0.126889 0.959928 -0.249520 -0.126727 0.960042 -0.238677 -0.121776 0.963433 -0.239074 -0.121957 0.963312 -0.002101 -0.786170 -0.618007 -0.003444 -0.896007 -0.444026 -0.006951 -0.690576 0.723226 -0.007098 -0.817181 0.576337 -0.006803 -0.626320 0.779536 -0.004218 -0.945911 -0.324398 -0.003073 -0.868303 -0.496025 -0.007039 -0.742017 0.670344 0.168923 -0.985366 -0.022804 0.165254 -0.985987 -0.022835 0.144497 -0.989238 -0.023007 0.148186 -0.988692 -0.022977 -0.579609 -0.257349 -0.773191 -0.566595 -0.251214 -0.784769 -0.192555 -0.076532 -0.978297 -0.286248 -0.120081 -0.950601 -0.281110 -0.117693 -0.952431 -0.141209 -0.052837 -0.988569 -0.578603 -0.275883 0.767533 -0.281770 -0.141444 0.948999 -0.565907 -0.270178 0.778944 -0.159094 -0.085365 0.983566 -0.257238 -0.130255 0.957529 -0.272638 -0.137279 0.952273 -0.001345 -0.713613 -0.700539 -0.002563 -0.826874 -0.562381 -0.007041 -0.888322 0.459167 -0.006714 -0.962739 0.270350 -0.006750 -0.607294 0.794448 -0.004660 -0.968753 -0.247984 -0.003525 -0.901697 -0.432354 -0.007018 -0.728921 0.684561 0.264696 -0.964084 -0.021863 0.257933 -0.965914 -0.021937 0.219409 -0.975377 -0.022337 
						0.226285 -0.973807 -0.022268 -0.268626 -0.111895 -0.956723 -0.262368 -0.108988 -0.958793 -0.490704 -0.215537 -0.844247 -0.090141 -0.029225 -0.995500 -0.501164 -0.220445 -0.836802 -0.470303 -0.227066 0.852793 -0.247970 -0.126021 0.960536 -0.458895 -0.221906 0.860333 -0.105951 -0.061027 0.992497 -0.240419 -0.122573 0.962899 -0.001675 -0.746147 -0.665780 -0.002863 -0.851686 -0.524044 -0.007073 -0.868061 0.496408 -0.006824 -0.947484 0.319732 -0.006709 -0.592737 0.805368 -0.004486 -0.960364 -0.278713 -0.003354 -0.889541 -0.456843 -0.006988 -0.710779 0.703380 0.215657 -0.976213 -0.022374 0.200727 -0.979388 -0.022517 0.115161 -0.993075 -0.023231 0.130461 -0.991184 -0.023116 -0.285064 -0.119534 -0.951026 -0.280228 -0.117286 -0.952741 -0.609153 -0.271300 -0.745204 -0.145822 -0.054977 -0.987782 -0.278921 -0.116679 -0.953199 -0.658707 -0.294770 -0.692254 -0.537528 -0.257409 0.802997 -0.277246 -0.139378 0.950636 -0.524667 -0.251614 0.813274 -0.115795 -0.065542 0.991108 -0.268232 -0.135266 0.953811 -0.001448 -0.723930 -0.689872 -0.002649 -0.834070 -0.551652 -0.007048 -0.884125 0.467198 -0.006744 -0.959090 0.283021 -0.006643 -0.569784 0.821767 -0.004588 -0.965361 -0.260878 -0.003454 -0.896730 -0.442565 -0.006955 -0.692397 0.721483 0.137297 -0.990261 -0.023064 0.147355 -0.988816 -0.022984 0.203566 -0.978803 -0.022491 0.193673 -0.980806 -0.022583 -0.568330 -0.252031 -0.783250 -0.555553 -0.246012 -0.794254 -0.096760 -0.032299 -0.994784 -0.297483 -0.125309 -0.946468 -0.290167 -0.121907 -0.949180 -0.261976 -0.132411 0.955948 -0.211088 -0.109157 0.971353 -0.272771 -0.137336 0.952226 -0.571368 -0.272632 0.774087 -0.557832 -0.266546 0.785988 -0.133226 -0.073530 0.988354 -0.001503 -0.729406 -0.684079 -0.002749 -0.842403 -0.538841 -0.007068 -0.871823 0.489769 -0.006787 -0.953213 0.302224 -0.006639 -0.568499 0.822657 -0.004911 -0.979540 -0.201189 -0.003737 -0.916260 -0.400566 
						-0.006964 -0.697344 0.716703 0.118965 0.992569 0.025561 0.040514 0.999040 0.016651 0.040301 0.999056 0.016198 0.118968 0.992583 0.025031 0.032258 -0.999237 -0.022031 0.033745 -0.998959 -0.030687 0.039898 -0.998730 -0.030755 0.042932 -0.998837 -0.021929 0.965197 -0.261512 -0.002250 0.999469 0.032224 0.004780 0.972578 -0.232573 -0.001191 0.999454 0.032537 0.005792 0.978337 -0.207016 -0.000520 0.965207 -0.261483 -0.001537 0.140718 -0.989782 -0.023037 -0.240779 -0.970276 -0.024291 -0.252877 -0.967194 -0.024272 0.128159 -0.991484 -0.023134 -0.143256 0.014628 -0.989578 -0.132623 0.014609 -0.991059 -0.127572 0.014600 -0.991722 -0.138243 0.014619 -0.990290 0.000779 -0.474081 -0.880481 -0.006703 -0.591086 0.806581 -0.006663 -0.577366 0.816458 0.000666 -0.488080 -0.872799 -0.006817 -0.632039 0.774906 0.000343 -0.527618 -0.849482 0.000462 -0.513327 -0.858193 -0.006852 -0.645882 0.763406 0.064925 -0.014451 0.997786 -0.025614 -0.014137 0.999572 -0.067709 -0.013951 0.997608 0.022594 -0.014318 0.999642 0.090316 -0.995638 -0.023404 -0.152840 -0.987952 -0.024317 -0.160817 -0.986685 -0.024323 0.082220 -0.996338 -0.023457 -0.099063 0.014540 -0.994975 0.043519 0.014062 -0.998954 0.109419 0.013743 -0.993901 -0.033555 0.014357 -0.999334 0.001286 -0.409277 -0.912409 0.001181 -0.422942 -0.906156 -0.006721 -0.597008 0.802207 -0.006758 -0.610234 0.792193 -0.006965 -0.697816 0.716243 -0.000029 -0.571481 -0.820616 0.000091 -0.557437 -0.830219 -0.006989 -0.710962 0.703196 -0.014930 -0.999601 -0.023974 -0.022945 -0.999448 -0.024006 -0.023214 -0.999442 -0.024007 -0.015199 -0.999597 -0.023975 -0.315743 -0.012323 0.948765 -0.252898 -0.012824 0.967408 -0.009535 -0.014197 0.999854 -0.075272 -0.013911 0.997066 -0.000456 -0.619715 -0.784827 -0.007085 -0.786356 0.617733 -0.007079 -0.778863 0.627154 -0.000532 -0.628184 -0.778065 -0.006489 -0.522302 0.852736 
						0.001148 -0.427437 -0.904045 0.001212 -0.419106 -0.907937 -0.006517 -0.530540 0.847635 0.069131 -0.997330 -0.023540 0.021105 -0.999494 -0.023809 0.019492 -0.999526 -0.023817 0.067523 -0.997440 -0.023550 0.015670 0.014176 -0.999777 0.259762 0.012774 -0.965588 0.323691 0.012257 -0.946084 0.082517 0.013878 -0.996493 -0.135396 -0.013600 0.990698 -0.096988 -0.013808 0.995190 0.042951 -0.014386 0.998974 0.003918 -0.014253 0.999891 -0.000853 -0.662856 -0.748747 -0.000934 -0.671447 -0.741052 -0.007014 -0.725620 0.688060 -0.007027 -0.733728 0.679407 -0.006564 -0.545143 0.838318 0.001140 -0.428326 -0.903623 0.001207 -0.419663 -0.907679 -0.006591 -0.553601 0.832756 -0.004664 -0.014218 0.999888 0.032244 -0.014349 0.999377 0.109566 -0.014560 0.993873 0.072958 -0.014471 0.997230 -0.933277 -0.358930 -0.012793 -0.937980 -0.346464 -0.012516 -0.939286 -0.342911 -0.012437 -0.934636 -0.355379 -0.012714 -0.425956 -0.174408 -0.887774 -0.426682 -0.174499 -0.887408 -0.716184 -0.327644 0.616222 -0.694790 -0.308068 0.649893 -0.740222 -0.326906 0.587541 -0.566742 -0.188946 -0.801937 -0.578063 -0.261295 0.773025 -0.740583 -0.315071 -0.593520 -0.737776 -0.313798 -0.597676 -0.582221 -0.263060 0.769297 0.002929 -0.178478 -0.983940 0.002909 -0.181608 -0.983367 0.001233 -0.417062 -0.908877 0.001257 -0.413899 -0.910322 -0.005556 -0.291497 0.956556 -0.005867 -0.361423 0.932384 -0.005871 -0.362230 0.932070 -0.005560 -0.292393 0.956282 -0.717073 -0.319923 0.619238 -0.720428 -0.321326 0.614600 -0.109348 -0.059771 0.992205 -0.665064 -0.280972 -0.691914 -0.663553 -0.280293 -0.693638 -0.286249 -0.112825 -0.951489 -0.993640 0.112591 -0.001789 -0.999984 0.003664 -0.004422 -0.999156 -0.040699 -0.005480 -0.997666 0.068217 -0.002868 -0.512318 -0.212719 -0.832034 -0.521520 -0.237256 0.819589 -0.516667 -0.235189 0.823251 -0.516186 -0.214438 -0.829197 -0.003514 0.084814 0.996391 
						-0.003507 0.085904 0.996297 -0.002953 0.172817 0.984950 -0.002961 0.171733 0.985139 0.003789 -0.040498 -0.999172 0.003885 -0.024346 -0.999696 0.003887 -0.024129 -0.999701 0.003790 -0.040247 -0.999183 0.057003 -0.998073 -0.024507 -0.098479 -0.994837 -0.024507 0.026002 -0.999384 -0.023587 0.579664 0.428764 -0.692929 0.466422 0.387625 -0.795108 0.173287 0.976359 -0.129207 0.162581 0.984636 -0.063706 0.137784 0.990015 -0.029767 0.142006 0.989543 -0.025283 0.154558 0.987983 -0.000950 0.147657 0.985258 0.086398 0.153488 0.984323 0.086890 0.179429 0.977150 0.113945 0.173600 0.968400 0.179067 0.257222 0.918577 -0.300087 0.249629 0.964675 -0.084193 0.251443 0.890669 -0.378795 0.248064 0.968457 -0.023576 0.277024 0.959920 -0.042550 0.514319 0.829086 0.219300 0.559992 0.824864 -0.077516 -0.830585 0.550833 0.081921 -0.827677 0.536831 0.163596 -0.044256 -0.026542 0.998668 -0.063000 0.009267 0.997971 -0.118903 0.040941 0.992061 -0.174697 -0.055164 0.983076 -0.831828 0.549088 -0.081015 -0.817171 0.547093 -0.181443 0.237916 0.951047 0.197247 0.277720 0.942749 0.184652 0.268374 0.954687 0.128641 0.275854 0.957894 0.079646 0.309198 0.947474 0.081791 0.137887 0.986281 0.090753 0.220167 0.972320 -0.078236 0.266799 0.963741 -0.004631 0.020878 0.994651 0.101159 0.151349 0.964913 0.214562 0.112609 0.012485 0.993561 0.100257 -0.020042 0.994760 0.889737 0.444658 0.103181 0.736253 0.523404 0.428928 0.745913 0.450516 0.490559 0.878005 0.423620 0.222831 0.897758 0.435022 -0.069187 0.765117 0.467892 -0.442349 0.689190 0.527684 -0.496554 0.860216 0.462811 -0.214088 0.582630 0.647874 0.490716 0.617156 0.571163 0.541195 0.656487 0.625555 -0.421552 0.543540 0.647201 -0.534504 0.330688 0.651284 0.682990 0.375701 0.482324 0.791336 0.350324 0.486257 -0.800517 0.089916 0.427202 -0.899674 
						-0.195540 -0.044705 -0.979676 -0.128643 0.050183 -0.990420 0.301681 0.953290 -0.015030 0.205090 0.963921 -0.169690 0.294821 -0.955356 -0.019373 0.294822 -0.955356 -0.019369 0.294822 -0.955356 -0.019369 0.294822 -0.955356 -0.019373 0.269187 -0.962883 -0.019862 0.299062 -0.954038 -0.019303 0.285965 -0.958041 -0.019545 0.301727 -0.953200 -0.019246 0.295503 -0.955146 -0.019363 0.302744 -0.952878 -0.019216 0.307233 -0.951442 -0.019124 0.293648 -0.955717 -0.019393 0.294823 -0.955355 -0.019378 0.294823 -0.955355 -0.019378 0.064189 -0.997669 -0.023153 0.050795 -0.998437 -0.023329 0.052231 -0.998338 -0.024369 0.294817 -0.955357 -0.019365 0.294820 -0.955357 -0.019365 0.294818 -0.955357 -0.019363 0.294821 -0.955356 -0.019363 0.218479 -0.975621 -0.020731 0.208441 -0.977812 -0.020900 0.225282 -0.974075 -0.020616 0.239750 -0.970621 -0.020365 0.156772 -0.987396 -0.021737 0.156758 -0.987398 -0.021743 0.156761 -0.987397 -0.021743 0.156759 -0.987398 -0.021737 0.187933 -0.981950 -0.021338 0.200919 -0.979380 -0.021124 0.283695 -0.958824 -0.013171 0.165532 -0.985967 -0.021623 0.171320 -0.984980 -0.021525 0.156988 -0.987361 -0.021746 0.153344 -0.987932 -0.021797 0.190946 -0.981346 -0.022330 0.156757 -0.987398 -0.021752 0.156764 -0.987397 -0.021752 0.156757 -0.987398 -0.021744 0.156759 -0.987398 -0.021744 0.389228 -0.921137 0.002783 0.156755 -0.987396 -0.021829 0.156776 -0.987395 -0.021739 0.156728 -0.987402 -0.021740 0.156743 -0.987398 -0.021829 0.965010 -0.262166 0.004985 0.994984 -0.099611 0.009214 0.997941 0.062782 0.013123 0.967819 -0.251592 0.005242 0.127704 -0.991564 -0.022194 0.160235 -0.986840 -0.021703 0.166638 -0.985782 -0.021598 0.142635 -0.989532 -0.021967 0.111015 -0.993566 -0.022423 0.146761 -0.988930 -0.021896 0.092901 -0.995417 -0.022685 0.128568 -0.991453 -0.022175 0.075174 -0.996907 -0.022910 0.106914 -0.994014 -0.022471 
						0.060130 -0.997923 -0.023107 0.084497 -0.996163 -0.022781 0.959971 0.279881 0.011025 0.958739 0.284070 0.011120 0.958151 0.286046 0.011164 0.957720 0.287485 0.011197 0.957284 0.288931 0.011229 0.959464 0.281615 0.011064 0.960572 0.277814 0.010978 0.956329 0.292073 0.011300 0.958873 0.283618 0.011110 0.956507 0.291491 0.011287 0.958901 0.283525 0.011107 0.959404 0.281818 0.011069 0.959404 0.281818 0.011069 0.959249 0.282345 0.011081 -0.924686 -0.380435 -0.014985 -0.924914 -0.379881 -0.014965 -0.916108 -0.400666 -0.014570 -0.917908 -0.396532 -0.014431 -0.867661 -0.496905 -0.015794 -0.952810 -0.303272 -0.013370 -0.973503 -0.228270 -0.013555 0.955436 0.294981 0.011366 0.955368 0.295200 0.011371 -0.004114 -0.014221 0.999890 -0.004116 -0.014222 0.999890 -0.004115 -0.014222 0.999890 -0.004117 -0.014222 0.999890 -0.903863 0.427792 -0.005000 -0.903908 0.427675 -0.006622 -0.909823 0.414957 -0.005758 -0.909815 0.414902 -0.009593 -0.895514 -0.444786 -0.014855 -0.869826 0.493354 0.002311 -0.946381 0.323035 0.003404 -0.930769 0.365581 0.004470 0.607246 0.794217 0.021727 0.966406 -0.257013 -0.001788 0.966349 -0.257134 0.007142 0.966406 -0.257012 -0.001789 -0.946201 0.323560 0.003461 -0.978714 0.205226 0.000436 -0.999613 -0.027320 -0.005157 -0.874586 0.484810 0.007645 -0.750895 -0.660138 -0.019353 -0.990814 0.135223 -0.001344 -0.903098 0.429246 0.012717 0.239864 0.970502 0.024324 -0.923758 0.382945 0.004983 -0.717492 0.696437 0.013412 -0.895786 0.444437 0.006581 -0.889497 0.456888 0.006910 -0.995258 0.097244 -0.002169 -0.899588 0.436694 0.006381 -0.395696 0.918160 0.020170 0.213819 0.976570 0.024350 -0.801318 0.598206 0.006236 0.971194 0.238078 0.010073 -0.669324 0.742825 0.014734 -0.640792 0.767559 0.015455 -0.641610 0.766876 0.015440 -0.943879 0.330261 -0.004566 -0.808257 0.588635 0.015139 
						0.608863 0.792978 0.021707 0.966372 -0.257140 -0.001789 0.966351 -0.256993 -0.010980 0.966372 -0.257140 -0.001788 -0.436928 0.899285 0.019531 0.910715 0.412798 0.013982 -0.603592 0.797126 0.016339 -0.419613 0.907487 0.019805 -0.422427 0.906181 0.019761 -0.946035 0.323843 0.011993 -0.609313 0.792764 0.016196 -0.757627 0.652574 0.012173 -0.742201 0.670057 0.012667 -0.355225 0.934551 0.020732 -0.774555 0.632400 0.011626 -0.993060 0.117599 -0.001673 -0.299579 0.953830 0.021469 -0.609163 0.792880 0.016216 0.999424 0.033530 0.005312 0.926095 -0.377259 -0.004850 0.926095 -0.377259 -0.004841 0.999287 0.037360 0.005407 0.999287 0.037360 0.005400 0.014019 0.999540 0.026897 -0.994128 0.108193 -0.001927 -0.994131 0.108170 -0.001917 -0.994129 0.108186 -0.001917 -0.941697 -0.336238 -0.012300 -0.941695 -0.336243 -0.012300 -0.937498 -0.347763 -0.012552 -0.941695 -0.336242 -0.012292 -0.994130 0.108173 -0.001917 -0.994130 0.108177 -0.001907 -0.994130 0.108177 -0.001917 -0.994130 0.108171 -0.001912 -0.995876 0.090691 -0.002645 -0.941693 -0.336248 -0.012293 -0.941695 -0.336243 -0.012293 -0.941693 -0.336250 -0.012293 -0.941695 -0.336242 -0.012293 -0.941705 -0.336214 -0.012289 -0.941693 -0.336248 -0.012302 -0.914009 -0.405458 -0.013824 -0.941697 -0.336237 -0.012289 -0.994130 0.108173 -0.001913 -0.994128 0.108195 -0.001913 -0.941695 -0.336244 -0.012301 -0.994173 0.107776 -0.001926 -0.994130 0.108177 -0.001912 -0.994130 0.108177 -0.001912 -0.994125 0.108225 -0.001915 -0.937758 -0.347064 -0.012532 -0.937750 -0.347085 -0.012532 -0.960632 -0.277607 -0.010974 -0.959012 -0.283147 -0.011099 -0.994129 0.108188 -0.001911 -0.994135 0.108133 -0.001914 -0.994134 0.108142 -0.001914 -0.941686 -0.336269 -0.012289 -0.941694 -0.336245 -0.012289 -0.941694 -0.336247 -0.012295 -0.941691 -0.336255 -0.012299 -0.941706 -0.336213 -0.012289 -0.941683 -0.336278 -0.012290 
						-0.994123 0.108240 -0.001911 -0.941687 -0.336265 -0.012277 -0.941690 -0.336257 -0.012293 -0.994144 0.108042 -0.001899 -0.994126 0.108212 -0.001895 -0.997541 0.070013 -0.003142 -0.994129 0.108185 -0.001896 -0.994131 0.108163 -0.001896 0.179660 -0.983355 -0.027114 0.262300 -0.964684 -0.024148 -0.047376 -0.998440 -0.029559 -0.060087 -0.997497 -0.037269 -0.083026 -0.996388 -0.017809 -0.045305 -0.998307 -0.036471 0.007797 0.051578 0.998639 0.027468 0.048031 0.998468 0.004247 0.047281 0.998873 0.017493 0.041916 0.998968 0.011707 0.052355 0.998560 0.013864 0.999044 0.041459 -0.294686 -0.955076 -0.031473 0.095706 -0.995099 -0.024876 -0.051799 -0.998170 -0.031212 0.079229 -0.996456 -0.028245 0.016905 0.999080 0.039410 0.014195 0.999869 -0.007786 0.012952 0.040999 0.999075 0.000174 0.035941 0.999354 0.010992 0.049346 0.998721 0.014150 0.999868 0.007930 0.014166 0.999873 0.007284 0.014157 0.999871 0.007613 0.013933 0.999081 0.040533 0.013998 0.999584 0.025199 0.008933 0.999213 0.038656 0.004393 0.021580 0.999758 0.017147 0.036349 0.999192 0.014167 0.999870 0.007746 0.014141 0.999860 0.008917 0.010267 0.999926 0.006465 -0.009139 0.054455 0.998474 -0.058916 -0.998089 -0.018627 -0.049307 -0.998544 -0.021884 -0.027486 -0.999456 -0.018253 0.007882 0.036259 0.999311 0.158909 -0.987002 -0.023960 0.013882 0.999079 0.040601 0.013870 0.999061 0.041054 0.013853 0.999046 0.041422 0.015354 0.999336 0.033040 0.014095 0.999583 0.025203 0.264856 -0.964002 -0.023469 0.219486 -0.975360 -0.022339 0.219488 -0.975358 -0.022380 0.221076 -0.974964 -0.023888 0.016540 0.999819 0.009354 0.015278 0.999880 0.002682 0.246337 -0.968825 -0.026377 0.232253 -0.972255 -0.027913 0.199400 -0.979526 -0.027726 0.263166 -0.964473 -0.023123 0.014235 0.999868 -0.007788 -0.170228 -0.985092 -0.024843 0.103047 -0.994413 -0.022902 
						-0.055574 -0.998123 -0.025714 0.375263 -0.926684 -0.020842 0.382670 -0.923562 -0.024455 0.389848 -0.920559 -0.024267 0.328458 -0.944230 -0.023344 0.219504 -0.975210 -0.028000 -0.081387 -0.996384 -0.024401 0.170565 -0.985024 -0.025221 0.120603 -0.992360 -0.026024 0.247016 -0.968685 -0.025129 0.321068 -0.946748 -0.024148 0.279303 -0.959910 -0.023708 -0.096722 -0.994911 -0.028249 0.142700 -0.989452 -0.024923 0.016574 -0.999516 -0.026312 -0.137269 -0.990091 -0.029627 0.044888 -0.998631 -0.026844 0.165875 -0.985884 -0.022761 0.038074 -0.998908 -0.027093 -0.049808 -0.998386 -0.027282 -0.054677 -0.998010 -0.031409 0.228496 -0.973233 -0.024626 -0.011482 -0.999594 -0.026074 0.280566 -0.959267 -0.033001 0.090396 -0.995621 -0.023808 0.025154 -0.999283 -0.028313 0.280885 -0.959463 -0.023102 0.272953 -0.961750 -0.023116 0.113599 -0.993255 -0.023234 0.282325 -0.958256 -0.045135 0.285418 -0.957344 -0.045055 0.220250 -0.975164 -0.023349 -0.147265 -0.988570 -0.032298 -0.343538 -0.938660 -0.029968 0.489580 -0.871800 -0.016611 -0.017040 -0.999541 -0.025036 0.106247 -0.994078 -0.022818 0.277626 -0.960458 -0.021085 0.264314 -0.964187 -0.021938 0.080986 -0.996330 -0.027696 0.273542 -0.961475 -0.027224 -0.061419 -0.997754 -0.026742 0.081306 -0.996418 -0.023229 0.033538 -0.999104 -0.025814 0.228344 -0.973338 -0.021711 0.218348 -0.975610 -0.022543 0.021093 -0.999446 -0.025750 -0.282449 -0.958848 -0.028857 -0.060916 -0.997815 -0.025594 -0.897782 0.440300 0.011112 -0.898093 0.439670 0.010943 -0.664495 0.747024 0.020050 -0.662255 0.749029 0.019344 0.907011 -0.421094 -0.003431 0.027080 -0.999293 -0.026069 -0.152346 -0.987949 -0.027340 0.053486 -0.998227 -0.026117 0.041980 -0.998795 -0.025418 -0.046291 -0.998587 -0.026086 -0.193223 -0.980780 -0.027127 0.337818 -0.940963 -0.021627 0.073550 -0.996976 -0.025092 0.167181 -0.985607 -0.025103 0.045429 -0.998661 -0.024743 
						0.274709 -0.961244 -0.023331 0.009345 -0.999635 -0.025331 -0.024041 -0.999342 -0.027144 -0.023948 -0.999241 -0.030739 0.043801 -0.998609 -0.029366 -0.123230 -0.992008 -0.027108 0.104146 -0.994232 -0.025619 0.008754 -0.999618 -0.026196 -0.395940 -0.917953 -0.024351 -0.459903 -0.887644 -0.024050 0.024424 -0.999425 -0.023517 -0.096050 -0.995082 -0.024210 -0.174327 -0.984382 -0.024548 -0.174334 -0.984381 -0.024544 -0.174368 -0.984368 -0.024811 -0.174332 -0.984375 -0.024798 -0.015478 -0.999522 -0.026763 0.167539 -0.985550 -0.024933 0.998368 0.029307 -0.049013 0.995967 -0.076103 -0.047514 0.992153 0.117594 -0.042485 0.216499 -0.975946 -0.025633 0.253378 -0.967102 -0.022659 0.270908 -0.962353 -0.022034 0.253345 -0.967135 -0.021580 -0.063258 -0.997643 -0.026574 -0.058088 -0.997992 -0.025236 0.039915 -0.998890 -0.024998 -0.068308 -0.997298 -0.027031 0.404265 -0.914443 -0.019097 0.279109 -0.959962 -0.023913 -0.031783 -0.999145 -0.026443 0.265271 -0.963894 -0.023213 -0.006667 -0.999626 -0.026513 0.151016 -0.988212 -0.025115 0.260788 -0.965074 -0.024946 0.086899 -0.995860 -0.026676 0.095380 -0.995075 -0.026983 0.136363 -0.990330 -0.025535 0.272346 -0.961903 -0.023894 0.256126 -0.966325 -0.024826 -0.246120 -0.968911 -0.025239 -0.143909 -0.989315 -0.023349 0.019982 -0.999490 -0.024914 0.051355 -0.998338 -0.026159 0.024901 -0.999334 -0.026669 -0.486227 -0.873507 -0.023859 -0.486750 -0.873217 -0.023803 -0.023082 -0.999450 -0.023807 -0.161655 -0.986544 -0.024457 0.224687 -0.974187 -0.021816 -0.101855 -0.994474 -0.025434 -0.956676 0.290990 0.009765 -0.956682 0.291011 0.008518 -0.956682 0.291012 0.008506 -0.956676 0.290991 0.009754 -0.007390 0.999690 -0.023774 -0.007381 0.999642 -0.025716 -0.007344 0.999390 -0.034133 -0.007353 0.999455 -0.032192 -0.016265 -0.999510 -0.026756 -0.975587 0.219456 0.008323 -0.975636 0.219328 0.005502 0.111975 -0.993382 -0.025584 
						0.198689 -0.979778 -0.023636 -0.269655 -0.962653 -0.024182 -0.122388 -0.992198 -0.023738 -0.174319 -0.984375 -0.024874 -0.174326 -0.984374 -0.024866 0.056006 -0.998133 -0.024380 0.221719 -0.974858 -0.022190 -0.941422 0.334868 -0.039854 -0.751561 0.659549 -0.012278 -0.911879 0.409875 -0.021876 -0.700398 0.712853 0.035820 -0.335076 0.941957 0.020989 0.901959 -0.431800 -0.004437 -0.084243 -0.996123 -0.025337 -0.093839 -0.995234 -0.026533 0.119583 -0.992517 -0.024710 0.119599 -0.992558 -0.022925 0.119616 -0.992512 -0.024734 -0.167449 -0.985538 -0.026000 -0.622162 0.782585 0.021802 -0.623467 0.781534 0.022232 -0.483980 0.874694 0.025952 -0.483983 0.874717 0.025122 0.192967 -0.980779 -0.028920 0.062976 -0.997496 -0.032171 0.065869 -0.997308 -0.032229 0.278084 -0.960284 -0.022905 -0.005908 -0.999656 -0.025545 0.014450 -0.999583 -0.025009 -0.382476 -0.923559 -0.027389 0.014418 -0.999571 -0.025491 -0.851269 0.524213 0.023252 -0.743005 0.669224 0.009137 -0.902059 0.430119 0.035879 -0.749749 0.660226 0.044472 0.991628 -0.125520 -0.030318 0.962724 -0.270198 -0.012478 0.956819 -0.287733 -0.041321 0.054599 -0.998194 -0.025070 0.066056 -0.997349 -0.030529 0.065808 -0.997365 -0.030534 -0.189537 -0.981506 -0.026878 0.535905 -0.844144 -0.015056 0.223417 -0.974478 -0.021852 -0.403120 -0.914800 -0.025207 0.299408 -0.953836 -0.023491 -0.519552 0.854234 0.018721 -0.519552 0.854213 0.019643 -0.301208 0.953205 0.025962 -0.298774 0.954055 0.022673 0.033301 0.998027 0.053222 0.033474 0.999290 0.017281 0.033537 0.999437 0.001329 0.033383 0.998746 0.037298 -0.984123 0.177488 -0.000202 -0.827906 0.560784 0.009668 -0.186152 -0.982177 -0.026003 -0.076172 -0.996477 -0.035085 -0.074344 -0.996691 -0.032848 -0.074265 -0.996697 -0.032847 0.036318 -0.998813 -0.032449 -0.174299 -0.984395 -0.024227 -0.174444 -0.984369 -0.024227 -0.976011 0.217666 0.004888 
						-0.976124 0.217206 0.001886 -0.921427 0.388509 0.005762 -0.921427 0.388496 0.006578 -0.699486 0.714645 0.001452 -0.719079 0.694860 -0.009778 0.838416 0.542747 0.049840 -0.366359 -0.930165 -0.023974 -0.259154 -0.965518 -0.024788 -0.259147 -0.965519 -0.024796 -0.172437 -0.984732 -0.023844 -0.249932 -0.967954 -0.024467 0.119680 -0.992404 -0.028485 0.564695 0.824999 0.022279 0.917523 0.397271 -0.018110 -0.765651 0.642388 0.033407 -0.774464 0.632511 0.011632 -0.171979 -0.984873 -0.021166 -0.980549 0.195973 0.010831 -0.980577 0.196060 0.005467 0.571569 -0.820434 -0.014018 -0.730061 0.683129 0.018593 -0.730061 0.683126 0.018719 -0.145048 -0.989051 -0.027176 0.870242 0.491547 -0.032563 0.870567 0.490952 0.032846 0.870186 0.490582 0.045877 0.870604 0.491596 -0.019520 0.201847 -0.979157 -0.022581 -0.024022 -0.999343 -0.027120 -0.724594 0.689050 0.013212 -0.838024 0.545554 0.009262 -0.259184 -0.965512 -0.024729 -0.259151 -0.965536 -0.024100 -0.259148 -0.965537 -0.024100 -0.259152 -0.965527 -0.024442 0.987302 -0.150316 -0.051377 -0.113995 0.992997 0.031021 -0.113981 0.993164 0.025168 0.033833 -0.999110 -0.025199 -0.074325 -0.996612 -0.035228 -0.847260 0.530756 0.021177 -0.673164 0.739380 -0.012895 0.682740 0.728066 0.061526 0.563016 0.824534 0.056192 -0.175189 -0.984232 -0.024415 -0.259147 -0.965528 -0.024447 -0.259153 -0.965520 -0.024715 -0.896441 0.443115 0.006539 -0.635887 0.771053 0.033536 -0.728677 0.684732 0.013073 -0.604515 0.796427 0.016295 -0.404411 0.914192 0.026561 -0.404414 0.914243 0.024665 0.700810 0.713061 0.020215 -0.718832 0.695055 0.013380 -0.138336 -0.990111 -0.023319 -0.992839 0.119342 0.005280 -0.992844 0.119419 0.000086 -0.989765 0.142698 0.001340 -0.988211 0.153084 0.001833 0.096896 -0.994993 -0.024514 0.690222 0.723598 -0.000012 0.690198 0.723393 0.018160 0.083447 0.996218 0.024201 
						0.067012 0.997724 0.007523 0.993974 -0.109618 0.000225 0.995532 -0.094415 0.000942 -0.211933 -0.977055 -0.021174 0.299717 0.954016 0.004788 0.436950 0.899477 0.004004 -0.390002 0.920591 0.020249 -0.627737 0.778265 0.015774 -0.993538 0.113380 0.005308 -0.992755 0.113930 -0.038169 -0.992597 0.113968 -0.041987 -0.993544 0.113437 0.001486 -0.702130 -0.711762 -0.020183 -0.999794 0.019887 -0.004041 -0.925362 -0.378853 -0.013252 -0.885431 -0.464525 -0.015104 -0.848400 -0.527422 -0.045203 -0.924529 -0.380820 -0.014937 -0.913838 -0.405776 -0.015664 -0.999799 0.019562 -0.004426 -0.999367 0.035334 -0.004178 -0.998879 0.047215 -0.003505 -0.979769 -0.199844 -0.010685 -0.977587 -0.210238 -0.011154 -0.945352 -0.325580 -0.017506 -0.929380 -0.368896 -0.013015 -0.830174 -0.557243 -0.017070 -0.802312 -0.596637 -0.017885 -0.971822 -0.235502 -0.010017 -0.697276 -0.716516 -0.020275 -0.998633 -0.051956 -0.005756 -0.913472 -0.406667 -0.013850 -0.999832 0.017911 -0.003790 -0.964486 -0.263713 -0.014940 -0.978915 0.204019 -0.010079 -0.999916 0.011603 -0.005772 -0.999412 -0.033689 -0.006395 -0.997393 -0.072093 -0.003128 -0.997687 -0.067901 -0.003123 -0.998493 -0.054799 -0.003007 -0.999982 0.001641 -0.005753 -0.856716 -0.515423 -0.019418 -0.742349 -0.669607 -0.023344 -0.856714 -0.515425 -0.019429 -0.994837 -0.101099 -0.008909 -0.994811 -0.101071 -0.011663 -0.994838 -0.101083 -0.008913 -0.933068 -0.359466 -0.012987 -0.858929 -0.511826 -0.016610 -0.994848 -0.101126 -0.007172 -0.994843 -0.101093 -0.008257 -0.856708 -0.515452 -0.019002 -0.856755 -0.515374 -0.019000 -0.914895 -0.400711 -0.048965 -0.908239 -0.415666 -0.048197 -0.981060 0.193702 0.000202 -0.988121 -0.153465 -0.008129 -0.990747 -0.135501 -0.007712 -0.997903 -0.064345 -0.007042 -0.831672 -0.555007 -0.017026 -0.842942 -0.537747 -0.016666 -0.997268 -0.073530 -0.007048 -0.997411 -0.071718 -0.005252 -0.951066 0.308967 0.003478 
						-0.976303 0.216406 0.001135 -0.995628 -0.093161 -0.006725 -0.992756 -0.119920 -0.007351 -0.687798 -0.725614 -0.020453 -0.999448 -0.032843 -0.005024 -0.992137 -0.125008 -0.006099 -0.985505 -0.169461 -0.007910 -0.987699 -0.156156 -0.008193 -0.856721 -0.515425 -0.019128 -0.856705 -0.515403 -0.020396 -0.856701 -0.515411 -0.020392 -0.893757 -0.448309 -0.014714 -0.856682 -0.515346 -0.022661 -0.994840 -0.101150 -0.007909 -0.994842 -0.101101 -0.008280 -0.994848 -0.101069 -0.007907 -0.910588 -0.412946 -0.017472 -0.996648 0.081562 -0.006417 -0.994026 0.108982 -0.006004 -0.890035 -0.455649 -0.014910 -0.986778 0.162079 -0.000581 
					</float_array>
					<technique_common>
						<accessor count="2069" offset="0" source="#meshId7-bitangents-array" stride="3">
							<param name="X" type="float" />
							<param name="Y" type="float" />
							<param name="Z" type="float" />
						</accessor>
					</technique_common>
				</source>
				<source id="meshId7-tex0" name="meshId7-tex0">
					<float_array id="meshId7-tex0-array" count="4138"> 
						0.688697 0.369080 0.687671 0.375618 0.684234 0.374860 0.685469 0.368733 0.681100 0.373769 0.682397 0.368238 0.675163 0.371176 0.676360 0.366920 0.682397 0.368238 0.681100 0.373769 0.672323 0.369763 0.673494 0.366154 0.669786 0.368380 0.670820 0.365408 0.706753 0.365440 0.707749 0.368427 0.705200 0.369781 0.704074 0.366150 0.702330 0.371147 0.701200 0.366880 0.696348 0.373664 0.695139 0.368115 0.695139 0.368115 0.696348 0.373664 0.693185 0.374707 0.692053 0.368559 0.689728 0.375402 0.688822 0.368844 0.685141 0.384067 0.681730 0.382881 0.678495 0.381842 0.671675 0.377160 0.671675 0.377160 0.669219 0.374292 0.666995 0.372153 0.710499 0.372243 0.708253 0.374361 0.705763 0.377211 0.698876 0.381780 0.705763 0.377211 0.695595 0.382786 0.692137 0.383933 0.682158 0.391215 0.678695 0.389564 0.675376 0.387611 0.667950 0.380458 0.667950 0.380458 0.665920 0.377458 0.664123 0.374619 0.713344 0.374755 0.711507 0.377568 0.709438 0.380544 0.701943 0.387584 0.709438 0.380544 0.698587 0.389531 0.695070 0.391182 0.679429 0.397689 0.676262 0.396662 0.673249 0.395377 0.664113 0.382521 0.664113 0.382521 0.662782 0.379103 0.661618 0.375963 0.715834 0.376140 
						0.714628 0.379250 0.713250 0.382659 0.704078 0.395358 0.713250 0.382659 0.701059 0.396700 0.697809 0.397783 0.678565 0.402380 0.675149 0.402187 0.675149 0.402187 0.670892 0.401182 0.662122 0.383122 0.662122 0.383122 0.661158 0.379621 0.660351 0.376375 0.717109 0.376557 0.716241 0.379808 0.715232 0.383286 0.706063 0.400676 0.715232 0.383286 0.702358 0.402286 0.702358 0.402286 0.698919 0.402461 0.678282 0.407860 0.674970 0.407941 0.659526 0.387198 0.665373 0.401904 0.670569 0.409090 0.659526 0.387198 0.659436 0.380003 0.659436 0.380003 0.659041 0.376619 0.718417 0.376823 0.717956 0.380211 0.717956 0.380211 0.717739 0.387422 0.717739 0.387422 0.711809 0.401717 0.706580 0.408795 0.706063 0.400676 0.706580 0.408795 0.702063 0.408235 0.698505 0.408123 0.659526 0.387198 0.657304 0.383303 0.657681 0.379993 0.659436 0.380003 0.657681 0.379993 0.657675 0.376706 0.719787 0.376934 0.719717 0.380232 0.717956 0.380211 0.719717 0.380232 0.720035 0.383626 0.717739 0.387422 0.654709 0.382524 0.655533 0.379517 0.655946 0.376690 0.721526 0.376947 0.721879 0.379802 0.722636 0.382845 0.720035 0.383626 0.650117 0.379252 0.651144 0.377137 0.652161 0.375362 
						0.725345 0.375647 0.726328 0.377447 0.727322 0.379598 0.646403 0.374965 0.647955 0.373140 0.650506 0.373366 0.727016 0.373670 0.729585 0.373463 0.731126 0.375324 0.642911 0.371387 0.644467 0.370170 0.652014 0.368759 0.644467 0.370170 0.642393 0.366417 0.650396 0.365954 0.729585 0.373463 0.727016 0.373670 0.722441 0.372057 0.723441 0.370856 0.733126 0.370505 0.734683 0.371747 0.658386 0.396161 0.654972 0.393632 0.650117 0.379252 0.654709 0.382524 0.735702 0.362436 0.735245 0.366724 0.727195 0.366237 0.727545 0.362988 0.640706 0.366981 0.642393 0.366417 0.734409 0.361389 0.735702 0.362436 0.727545 0.362988 0.727322 0.361593 0.650506 0.373366 0.647955 0.373140 0.654111 0.370609 0.655106 0.371813 0.735245 0.366724 0.736940 0.367305 0.734683 0.371747 0.736940 0.367305 0.740675 0.369939 0.741079 0.379111 0.640355 0.362539 0.641959 0.362191 0.725558 0.369026 0.733126 0.370505 0.729585 0.373463 0.723441 0.370856 0.735702 0.362436 0.737324 0.362799 0.639579 0.357654 0.641086 0.357669 0.642502 0.357641 0.643245 0.361160 0.734409 0.361389 0.735164 0.357837 0.736595 0.357868 0.738118 0.357853 0.640146 0.352918 0.641582 0.353367 0.642952 0.353756 
						0.734704 0.353916 0.736085 0.353521 0.737531 0.353062 0.636740 0.335886 0.641967 0.348660 0.636961 0.347985 0.643212 0.349460 0.644410 0.350157 0.733225 0.350294 0.734427 0.349590 0.735672 0.348783 0.670892 0.401182 0.670569 0.409090 0.643272 0.346848 0.636590 0.329678 0.644374 0.347826 0.645410 0.348711 0.732217 0.348843 0.733254 0.347951 0.734354 0.346967 0.741079 0.329703 0.740941 0.335939 0.643322 0.332622 0.642919 0.334223 0.637391 0.328844 0.638216 0.327958 0.642893 0.335977 0.636590 0.329678 0.644820 0.345282 0.642893 0.335977 0.645766 0.346418 0.646641 0.347462 0.730978 0.347590 0.731850 0.346542 0.731850 0.346542 0.732795 0.345399 0.740282 0.328857 0.734798 0.334298 0.734375 0.332695 0.739462 0.327958 0.643322 0.332622 0.646943 0.332699 0.646934 0.334215 0.642919 0.334223 0.646905 0.335752 0.642893 0.335977 0.646611 0.343981 0.646905 0.335752 0.647377 0.345260 0.648054 0.346437 0.729562 0.346563 0.730222 0.345392 0.730222 0.345392 0.730991 0.344096 0.730818 0.335842 0.734841 0.336058 0.734841 0.336058 0.730818 0.335842 0.730771 0.334300 0.734798 0.334298 0.730743 0.332780 0.734375 0.332695 0.648924 0.332665 0.649094 0.334170 
						0.649330 0.335714 0.648621 0.342969 0.649330 0.335714 0.649181 0.344383 0.649450 0.345846 0.728155 0.346014 0.728633 0.344720 0.728633 0.344720 0.729192 0.343350 0.728358 0.335824 0.728358 0.335824 0.728589 0.334279 0.728755 0.332771 0.650993 0.332313 0.651065 0.333830 0.650789 0.335349 0.650570 0.342543 0.650789 0.335349 0.650915 0.343993 0.651191 0.345351 0.726415 0.345511 0.726720 0.344127 0.726720 0.344127 0.727065 0.342670 0.726894 0.335459 0.726894 0.335459 0.726612 0.333950 0.726676 0.332434 0.655991 0.331331 0.655983 0.333276 0.655616 0.335176 0.655518 0.340763 0.655616 0.335176 0.655699 0.342808 0.655720 0.344752 0.721877 0.344858 0.721910 0.342930 0.722094 0.340896 0.722084 0.335293 0.722084 0.335293 0.721705 0.333411 0.721675 0.331469 0.661277 0.331257 0.661048 0.333705 0.660634 0.336043 0.660310 0.340977 0.660634 0.336043 0.659969 0.343260 0.659428 0.345466 0.718215 0.345559 0.717672 0.343372 0.717328 0.341105 0.717039 0.336186 0.717039 0.336186 0.716630 0.333872 0.716397 0.331432 0.667369 0.332323 0.666637 0.334854 0.665926 0.337311 0.664520 0.342185 0.665926 0.337311 0.663758 0.344519 0.662950 0.346618 0.714723 0.346699 
						0.713920 0.344622 0.713163 0.342305 0.711766 0.337451 0.711766 0.337451 0.711053 0.335003 0.710318 0.332476 0.673999 0.335224 0.672593 0.337547 0.671274 0.339826 0.668576 0.344389 0.671274 0.339826 0.668576 0.344389 0.667221 0.346469 0.666000 0.348296 0.711676 0.348351 0.710459 0.346535 0.709117 0.344482 0.706457 0.339969 0.709117 0.344482 0.706457 0.339969 0.705152 0.337705 0.703779 0.335441 0.679978 0.340272 0.677890 0.342147 0.675896 0.343949 0.672107 0.347475 0.675896 0.343949 0.672107 0.347475 0.670266 0.349165 0.668599 0.350653 0.709085 0.350701 0.707436 0.349219 0.705616 0.347540 0.701877 0.344025 0.701877 0.344025 0.699917 0.342227 0.697873 0.340360 0.684424 0.346953 0.681922 0.348192 0.679471 0.349380 0.674910 0.351512 0.679471 0.349380 0.672656 0.352665 0.670652 0.353671 0.707066 0.353722 0.705045 0.352697 0.702803 0.351543 0.698283 0.349384 0.698283 0.349384 0.695863 0.348174 0.693398 0.346909 0.687326 0.354588 0.684510 0.355283 0.681735 0.355846 0.676683 0.356329 0.681735 0.355846 0.674065 0.356701 0.671687 0.357062 0.705941 0.357073 0.703583 0.356702 0.700978 0.356310 0.696003 0.355796 0.696003 0.355796 0.693273 0.355212 
						0.690473 0.354489 0.688634 0.362035 0.685413 0.362224 0.682350 0.362235 0.677183 0.361652 0.682350 0.362235 0.674343 0.361518 0.671668 0.361245 0.705957 0.361262 0.703283 0.361512 0.700439 0.361617 0.695271 0.362139 0.695271 0.362139 0.692225 0.362081 0.689035 0.361837 0.636590 0.378599 0.642911 0.371387 0.646403 0.374965 0.645412 0.385989 0.637068 0.369548 0.640706 0.366981 0.731126 0.375324 0.732076 0.386330 0.323614 0.169140 0.317960 0.181943 0.313963 0.180722 0.320089 0.168246 0.898231 0.103815 0.891420 0.097707 0.893037 0.095423 0.900470 0.100914 0.673820 0.033179 0.670555 0.033179 0.670555 0.016908 0.673820 0.016908 0.446489 0.430322 0.425422 0.425861 0.431751 0.397176 0.451381 0.399071 0.822119 0.282896 0.817933 0.298804 0.814320 0.298327 0.817334 0.282048 0.572924 0.449429 0.555596 0.447632 0.559200 0.411611 0.576457 0.413957 0.812703 0.281638 0.811019 0.298454 0.807700 0.298791 0.808294 0.281561 0.468240 0.438912 0.465350 0.438163 0.472031 0.402510 0.474934 0.403263 0.804398 0.299269 0.804140 0.281715 0.652778 0.033179 0.645880 0.033179 0.645880 0.016908 0.652778 0.016908 0.801115 0.299805 0.800237 0.282015 0.455671 0.435026 
						0.452672 0.433855 0.458974 0.400480 0.462190 0.401066 0.797828 0.300317 0.796549 0.282397 0.621473 0.033179 0.621473 0.033179 0.621473 0.033179 0.621473 0.016908 0.621473 0.029193 0.621473 0.025754 0.621473 0.022221 0.621473 0.016908 0.621473 0.016908 0.794444 0.300750 0.792962 0.282817 0.509161 0.443895 0.494011 0.442595 0.498708 0.406805 0.513060 0.407539 0.591115 0.362526 0.591684 0.362650 0.590920 0.378178 0.590301 0.378292 0.670555 0.033179 0.668081 0.033179 0.668081 0.016908 0.670555 0.016908 0.592563 0.362755 0.591871 0.378110 0.450007 0.432639 0.448238 0.431500 0.453720 0.399568 0.456003 0.399723 0.595724 0.033179 0.599922 0.033179 0.571658 0.033179 0.596330 0.363225 0.597218 0.363407 0.596990 0.377709 0.595930 0.377827 0.480714 0.441036 0.472254 0.439729 0.478698 0.404439 0.486451 0.405559 0.597218 0.363407 0.597589 0.363208 0.597329 0.377950 0.596990 0.377709 0.662377 0.033179 0.656420 0.033179 0.656420 0.016908 0.662377 0.016908 0.598229 0.362602 0.597885 0.378593 0.462510 0.437315 0.456700 0.435776 0.463633 0.401451 0.469206 0.402230 0.598229 0.362602 0.598957 0.362173 0.598712 0.379122 0.597885 0.378593 0.640016 0.033179 
						0.631396 0.033179 0.631396 0.016908 0.640016 0.016908 0.598957 0.362173 0.603127 0.358558 0.602072 0.382602 0.598712 0.379122 0.537631 0.445918 0.521422 0.444755 0.525220 0.408691 0.541438 0.409305 0.679939 0.033179 0.679939 0.016908 0.368991 0.404897 0.366974 0.402871 0.378864 0.385734 0.379759 0.385183 0.357025 0.389136 0.355592 0.385343 0.370718 0.381743 0.371451 0.381842 0.412152 0.419623 0.377009 0.410635 0.384182 0.388787 0.417207 0.394047 0.354154 0.374591 0.354521 0.369424 0.369875 0.371217 0.370524 0.374018 0.593013 0.363017 0.592291 0.377870 0.373711 0.408718 0.371249 0.406860 0.380839 0.384702 0.382199 0.386664 0.364679 0.400388 0.362460 0.397573 0.376338 0.386318 0.377716 0.386263 0.420524 0.423917 0.416308 0.421869 0.422167 0.394906 0.426837 0.395791 0.356053 0.363287 0.357810 0.358855 0.369553 0.367142 0.361412 0.359264 0.366040 0.361110 0.369759 0.364355 0.852172 0.335241 0.834895 0.332068 0.835908 0.328464 0.853064 0.330886 0.855081 0.380177 0.852088 0.388851 0.819127 0.374715 0.820042 0.367895 0.836875 0.325134 0.853722 0.326537 0.847936 0.398480 0.843834 0.406375 0.812055 0.387919 0.815930 0.382385 0.837714 0.322103 
						0.854082 0.322226 0.362460 0.397573 0.357025 0.389136 0.371451 0.381842 0.376338 0.386318 0.859270 0.363696 0.856928 0.373484 0.819636 0.363285 0.818491 0.355030 0.838355 0.319359 0.854084 0.317967 0.839285 0.413779 0.809391 0.393638 0.838744 0.316870 0.853673 0.313768 0.355592 0.385343 0.370718 0.381743 0.839064 0.314142 0.852791 0.309624 0.364679 0.400388 0.377716 0.386263 0.584462 0.354018 0.590569 0.361930 0.589722 0.378887 0.584462 0.385859 0.811027 0.440965 0.805949 0.443734 0.790547 0.411111 0.793523 0.409994 0.595879 0.363482 0.596330 0.363225 0.595930 0.377827 0.595404 0.377524 0.565180 0.390303 0.565178 0.387535 0.580234 0.387535 0.580236 0.390303 0.786284 0.450915 0.779531 0.452355 0.773310 0.415642 0.777632 0.414640 0.591115 0.362526 0.590301 0.378292 0.565182 0.369884 0.565229 0.368170 0.580284 0.368170 0.580237 0.369885 0.831170 0.424151 0.825527 0.429941 0.801842 0.404311 0.805629 0.400447 0.593013 0.363017 0.595879 0.363482 0.595404 0.377524 0.592291 0.377870 0.565204 0.395435 0.565192 0.393151 0.580248 0.393151 0.580260 0.395435 0.826929 0.284238 0.821423 0.299596 0.565229 0.368170 0.565015 0.364534 0.580070 0.364534 
						0.580284 0.368170 0.820029 0.434725 0.815424 0.438148 0.795862 0.408960 0.798403 0.407328 0.831622 0.286092 0.824721 0.300688 0.799900 0.446476 0.793469 0.448846 0.782550 0.413676 0.786711 0.412486 0.836063 0.288442 0.827763 0.302049 0.565182 0.369884 0.580237 0.369885 0.579006 0.371328 0.566413 0.371328 0.836265 0.418008 0.807564 0.395771 0.840133 0.291242 0.830495 0.303637 0.838765 0.033179 0.834607 0.033179 0.834607 0.016908 0.838765 0.016908 0.843741 0.294425 0.832875 0.305404 0.846829 0.297917 0.834885 0.307305 0.849370 0.301649 0.836521 0.309301 0.831170 0.424151 0.805629 0.400447 0.851358 0.305570 0.837919 0.311694 0.458488 0.183842 0.460509 0.235434 0.452785 0.189591 0.453700 0.187293 0.774951 0.453236 0.773925 0.445583 0.770676 0.416401 0.771805 0.422827 0.851186 0.339645 0.833988 0.335961 0.942481 0.033179 0.935860 0.033179 0.935860 0.016908 0.942481 0.016908 0.453736 0.281288 0.460639 0.247936 0.902070 0.033179 0.851930 0.033179 0.851930 0.016908 0.902070 0.016908 0.961935 0.033179 0.958672 0.033179 0.958672 0.016908 0.961935 0.016908 0.538736 0.182747 0.541524 0.183848 0.543525 0.186198 0.847909 0.033179 0.843760 0.033179 
						0.843760 0.016908 0.847909 0.016908 0.544439 0.188496 0.543496 0.280177 0.536591 0.246830 0.536720 0.234330 0.924798 0.033179 0.914916 0.033179 0.914916 0.016908 0.924798 0.016908 0.967310 0.033179 0.964895 0.033179 0.964895 0.016908 0.967310 0.016908 0.951729 0.033179 0.951729 0.016908 0.541938 0.041052 0.541776 0.041370 0.534710 0.041361 0.534559 0.041051 0.540665 0.049019 0.540653 0.050582 0.535820 0.050630 0.535823 0.049049 0.544731 0.037969 0.531489 0.037428 0.975345 0.033179 0.975345 0.016908 0.811467 0.033179 0.808370 0.033179 0.808370 0.016908 0.811467 0.016908 0.540765 0.044200 0.540740 0.044530 0.535752 0.044585 0.535731 0.044258 0.799861 0.033179 0.796456 0.033179 0.796456 0.016908 0.799861 0.016908 0.540542 0.045471 0.540995 0.047404 0.535497 0.047367 0.535943 0.045552 0.822443 0.033179 0.819914 0.033179 0.819914 0.016908 0.822443 0.016908 0.541652 0.042496 0.540911 0.043294 0.535605 0.043359 0.534806 0.042447 0.792125 0.033179 0.786099 0.033179 0.786099 0.016908 0.792125 0.016908 0.540759 0.047842 0.540676 0.048338 0.535822 0.048361 0.535748 0.047858 0.817357 0.033179 0.814644 0.033179 0.814644 0.016908 0.817357 0.016908 
						0.805723 0.033179 0.803137 0.033179 0.803137 0.016908 0.805723 0.016908 0.540528 0.044820 0.540514 0.045140 0.535975 0.045216 0.535971 0.044908 0.827628 0.033179 0.825395 0.033179 0.825395 0.016908 0.827628 0.016908 0.541564 0.041750 0.541559 0.042065 0.534903 0.042070 0.534911 0.041762 0.783063 0.033179 0.783063 0.016908 0.540708 0.043839 0.535795 0.043923 0.541652 0.042496 0.534806 0.042447 0.540995 0.047404 0.535497 0.047367 0.881557 0.236192 0.882833 0.262705 0.872469 0.253620 0.872880 0.246882 0.540528 0.044820 0.535971 0.044908 0.834607 0.033179 0.834607 0.016908 0.747136 0.033179 0.741992 0.033179 0.741992 0.016908 0.747136 0.016908 0.597589 0.363208 0.597218 0.363407 0.596330 0.363225 0.725643 0.033179 0.720732 0.033179 0.720732 0.016908 0.725643 0.016908 0.763849 0.033179 0.758364 0.033179 0.758364 0.016908 0.763849 0.016908 0.753026 0.033179 0.749494 0.033179 0.749494 0.016908 0.753026 0.016908 0.598957 0.362173 0.598229 0.362602 0.592563 0.362755 0.590569 0.361930 0.736175 0.033179 0.730258 0.033179 0.730258 0.016908 0.736175 0.016908 0.778698 0.033179 0.771645 0.033179 0.771645 0.016908 0.778698 0.016908 0.540739 0.051187 
						0.540898 0.051714 0.535562 0.051744 0.535728 0.051225 0.747136 0.033179 0.747136 0.016908 0.534646 0.300102 0.633167 0.281372 0.634741 0.290934 0.536605 0.308327 0.541138 0.066255 0.535336 0.066249 0.704968 0.033179 0.704968 0.016908 0.361049 0.349612 0.362790 0.353796 0.364240 0.353983 0.541434 0.332945 0.368592 0.353897 0.539908 0.324734 0.368592 0.353897 0.366747 0.354505 0.539908 0.324734 0.539908 0.324734 0.366747 0.354505 0.365534 0.354180 0.591684 0.362650 0.591115 0.362526 0.465350 0.438163 0.462510 0.437315 0.469206 0.402230 0.472031 0.402510 0.645056 0.278722 0.647066 0.277969 0.651512 0.317690 0.649896 0.318532 0.450007 0.432639 0.456003 0.399723 0.666546 0.275766 0.672414 0.275073 0.674838 0.316312 0.669840 0.315916 0.643200 0.319232 0.638337 0.319159 0.638125 0.280141 0.637427 0.309715 0.448238 0.431500 0.446489 0.430322 0.451381 0.399071 0.453720 0.399568 0.769233 0.271469 0.769869 0.280040 0.770968 0.314576 0.771018 0.305927 0.589994 0.414100 0.588736 0.429375 0.588479 0.430841 0.588201 0.432313 0.588159 0.433626 0.588114 0.434951 0.586474 0.450913 0.645056 0.278722 0.649896 0.318532 0.647066 0.277969 0.651512 0.317690 
						0.621473 0.033179 0.621473 0.016908 0.871600 0.097051 0.870723 0.094341 0.889669 0.099670 0.887822 0.101284 0.894481 0.092843 0.902305 0.097799 0.887566 0.111671 0.883852 0.103376 0.885889 0.102531 0.890362 0.110185 0.895741 0.090066 0.903841 0.094724 0.884664 0.112553 0.881621 0.103756 0.589722 0.378887 0.598712 0.379122 0.602072 0.382602 0.584462 0.385859 0.887822 0.101284 0.893102 0.108477 0.889669 0.099670 0.895676 0.106288 0.796291 0.314145 0.786014 0.314434 0.794444 0.300750 0.785129 0.305275 0.783389 0.278883 0.792962 0.282817 0.791816 0.269668 0.788355 0.269950 0.782913 0.270380 0.299340 0.170372 0.309704 0.160885 0.311949 0.163512 0.302804 0.173657 0.295995 0.166438 0.307651 0.157790 0.293175 0.161942 0.305832 0.154268 0.290955 0.157168 0.304283 0.150347 0.368592 0.353897 0.366747 0.354505 0.306185 0.176766 0.314380 0.165650 0.317052 0.167255 0.309997 0.179169 0.289052 0.152531 0.302815 0.146148 0.584462 0.354018 0.603127 0.358558 0.881698 0.113240 0.879049 0.104015 0.821621 0.333291 0.833988 0.335961 0.818491 0.355030 0.859270 0.363696 0.851186 0.339645 0.863896 0.342425 0.074412 0.301693 0.050123 0.299649 0.050337 0.292264 
						0.069415 0.292656 0.905732 0.571395 0.913541 0.570658 0.882464 0.605157 0.888991 0.573033 0.289129 0.608856 0.283469 0.608458 0.285759 0.476547 0.291333 0.476476 0.299914 0.478709 0.293555 0.478617 0.291333 0.476476 0.302455 0.474915 0.278036 0.322129 0.226709 0.299488 0.223455 0.284855 0.275934 0.309381 0.883554 0.322948 0.883559 0.310289 0.969945 0.268114 0.969028 0.282057 0.894799 0.397536 0.902128 0.397220 0.971904 0.125586 0.973402 0.128505 0.956748 0.128885 0.640840 0.417091 0.640745 0.423936 0.639933 0.454697 0.640231 0.447540 0.361049 0.349612 0.362790 0.353796 0.366040 0.361110 0.361412 0.359264 0.361280 0.357211 0.361331 0.357360 0.481719 0.247760 0.481786 0.254196 0.460705 0.254371 0.361165 0.356036 0.361091 0.356252 0.365534 0.354180 0.515510 0.246656 0.536524 0.253265 0.515444 0.253090 0.360865 0.356688 0.361000 0.356474 0.627528 0.381617 0.607291 0.377584 0.615479 0.370573 0.620809 0.370309 0.579003 0.386092 0.566410 0.386092 0.621072 0.365489 0.620809 0.370309 0.615479 0.370573 0.616781 0.364674 0.607291 0.377584 0.607291 0.354760 0.616781 0.364674 0.615479 0.370573 0.607291 0.354760 0.634524 0.354018 0.621072 0.365489 
						0.616781 0.364674 0.634524 0.354018 0.627528 0.381617 0.620809 0.370309 0.621072 0.365489 0.546235 0.372026 0.546180 0.372014 0.555300 0.355385 0.565015 0.389678 0.546226 0.372048 0.530299 0.399770 0.530299 0.354018 0.546202 0.372067 0.546235 0.372026 0.565015 0.389678 0.530299 0.399770 0.546226 0.372048 0.546202 0.372067 0.530299 0.354018 0.555300 0.355385 0.546180 0.372014 0.750941 0.372584 0.741079 0.338071 0.760250 0.355599 0.760382 0.355630 0.760274 0.355549 0.776039 0.327958 0.776039 0.374503 0.760335 0.355503 0.760250 0.355599 0.741079 0.338071 0.776039 0.327958 0.760274 0.355549 0.776039 0.374503 0.750941 0.372584 0.760382 0.355630 0.760335 0.355503 0.969028 0.282057 0.965522 0.288448 0.890809 0.327677 0.883554 0.322948 0.965522 0.288448 0.966763 0.306726 0.893214 0.347012 0.890809 0.327677 0.884788 0.359743 0.893214 0.347012 0.966763 0.306726 0.973657 0.308538 0.966763 0.306726 0.965522 0.288448 0.969028 0.282057 0.973657 0.308538 0.890809 0.327677 0.893214 0.347012 0.884788 0.359743 0.883554 0.322948 0.883789 0.196377 0.916298 0.178957 0.887836 0.198850 0.955613 0.167050 0.958772 0.161792 0.955613 0.167050 0.956134 0.183132 
						0.888918 0.215206 0.887836 0.198850 0.962297 0.185313 0.903757 0.214346 0.956134 0.183132 0.888918 0.215206 0.882970 0.221108 0.956134 0.183132 0.955613 0.167050 0.958772 0.161792 0.962297 0.185313 0.887836 0.198850 0.888918 0.215206 0.882970 0.221108 0.883789 0.196377 0.881878 0.279860 0.903972 0.266800 0.886979 0.282462 0.962146 0.247090 0.965909 0.240625 0.962146 0.247090 0.962979 0.266132 0.890115 0.300070 0.886979 0.282462 0.883559 0.310289 0.890115 0.300070 0.962979 0.266132 0.969945 0.268114 0.962979 0.266132 0.962146 0.247090 0.965909 0.240625 0.969945 0.268114 0.886979 0.282462 0.890115 0.300070 0.883559 0.310289 0.881878 0.279860 0.881557 0.236192 0.901589 0.224410 0.886272 0.238805 0.958744 0.205214 0.962501 0.199132 0.958744 0.205214 0.958622 0.222591 0.888720 0.256246 0.886272 0.238805 0.882833 0.262705 0.888720 0.256246 0.906027 0.254625 0.958622 0.222591 0.965005 0.224972 0.958622 0.222591 0.958744 0.205214 0.962501 0.199132 0.965005 0.224972 0.881557 0.236192 0.886272 0.238805 0.888720 0.256246 0.882833 0.262705 0.889713 0.159509 0.885558 0.156885 0.954015 0.133033 0.930661 0.137019 0.956748 0.128885 0.954433 0.147415 
						0.891082 0.176552 0.889713 0.159509 0.954015 0.133033 0.959971 0.149493 0.917839 0.170215 0.954433 0.147415 0.891082 0.176552 0.884911 0.183148 0.954433 0.147415 0.954015 0.133033 0.956748 0.128885 0.959971 0.149493 0.889713 0.159509 0.891082 0.176552 0.884911 0.183148 0.885558 0.156885 0.219085 0.414110 0.218780 0.394443 0.294132 0.421717 0.295231 0.439004 0.218780 0.394443 0.213079 0.389778 0.294132 0.421717 0.229760 0.392788 0.299271 0.419230 0.214457 0.418664 0.219085 0.414110 0.295231 0.439004 0.298424 0.443260 0.213079 0.389778 0.218780 0.394443 0.219085 0.414110 0.214457 0.418664 0.295231 0.439004 0.294132 0.421717 0.299271 0.419230 0.298424 0.443260 0.210988 0.272869 0.213160 0.251771 0.296620 0.291540 0.296763 0.312009 0.303208 0.288922 0.296620 0.291540 0.228386 0.252333 0.213160 0.251771 0.207121 0.245483 0.228242 0.252297 0.210988 0.272869 0.296763 0.312009 0.206573 0.275411 0.223455 0.284855 0.275934 0.309381 0.300462 0.317507 0.207121 0.245483 0.213160 0.251771 0.210988 0.272869 0.206573 0.275411 0.296763 0.312009 0.296620 0.291540 0.303208 0.288922 0.300462 0.317507 0.214685 0.369089 0.215683 0.348584 0.295192 0.380619 
						0.295840 0.399804 0.215683 0.348584 0.209952 0.343289 0.295192 0.380619 0.228269 0.347460 0.300881 0.378134 0.214685 0.369089 0.295840 0.399804 0.210719 0.371746 0.225830 0.380113 0.299305 0.404960 0.209952 0.343289 0.215683 0.348584 0.214685 0.369089 0.210719 0.371746 0.295840 0.399804 0.295192 0.380619 0.300881 0.378134 0.299305 0.404960 0.212799 0.320700 0.214040 0.299441 0.296260 0.337772 0.296013 0.356495 0.214040 0.299441 0.207765 0.293426 0.296260 0.337772 0.226709 0.299488 0.278036 0.322129 0.302082 0.335373 0.212799 0.320700 0.296013 0.356495 0.208652 0.323285 0.224654 0.333136 0.299177 0.361834 0.207765 0.293426 0.214040 0.299441 0.212799 0.320700 0.208652 0.323285 0.296013 0.356495 0.296260 0.337772 0.302082 0.335373 0.299177 0.361834 0.210305 0.224815 0.212502 0.204087 0.299594 0.243071 0.299449 0.265624 0.306980 0.240312 0.299594 0.243071 0.228288 0.203984 0.212502 0.204087 0.206706 0.198110 0.303633 0.272597 0.225385 0.239583 0.299449 0.265624 0.210305 0.224815 0.205695 0.227554 0.225269 0.239507 0.206706 0.198110 0.212502 0.204087 0.210305 0.224815 0.205695 0.227554 0.299449 0.265624 0.299594 0.243071 0.306980 0.240312 
						0.303633 0.272597 0.541138 0.066255 0.541861 0.151586 0.535533 0.151633 0.535336 0.066249 0.884664 0.112553 0.887566 0.111671 0.880817 0.120252 0.881698 0.113240 0.580297 0.354026 0.580295 0.354597 0.575088 0.354018 0.565239 0.354597 0.570450 0.354018 0.565241 0.354026 0.891867 0.403078 0.900643 0.565141 0.893219 0.566876 0.884348 0.402090 0.893219 0.566876 0.900643 0.565141 0.905732 0.571395 0.888991 0.573033 0.900643 0.565141 0.891867 0.403078 0.894799 0.397536 0.905732 0.571395 0.884348 0.402090 0.893219 0.566876 0.888991 0.573033 0.881167 0.397506 0.911362 0.401653 0.904988 0.401006 0.902128 0.397220 0.913840 0.396787 0.911362 0.401653 0.925806 0.564265 0.917769 0.565329 0.904988 0.401006 0.917769 0.565329 0.925806 0.564265 0.931422 0.572226 0.913541 0.570658 0.931422 0.572226 0.925806 0.564265 0.911362 0.401653 0.913840 0.396787 0.904988 0.401006 0.917769 0.565329 0.913541 0.570658 0.902128 0.397220 0.290574 0.607330 0.293555 0.478617 0.299914 0.478709 0.296179 0.607379 0.289129 0.608856 0.290574 0.607330 0.296179 0.607379 0.297657 0.610337 0.293555 0.478617 0.290574 0.607330 0.289129 0.608856 0.291333 0.476476 0.296179 0.607379 
						0.299914 0.478709 0.302455 0.474915 0.297657 0.610337 0.276286 0.606056 0.277561 0.480438 0.283360 0.480307 0.281901 0.605667 0.283360 0.480307 0.277561 0.480438 0.275390 0.478483 0.285759 0.476547 0.274830 0.607805 0.276286 0.606056 0.281901 0.605667 0.283469 0.608458 0.275390 0.478483 0.277561 0.480438 0.276286 0.606056 0.274830 0.607805 0.281901 0.605667 0.283360 0.480307 0.285759 0.476547 0.283469 0.608458 0.894799 0.397536 0.891867 0.403078 0.884348 0.402090 0.881167 0.397506 0.347995 0.313636 0.353305 0.196969 0.421404 0.175590 0.401015 0.291144 0.421404 0.175590 0.422751 0.173730 0.401015 0.291144 0.401967 0.292088 0.403700 0.282975 0.405765 0.272183 0.347226 0.314713 0.351956 0.196244 0.353305 0.196969 0.347995 0.313636 0.422751 0.173730 0.421404 0.175590 0.353305 0.196969 0.351956 0.196244 0.347995 0.313636 0.401015 0.291144 0.401967 0.292088 0.347226 0.314713 0.023852 0.205994 0.025193 0.206650 0.069415 0.292656 0.078974 0.307875 0.078446 0.308678 0.074412 0.301693 0.087324 0.198354 0.144483 0.310613 0.078974 0.307875 0.025193 0.206650 0.144483 0.310613 0.087324 0.198354 0.087706 0.197005 0.146964 0.312230 0.087706 0.197005 
						0.087324 0.198354 0.025193 0.206650 0.023852 0.205994 0.078974 0.307875 0.144483 0.310613 0.146964 0.312230 0.078446 0.308678 0.298424 0.443260 0.306702 0.471084 0.302455 0.474915 0.741079 0.329703 0.734841 0.336058 0.740755 0.366519 0.737324 0.362799 0.738118 0.357853 0.740880 0.357359 0.740738 0.348107 0.636742 0.357150 0.639579 0.357654 0.640355 0.362539 0.636981 0.366178 0.727322 0.379598 0.722279 0.393723 0.727482 0.389707 0.718884 0.396147 0.722636 0.382845 0.657304 0.383303 0.720035 0.383626 0.714511 0.366099 0.715739 0.366176 0.650066 0.362732 0.650298 0.361339 0.660199 0.360044 0.659455 0.360848 0.661871 0.366001 0.663097 0.365942 0.650066 0.362732 0.659455 0.360848 0.660088 0.362437 0.661022 0.364374 0.661871 0.366001 0.654111 0.370609 0.717648 0.362577 0.716609 0.364560 0.647955 0.373140 0.641959 0.362191 0.641959 0.362191 0.643245 0.361160 0.661871 0.366001 0.661022 0.364374 0.661834 0.363951 0.663097 0.365942 0.714511 0.366099 0.715804 0.364123 0.716609 0.364560 0.715739 0.366176 0.660088 0.362437 0.660856 0.361993 0.716857 0.362190 0.717648 0.362577 0.659455 0.360848 0.660199 0.360044 0.717509 0.360203 0.718277 0.361012 
						0.718277 0.361012 0.717509 0.360203 0.715739 0.366176 0.718277 0.361012 0.875768 0.077860 0.877960 0.076081 0.893659 0.078997 0.894897 0.081414 0.870361 0.091416 0.891420 0.097707 0.870523 0.088397 0.893037 0.095423 0.872308 0.082646 0.895988 0.087045 0.894481 0.092843 0.871183 0.085449 0.873859 0.080077 0.895684 0.084131 0.320089 0.168246 0.326961 0.167830 0.323614 0.169140 0.882851 0.074088 0.890034 0.075422 0.892017 0.076974 0.880352 0.074807 0.883852 0.103376 0.874741 0.101359 0.872959 0.099426 0.885889 0.102531 0.327660 0.127487 0.330812 0.129792 0.307822 0.130753 0.310576 0.128201 0.876858 0.102756 0.881621 0.103756 0.302815 0.146148 0.302859 0.141759 0.304283 0.150347 0.337537 0.140310 0.338569 0.144529 0.879049 0.104015 0.303888 0.137665 0.335847 0.136328 0.305563 0.133948 0.333576 0.132777 0.895741 0.090066 0.320687 0.125244 0.324241 0.125952 0.313721 0.126391 0.317135 0.125393 0.838744 0.316870 0.836521 0.309301 0.837919 0.311694 0.839064 0.314142 0.338511 0.153163 0.307651 0.157790 0.305832 0.154268 0.338904 0.148859 0.337391 0.157225 0.309704 0.160885 0.335584 0.160874 0.311949 0.163512 0.333165 0.163947 0.314380 0.165650 
						0.330241 0.166303 0.317052 0.167255 0.621473 0.033179 0.621473 0.033179 0.608988 0.033179 0.571658 0.033179 0.583263 0.033179 0.621473 0.016908 0.621473 0.016908 0.608798 0.016908 0.599752 0.016908 0.595594 0.016908 0.588845 0.016908 0.583070 0.016908 0.571567 0.016908 0.571567 0.016908 0.427027 0.272709 0.403700 0.282975 0.405765 0.272183 0.424390 0.265609 0.351956 0.196244 0.347226 0.314713 0.345453 0.239561 0.704968 0.016908 0.704968 0.033179 0.704968 0.016908 0.704968 0.033179 0.679939 0.016908 0.679939 0.033179 0.540873 0.043449 0.535635 0.043508 0.540708 0.043839 0.535795 0.043923 0.541938 0.041052 0.544731 0.037969 0.541652 0.042496 0.541776 0.041370 0.540739 0.051187 0.540653 0.050582 0.541138 0.066255 0.540898 0.051714 0.535731 0.044258 0.534806 0.042447 0.535635 0.043508 0.535795 0.043923 0.534559 0.041051 0.534710 0.041361 0.531489 0.037428 0.535497 0.047367 0.535752 0.044585 0.535943 0.045552 0.540740 0.044530 0.540765 0.044200 0.540873 0.043449 0.540911 0.043294 0.540665 0.049019 0.540995 0.047404 0.541138 0.066255 0.540653 0.050582 0.540514 0.045140 0.540528 0.044820 0.540542 0.045471 0.541861 0.151586 0.535336 0.066249 
						0.535728 0.051225 0.535562 0.051744 0.535336 0.066249 0.535820 0.050630 0.535822 0.048361 0.535823 0.049049 0.535748 0.047858 0.540676 0.048338 0.540759 0.047842 0.535533 0.151633 0.534903 0.042070 0.534911 0.041762 0.535971 0.044908 0.535975 0.045216 0.540708 0.043839 0.535605 0.043359 0.541559 0.042065 0.541564 0.041750 0.535820 0.050630 0.565242 0.360771 0.580298 0.360771 0.565242 0.360771 0.580298 0.360771 0.455700 0.184943 0.038648 0.170993 0.043160 0.170241 0.035242 0.172144 0.385000 0.147302 0.394108 0.145307 0.428319 0.162227 0.378208 0.149940 0.052709 0.169781 0.057309 0.169489 0.064688 0.170495 0.049502 0.169727 0.014803 0.198474 0.398066 0.145149 0.401192 0.145188 0.404386 0.145410 0.408088 0.145968 0.355744 0.164401 0.362945 0.158317 0.346963 0.182072 0.351490 0.169488 0.021717 0.179853 0.024507 0.177990 0.374932 0.151598 0.017876 0.183865 0.019616 0.181800 0.015293 0.188996 0.016370 0.186072 0.819984 0.033179 0.822443 0.033179 0.825395 0.033179 0.817582 0.033179 0.014276 0.191123 0.027204 0.176140 0.029629 0.174749 0.415031 0.147451 0.423080 0.152706 0.411893 0.146494 0.390023 0.145823 0.348362 0.175135 0.347137 0.179226 
						0.032071 0.173528 0.425190 0.154390 0.370046 0.153595 0.082557 0.178155 0.085078 0.180903 0.086299 0.183073 0.077947 0.174909 0.072666 0.172532 0.228386 0.252333 0.228242 0.252297 0.225385 0.239583 0.306185 0.176766 0.309997 0.179169 0.318495 0.191794 0.617515 0.437689 0.626895 0.438517 0.630533 0.438778 0.607667 0.436766 0.594629 0.435597 0.536396 0.265764 0.306980 0.240312 0.319871 0.207183 0.310306 0.319212 0.303633 0.272597 0.519042 0.184415 0.519617 0.182648 0.617875 0.430256 0.608128 0.430110 0.595172 0.429647 0.460835 0.266873 0.481916 0.266698 0.491822 0.281288 0.504398 0.186742 0.504973 0.186513 0.511644 0.186990 0.640685 0.430926 0.630911 0.430834 0.492826 0.187835 0.481589 0.235258 0.485581 0.188084 0.627316 0.430678 0.313963 0.180722 0.317960 0.181943 0.318151 0.185708 0.640538 0.439559 0.302804 0.173657 0.515639 0.234156 0.505410 0.280177 0.515315 0.265590 0.515121 0.184848 0.492251 0.187606 0.216646 0.165380 0.223993 0.158302 0.235379 0.153035 0.253375 0.156827 0.478182 0.185509 0.482103 0.185942 0.264152 0.160834 0.295995 0.166438 0.299340 0.170372 0.228288 0.203984 0.477607 0.183742 0.875409 0.393248 0.870458 0.258003 
						0.884788 0.359743 0.900470 0.100914 0.902305 0.097799 0.903841 0.094724 0.920473 0.102189 0.246237 0.153378 0.881167 0.397506 0.890362 0.110185 0.879121 0.131345 0.895676 0.106288 0.898231 0.103815 0.930661 0.137019 0.901589 0.224410 0.882970 0.221108 0.903757 0.214346 0.309938 0.346780 0.309808 0.353481 0.299177 0.361834 0.302082 0.335373 0.916298 0.178957 0.883789 0.196377 0.884911 0.183148 0.917839 0.170215 0.293175 0.161942 0.872468 0.225697 0.874633 0.221758 0.927764 0.099863 0.939235 0.098107 0.299271 0.419230 0.290955 0.157168 0.289052 0.152531 0.893102 0.108477 0.303208 0.288922 0.885558 0.156885 0.299305 0.404960 0.300881 0.378134 0.311375 0.357680 0.229760 0.392788 0.225830 0.380113 0.300462 0.317507 0.932382 0.097941 0.903972 0.266800 0.881878 0.279860 0.906027 0.254625 0.228269 0.347460 0.224654 0.333136 0.312487 0.324092 0.311044 0.345989 0.871856 0.246008 0.493703 0.062151 0.517079 0.062265 0.516996 0.062676 0.493767 0.062569 0.962501 0.199132 0.962297 0.185313 0.981755 0.147395 0.965005 0.224972 0.958772 0.161792 0.959971 0.149493 0.980343 0.144939 0.186728 0.191311 0.189316 0.187280 0.206706 0.198110 0.184966 0.194955 
						0.965909 0.240625 0.986797 0.290733 0.972365 0.462779 0.970924 0.464062 0.969016 0.464343 0.225269 0.239507 0.207121 0.245483 0.205695 0.227554 0.246372 0.563770 0.246129 0.560908 0.245960 0.558308 0.274830 0.607805 0.233836 0.615416 0.235916 0.603385 0.240577 0.601372 0.235038 0.617468 0.208652 0.323285 0.209952 0.343289 0.590920 0.378178 0.591871 0.378110 0.590301 0.378292 0.241191 0.535173 0.234871 0.519724 0.233462 0.510217 0.275390 0.478483 0.175569 0.224080 0.177531 0.217881 0.194805 0.402349 0.173916 0.227842 0.244305 0.541803 0.208190 0.170088 0.183135 0.199299 0.970499 0.123146 0.968517 0.120485 0.193613 0.181748 0.961802 0.112841 0.965342 0.116884 0.956844 0.111302 0.205675 0.172989 0.950620 0.106522 0.955037 0.109362 0.302358 0.627817 0.264618 0.623504 0.913840 0.396787 0.974653 0.441737 0.974086 0.453169 0.967007 0.500339 0.967033 0.504495 0.931422 0.572226 0.966911 0.496569 0.966093 0.473835 0.967776 0.492655 0.493940 0.066267 0.516772 0.066451 0.516578 0.066794 0.494140 0.066663 0.496590 0.070594 0.514292 0.069867 0.514084 0.134927 0.495953 0.135811 0.206573 0.275411 0.493512 0.061644 0.517290 0.061762 0.210719 0.371746 
						0.213079 0.389778 0.242916 0.599860 0.252839 0.623041 0.248289 0.621757 0.241816 0.600785 0.214457 0.418664 0.214974 0.454093 0.517290 0.061762 0.519502 0.058894 0.517134 0.063177 0.517079 0.062265 0.516996 0.062676 0.207765 0.293426 0.178897 0.210658 0.180861 0.204488 0.237525 0.532651 0.236447 0.527772 0.238655 0.534408 0.978532 0.140848 0.494134 0.066984 0.516570 0.067120 0.516621 0.067445 0.494077 0.067270 0.243772 0.541108 0.241681 0.538558 0.241575 0.538359 0.946239 0.101818 0.980816 0.381430 0.977335 0.401204 0.973657 0.308538 0.984383 0.348186 0.493626 0.063002 0.494320 0.065332 0.493940 0.066267 0.491290 0.058617 0.595930 0.377827 0.596990 0.377709 0.597329 0.377950 0.974498 0.428641 0.242931 0.541081 0.242020 0.540048 0.975267 0.131987 0.230991 0.502333 0.227988 0.490858 0.297657 0.610337 0.198502 0.175560 0.494542 0.064586 0.516210 0.064600 0.516395 0.065369 0.494320 0.065332 0.492809 0.141254 0.517415 0.141970 0.517426 0.157369 0.492621 0.157885 0.494359 0.064019 0.494542 0.064586 0.977059 0.136034 0.969000 0.468980 0.968828 0.471045 0.967800 0.472605 0.966676 0.472800 0.237394 0.601629 0.239358 0.601564 0.494359 0.064019 
						0.516420 0.064054 0.516210 0.064600 0.494542 0.064586 0.516621 0.067445 0.516772 0.066451 0.517415 0.141970 0.977881 0.557502 0.979722 0.558797 0.972477 0.592379 0.965557 0.595000 0.976636 0.555065 0.239809 0.535170 0.495953 0.135811 0.492809 0.141254 0.494077 0.067270 0.496590 0.070594 0.258937 0.623612 0.491290 0.058617 0.519502 0.058894 0.976032 0.417514 0.494140 0.066663 0.516578 0.066794 0.985046 0.362306 0.495953 0.135811 0.514084 0.134927 0.517415 0.141970 0.492809 0.141254 0.222735 0.477333 0.973574 0.460126 0.494134 0.066984 0.494140 0.066663 0.981733 0.559543 0.983661 0.559677 0.986732 0.559511 0.989276 0.562048 0.597885 0.378593 0.516772 0.066451 0.493940 0.066267 0.244948 0.555566 0.969105 0.468693 0.493512 0.061644 0.493703 0.062151 0.520151 0.163294 0.517426 0.157369 0.243642 0.598168 0.994155 0.580527 0.992558 0.583890 0.516420 0.064054 0.516395 0.065369 0.516210 0.064600 0.493767 0.062569 0.517134 0.063177 0.493626 0.063002 0.514084 0.134927 0.514292 0.069867 0.947569 0.596190 0.493626 0.063002 0.517134 0.063177 0.593013 0.363017 0.595879 0.363482 0.216756 0.464328 0.492621 0.157885 0.517426 0.157369 0.520151 0.163294 
						0.489892 0.163294 0.592291 0.377870 0.595404 0.377524 0.956286 0.596114 0.492621 0.157885 0.489892 0.163294 0.516570 0.067120 0.516578 0.066794 0.494077 0.067270 0.516621 0.067445 0.514292 0.069867 0.496590 0.070594 0.439119 0.173473 0.430336 0.225273 0.422751 0.173730 0.438048 0.170055 0.401967 0.292088 0.429286 0.275397 0.431554 0.277623 0.010409 0.205137 0.012626 0.201392 0.023852 0.205994 0.332321 0.286229 0.335810 0.280898 0.332321 0.334909 0.341039 0.204807 0.340758 0.200368 0.342524 0.213074 0.344108 0.224521 0.344128 0.222669 0.431831 0.164258 0.435679 0.167129 0.009431 0.208441 0.106942 0.219207 0.112435 0.233951 0.146964 0.312230 0.087706 0.197005 0.039834 0.310972 0.046318 0.307295 0.078446 0.308678 0.170575 0.327725 0.335480 0.254690 0.336193 0.275689 0.333067 0.268692 0.118556 0.232404 0.121826 0.233210 0.123556 0.235087 0.424526 0.241129 0.423447 0.250690 0.126355 0.240263 0.130389 0.244899 0.332547 0.263506 0.333931 0.257533 0.440926 0.280213 0.433387 0.278927 0.100917 0.199896 0.103301 0.207988 0.099202 0.195879 0.047535 0.305533 0.341584 0.190535 0.343920 0.185603 0.048904 0.302803 0.042707 0.269451 0.038520 0.263771 
						0.032394 0.256252 0.090245 0.184755 0.094240 0.187876 0.340706 0.196118 0.009711 0.211704 0.048810 0.283535 0.046629 0.278062 0.097386 0.192198 0.336922 0.249595 0.337202 0.244532 0.340114 0.240604 0.423070 0.256689 0.337861 0.242434 0.137830 0.252702 0.139849 0.258404 0.133422 0.247116 0.140030 0.267296 0.142864 0.272452 0.149072 0.276365 0.106122 0.217531 0.426775 0.234385 
					</float_array>
					<technique_common>
						<accessor count="2069" offset="0" source="#meshId7-tex0-array" stride="2">
							<param name="S" type="float" />
							<param name="T" type="float" />
						</accessor>
					</technique_common>
				</source>
				<vertices id="meshId7-vertices">
					<input semantic="POSITION" source="#meshId7-positions" />
				</vertices>
				<polylist count="1868" material="defaultMaterial">
					<input offset="0" semantic="VERTEX" source="#meshId7-vertices" />
					<input offset="0" semantic="NORMAL" source="#meshId7-normals" />
					<input offset="0" semantic="TANGENT" source="#meshId7-tangents" />
					<input offset="0" semantic="BINORMAL" source="#meshId7-bitangents" />
					<input offset="0" semantic="TEXCOORD" source="#meshId7-tex0" set="0" />
					<vcount>
						3 3 3 3 3 3 3 3 3 3 3 3 3 3 3 3 3 3 3 3 3 3 3 3 3 3 3 3 3 3 3 3 3 3 3 3 3 3 3 3 3 3 3 3 3 3 3 3 3 3 3 3 3 3 3 3 3 3 3 3 3 3 3 3 
						3 3 3 3 3 3 3 3 3 3 3 3 3 3 3 3 3 3 3 3 3 3 3 3 3 3 3 3 3 3 3 3 3 3 3 3 3 3 3 3 3 3 3 3 3 3 3 3 3 3 3 3 3 3 3 3 3 3 3 3 3 3 3 3 
						3 3 3 3 3 3 3 3 3 3 3 3 3 3 3 3 3 3 3 3 3 3 3 3 3 3 3 3 3 3 3 3 3 3 3 3 3 3 3 3 3 3 3 3 3 3 3 3 3 3 3 3 3 3 3 3 3 3 3 3 3 3 3 3 
						3 3 3 3 3 3 3 3 3 3 3 3 3 3 3 3 3 3 3 3 3 3 3 3 3 3 3 3 3 3 3 3 3 3 3 3 3 3 3 3 3 3 3 3 3 3 3 3 3 3 3 3 3 3 3 3 3 3 3 3 3 3 3 3 
						3 3 3 3 3 3 3 3 3 3 3 3 3 3 3 3 3 3 3 3 3 3 3 3 3 3 3 3 3 3 3 3 3 3 3 3 3 3 3 3 3 3 3 3 3 3 3 3 3 3 3 3 3 3 3 3 3 3 3 3 3 3 3 3 
						3 3 3 3 3 3 3 3 3 3 3 3 3 3 3 3 3 3 3 3 3 3 3 3 3 3 3 3 3 3 3 3 3 3 3 3 3 3 3 3 3 3 3 3 3 3 3 3 3 3 3 3 3 3 3 3 3 3 3 3 3 3 3 3 
						3 3 3 3 3 3 3 3 3 3 3 3 3 3 3 3 3 3 3 3 3 3 3 3 3 3 3 3 3 3 3 3 3 3 3 3 3 3 3 3 3 3 3 3 3 3 3 3 3 3 3 3 3 3 3 3 3 3 3 3 3 3 3 3 
						3 3 3 3 3 3 3 3 3 3 3 3 3 3 3 3 3 3 3 3 3 3 3 3 3 3 3 3 3 3 3 3 3 3 3 3 3 3 3 3 3 3 3 3 3 3 3 3 3 3 3 3 3 3 3 3 3 3 3 3 3 3 3 3 
						3 3 3 3 3 3 3 3 3 3 3 3 3 3 3 3 3 3 3 3 3 3 3 3 3 3 3 3 3 3 3 3 3 3 3 3 3 3 3 3 3 3 3 3 3 3 3 3 3 3 3 3 3 3 3 3 3 3 3 3 3 3 3 3 
						3 3 3 3 3 3 3 3 3 3 3 3 3 3 3 3 3 3 3 3 3 3 3 3 3 3 3 3 3 3 3 3 3 3 3 3 3 3 3 3 3 3 3 3 3 3 3 3 3 3 3 3 3 3 3 3 3 3 3 3 3 3 3 3 
						3 3 3 3 3 3 3 3 3 3 3 3 3 3 3 3 3 3 3 3 3 3 3 3 3 3 3 3 3 3 3 3 3 3 3 3 3 3 3 3 3 3 3 3 3 3 3 3 3 3 3 3 3 3 3 3 3 3 3 3 3 3 3 3 
						3 3 3 3 3 3 3 3 3 3 3 3 3 3 3 3 3 3 3 3 3 3 3 3 3 3 3 3 3 3 3 3 3 3 3 3 3 3 3 3 3 3 3 3 3 3 3 3 3 3 3 3 3 3 3 3 3 3 3 3 3 3 3 3 
						3 3 3 3 3 3 3 3 3 3 3 3 3 3 3 3 3 3 3 3 3 3 3 3 3 3 3 3 3 3 3 3 3 3 3 3 3 3 3 3 3 3 3 3 3 3 3 3 3 3 3 3 3 3 3 3 3 3 3 3 3 3 3 3 
						3 3 3 3 3 3 3 3 3 3 3 3 3 3 3 3 3 3 3 3 3 3 3 3 3 3 3 3 3 3 3 3 3 3 3 3 3 3 3 3 3 3 3 3 3 3 3 3 3 3 3 3 3 3 3 3 3 3 3 3 3 3 3 3 
						3 3 3 3 3 3 3 3 3 3 3 3 3 3 3 3 3 3 3 3 3 3 3 3 3 3 3 3 3 3 3 3 3 3 3 3 3 3 3 3 3 3 3 3 3 3 3 3 3 3 3 3 3 3 3 3 3 3 3 3 3 3 3 3 
						3 3 3 3 3 3 3 3 3 3 3 3 3 3 3 3 3 3 3 3 3 3 3 3 3 3 3 3 3 3 3 3 3 3 3 3 3 3 3 3 3 3 3 3 3 3 3 3 3 3 3 3 3 3 3 3 3 3 3 3 3 3 3 3 
						3 3 3 3 3 3 3 3 3 3 3 3 3 3 3 3 3 3 3 3 3 3 3 3 3 3 3 3 3 3 3 3 3 3 3 3 3 3 3 3 3 3 3 3 3 3 3 3 3 3 3 3 3 3 3 3 3 3 3 3 3 3 3 3 
						3 3 3 3 3 3 3 3 3 3 3 3 3 3 3 3 3 3 3 3 3 3 3 3 3 3 3 3 3 3 3 3 3 3 3 3 3 3 3 3 3 3 3 3 3 3 3 3 3 3 3 3 3 3 3 3 3 3 3 3 3 3 3 3 
						3 3 3 3 3 3 3 3 3 3 3 3 3 3 3 3 3 3 3 3 3 3 3 3 3 3 3 3 3 3 3 3 3 3 3 3 3 3 3 3 3 3 3 3 3 3 3 3 3 3 3 3 3 3 3 3 3 3 3 3 3 3 3 3 
						3 3 3 3 3 3 3 3 3 3 3 3 3 3 3 3 3 3 3 3 3 3 3 3 3 3 3 3 3 3 3 3 3 3 3 3 3 3 3 3 3 3 3 3 3 3 3 3 3 3 3 3 3 3 3 3 3 3 3 3 3 3 3 3 
						3 3 3 3 3 3 3 3 3 3 3 3 3 3 3 3 3 3 3 3 3 3 3 3 3 3 3 3 3 3 3 3 3 3 3 3 3 3 3 3 3 3 3 3 3 3 3 3 3 3 3 3 3 3 3 3 3 3 3 3 3 3 3 3 
						3 3 3 3 3 3 3 3 3 3 3 3 3 3 3 3 3 3 3 3 3 3 3 3 3 3 3 3 3 3 3 3 3 3 3 3 3 3 3 3 3 3 3 3 3 3 3 3 3 3 3 3 3 3 3 3 3 3 3 3 3 3 3 3 
						3 3 3 3 3 3 3 3 3 3 3 3 3 3 3 3 3 3 3 3 3 3 3 3 3 3 3 3 3 3 3 3 3 3 3 3 3 3 3 3 3 3 3 3 3 3 3 3 3 3 3 3 3 3 3 3 3 3 3 3 3 3 3 3 
						3 3 3 3 3 3 3 3 3 3 3 3 3 3 3 3 3 3 3 3 3 3 3 3 3 3 3 3 3 3 3 3 3 3 3 3 3 3 3 3 3 3 3 3 3 3 3 3 3 3 3 3 3 3 3 3 3 3 3 3 3 3 3 3 
						3 3 3 3 3 3 3 3 3 3 3 3 3 3 3 3 3 3 3 3 3 3 3 3 3 3 3 3 3 3 3 3 3 3 3 3 3 3 3 3 3 3 3 3 3 3 3 3 3 3 3 3 3 3 3 3 3 3 3 3 3 3 3 3 
						3 3 3 3 3 3 3 3 3 3 3 3 3 3 3 3 3 3 3 3 3 3 3 3 3 3 3 3 3 3 3 3 3 3 3 3 3 3 3 3 3 3 3 3 3 3 3 3 3 3 3 3 3 3 3 3 3 3 3 3 3 3 3 3 
						3 3 3 3 3 3 3 3 3 3 3 3 3 3 3 3 3 3 3 3 3 3 3 3 3 3 3 3 3 3 3 3 3 3 3 3 3 3 3 3 3 3 3 3 3 3 3 3 3 3 3 3 3 3 3 3 3 3 3 3 3 3 3 3 
						3 3 3 3 3 3 3 3 3 3 3 3 3 3 3 3 3 3 3 3 3 3 3 3 3 3 3 3 3 3 3 3 3 3 3 3 3 3 3 3 3 3 3 3 3 3 3 3 3 3 3 3 3 3 3 3 3 3 3 3 3 3 3 3 
						3 3 3 3 3 3 3 3 3 3 3 3 3 3 3 3 3 3 3 3 3 3 3 3 3 3 3 3 3 3 3 3 3 3 3 3 3 3 3 3 3 3 3 3 3 3 3 3 3 3 3 3 3 3 3 3 3 3 3 3 3 3 3 3 
						3 3 3 3 3 3 3 3 3 3 3 3 
					</vcount>
					<p>
						3 0 1 1 2 3 5 3 2 2 4 5 9 6 7 7 8 9 11 7 6 6 10 11 13 11 10 10 12 13 17 14 15 15 16 17 19 17 16 16 18 19 18 20 21 21 19 18 25 22 23 23 24 25 27 25 24 24 26 27 2 1 28 28 29 2 4 2 29 29 30 4 30 31 6 6 9 30 10 6 32 32 33 10 12 10 33 33 34 12 16 15 35 35 36 16 18 16 36 36 37 18 39 38 20 20 18 39 24 23 38 38 40 24 26 24 40 40 41 26 29 28 42 42 43 29 30 29 43 43 44 30 44 45 31 31 30 44 33 32 46 46 47 33 34 33 47 47 48 34 36 35 49 49 50 36 37 36 50 50 51 37 53 52 38 38 39 53 40 38 52 52 54 40 41 40 54 54 55 41 43 42 56 56 57 43 44 43 57 57 58 44 
						58 59 45 45 44 58 47 46 60 60 61 47 48 47 61 61 62 48 50 49 63 63 64 50 51 50 64 64 65 51 67 66 52 52 53 67 54 52 66 66 68 54 55 54 68 68 69 55 57 56 70 70 71 57 58 57 72 72 73 58 73 74 59 59 58 73 61 60 75 75 76 61 62 61 76 76 77 62 64 63 78 78 79 64 65 64 79 79 80 65 82 81 66 66 67 82 68 66 81 81 83 68 69 68 84 84 85 69 70 86 87 87 71 70 88 74 89 74 73 89 89 73 90 76 75 91 91 92 76 77 76 93 93 94 77 79 78 95 95 96 79 80 79 97 97 98 80 99 100 82 82 100 81 100 101 81 84 102 103 103 104 84 85 84 104 104 105 85 109 106 107 107 108 109 94 93 110 110 111 94 96 95 112 112 113 96 117 114 115 115 116 117 
						108 107 118 118 119 108 111 110 119 119 120 111 113 112 121 121 122 113 124 113 122 122 123 124 119 118 125 125 126 119 120 119 126 126 127 120 122 121 128 128 129 122 123 122 129 129 130 123 125 131 132 132 126 125 127 126 132 132 133 127 129 128 134 134 135 129 130 129 135 135 136 130 131 137 138 138 132 131 142 139 140 140 141 142 146 143 144 144 145 146 135 147 148 148 136 135 152 149 150 150 151 152 156 153 154 154 155 156 137 157 158 158 138 137 162 159 160 160 161 162 166 163 164 164 165 166 147 167 168 168 148 147 172 169 170 170 171 172 158 157 173 173 174 158 178 175 176 176 177 178 168 167 179 179 180 168 173 181 182 182 174 173 184 174 182 182 183 184 179 185 186 186 187 179 180 179 187 187 188 180 181 189 190 190 182 181 183 182 190 190 191 183 
						187 186 192 192 193 187 188 187 193 193 194 188 197 195 196 196 189 197 190 189 196 196 198 190 191 190 198 198 199 191 193 192 200 200 201 193 194 193 201 201 202 194 204 203 71 71 87 204 206 205 196 196 195 206 198 196 205 205 207 198 199 198 207 207 208 199 201 200 209 209 210 201 202 201 210 210 211 202 211 212 213 213 202 211 217 214 215 215 216 217 219 216 215 215 218 219 221 220 205 205 206 221 207 205 220 220 222 207 208 207 222 222 223 208 210 209 224 224 225 210 211 210 226 226 227 211 231 228 229 229 230 231 235 232 233 233 234 235 237 235 234 234 236 237 239 238 220 220 221 239 222 220 238 238 240 222 223 222 240 240 241 223 225 224 242 242 243 225 227 226 244 244 245 227 245 246 247 247 227 245 251 248 249 249 250 251 253 251 250 250 252 253 
						234 233 254 254 255 234 236 234 255 255 256 236 258 257 238 238 239 258 240 238 257 257 259 240 241 240 259 259 260 241 243 242 261 261 262 243 245 244 263 263 264 245 264 265 246 246 245 264 250 249 266 266 267 250 252 250 267 267 268 252 255 254 269 269 270 255 256 255 270 270 271 256 273 272 257 257 258 273 259 257 272 272 274 259 260 259 274 274 275 260 262 261 276 276 277 262 264 263 278 278 279 264 279 280 265 265 264 279 267 266 281 281 282 267 268 267 282 282 283 268 270 269 284 284 285 270 271 270 285 285 286 271 288 287 272 272 273 288 274 272 287 287 289 274 275 274 289 289 290 275 277 276 291 291 292 277 279 278 292 292 293 279 293 294 280 280 279 293 282 281 295 295 296 282 283 282 296 296 297 283 285 284 298 298 299 285 286 285 299 299 300 286 
						302 301 287 287 288 302 289 287 301 301 303 289 290 289 303 303 304 290 292 291 305 305 306 292 293 292 306 306 307 293 307 308 294 294 293 307 296 295 309 309 310 296 297 296 310 310 311 297 299 298 312 312 313 299 300 299 313 313 314 300 316 315 301 301 302 316 303 301 315 315 317 303 304 303 317 317 318 304 306 305 319 319 320 306 307 306 320 320 321 307 321 322 308 308 307 321 310 309 323 323 324 310 311 310 324 324 325 311 313 312 326 326 327 313 314 313 327 327 328 314 330 329 315 315 316 330 317 315 331 331 332 317 318 317 332 332 333 318 320 319 334 334 335 320 321 320 335 335 336 321 338 337 322 322 321 338 324 323 339 339 340 324 325 324 340 340 341 325 327 326 342 342 343 327 328 327 343 343 344 328 346 345 329 329 330 346 332 331 347 347 348 332 
						333 332 348 348 349 333 335 334 350 350 351 335 336 335 351 351 352 336 352 353 337 337 338 352 340 339 354 354 355 340 341 340 355 355 356 341 343 342 357 357 358 343 344 343 358 358 359 344 361 360 345 345 346 361 348 347 360 360 362 348 349 348 362 362 363 349 351 350 364 364 365 351 352 351 365 365 366 352 366 367 353 353 352 366 355 354 368 368 369 355 356 355 369 369 370 356 358 357 371 371 372 358 359 358 372 372 373 359 375 374 360 360 361 375 362 360 374 374 376 362 363 362 376 376 377 363 365 364 378 378 379 365 366 365 379 379 380 366 380 381 367 367 366 380 369 368 382 382 383 369 370 369 383 383 384 370 372 371 385 385 386 372 373 372 386 386 387 373 389 388 374 374 375 389 376 374 388 388 390 376 377 376 390 390 391 377 379 378 392 392 393 379 
						380 379 393 393 394 380 394 395 381 381 380 394 383 382 396 396 397 383 384 383 397 397 398 384 386 385 0 0 3 386 387 386 3 3 5 387 389 8 7 7 388 389 390 388 7 7 11 390 391 390 11 11 13 391 393 392 14 14 17 393 394 393 17 17 19 394 394 19 21 21 395 394 397 396 22 22 25 397 398 397 25 25 27 398 402 399 400 400 401 402 211 227 247 247 212 211 402 401 151 151 150 402 399 403 404 404 400 399 406 405 169 169 172 406 410 407 408 408 409 410 414 411 412 412 413 414 418 415 416 416 417 418 422 419 420 420 421 422 426 423 424 424 425 426 430 427 428 428 429 430 434 431 432 432 433 434 438 435 436 436 437 438 440 434 433 433 439 440 444 441 442 442 443 444 446 440 439 439 445 446 450 447 448 448 449 450 452 446 445 445 451 452 
						453 454 455 455 454 456 454 457 456 457 458 456 458 459 456 459 460 456 456 460 461 463 452 451 451 462 463 467 464 465 465 466 467 471 468 469 469 470 471 475 472 473 473 474 475 470 469 476 476 477 470 481 478 479 479 480 481 482 483 484 488 485 486 486 487 488 492 489 490 490 491 492 496 493 494 494 495 496 500 497 498 498 499 500 495 494 501 501 502 495 506 503 504 504 505 506 510 507 508 508 509 510 514 511 512 512 513 514 518 515 516 516 517 518 522 519 520 520 521 522 524 523 415 415 418 524 528 525 526 526 527 528 532 529 530 530 531 532 536 533 534 534 535 536 540 537 538 538 539 540 477 476 541 541 542 477 546 543 544 544 545 546 550 547 548 548 549 550 554 551 552 552 553 554 555 556 557 556 558 557 558 559 557 559 560 557 564 561 562 562 563 564 
						539 538 555 555 557 539 568 565 566 566 567 568 570 564 563 563 569 570 545 544 525 525 528 545 574 571 572 572 573 574 576 570 569 569 575 576 580 577 578 578 579 580 584 581 582 582 583 584 586 576 575 575 585 586 553 552 533 533 536 553 573 572 587 587 588 573 590 586 585 585 589 590 592 591 537 537 540 592 583 582 565 565 568 583 594 590 589 589 593 594 535 534 543 543 546 535 567 566 571 571 574 567 431 426 425 425 432 431 527 526 595 595 596 527 600 597 598 598 599 600 421 420 551 551 554 421 604 601 602 602 603 604 608 605 606 606 607 608 612 609 610 610 611 612 616 613 614 614 615 616 599 598 617 617 618 599 622 619 620 620 621 622 626 623 624 624 625 626 630 627 628 628 629 630 634 631 632 632 633 634 423 635 636 636 424 423 640 637 638 638 639 640 
						644 641 642 642 643 644 635 645 646 646 636 635 633 632 609 609 612 633 650 647 648 648 649 650 645 651 652 652 646 645 656 653 654 654 655 656 588 587 657 657 658 588 651 659 660 660 652 651 664 661 662 662 663 664 659 665 666 666 660 659 643 642 601 601 604 643 665 667 668 668 666 665 649 648 613 613 616 649 667 669 670 670 668 667 658 657 671 671 672 658 669 673 674 674 670 669 678 675 676 676 677 678 679 680 614 614 680 615 681 615 682 682 615 680 673 594 593 593 674 673 625 624 641 641 644 625 603 602 647 647 650 603 561 683 684 684 562 561 688 685 686 686 687 688 690 689 677 677 676 690 694 691 692 692 693 694 698 695 696 696 697 698 699 700 701 705 702 703 703 704 705 709 706 707 707 708 709 713 710 711 711 712 713 717 714 715 715 716 717 704 703 661 
						661 664 704 719 718 685 685 688 719 712 711 691 691 694 712 723 720 721 721 722 723 716 715 695 695 698 716 693 692 702 702 705 693 727 724 725 725 726 727 697 696 718 718 719 697 687 686 710 710 713 687 729 728 720 720 723 729 731 730 714 714 717 731 735 732 733 733 734 735 739 736 737 737 738 739 743 740 741 741 742 743 747 744 745 745 746 747 751 748 749 749 750 751 755 752 753 753 754 755 759 756 757 757 758 759 763 760 761 761 762 763 767 764 765 765 766 767 771 768 769 769 770 771 775 772 773 773 774 775 779 776 777 777 778 779 783 780 781 781 782 783 758 757 784 784 785 758 762 761 724 724 727 762 766 765 732 732 735 766 787 786 736 736 739 787 770 769 740 740 743 770 774 773 744 744 747 774 778 777 748 748 751 778 782 781 788 788 789 782 742 741 756 
						756 759 742 791 790 760 760 763 791 750 749 764 764 767 750 795 792 793 793 794 795 734 733 768 768 771 734 738 737 796 796 797 738 799 798 776 776 779 799 722 721 780 780 783 722 803 800 801 801 802 803 804 805 806 810 807 808 808 809 810 814 811 812 812 813 814 818 815 816 816 817 818 822 819 820 820 821 822 826 823 824 824 825 826 830 827 828 828 829 830 834 831 832 832 833 834 817 816 835 835 836 817 840 837 838 838 839 840 825 824 807 807 810 825 829 828 811 811 814 829 833 832 841 841 842 833 809 808 843 843 844 809 813 812 815 815 818 813 845 837 846 837 840 846 846 840 847 848 849 850 851 852 853 854 855 840 855 856 840 847 840 856 802 801 823 823 826 802 821 857 858 858 822 821 785 784 827 827 830 785 726 725 831 831 834 726 429 428 519 519 522 429 
						862 859 860 860 861 862 866 863 864 864 865 866 443 442 511 511 514 443 449 448 867 867 868 449 872 869 870 870 871 872 466 465 489 489 492 466 873 874 875 874 876 875 876 839 875 875 839 838 474 473 497 497 500 474 880 877 878 878 879 880 870 881 871 881 882 871 883 871 884 884 871 882 885 886 430 430 886 427 886 887 427 887 888 427 888 889 427 889 890 427 890 891 427 804 806 821 821 820 804 491 490 435 435 438 491 873 875 892 892 893 873 499 498 441 441 444 499 505 504 447 447 450 505 895 894 869 869 872 895 513 512 896 896 897 513 521 520 464 464 467 521 901 898 899 899 900 901 903 414 413 413 902 903 907 904 905 905 906 907 909 903 902 902 908 909 904 910 911 911 905 904 915 912 913 913 914 915 917 907 906 906 916 917 919 917 916 916 918 919 920 921 922 
						921 923 922 923 924 922 922 924 925 925 924 926 926 924 927 927 924 928 411 919 918 918 412 411 932 929 930 930 931 932 929 933 934 934 930 929 933 935 936 936 934 933 935 937 938 938 936 935 940 939 560 560 559 940 944 941 942 942 943 944 924 882 881 881 928 924 876 874 848 848 850 876 921 883 884 884 923 921 409 944 943 943 410 409 938 937 945 945 946 938 948 819 822 822 947 948 941 932 931 931 942 941 911 910 949 949 950 911 951 952 953 953 952 954 952 955 954 955 956 954 960 957 958 958 959 960 961 962 963 961 963 964 968 965 966 966 967 968 972 969 970 970 971 972 976 973 974 974 975 976 980 977 978 978 979 980 982 962 961 961 981 982 983 984 985 987 986 681 681 682 987 680 679 988 988 989 680 558 556 990 990 991 558 995 992 993 993 994 995 998 690 996 
						996 997 998 1001 855 999 999 1000 1001 1004 1002 708 708 1003 1004 1006 1005 846 846 847 1006 1010 1007 1008 1008 1009 1010 655 654 611 611 1011 655 1012 610 653 653 656 1012 1011 611 610 610 1012 1011 1016 1013 1014 1014 1015 1016 1020 1017 1018 1018 1019 1020 1024 1021 1022 1022 1023 1024 1028 1025 1026 1026 1027 1028 1032 1029 1030 1030 1031 1032 1036 1033 1034 1034 1035 1036 1040 1037 1038 1038 1039 1040 1044 1041 1042 1042 1043 1044 1048 1045 1046 1046 1047 1048 1052 1049 1050 1050 1051 1052 1056 1053 1054 1054 1055 1056 1060 1057 1058 1058 1059 1060 1064 1061 1062 1062 1063 1064 1068 1065 1066 1066 1067 1068 1072 1069 1070 1070 1071 1072 1076 1073 1074 1074 1075 1076 1080 1077 1078 1078 1079 1080 1081 1082 1083 1083 1082 1084 1082 1085 1084 1089 1086 1087 1087 1088 1089 1090 1091 1092 1093 1092 1094 1091 1094 1092 1098 1095 1096 1096 1097 1098 1102 1099 1100 1100 1101 1102 1103 1104 1105 1105 1104 1106 1104 1107 1106 
						1111 1108 1109 1109 1110 1111 1115 1112 1113 1113 1114 1115 1119 1116 1117 1117 1118 1119 1123 1120 1121 1121 1122 1123 1124 1125 1126 1126 1125 1127 1125 1128 1127 1132 1129 1130 1130 1131 1132 1133 1134 1135 1134 1136 1135 1135 1136 1137 1141 1138 1139 1139 1140 1141 1145 1142 1143 1143 1144 1145 1146 1147 1148 1147 1149 1148 1149 1150 1148 1154 1151 1152 1152 1153 1154 1155 1156 1157 1157 1156 1158 1156 1159 1158 1163 1160 1161 1161 1162 1163 1167 1164 1165 1165 1166 1167 1171 1168 1169 1169 1170 1171 1172 1173 1174 1173 1175 1174 1176 1174 1175 1180 1177 1178 1178 1179 1180 1184 1181 1182 1182 1183 1184 1188 1185 1186 1186 1187 1188 1192 1189 1190 1190 1191 1192 1193 1194 1195 1196 1197 1194 1197 1198 1194 1195 1194 1198 1199 1200 1201 1201 1200 1202 1202 1200 1203 1203 1200 1204 1208 1205 1206 1206 1207 1208 1212 1209 1210 1210 1211 1212 1216 1213 1214 1214 1215 1216 1217 1218 1219 1218 1220 1219 1221 1219 1220 1222 1223 1224 1224 1223 1225 
						1225 1223 1226 1230 1227 1228 1228 1229 1230 1234 1231 1232 1232 1233 1234 1238 1235 1236 1236 1237 1238 1239 1240 1241 1240 1242 1241 1242 1243 1241 1244 1241 1243 1245 1246 1247 1247 1246 1248 1248 1246 1249 1253 1250 1251 1251 1252 1253 1257 1254 1255 1255 1256 1257 1261 1258 1259 1259 1260 1261 1262 1263 1264 1265 1266 1263 1264 1263 1266 1267 1268 1269 1270 1269 1271 1271 1269 1272 1272 1269 1268 1276 1273 1274 1274 1275 1276 1280 1277 1278 1278 1279 1280 1284 1281 1282 1282 1283 1284 1285 1286 1287 1285 1287 1288 1289 1290 1291 1290 1292 1291 1291 1292 1293 1293 1292 1294 1298 1295 1296 1296 1297 1298 1302 1299 1300 1300 1301 1302 1306 1303 1304 1304 1305 1306 1310 1307 1308 1308 1309 1310 1314 1311 1312 1312 1313 1314 1318 1315 1316 1316 1317 1318 1322 1319 1320 1320 1321 1322 1326 1323 1324 1324 1325 1326 1330 1327 1328 1328 1329 1330 1334 1331 1332 1332 1333 1334 1338 1335 1336 1336 1337 1338 1342 1339 1340 1340 1341 1342 1346 1343 1344 
						1344 1345 1346 1350 1347 1348 1348 1349 1350 1354 1351 1352 1352 1353 1354 1358 1355 1356 1356 1357 1358 1362 1359 1360 1360 1361 1362 1366 1363 1364 1364 1365 1366 1370 1367 1368 1368 1369 1370 1374 1371 1372 1372 1373 1374 1375 1376 1377 1378 1377 1379 1376 1380 1377 1380 1379 1377 1384 1381 1382 1382 1383 1384 1388 1385 1386 1386 1387 1388 1392 1389 1390 1390 1391 1392 1393 1394 1395 1396 1397 1394 1397 1398 1394 1395 1394 1398 1402 1399 1400 1400 1401 1402 1406 1403 1404 1404 1405 1406 1410 1407 1408 1408 1409 1410 1414 1411 1412 1412 1413 1414 1417 968 1415 1415 1416 1417 229 228 1418 1418 1419 229 1423 1420 1421 1421 1422 1423 1424 1423 1422 1422 194 1424 213 1424 194 194 202 213 170 1421 1420 1420 171 170 1428 1425 1426 1426 1427 1428 1426 1425 197 197 189 1426 1427 404 403 403 1428 1427 405 406 1429 1430 1429 1431 1431 1429 406 1433 1429 1430 1430 1432 1433 152 1434 149 89 149 88 149 1434 88 1433 1432 1435 
						99 1435 100 1435 1432 100 1437 146 145 145 1436 1437 1441 1438 1439 1439 1440 1441 1443 166 165 165 1442 1443 1446 142 1444 1444 1445 1446 1449 139 1447 1447 1448 1449 1451 1450 155 155 175 1451 140 139 1449 1449 1452 140 142 141 1453 1453 1444 142 1438 1454 1455 1455 1439 1438 155 154 176 176 175 155 1459 1456 1457 1457 1458 1459 1463 1460 1461 1461 1462 1463 1457 1464 1465 1465 1458 1457 1462 1461 1466 1466 1467 1462 1465 1464 1468 1468 1469 1465 1467 1466 1470 1470 1471 1467 1473 162 161 161 1472 1473 178 1474 1451 1451 175 178 1475 156 155 155 1450 1475 142 1446 1447 1447 139 142 1479 1476 1477 1477 1478 1479 900 899 1480 1480 1481 900 1483 1481 1480 1480 1482 1483 1487 1484 1485 1485 1486 1487 1489 1485 1484 1484 1488 1489 1479 1489 1488 1488 1476 1479 1490 1491 1492 1496 1493 1494 1494 1495 1496 1500 1497 1498 1498 1499 1500 1504 1501 1502 1502 1503 1504 1506 1505 1498 1498 1497 1506 1507 1508 1509 
						1508 1510 1511 1511 1509 1508 1505 1506 1512 1508 1513 1514 1514 1510 1508 1513 1515 1516 1516 1514 1513 1486 1485 1517 1495 1478 1477 1477 1496 1495 1521 1518 1519 1519 1520 1521 1504 1520 1519 1519 1501 1504 1525 1522 1523 1523 1524 1525 901 1500 1499 1499 898 901 1515 1503 1502 1502 1516 1515 1486 1483 1482 1482 1487 1486 1529 1526 1527 1527 1528 1529 1526 1530 1531 1531 1527 1526 1530 1532 1533 1533 1531 1530 1532 1534 1535 1535 1533 1532 1534 1536 1537 1537 1535 1534 1536 1491 1490 1490 1537 1536 1511 1529 1528 1528 1509 1511 1538 1539 1540 1541 1542 484 1543 1544 1545 1545 1546 1543 1546 1547 1548 483 1540 1539 1539 484 483 1542 482 484 1549 1550 1551 1549 1551 1548 1546 1548 1551 1551 1543 1546 1555 1552 1553 1553 1554 1555 1556 1557 1558 844 843 1559 843 1560 1559 1559 1560 1561 1560 1562 1561 1561 1562 1563 1562 1564 1563 753 1565 754 754 1565 1566 1565 1567 1566 1566 1567 1568 1572 1569 1570 1570 1571 1572 1576 1573 1574 
						1574 1575 1576 1580 1577 1578 1578 1579 1580 1583 1581 1582 1582 1578 1583 1586 1584 1578 1578 1585 1586 1587 1588 1571 1589 1590 1571 1594 1591 1592 1592 1593 1594 1597 1595 1596 1596 1587 1597 1570 1598 1593 1584 1599 1583 1583 1578 1584 1603 1600 1601 1601 1602 1603 1606 1604 1605 1605 1584 1606 1591 1607 1608 1608 1592 1591 1599 1609 1583 1611 1610 1578 1578 1582 1611 1586 1585 1612 1612 1613 1586 1614 1589 1571 1571 1588 1614 1577 1585 1578 1578 1615 1579 1571 1616 1617 1617 1572 1571 1599 1584 1605 1605 1618 1599 1597 1587 1571 1571 1592 1597 1570 1593 1592 1592 1571 1570 639 638 1619 1619 1620 639 1622 1621 1292 1292 1290 1622 678 1623 675 709 699 701 701 706 709 1624 1625 1626 1630 1627 1628 1628 1629 1630 1631 1632 1633 1634 1631 1635 1628 1636 1637 1637 1629 1628 1637 1638 1639 1639 1629 1637 1643 1640 1641 1641 1642 1643 1644 1645 1635 1642 1641 1646 1646 1629 1642 1650 1647 1648 1648 1649 1650 1654 1651 1652 1652 1653 1654 
						1635 1655 1649 1635 1645 1656 1656 1657 1635 1646 1630 1629 1660 1658 1659 1659 1629 1660 1627 1661 1628 1663 1662 1643 1643 1642 1663 1635 1657 1664 1664 1626 1635 1639 1660 1629 1644 1635 1649 1649 1648 1644 1659 1665 1629 1641 1666 1646 1634 1635 1626 1626 1625 1634 1670 1667 1668 1668 1669 1670 1633 1671 1670 1670 1669 1633 1633 1669 1635 1635 1631 1633 1672 1673 1674 1675 1676 1677 891 1678 988 1678 1679 988 1679 1680 988 1678 891 1681 1681 891 1682 891 890 1682 707 1683 1003 1003 708 707 1687 1684 1685 1685 1686 1687 1688 1689 699 1690 1691 885 1691 1692 885 885 1692 886 1695 689 1693 1693 1694 1695 1696 1697 1698 987 1699 1700 1700 986 987 1703 1701 1695 1695 1702 1703 885 986 1690 1690 986 1704 986 1700 1704 690 998 1693 1693 689 690 1705 1706 1707 1708 989 988 988 1680 1708 1685 1709 1675 1675 1677 1685 1698 1710 1711 1711 1696 1698 1711 1004 1712 1713 1688 1710 1710 1698 1713 1703 1714 1701 1695 1694 997 
						1695 997 996 1718 1715 1716 1716 1717 1718 1720 1703 1702 1702 1719 1720 1724 1721 1722 1722 1723 1724 675 1725 1719 1683 707 1711 1711 1712 1683 1728 1726 1727 1727 977 1728 699 709 1710 1710 1688 699 1710 1002 1004 1004 1711 1710 996 1702 1695 1719 1702 676 676 675 1719 1732 1729 1730 1730 1731 1732 1717 1733 1718 1728 981 1734 1734 1726 1728 1736 1287 1286 1286 1735 1736 1739 1737 1738 1738 1732 1739 1742 1740 792 792 1741 1742 1746 1743 1744 1744 1745 1746 1750 1747 1748 1748 1749 1750 1721 1751 1722 1753 1741 792 792 1752 1753 1755 1739 1732 1732 1754 1755 1709 1724 1723 1736 1749 1748 1748 1753 1736 1415 1756 1416 1757 1751 1721 1757 1721 1758 1759 1737 1739 1759 1739 1735 1748 1741 1753 1760 1672 1674 1674 1687 1760 1749 1736 1761 1762 1763 1764 1677 1676 1705 1705 1707 1677 1724 1715 1718 1718 1721 1724 1756 1765 1766 1766 1762 1756 1686 1767 1760 1686 1760 1687 1755 1754 1768 1771 1769 1770 1770 793 1771 1724 1709 1685 
						1685 1684 1724 1732 1738 1729 1763 1772 1773 1773 1745 1763 1739 1761 1736 1736 1735 1739 1746 973 976 976 1767 1746 1764 1763 1745 1745 1744 1764 1764 1416 1756 1756 1762 1764 1686 1774 1746 1746 1767 1686 1774 1775 1743 1743 1746 1774 1770 978 977 977 1727 1770 1727 794 793 793 1770 1727 792 795 1776 1776 1752 792 1780 1777 1778 1778 1779 1780 1784 1781 1782 1782 1783 1784 1787 1783 1785 1785 1786 1787 1791 1788 1789 1789 1790 1791 1793 1792 1784 1784 1783 1793 1794 1795 1796 979 1792 1793 979 1793 980 1799 1797 1673 1673 1798 1799 1803 1800 1801 1801 1802 1803 1807 1804 1805 1805 1806 1807 1809 1808 1773 1773 1772 1809 1812 1810 1811 1811 912 1812 1816 1813 1814 1814 1815 1816 1817 1818 1799 1808 1809 1819 1819 1820 1808 1802 1821 1816 1816 1803 1802 1724 1790 1822 1822 1715 1724 1823 1791 1790 1825 1824 983 983 985 1825 1789 1826 1790 1829 1827 1828 1828 985 1829 1830 1822 1790 1739 1831 1832 1832 985 1739 1834 1803 966 
						966 1833 1834 1837 1796 1835 1835 1836 1837 1728 1835 982 982 981 1728 1841 1838 1839 1839 1840 1841 1842 1843 1841 1740 1742 1782 1782 1781 1740 1747 1750 1786 1786 1785 1747 1797 1674 1673 1847 1844 1845 1845 1846 1847 1851 1848 1849 1849 1850 1851 1852 1820 1798 1777 1853 1854 1854 1778 1777 1856 1855 1766 1766 1765 1856 1860 1857 1858 1858 1859 1860 1819 1856 1861 1861 1862 1819 1862 1861 1415 1415 1816 1862 1866 1863 1864 1864 1865 1866 1415 968 967 967 1816 1415 1865 1867 1866 1799 1798 1820 1820 1817 1799 1808 1820 1852 1852 1868 1808 1818 1869 1870 1870 1799 1818 1873 1871 1872 1872 1813 1873 1874 1787 1786 1855 1856 1819 1855 1819 1809 1878 1875 1876 1876 1877 1878 1881 1813 1879 1879 1880 1881 1882 1831 1739 1739 1755 1882 1883 1884 1835 1886 1885 980 980 1793 1886 1890 1887 1888 1888 1889 1890 1891 1892 1893 1894 1836 1835 1880 1879 1895 1895 1896 1880 1782 1785 1783 1860 1859 1807 1807 1806 1860 1786 985 984 984 1897 1786 
						1815 1898 1899 1899 1816 1815 1823 1790 1799 1799 1870 1823 1417 1416 1833 1833 1900 1417 1826 1901 1830 1830 1790 1826 1868 1852 975 975 974 1868 1905 1902 1903 1903 1904 1905 1909 1906 1907 1907 1908 1909 1832 1829 985 1769 1771 1784 1784 1792 1769 1887 1910 1911 1911 1888 1887 1828 1825 985 1897 1912 1874 1874 1786 1897 1916 1913 1914 1914 1915 1916 1728 1885 1886 1886 1835 1728 1805 1917 1918 1805 1918 1806 1922 1919 1920 1920 1921 1922 1925 1923 1924 1924 1864 1925 1929 1926 1927 1927 1928 1929 1840 1839 1930 1813 1931 1873 1841 1840 1835 1835 1842 1841 1935 1932 1933 1933 1934 1935 1872 1814 1813 1834 1936 1858 1858 1803 1834 1853 1937 1938 1938 1854 1853 1884 1939 1894 1894 1835 1884 1875 1940 1941 1941 1876 1875 1886 1942 1883 1883 1835 1886 1946 1943 1944 1944 1945 1946 1899 1947 1816 1796 1837 1948 1948 1794 1796 964 963 1726 1726 1734 964 1950 1949 1934 1934 1889 1950 1916 1842 1835 1835 1796 1916 1954 1951 1952 1952 1953 1954 
						1955 1811 1891 1891 1893 1955 966 965 1900 1900 1833 966 1957 1905 1904 1904 1956 1957 1802 1958 1821 1959 1913 1916 1916 1796 1959 1887 1890 1960 1960 1961 1887 1925 1864 1962 1962 1963 1925 1964 1800 1803 1929 1840 1930 1930 1926 1929 1951 1954 1965 1965 1966 1951 1969 1967 1865 1865 1968 1969 1964 1803 1858 1858 1857 1964 1961 1970 1887 1972 1780 1779 1779 1971 1972 1923 1925 1973 1973 1974 1923 1975 963 962 962 1840 1975 1919 1976 1977 1977 1920 1919 1979 1978 821 821 806 1979 1947 1980 1862 1862 1816 1947 1984 1981 1982 1982 1983 1984 1816 1821 1879 1879 1813 1816 1811 1985 1986 1986 1891 1811 1929 1987 1975 1975 1840 1929 1966 1928 1927 1927 1951 1966 1933 1988 1989 1989 1890 1934 1934 1933 1989 1811 1955 913 913 912 1811 1923 1990 1991 1991 1924 1923 1968 1865 1864 1864 1924 1968 1889 1934 1890 1995 1992 1993 1993 1994 1995 1999 1996 1997 1997 1998 1999 2002 2000 1553 1553 2001 2002 2005 2003 2004 2004 1635 2005 2008 2006 2007 
						2007 1557 2008 2011 2009 2010 2010 1556 2011 1558 2012 2013 2013 1556 1558 1629 2014 2015 2015 1998 1629 2016 2003 2005 2020 2017 2018 2018 2019 2020 2024 2021 2022 2022 2023 2024 2027 2025 1558 1558 2026 2027 2028 2029 2030 1554 1998 2031 2031 2032 1554 2018 2033 2034 2025 2027 2035 2035 2036 2025 2038 2037 2008 2008 2000 2038 2041 2039 2040 2040 2020 2041 2007 2026 1558 1558 1557 2007 2022 2042 2023 1556 2043 2044 2044 1642 1556 2045 958 957 2005 2046 2047 2047 2048 2005 2024 2023 2019 1669 2049 2050 2050 2020 1669 1669 2020 2005 2005 1635 1669 2010 2051 2043 2043 1556 2010 2015 1999 1998 2005 2048 2052 2052 2016 2005 2053 2054 960 2053 960 959 2050 2055 2041 2041 2020 2050 1558 2056 2057 2057 2058 1558 2059 1555 1554 2059 1554 2032 2013 2011 1556 2046 2005 960 960 2054 2046 2060 2058 2057 2028 2030 2033 2033 2018 2028 2063 2061 2062 2062 2034 2063 2025 2056 1558 2018 2034 2062 2062 2064 2018 2018 2064 2065 2065 2019 2018 2065 2066 2024 
						2024 2019 2065 2020 2040 2067 2067 2017 2020 2002 2038 2000 957 2023 2042 2042 2045 957 1553 1552 2001 2068 2031 1998 2068 1998 1997 1557 2000 2008 1998 1556 1642 1642 1629 1998 
					</p>
				</polylist>
			</mesh>
		</geometry>
	</library_geometries>
	<library_visual_scenes>
		<visual_scene id="RootNode" name="RootNode">
			<node id="low" name="low">
				<matrix>1.000000 0.000000 0.000000 0.000000 0.000000 1.000000 0.000000 0.000000 0.000000 0.000000 1.000000 0.000000 0.000000 0.000000 0.000000 1.000000</matrix>
				<node id="corp_low" name="corp_low">
					<matrix>1.000000 0.000000 0.000000 0.000000 0.000000 1.000000 0.000000 0.000000 0.000000 0.000000 1.000000 0.000000 0.000000 0.000000 0.000000 1.000000</matrix>
					<instance_geometry url="#meshId0">
						<bind_material>
							<technique_common>
								<instance_material symbol="defaultMaterial" target="#Guns_sh" />
							</technique_common>
						</bind_material>
					</instance_geometry>
				</node>
				<node id="tragaci_low" name="tragaci_low">
					<matrix>1.117256 0.000000 0.000000 -9.372909 0.000000 1.000000 0.000000 -0.223119 0.000000 0.000000 0.945053 1.793515 0.000000 0.000000 0.000000 1.000000</matrix>
					<instance_geometry url="#meshId1">
						<bind_material>
							<technique_common>
								<instance_material symbol="defaultMaterial" target="#Guns_sh" />
							</technique_common>
						</bind_material>
					</instance_geometry>
				</node>
				<node id="coada_low" name="coada_low">
					<matrix>1.000000 0.000000 0.000000 4.443041 0.000000 1.000000 0.000000 0.011016 0.000000 0.000000 1.000000 1.822685 0.000000 0.000000 0.000000 1.000000</matrix>
					<instance_geometry url="#meshId2">
						<bind_material>
							<technique_common>
								<instance_material symbol="defaultMaterial" target="#Guns_sh" />
							</technique_common>
						</bind_material>
					</instance_geometry>
				</node>
				<node id="extensie_c_low" name="extensie_c_low">
					<matrix>1.000000 0.000000 0.000000 4.443041 0.000000 1.000000 0.000000 0.000000 0.000000 0.000000 1.000000 1.808051 0.000000 0.000000 0.000000 1.000000</matrix>
					<instance_geometry url="#meshId3">
						<bind_material>
							<technique_common>
								<instance_material symbol="defaultMaterial" target="#Guns_sh" />
							</technique_common>
						</bind_material>
					</instance_geometry>
				</node>
				<node id="maner_low" name="maner_low">
					<matrix>1.000000 0.000000 0.000000 4.443041 0.000000 1.000000 0.000000 0.000000 0.000000 0.000000 1.000000 1.880533 0.000000 0.000000 0.000000 1.000000</matrix>
					<instance_geometry url="#meshId4">
						<bind_material>
							<technique_common>
								<instance_material symbol="defaultMaterial" target="#Guns_sh" />
							</technique_common>
						</bind_material>
					</instance_geometry>
				</node>
				<node id="teava1_low" name="teava1_low">
					<matrix>0.000000 -3.419455 0.000000 57.097820 3.419455 0.000000 0.000000 102.728256 0.000000 0.000000 3.419455 1.357822 0.000000 0.000000 0.000000 1.000000</matrix>
					<instance_geometry url="#meshId5">
						<bind_material>
							<technique_common>
								<instance_material symbol="defaultMaterial" target="#Guns_sh" />
							</technique_common>
						</bind_material>
					</instance_geometry>
				</node>
				<node id="teava2_low" name="teava2_low">
					<matrix>0.000000 -2.834804 0.000000 57.097820 2.834804 0.000000 0.000000 96.448494 0.000000 0.000000 2.834804 1.357822 0.000000 0.000000 0.000000 1.000000</matrix>
					<instance_geometry url="#meshId6">
						<bind_material>
							<technique_common>
								<instance_material symbol="defaultMaterial" target="#Guns_sh" />
							</technique_common>
						</bind_material>
					</instance_geometry>
				</node>
			</node>
			<node id="Torus_low" name="Torus_low">
				<matrix>-0.000359 -0.001241 0.087286 -40.129410 0.005329 0.067175 0.001631 93.383911 -0.083197 0.004308 -0.000272 6.515957 0.000000 0.000000 0.000000 1.000000</matrix>
				<instance_geometry url="#meshId7">
					<bind_material>
						<technique_common>
							<instance_material symbol="defaultMaterial" target="#Guns_sh" />
						</technique_common>
					</bind_material>
				</instance_geometry>
			</node>
		</visual_scene>
	</library_visual_scenes>
	<scene>
		<instance_visual_scene url="#RootNode" />
	</scene>
</COLLADA>
